issue_date,year,month_number,permit_date,job_category,address,legal_description,neighbourhood,neighbourhood_numberr,job_description,building_type,work_type,floor_area,construction_value,zoning,units_added,latitude,longitude,location,count,house_number
2026-08-21T00:00:00.000,2026,8,2026-08-21T00:00:00.000,Commercial Final,"209, 16733 - 84 STREET NW",Plan 9926453 Blk 12 Lot 124,KLARVATTEN,2440,"To construct interior alteration (first tenant improvement) (for a physiotherapy clinic) to existing building areas on second floor. ""Forward Physiotherapy & Wellness""","Clinics, Health Units (642)",(03) Interior Alterations,1759.9,150000,CN,0,53.62923698234892,-113.46961168582924,,1,
2026-08-20T00:00:00.000,2026,8,2026-08-20T00:00:00.000,Commercial Final,"26, 12981 - 50 STREET NW",Plan 4313TR Blk 1 Lot 13,HOMESTEADER,2350,To construct Interior Alterations (tenant improvement) for a medical clinic & pharmacy in an existing commercial building. Kennedale Medical Clinic & Kennedale Drug Mart,Retail and Shops (510),(03) Interior Alterations,1800,100000,CN,0,53.58893702938444,-113.41706582505012,,1,
2026-08-20T00:00:00.000,2026,8,2026-08-20T00:00:00.000,Commercial Final,3315 - 153 AVENUE NW,"Plan 2521806 Units 24,27",EBBERS,2251,To complete the interior alterations to add an eye clinic (first tenant fit-up) in the new commercial shell building.-- Greater Edmonton Eyecare,Office Buildings (520),(03) Interior Alterations,1500,200000,DC2,0,,,,1,
2026-08-19T00:00:00.000,2026,8,2026-08-19T00:00:00.000,Commercial Final,18489 - STONY PLAIN ROAD NW,Plan 0324226 Blk 1 Lot 5,PLACE LARUE,4400,To complete Change of Use (E to D) and construct Interior Alterations (tenant improvement) for a massage clinic in an existing commercial building.,"Malls, Office/Retail (512)",(03) Interior Alterations,1500,110000,DC,0,53.53958491750654,-113.64374986836923,,1,
2026-08-17T00:00:00.000,2026,8,2026-08-17T00:00:00.000,Commercial Final,12703 - 129 AVENUE NW,Plan 2620425 Blk 61 Lot 26,ATHLONE,3010,"To complete interior alteration (first tenant fit-up for a medical clinic) to the new commercial shell building. (One new RTU)-- Dr. Ahmed, Medical Clinic","Clinics, Health Units (642)",(03) Interior Alterations,3389,254175,MU,0,,,,1,
2026-08-14T00:00:00.000,2026,8,2026-08-14T00:00:00.000,Commercial Final,4075 - 106 STREET NW,Plan 0023297 Unit 1,RIDEAU PARK,5360,To construct Interior Alterations (Construct an office and remove a wall) to an existing medical clinic. --Alberta Cardiology--,Office Buildings (520),(03) Interior Alterations,1740,10000,CG,0,53.477731297613936,-113.50362224631611,,1,
2026-08-14T00:00:00.000,2026,8,2026-08-14T00:00:00.000,Commercial Final,821 - DANIELS WAY SW,Plan 1822012 Blk 4 Lot 175,DESROCHERS AREA,5463,To complete Change of Use (E to D) and construct Interior Alterations (tenant improvement) for a massage clinic in an existing mixed use building. ”Massage Heritage Wellness Ltd.”,"Clinics, Health Units (642)",(03) Interior Alterations,1778,48000,DC1,1,53.39872301339645,-113.54229733435787,,1,
2026-08-13T00:00:00.000,2026,8,2026-08-13T00:00:00.000,Commercial Final,"302, 4730 - GATEWAY BOULEVARD NW",Plan 7620205 Blk 28 Lots 2-3,CALGARY TRAIL NORTH,5110,to construct Interior Alterations (first tenant fit-up) in an existing 6-storey mixed-use building. --Eversquare Radiology Clinic--,"Clinics, Health Units (642)",(03) Interior Alterations,7308.69,1460000,DC2,0,53.484786406172525,-113.4935301901617,,1,
2026-08-06T00:00:00.000,2026,8,2026-08-06T00:00:00.000,Commercial Final,"215, 14925 - 111 AVENUE NW",Plan 191KS Blk 17 Lot 1,HIGH PARK,4200,To construct Interior Alterations (tenant fit up) to an existing commercial building.   ”High Park Dental”,Office Buildings (520),(03) Interior Alterations,1474.65,137000,CG,0,53.55850229841031,-113.578974969387,,1,
2026-07-29T00:00:00.000,2026,7,2026-07-29T00:00:00.000,Commercial Final,"101, 11425 - 124 STREET NW",Plan RN46 Blk 22 Lot 15,INGLEWOOD,3240,To construct interior alterations (initial tenant fit-up) for a pharmacy and clinic on main floor of a mix-used building.,Office Buildings (520),(03) Interior Alterations,2237,125000,RM,0,53.564530120935316,-113.53542012815689,,1,
2026-07-29T00:00:00.000,2026,7,2026-07-29T00:00:00.000,Commercial Final,"1902, 8215 - 112 STREET NW",Plan 5384RS Blk 158 Lot 1A,GARNEAU,5200,"To construct Interior Alterations (tenant fit up on suite 1902 only) to an existing office building. ""College Plaza Infusion Clinic""","Clinics, Health Units (642)",(03) Interior Alterations,2152.78,50000,DC2,0,53.51860391214073,-113.52021095968786,,1,
2026-07-23T00:00:00.000,2026,7,2026-07-23T00:00:00.000,Commercial Final,2627 - 151 AVENUE NW,Plan 0823678 Unit 3,FRASER,2280,To construct Interior Alterations. Create an opening in the existing demising wall. Expand a pharmacy (2631) into the next unit (2627)and add medical offices in the new space.,Office Buildings (520),(03) Interior Alterations,1102,85000,CN,0,53.61258208886041,-113.37916435199776,,1,
2026-07-17T00:00:00.000,2026,7,2026-07-17T00:00:00.000,Commercial Final,8624 - 175 STREET NW,Plan 2321051 Blk 9 Lot 76,THORNCLIFF,4560,to construct Interior Alterations (first tenant fit-up) in a new commercial building. --Raj Dental--,Office Buildings (520),(03) Interior Alterations,2425,240000,MU,0,53.5199392139701,-113.62442129855923,,1,
2026-07-16T00:00:00.000,2026,7,2026-07-16T00:00:00.000,Commercial Final,12519 - 102 AVENUE NW,Plan RN22B Blk 39 Lot 6,WESTMOUNT,3440,To construct Interior Alterations (tenant fit-up) in an existing commercial building. --Bailey Nelson & Optometry--,Retail and Shops (510),(03) Interior Alterations,848.2,200000,MU,0,53.54256799807386,-113.5381618471154,,1,
2026-07-13T00:00:00.000,2026,7,2026-07-13T00:00:00.000,Commercial Final,1095 - KNOTTWOOD ROAD EAST NW,Plan 7621268 Blk 27 Lot 1,MENISA,6450,"To Change Use (E to D) and construct Interior Alterations (6 exam rooms, 1 staff room, 1 offices, and a barrier free washroom) to an existing commercial building.   ”KNOTTWOOD ROAD CLINIC AND PHARMACY”",Office Buildings (520),(03) Interior Alterations,1534,85000,DC2,0,53.444852872230584,-113.44378705928006,,1,
2026-07-08T00:00:00.000,2026,7,2026-07-08T00:00:00.000,Commercial Final,"200, 9622 - 42 AVENUE NW",Condo Common Area (Plan 2321515),STRATHCONA INDUSTRIAL PARK,6700,To construct Interior Alterations to an existing space. Demise condominium  unit 200 into 2 suites and construct tenant improvements to one of the demised suites.  Gurjant Medical Clinic.,Office Buildings (520),(03) Interior Alterations,2691.9,150000,BE,0,,,,1,
2026-07-07T00:00:00.000,2026,7,2026-07-07T00:00:00.000,Commercial Final,6732 - 75 STREET NW,Plan 0320769 Unit 38,DAVIES INDUSTRIAL WEST,6170,to construct Interior Alterations (tenant fit-up) in an existing commercial building. --Tung Dental Clinic--,Office Buildings (520),(03) Interior Alterations,1971,98000,BE,0,53.50306562123521,-113.44366693681827,,1,
2026-07-07T00:00:00.000,2026,7,2026-07-07T00:00:00.000,Commercial Final,11762 - 106 STREET NW,Plan 0020707 Lot C,BLATCHFORD AREA,1111,"To construct Interior Alterations (conversion of a classroom into a laboratory only) to an existing post secondary education building. ""NAIT BUILDING E, Classroom E208""",Post-secondary Institutions (624),(03) Interior Alterations,1076.39,10000,UI,0,53.568241287312986,-113.50514405524684,,1,
2026-07-03T00:00:00.000,2026,7,2026-07-03T00:00:00.000,Commercial Final,9944 - 175 STREET NW,Plan 1922303 Blk 1 Lot 4,TERRA LOSA,4540,To construct Interior Alterations (1st Tenant Fit-up for a health clinic) and to Change Use (E to D) to an existing commercial shell building. “Gentili Health Clinic”,Office Buildings (520),(03) Interior Alterations,4147.87,750000,DC2,0,53.53671031641459,-113.62358930973656,,1,
2026-07-03T00:00:00.000,2026,7,2026-07-03T00:00:00.000,Commercial Final,1808 - RABBIT HILL ROAD NW,Plan 0024786 Blk 73 Lot 2,TERWILLEGAR TOWNE,5640,"To construct Interior Alterations in an Extended Medical Treatment Services Building,  Devonshire Attic Replacement, (attic sprinkler / piping replacement). Devonshire Care Centre"".","Day Cares, Nursing Homes (650)",(03) Interior Alterations,28000,850000,DC2,0,53.44948286678901,-113.56671203396051,,1,
2026-07-02T00:00:00.000,2026,7,2026-07-02T00:00:00.000,Commercial Final,1091 - KESWICK DRIVE SW,Plan 1920717 Blk 16 Lots 47;Plan 2121333 Blk 16 Lots 3,KESWICK,5574,To construct Interior Alterations (1st Tenant Fit-up for a psychology clinic) and to Change Use (E to D) to an existing mixed use shell building. “ Yeg Psychology”,Office Buildings (520),(03) Interior Alterations,3485,450000,DC2,0,53.41995064202263,-113.61998911419839,,1,
2026-06-30T00:00:00.000,2026,6,2026-06-30T00:00:00.000,Commercial Final,4349 - 50 STREET NW,Plan 9123322 Blk 1 Lot 56,JACKSON HEIGHTS,6330,To construct Interior alterations to a Dental Office. Millwoods Dental Choice.,Office Buildings (520),(03) Interior Alterations,1500,370000,DC2,0,53.481359546732655,-113.41716300713811,,1,
2026-06-29T00:00:00.000,2026,6,2026-06-29T00:00:00.000,Commercial Final,"220, 17010 - 103 AVENUE NW",Plan 7720926 Blk 1 Lot 6,STONE INDUSTRIAL,4510,to construct Interior Alterations (tenant fit-up) in an existing office building. --Elevations Physiotherapy--,Office Buildings (520),(03) Interior Alterations,3207.64,115000,BE,0,53.54564129709842,-113.61696657838839,,1,
2026-06-29T00:00:00.000,2026,6,2026-06-29T00:00:00.000,Commercial Final,13940 - 164 STREET NW,Plan 2220780 Blk 8 Lot 4,MISTATIM INDUSTRIAL,4320,"to construct Interior Alterations (expansion within the existing veterinarian clinic -  new boardroom, offices, work stations, 3 exam rooms and renovations to Dog Ward area) in an existing commercial building. --Boreal Veterinarian Centre Renovation and Expansion--",Animal and Plant Services (410),(03) Interior Alterations,3025.73,313033,BE,0,53.601427750477654,-113.60553552840342,,1,
2026-06-26T00:00:00.000,2026,6,2026-06-26T00:00:00.000,Commercial Final,2312 - 96 STREET NW,Plan 8120859 Blk 14 Lot 2,PARSONS INDUSTRIAL,6570,"To construct an interior renovation to add a medical clinic (cosmetic upgrades such as wall and floor finishes, millwork and fixtures, Adding new washroom stalls, minor plumbing and electrical work) to the existing commercial building. -- Horizon Prenatal Diagnostics Inc.","Clinics, Health Units (642)",(03) Interior Alterations,5726.4,350000,BE,0,53.45290632400099,-113.47617641774637,,1,
2026-06-22T00:00:00.000,2026,6,2026-06-22T00:00:00.000,Commercial Final,8440 - 112 STREET NW,Plan 9826528 Lot 6,UNIVERSITY OF ALBERTA,5520,"To construct Interior Alterations to the UAH Pharmacy NAPRA Renovation (WMC) - Level 0. Renovating the existing pharmacy sterile product storage, gowning, assembly, manufacturing, and chemo room to create a larger space and update the areas to the current standards. UAH Pharmacy NAPRA.",Hospitals (640),(03) Interior Alterations,2690.98,5034000,AJ,0,53.52072150232498,-113.52321909208756,,1,
2026-06-19T00:00:00.000,2026,6,2026-06-19T00:00:00.000,Commercial Final,"UPPER, 9751 - 54 AVENUE NW",Plan 4372TR Blk 17 Lot 4,CORONET INDUSTRIAL,6100,To change the use from D to F3 and complete interior alterations for a custom manufacturing facility (compounding pharmacy) in the existing commercial building.,Retail and Shops (510),(03) Interior Alterations,698,20000,IM,0,53.48943741226451,-113.48301766577264,,1,
2026-06-19T00:00:00.000,2026,6,2026-06-19T00:00:00.000,Commercial Final,14169 - 162 AVENUE NW,"Condo Common Area (Plan 1622900,2022071)",RAMPART INDUSTRIAL,3360,To Change Use (F2 to D) construct Interior Alterations (tenant fit up) to an existing general industrial building. ”Create Compounding Pharmacy”,Retail and Shops (510),(03) Interior Alterations,8818,300000,BE,0,53.62280081323009,-113.56858017390284,,1,
2026-06-17T00:00:00.000,2026,6,2026-06-17T00:00:00.000,Commercial Final,7007 - 116 STREET NW,Plan 4663AK Blk X,UNIVERSITY OF ALBERTA FARM,5530,"To construct Interior Alterations (replacement of air handling unit) in an existing office/industrial building . ""Medical Examiners Building""",Laboratory/Research Centres (580),(03) Interior Alterations,1614.59,900000,AJ,0,53.50608655339753,-113.52996263585176,,1,
2026-06-16T00:00:00.000,2026,6,2026-06-16T00:00:00.000,Commercial Final,11816 - 26 AVENUE SW,Plan 2421140 Unit 2,HERITAGE VALLEY TOWN CENTRE,5472,To construct interior alterations to existing medical clinic and pharmacy for conversion of two exam rooms to x-ray imaging suite (no additional occupant load proposed). --EVER Heritage Valley Medical & Pharmacy Imaging Suite TI--,Office Buildings (520),(03) Interior Alterations,3605.91,75000,DC2,0,,,,1,
2026-06-15T00:00:00.000,2026,6,2026-06-15T00:00:00.000,Commercial Final,"140, 3804 - 139 AVENUE NW",Plan 1524909 Unit 1,CLAREVIEW TOWN CENTRE,2145,Change the use from assembly to a personal service clinic for a physiotherapy clinic in an existing community center building. (No building changes other than cosmetic and furnishings) (Clareview Rec Center)  -- Boost Physiotherapy Ltd.,Office Buildings (520),(03) Interior Alterations,0,5000,PS,0,53.60297740013495,-113.40467256542343,,1,
2026-06-10T00:00:00.000,2026,6,2026-06-10T00:00:00.000,Commercial Final,"F8, 1 - MILLBOURNE SHOPPING CENTRE NW",Plan 7720553 Blk 18 Lots 58-59,LEE RIDGE,6400,"To complete Change of Use (E to D) and construct Interior Alterations (tenant improvement) for a physiotherapy clinic in an existing commercial building (Millbourne Mall). ""Millbourne Sports Plus Physiotherapy"" WORK DONE WITHOUT PERMIT",Office Buildings (520),(03) Interior Alterations,1514,35000,CG,0,53.472302390937365,-113.45015185193691,,1,
2026-06-08T00:00:00.000,2026,6,2026-06-08T00:00:00.000,Commercial Final,12913 - 140 AVENUE NW,Plan 0523197 Blk 1 Lot B,PEMBINA,3340,"To construct Interior Alterations (renovations) to a clinic in an existing commercial building. ""Signature Ortho""",Office Buildings (520),(03) Interior Alterations,18847.59,50000,CG,0,53.60104653626951,-113.5429361348204,,1,
2026-06-04T00:00:00.000,2026,6,2026-06-04T00:00:00.000,Commercial Final,6563 - ANDREWS GATE SW,Condo Common Area (Plan 2621143),AMBLESIDE,5505,To construct Interior Alterations (1st Tenant Fit-up - Manual Osteopathy Clinic) and to Change Use (A2 to D) to an existing commercial shell building. Including 1 new 1hr demising wall  -- 2783068 Alberta Ltd --,Office Buildings (520),(03) Interior Alterations,1496.18,50000,DC1,0,,,,1,
2026-06-04T00:00:00.000,2026,6,2026-06-04T00:00:00.000,Commercial Final,"201, 485 - MISTATIM WAY NW",Plan 1821108 Blk 2 Lot 6,MISTATIM INDUSTRIAL,4320,"To construct a two story office building - Shell Only. Including: main floor (2 washrooms, staff room, lobby) second floor (public corridor, 2 washrooms, 1hr suite demising walls) and 13 RTU's  -- Rady Health Centre --  Note: tenant fit-ups require separate permit(s)",Office Buildings (520),(01) New,,3500000,CB,0,53.600861047946346,-113.58151267772993,,1,
2026-06-03T00:00:00.000,2026,6,2026-06-03T00:00:00.000,Commercial Final,17044 - 107 AVENUE NW,Plan 8023090 Blk 2 Lot 4A,MCNAMARA INDUSTRIAL,4300,to construct Interior Alterations (first tenant fit-up) in a new commercial use building. --Ever Red Dental--,Office Buildings (520),(03) Interior Alterations,1323.96,125000,BE,0,53.553835154409974,-113.61655442048331,,1,
2026-06-03T00:00:00.000,2026,6,2026-06-03T00:00:00.000,Commercial Final,16721 - 71 STREET NW,Plan 2322452 Blk 9 Lot 14,SCHONSEE,2700,To Change Use (E to D) and construct Interior Alterations ( 1st tenant fit up and demolition of existing demising walls) to an existing commercial shell building;   ”North East Medical Centre”,Office Buildings (520),(03) Interior Alterations,4392,495000,CN,0,53.6293451142922,-113.45005304049403,,1,
2026-06-03T00:00:00.000,2026,6,2026-06-03T00:00:00.000,Commercial Final,"201, 8311 - CHAPPELLE WAY SW","Condo Common Area (Plan 2122616,2120841)",CHAPPELLE,5471,To construct Interior Alterations (1st Tenant Fit-up) to an existing commercial shell building. “Chappelle Way Medical Clinic”,Office Buildings (520),(03) Interior Alterations,882,140000,"CG, CG",0,53.396687938823625,-113.5937109964558,,1,
2026-06-03T00:00:00.000,2026,6,2026-06-03T00:00:00.000,Commercial Final,15270 - 127 STREET NW,Plan 0625614 Blk 16 Lot 4,CUMBERLAND,3150,"To construct Interior Alterations to an existing dental office, remove front entry vestibule, create new front office and separate treatment room 5, 6 from floor space. Cosmetic improvements; new finishes, new millwork new lighting, basic power/data distribution.  HVAC is limited to deletion of 2 diffusers.  NO SPRINKLER CHANGE, NO PLUMBING.   ”Dental Zen”.",Office Buildings (520),(03) Interior Alterations,1839.55,92000,CG,0,53.61598664852212,-113.54281974701588,,1,
2026-06-02T00:00:00.000,2026,6,2026-06-02T00:00:00.000,Commercial Final,5302 - ADMIRAL GIROUARD STREET NW,Condo Common Area (Plan 2321252),GRIESBACH,3111,To construct Interior Alterations in an existing (D) occupancy.  Installation of a cold plunge tub in an existing physiotherapy business  Movenetics Physiotherapy.,Office Buildings (520),(03) Interior Alterations,0,5000,CG,0,,,,1,
2026-06-02T00:00:00.000,2026,6,2026-06-02T00:00:00.000,Commercial Final,16520 - 118 AVENUE NW,Condo Common Area (Plan 1525451),CARLETON SQUARE INDUSTRIAL,4100,to construct Interior Alterations (first tenant fit-up) in an existing commercial building. --Spinal element chiropractic clinic-- (two proposed rated demising walls at left and rear of tenant space),Office Buildings (520),(03) Interior Alterations,1367,200000,BE,0,53.57128299283887,-113.60700733469722,,1,
2026-06-02T00:00:00.000,2026,6,2026-06-02T00:00:00.000,Commercial Final,5395 - EDGEMONT BOULEVARD NW,Condo Common Area (Plan 2421892),EDGEMONT,4462,"To construct Interior Alterations (1st tenant fit-up) to add a pharmacy and clinic in an existing commercial building (Royal Center Edgemont Building 3). ""Edgemont Pharmacy & Clinic""",Office Buildings (520),(03) Interior Alterations,3506,55000,CN,0,,,,1,
2026-05-28T00:00:00.000,2026,5,2026-05-28T00:00:00.000,Commercial Final,1011 - DANIELS LOOP SW,Plan 2120166 Blk 9 Lot 21,DESROCHERS AREA,5463,To construct a basement development in a single detached house and add a HOME BASED BUSINESS to a portion of the basement. Dental Laboratory to manufacture dental devices. --Gyeol Dental Art Studio.,Manufacturing Buildings (430),(03) Interior Alterations,2152.78,35000,RSF,0,53.39671157594485,-113.54383951148606,,1,
2026-05-28T00:00:00.000,2026,5,2026-05-28T00:00:00.000,Commercial Final,11409 - 40 AVENUE NW,Plan 3614NY Blk 63 Lot 24A,GREENFIELD,5220,To change the use from a restaurant to a medical clinic (A2 to D) and to make interior alterations for the clinic in the existing commercial building. -- Riverbend Medical Clinic--,Office Buildings (520),(03) Interior Alterations,2226,220000,CG,0,53.47547477997579,-113.52751631465084,,1,
2026-05-26T00:00:00.000,2026,5,2026-05-26T00:00:00.000,Commercial Final,12038 - 48 AVENUE NW,Plan 2422229 Blk 1 Lot 3,MALMO PLAINS,5280,"To construct interior alterations (initial tenant fit-up) for a clinic with pharmacy within an existing commercial building (Michener Park Commercial - Bldg ""E""). ""Michener Park Clinic and Pharmacy""",Office Buildings (520),(01) New,2152.78,280000,"CG, CG",0,,,,1,
2026-05-14T00:00:00.000,2026,5,2026-05-14T00:00:00.000,Commercial Final,12034 - 48 AVENUE NW,Plan 2422229 Blk 1 Lot 3,MALMO PLAINS,5280,To construct Interior Alterations (initial tenant fit-up) for a hearing clinic within an existing shell building. Incudes 2 2hr demising walls. HI-FIDELITY HEARING CLINIC.,Office Buildings (520),(03) Interior Alterations,1126.12,150000,"CG, CG",0,,,,1,
2026-05-14T00:00:00.000,2026,5,2026-05-14T00:00:00.000,Commercial Final,1100 - YOUVILLE DRIVE WEST NW,Plan 8220154 Blk 4 Lot 1,TAWA,6720,"To construct Interior Alterations to an extended Medical Treatment Facility and Exterior alterations -reconfigure existing window opening to accommodate a new doorway, (Room 1752)  ""Medical Device Processing Department -TP1 (Level 0, Level 1) Relocation Package""   ”Grey Nuns Community Hospital”.",Hospitals (640),(03) Interior Alterations,7717.72,1086161,UF,0,53.462071793344684,-113.4295408389405,,1,
2026-05-08T00:00:00.000,2026,5,2026-05-08T00:00:00.000,Commercial Final,"250, 10216 - 124 STREET NW",Plan RN22 Blk 33 Lots 14-16,WESTMOUNT,3440,to construct Interior Alterations (expanding an existing clinic by 1657 sq.ft) in an existing commercial building. --EyeQ Expansion--,"Clinics, Health Units (642)",(03) Interior Alterations,2763,120000,DC2,0,53.54374706675534,-113.53640140277851,,1,
2026-05-07T00:00:00.000,2026,5,2026-05-07T00:00:00.000,Commercial Final,5358 - ADMIRAL GIROUARD STREET NW,Condo Common Area (Plan 2321252),GRIESBACH,3111,"To construct interior alterations to a health services / medical office.  Initial tenant fit up, Griesbach Clinic,  Building A - JEWEL OF GRIESBACH,",Office Buildings (520),(03) Interior Alterations,1960,250000,CG,0,,,,1,
2026-05-06T00:00:00.000,2026,5,2026-05-06T00:00:00.000,Commercial Final,2607 - ELLWOOD DRIVE SW,"Condo Common Area (Plan 1021674,1025631)",ELLERSLIE INDUSTRIAL,6214,To construct Interior Alterations (office renovation) to an existing office building.   ”Manor Clinic”,Office Buildings (520),(03) Interior Alterations,1000,30000,EIB,0,53.42909491370603,-113.473565551949,,1,
2026-05-05T00:00:00.000,2026,5,2026-05-05T00:00:00.000,Commercial Final,8129 - 97 STREET NW,Plan 4575S Blk 12 Lots 1-7,RITCHIE,6610,"To Change Use (A2 to D)  and to construct Interior Alterations (tenant fit-up) for a medical clinic and pharmacy in an existing commercial building. ""Whyte Avenue Medical Clinic""",Office Buildings (520),(03) Interior Alterations,2458,120000,MU,0,53.51772418527506,-113.47902182826628,,1,
2026-04-29T00:00:00.000,2026,4,2026-04-29T00:00:00.000,Commercial Final,"100, 4207 - 98 STREET NW",Plan 0724415 Blk 6 Lot 11,STRATHCONA INDUSTRIAL PARK,6700,To construct Interior Alterations (tenant improvement/renovation) to an existing office building. ”Insight Medical Imaging - Greystone”,"Clinics, Health Units (642)",(03) Interior Alterations,3517,214587,BE,0,53.479454350154256,-113.48086832390892,,1,
2026-04-28T00:00:00.000,2026,4,2026-04-28T00:00:00.000,Commercial Final,10506 - JASPER AVENUE NW,Condo Common Area (Plan 0226956),DOWNTOWN,1090,Change of use from a restaurant (A2) to office use (D) and to complete interior alterations for a medical clinic with a pharmacy in the existing commercial building. -- Liberty Clinic & Pharmacy,Office Buildings (520),(03) Interior Alterations,1450,80000,"JAMSC, UW",0,53.54156603641596,-113.50149196458146,,1,
2026-04-23T00:00:00.000,2026,4,2026-04-23T00:00:00.000,Commercial Final,12728 - 167 AVENUE NW,Plan 1620811 Blk 1 Lot 13,ALBANY,3460,to construct Interior Alterations (tenant fit-up + expansion) in an existing commercial building. --Albany Dental Expansion--,Office Buildings (520),(03) Interior Alterations,957.99,65000,CG,0,53.629585260898544,-113.54481530946592,,1,
2026-04-21T00:00:00.000,2026,4,2026-04-21T00:00:00.000,Commercial Final,6539 - ANDREWS GATE SW,Condo Common Area (Plan 2621143),AMBLESIDE,5505,To construct Interior Alterations (initial tenant fit-up) for a medical clinic and pharmacy within an existing shell building. -- Ambleside Family Clinic.,Office Buildings (520),(03) Interior Alterations,3443,480000,DC1,0,,,,1,
2026-04-15T00:00:00.000,2026,4,2026-04-15T00:00:00.000,Commercial Final,4320 - 199 STREET NW,Condo Common Area (Plan 2620244),THE HAMPTONS,4461,To construct Interior Alterations (first tenant fit-up) in a new commercial building. –Eye 9 Optometry–,Office Buildings (520),(03) Interior Alterations,1679.17,85000,CN,0,,,,1,
2026-04-14T00:00:00.000,2026,4,2026-04-14T00:00:00.000,Commercial Final,16733 - 127 STREET NW,Plan 1321434 Blk 1 Lot 2,RAPPERSWILL,3370,"To construct Interior Alterations (tenant improvement) for a physiotherapy clinic in an existing commercial building (Newcastle Building 11). ""Mind Body Physiotherapy""",Office Buildings (520),(03) Interior Alterations,1200,100000,CG,0,53.630563750709285,-113.53950597976217,,1,
2026-04-13T00:00:00.000,2026,4,2026-04-13T00:00:00.000,Commercial Final,941 - MISTATIM LINK NW,Plan 1820754 Blk 3 Lot 4,MISTATIM INDUSTRIAL,4320,"To construct Interior Alterations (first tenant improvement) for a massage clinic to an existing commercial shell building. ""Flexcare Massage""",Office Buildings (520),(03) Interior Alterations,1279,150000,"CB, CB",0,53.60228131251419,-113.58012225379626,,1,
2026-04-13T00:00:00.000,2026,4,2026-04-13T00:00:00.000,Commercial Final,"201, 12850 - 127 STREET NW",Plan 2620425 Blk 61 Lot 26,ATHLONE,3010,"To construct a 2-Storey multi-use commercial building (Shell ONLY - 0 demising walls, 6 RTU's) with clinic/pharmacy and dental on the main floor,  Office on the second floor and tenant underslab for suite 12854 and 12703. (NOTEL: Shell Only, future tenant fit-ups require separate permits.)","Malls, Office/Retail (512)",(01) New,,2050000,MU,0,,,,1,
2026-04-10T00:00:00.000,2026,4,2026-04-10T00:00:00.000,Commercial Final,13221 - BUENA VISTA ROAD NW,Plan 1223199 Blk 1 Lot 1,RIVER VALLEY LAURIER,3382,"To leave on site a TEMPORARY (maximum of 5 years, expiry date of April 09, 2031) pre-fab Building (12'x40' skid trailer) for laboratory use (F2 occupancy) - Edmonton Valley Zoo (frog trailer).",Laboratory/Research Centres (580),(01) New,,100965,"A, A4",0,53.510323433013646,-113.55582368970695,,1,
2026-04-09T00:00:00.000,2026,4,2026-04-09T00:00:00.000,Commercial Final,15331 - 97 STREET NW,Plan 1420713 Blk 90 Lot 2A,EAUX CLAIRES,2241,To Change Use (E to D) and construct Interior Alterations (Tenant Fit Up) to an existing building.   ”Epic Physiotherapy”,Office Buildings (520),(03) Interior Alterations,1410,80000,DC2,0,53.61483268414493,-113.49026489487909,,1,
2026-04-09T00:00:00.000,2026,4,2026-04-09T00:00:00.000,Commercial Final,12723 - VICTORIA TRAIL NW,Plan 2321749 Blk 42 Lot 22A,CANON RIDGE,2120,To construct Interior Alterations (1st Tenant Fit-up) for a dental clinic in an existing commercial building (Vista Ridge-  Building 3). “ Vista Ridge Dental”,Office Buildings (520),(03) Interior Alterations,2200.03,500000,DC2,0,53.58060128705363,-113.38167525414607,,1,
2026-04-07T00:00:00.000,2026,4,2026-04-07T00:00:00.000,Commercial Final,"100, 10335 - 172 STREET NW",Plan 7720926 Blk 1 Lot 5,STONE INDUSTRIAL,4510,"to construct Interior Alterations (interior partition wall demolition, new walls, floors, doors, addition washrooms and pharmacy) to an office building. --Metis Settlement General Council--",Office Buildings (520),(03) Interior Alterations,5000,200000,BE,0,53.54613175482874,-113.61688904741726,,1,
2026-04-02T00:00:00.000,2026,4,2026-04-02T00:00:00.000,Commercial Final,11814 - 26 AVENUE SW,Plan 2421140 Unit 2,HERITAGE VALLEY TOWN CENTRE,5472,To construct Interior Alterations (1st Tenant Fit-up) and to Change Use (E to D) to an existing commercial shell building. “Manjot Dental Heritage Valley”,Office Buildings (520),(03) Interior Alterations,2294,80000,DC2,0,,,,1,
2026-04-02T00:00:00.000,2026,4,2026-04-02T00:00:00.000,Commercial Final,18236 - 89 AVENUE NW,Plan 7820298 Blk 17 Lot 3A,BELMEAD,4040,To Change Use (E to D) and construct Interior Alterations (New interior partitions) to an existing commercial building.  ”Physio Belmead”,Office Buildings (520),(03) Interior Alterations,967,45000,CN,0,53.523997751887926,-113.63903748890648,,1,
2026-03-26T00:00:00.000,2026,3,2026-03-26T00:00:00.000,Commercial Final,13620 - 163 STREET NW,Plan 0221954 Blk 8 Lot 1,MISTATIM INDUSTRIAL,4320,To construct an Addition (54sqm on NW side) and to construct Interior Alterations (New kennels for dogs and cats ) to an existing animal care building;  “Edmonton Humane”,Animal and Plant Services (410),(02) Addition,462847.7,1318000,IM,0,53.597839624054565,-113.60448978824047,,1,
2026-03-25T00:00:00.000,2026,3,2026-03-25T00:00:00.000,Commercial Final,12228 - 118 AVENUE NW,Plan RN64 Blk 2 Lots 18-20,PRINCE CHARLES,3350,To construct Interior Alterations (1st tenant fit up to build a dental clinic) to an existing building. ”118 Avenue Dental Clinic”,Office Buildings (520),(03) Interior Alterations,1453.13,350000,MU,0,53.57061139037344,-113.53368823397308,,1,
2026-03-25T00:00:00.000,2026,3,2026-03-25T00:00:00.000,Commercial Final,3403 - DESROCHERS WAY SW,Plan 2620172 Blk 25 Lot 27,DESROCHERS AREA,5463,"To construct a new 1 storey 142,761 ft2 commercial retail building with offices, rear warehouse area, food preparation areas with walk-in coolers, a pharmacy, and vision centre.  - Walmart Store #3202  Note: quick service restaurant not included and requires separate tenant fit-up permits.",Retail and Shops (510),(01) New,142761.61,28156201,"CG, CG, CG",0,,,,1,
2026-03-18T00:00:00.000,2026,3,2026-03-18T00:00:00.000,Commercial Final,951 - PARSONS ROAD SW,"Plan 2520670 Units 35,43",ELLERSLIE INDUSTRIAL,6214,"To construct Interior Alterations (first tenant fit-up) for a dental clinic  located in a new commercial building (Parsons Square Bldg. ""A""). Maple Dental Clinic",Office Buildings (520),(03) Interior Alterations,1532,350000,CG,0,,,,1,
2026-03-17T00:00:00.000,2026,3,2026-03-17T00:00:00.000,Commercial Final,10003 - 106 AVENUE NW,Plan 9321356 Lot 149A,MCCAULEY,1140,To Change Use (A2 to D) and construct Interior Alterations ( Tenant fit up and expanding pharmacy) to an existing commercial building;   ”Pharmacy One”,Retail and Shops (510),(03) Interior Alterations,1476,100000,MU,0,53.54955062035165,-113.49236493793487,,1,
2026-03-17T00:00:00.000,2026,3,2026-03-17T00:00:00.000,Commercial Final,6557 - ANDREWS GATE SW,Condo Common Area (Plan 2621143),AMBLESIDE,5505,to construct Interior Alterations (first tenant fit-up + new 1 HR demising wall) in a new commercial building. --Jasmine Dental--,Office Buildings (520),(03) Interior Alterations,1506.95,375000,DC1,0,,,,1,
2026-03-16T00:00:00.000,2026,3,2026-03-16T00:00:00.000,Commercial Final,15366 - 18 STREET NW,Plan 2322123 Blk 1 Lot 1,GORMAN,2311,To construct Interior Alterations (initial tenant improvement) in an existing (shell) commercial building -- Gorman Medical Centre --,Office Buildings (520),(03) Interior Alterations,4702.96,250000,CN,0,53.61686500267599,-113.36979186235286,,1,
2026-03-10T00:00:00.000,2026,3,2026-03-10T00:00:00.000,Commercial Final,"208, 6830 - ELLERSLIE ROAD SW",Plan 2320638 Blk 1 Lot 11,ELLERSLIE,6211,To construct Interior Alterations (First Tenant fit up for a audiology clinic) to an existing building.   ”The Audiology Clinic - Ellerslie Road”,Office Buildings (520),(03) Interior Alterations,1082,20000,DC2,0,53.4258427347943,-113.44608948541536,,1,
2026-03-09T00:00:00.000,2026,3,2026-03-09T00:00:00.000,Commercial Final,129 - CHARLESWORTH DRIVE SW,Condo Common Area (Plan 2621170),CHARLESWORTH,6661,To Change Use (E to D) and construct Interior Alterations (First Tenant Fit Up) to an existing mercantile building;   ”Manjot Dental”,Office Buildings (520),(03) Interior Alterations,1408,80000,CN,0,,,,1,
2026-03-06T00:00:00.000,2026,3,2026-03-06T00:00:00.000,Commercial Final,8208 - 175 STREET NW,Plan 7620073 Blk 12 Lot 1B,THORNCLIFF,4560,To construct Interior Alterations (tenant improvement - adding 3 rooms) for a massage clinic in an existing commercial building.,Office Buildings (520),(03) Interior Alterations,360,40000,MU,0,53.51557235975223,-113.6244572310847,,1,
2026-03-04T00:00:00.000,2026,3,2026-03-04T00:00:00.000,Commercial Final,11704 - JASPER AVENUE NW,Plan 5349NY Blk 17 Lot 28A,WÎHKWÊNTÔWIN,1151,To construct Interior Alterations (expansion of tenant space) to an existing clinic in a commercial building. ”Active Care Chiropractic and Wellness Clinic”,Office Buildings (520),(03) Interior Alterations,870,10000,MU,0,53.54142141429254,-113.52405916330876,,1,
2026-02-25T00:00:00.000,2026,2,2026-02-25T00:00:00.000,Commercial Final,10511 - 109 STREET NW,Plan B4 Blk 8 Lots 159-163,CENTRAL MCDOUGALL,1030,To construct Exterior Alterations (Minor changes) and Interior Alterations (Expansion to the existing clinic into the already adjoining space) to an existing building.   ”MacEwan University Health Clinic”,Office Buildings (520),(03) Interior Alterations,4278.54,1355000,MU,0,53.54868818966178,-113.50787790816129,,1,
2026-02-24T00:00:00.000,2026,2,2026-02-24T00:00:00.000,Commercial Final,"2FL, 5083 - WINDERMERE BOULEVARD SW",Plan 0621857 Blk 1 Lot 1,AMBLESIDE,5505,To construct Interior Alterations to an office building. Alberta Medical Association.,Office Buildings (520),(03) Interior Alterations,3229.17,260000,DC2,0,53.43267394610141,-113.59206505263433,,1,
2026-02-24T00:00:00.000,2026,2,2026-02-24T00:00:00.000,Commercial Final,12779 - 50 STREET NW,Plan 7720215 Lot X,HOMESTEADER,2350,"to construct Interior Alterations (interior refresh, upgrade to existing space including millwork, flooring, drywall, ceiling work, painting plumbing, HVAC, basic electrical work/lighting) in an existing commercial building. --Insight Medical Imaging--","Clinics, Health Units (642)",(03) Interior Alterations,10344.11,1287000,CG,0,53.58669504368064,-113.41721372321497,,1,
2026-02-23T00:00:00.000,2026,2,2026-02-23T00:00:00.000,Commercial Final,150 - SUMMERSIDE GATE SW,Plan 0628060 Blk 1 Lot 39,SUMMERSIDE,6213,"To construct Interior Alterations (initial tenant improvement) for a dental clinic in an existing (shell) commercial building (Canadian Home Builders Association). ""Orchards Dental""",Office Buildings (520),(03) Interior Alterations,4083,500000,EIB,0,53.419337821493,-113.47683483625285,,1,
2026-02-13T00:00:00.000,2026,2,2026-02-13T00:00:00.000,Commercial Final,"203, 4833 - GATEWAY BOULEVARD NW",Condo Common Area (Plan 2620014),CALGARY TRAIL NORTH,5110,To construct Interior Alterations (1st Tenant Fit-up) to an existing shell building. “ Psychologist Consulting Clinic”,Office Buildings (520),(03) Interior Alterations,960,140000,CG,0,,,,1,
2026-02-11T00:00:00.000,2026,2,2026-02-11T00:00:00.000,Commercial Final,16940 - 87 AVENUE NW,Plan 0726880 Blk 3 Lot 5,WEST MEADOWLARK PARK,4590,"To construct Interior Alterations to an Extended Medical Treatment Services Building,  ""Misericordia Community Hospital"" Fire Alarm System Replacement.  Phase I, includes completing immediate fixes to the existing system faults to ensure proper operation while the design of the full system work is underway. Phase II, includes replacing failed addressable initiating devices, loop cards and all addressable initiating devices tied to the same loop card. Replace the two failed pre-action Fire Alarm control panels on a one-for-one basis.",Hospitals (640),(03) Interior Alterations,150000,2000000,UF,0,53.521785711104854,-113.61205769143899,,1,
2026-02-11T00:00:00.000,2026,2,2026-02-11T00:00:00.000,Commercial Final,"115, 11910 - 111 AVENUE NW",Plan 9122204 Blk 191 Lot 1A,PRINCE RUPERT,1170,"To construct Interior Alterations (tenant improvement) for a mental health clinic in an existing office building. ""EOPCN Mental Health Clinic""",Office Buildings (520),(03) Interior Alterations,4683.37,400000,DC2,0,53.559838640251606,-113.52812293565393,,1,
2026-02-10T00:00:00.000,2026,2,2026-02-10T00:00:00.000,Commercial Final,"810, 10665 - JASPER AVENUE NW",Plan 8620900 Blk 6 Lot 60B,DOWNTOWN,1090,To construct Interior Alterations (expand existing dental clinic into the next suite) to an existing office building. 8th floor - First Edmonton Place  -- Dr Hernandez --,Office Buildings (520),(03) Interior Alterations,1710,375000,"JAMSC, CMU",0,53.5405679833792,-113.50408539922128,,1,
2026-02-05T00:00:00.000,2026,2,2026-02-05T00:00:00.000,Commercial Final,"202, 4730 - GATEWAY BOULEVARD NW",Plan 7620205 Blk 28 Lots 2-3,CALGARY TRAIL NORTH,5110,"To construct Interior Alterations (initial tenant improvement) for an interdisciplinary clinic in an existing (shell) commercial building. ""Navigate Clinical Group""",Office Buildings (520),(03) Interior Alterations,3581.9,447750,DC2,0,53.484786406172525,-113.4935301901617,,1,
2026-02-04T00:00:00.000,2026,2,2026-02-04T00:00:00.000,Commercial Final,5356 - ADMIRAL GIROUARD STREET NW,Condo Common Area (Plan 2321252),GRIESBACH,3111,To construct Interior Alterations (initial tenant fit-up & new 2 hour demising wall) for IV Clinic within an existing shell space.,Office Buildings (520),(03) Interior Alterations,1740,75000,CG,0,,,,1,
2026-02-03T00:00:00.000,2026,2,2026-02-03T00:00:00.000,Commercial Final,"211, 4833 - GATEWAY BOULEVARD NW",Condo Common Area (Plan 2620014),CALGARY TRAIL NORTH,5110,To construct Interior Alterations (initial tenant improvement) for a health clinic on the second floor of an existing commercial building.  ”DF Brazilian Wellness Inc”,Retail and Shops (510),(03) Interior Alterations,1435,120000,CG,0,,,,1,
2026-01-30T00:00:00.000,2026,1,2026-01-30T00:00:00.000,Commercial Final,10870 - 97 STREET NW,Plan NA Blk 17 Lot 7,MCCAULEY,1140,"To construct Interior Alterations (tenant improvement) for a pharmacy and clinic in an existing general industrial building. ""Eazycare Pharmacy & Clinic Ltd""",Retail and Shops (510),(03) Interior Alterations,1700,350000,MU,0,53.55538503684013,-113.49127662199227,,1,
2026-01-29T00:00:00.000,2026,1,2026-01-29T00:00:00.000,Commercial Final,7410 - BORDEN PARK ROAD NW,Plan 9421272 Blk E,EDMONTON NORTHLANDS,1120,"Demolition of all existing structures (demolition and removal of the Northlands Spectrum building, media platform and attached tunnels, chiller building, winter barns, veterinary centre, winners circle, 79th street jockey dorms, and admin building) located on the premises.",Outdoor Recreational Buildings (562),(99) Demolition,,7500000,UF,0,,,,1,
2026-01-28T00:00:00.000,2026,1,2026-01-28T00:00:00.000,Commercial Final,8440 - 112 STREET NW,Plan 9826528 Lot 6,UNIVERSITY OF ALBERTA,5520,"To construct Interior Alterations to an Extended Medical Treatment Facility. To remove/replace the NM DI equipment in Room 2A1.36, CT Replacement, University of Alberta Hospital.",Hospitals (640),(03) Interior Alterations,430.56,56255,AJ,0,53.52072150232498,-113.52321909208756,,1,
2026-01-27T00:00:00.000,2026,1,2026-01-27T00:00:00.000,Commercial Final,8234 - 175 STREET NW,Plan 7620073 Blk 12 Lot 1B,THORNCLIFF,4560,"To complete Change of Use (A2 to D) and construct Interior Alterations (tenant improvement, opening demising wall to connect 2 bays, 8340 & 8234) for a medical clinic adjacent to existing pharmacy. --RX Square Pharmacy and Clinic--",Office Buildings (520),(03) Interior Alterations,1974,110000,MU,0,53.51557235975223,-113.6244572310847,,1,
2026-01-20T00:00:00.000,2026,1,2026-01-20T00:00:00.000,Commercial Final,4280 - 199 STREET NW,Condo Common Area (Plan 2620244),THE HAMPTONS,4461,To construct Interior Alterations (initial tenant fit-up) for medical clinic with pharmacy in an existing building. --Shoppes at Hampton--,Office Buildings (520),(03) Interior Alterations,3008.4,180000,CN,0,,,,1,
2026-01-16T00:00:00.000,2026,1,2026-01-16T00:00:00.000,Commercial Final,10704 - 120 STREET NW,Plan 9223242 Blk 20 Lot 1,QUEEN MARY PARK,1180,To construct Interior Alterations (Constructing physio rooms and offices) to an existing commercial building.   ”Lifemark”,Office Buildings (520),(03) Interior Alterations,37479.9,150000,DC2,0,53.55139151725954,-113.52989674211774,,1,
2026-01-15T00:00:00.000,2026,1,2026-01-15T00:00:00.000,Commercial Final,11112 - 102 AVENUE NW,Plan B4 Blk 11 Lots 141-142,WÎHKWÊNTÔWIN,1151,"To Change Use (E to D) and to construct Interior Alterations (first tenant fit up) for an aesthetics clinic (health services and/or indoor sales and services) to an existing commercial building. ""True Aesthetics""",Retail and Shops (510),(03) Interior Alterations,1029,290000,MU,0,53.54326498160348,-113.51263516658628,,1,
2026-01-12T00:00:00.000,2026,1,2026-01-12T00:00:00.000,Commercial Final,"107, 7319 - 29 AVENUE NW",Plan 2420878 Blk 7 Lot 4B,KAMEYOSEK,6340,"To construct Interior Alterations for an initial tenant fit up -""Chiropractic Clinic""-",Office Buildings (520),(03) Interior Alterations,1700,180000,DC2,0,,,,1,
2026-01-08T00:00:00.000,2026,1,2026-01-08T00:00:00.000,Commercial Final,8440 - 112 STREET NW,Plan 9826528 Lot 6,UNIVERSITY OF ALBERTA,5520,To construct Interior Alterations (new angiogram diagnostic imager renovations) in an existing hospital building (UofA Hospital).,Hospitals (640),(03) Interior Alterations,914.93,513000,AJ,0,53.52072150232498,-113.52321909208756,,1,
2026-01-06T00:00:00.000,2026,1,2026-01-06T00:00:00.000,Commercial Final,595 - LEWIS GREENS DRIVE NW,Plan 1920902 Blk 10 Lot 1,STEWART GREENS,4486,"To construct a Extended Medical Treatment Services building with 280 beds, with a Professional, Financial, and Office Support Service on a portion of the 7th floor.","Day Cares, Nursing Homes (650)",(01) New,,92244057,DC1,0,53.539927289270686,-113.6744297171348,,1,
2025-12-24T00:00:00.000,2025,12,2025-12-24T00:00:00.000,Commercial Final,"107, 3872 - ALLAN DRIVE SW",Plan 2420330 Blk 10 Lot 1C,AMBLESIDE,5505,To construct Interior Alterations (First tenant Fit up of new medical clinic) to an existing building.  ”Alta Care Group of Companies Inc. ”,Office Buildings (520),(03) Interior Alterations,5651.05,250000,"CNC, CN",0,,,,1,
2025-12-23T00:00:00.000,2025,12,2025-12-23T00:00:00.000,Commercial Final,2827 - MILL WOODS ROAD NW,Plan 3385TR Blk 7 Lot 5,KAMEYOSEK,6340,To Change Use (A2  to D) and construct Interior Alterations (Fit up for new layout of Massage Clinic) to an existing building; ”The Soul Touch Massage Therapy Center”,Office Buildings (520),(03) Interior Alterations,1322.5,60000,MU,0,53.45942575821848,-113.44712779083017,,1,
2025-12-23T00:00:00.000,2025,12,2025-12-23T00:00:00.000,Commercial Final,9601 - 82 AVENUE NW,Plan 4575S Blk 12 Lots 16-18,RITCHIE,6610,To change the use from retail E to business and personal service D and construct Interior Alterations (tenant fit-up) in an existing commercial building. --RITCHIE DENTAL--,Office Buildings (520),(03) Interior Alterations,2090,418000,MU,0,53.517718975544675,-113.47705109044088,,1,
2025-12-19T00:00:00.000,2025,12,2025-12-19T00:00:00.000,Commercial Final,10507 - SASKATCHEWAN DRIVE NW,Plan I2 Blk 103 Lot 6,STRATHCONA,5480,"To construct Interior Alterations (tenant improvement - Phases 1 & 2) for an assembly use in an existing commercial building. ""Academy of Health Care Services""",Office Buildings (520),(03) Interior Alterations,4370.14,500000,MUN,0,53.52288441556846,-113.5008029117805,,1,
2025-12-19T00:00:00.000,2025,12,2025-12-19T00:00:00.000,Commercial Final,1036 - PARSONS ROAD SW,Plan 0627332 Blk 16 Lot 3A,ELLERSLIE INDUSTRIAL,6214,To change the use from Office to Minor Industrial use (expand ULS testing laboratory into 1036-Parsons Road SW) and to construct interior and exterior alterations (new rear overhead door),Laboratory/Research Centres (580),(03) Interior Alterations,7953,1100000,"EIB, EIB",0,53.422317155405906,-113.48043688876098,,1,
2025-12-17T00:00:00.000,2025,12,2025-12-17T00:00:00.000,Commercial Final,4516 - 118 AVENUE NW,Condo Common Area (Plan 1025138),BEACON HEIGHTS,2040,"To construct interior alterations for adding a medical clinic to an existing commercial building. -- ""Mahajan Beverly Clinic.""",Office Buildings (520),(03) Interior Alterations,876,75000,MU,0,53.57062346522377,-113.41159376890214,,1,
2025-12-17T00:00:00.000,2025,12,2025-12-17T00:00:00.000,Commercial Final,4166 - 167 AVENUE NW,Plan 2520773 Blk 12 Lot 66,CY BECKER,2611,to complete a Change of Use from E to D and Interior Alterations (first tenant fit-up for a dental tenant + new 1 HR demising wall) in a new commercial building. --Manjot Dental--,Office Buildings (520),(03) Interior Alterations,1847,150000,"DC, CG",0,,,,1,
2025-12-16T00:00:00.000,2025,12,2025-12-16T00:00:00.000,Commercial Final,11816 - 26 AVENUE SW,Plan 2421140 Unit 2,HERITAGE VALLEY TOWN CENTRE,5472,To Change Use (E  to D) and construct Interior Alterations (Reno existing main floor area for principal use as a medical clinic and pharmacy) to an existing building;  ”Ever Heritage Valley Medical & Pharmacy”,Office Buildings (520),(03) Interior Alterations,4173.16,625000,DC2,0,,,,1,
2025-12-16T00:00:00.000,2025,12,2025-12-16T00:00:00.000,Commercial Final,15354 - 18 STREET NW,Plan 2322123 Blk 1 Lot 1,GORMAN,2311,"To construct Interior Alterations (first tenant fit-up) for a physiotherapy center located on the main floor, in an existing two-storey multi-use building. HEAL-ALL PHYSIOTHERAPY INC.",Office Buildings (520),(03) Interior Alterations,1943,225000,CN,0,53.61686500267599,-113.36979186235286,,1,
2025-12-16T00:00:00.000,2025,12,2025-12-16T00:00:00.000,Commercial Final,16729 - 71 STREET NW,Plan 2322452 Blk 9 Lot 14,SCHONSEE,2700,To construct Interior Alterations (initial tenant improvement) for a dental clinic in an existing (shell) building (Schonsee Commercial - Building 1). ”Manjot Dental Schonsee”,Office Buildings (520),(03) Interior Alterations,1611,250000,CN,0,53.6293451142922,-113.45005304049403,,1,
2025-12-12T00:00:00.000,2025,12,2025-12-12T00:00:00.000,Commercial Final,3663 - 99 STREET NW,Plan 9222942 Blk 4 Lot 8A,STRATHCONA INDUSTRIAL PARK,6700,"To change the use (""E"" retail occupancy to ""D"" physiotherapy occupancy) and construct interior alterations, located in an existing commercial building (Merchants Row - Bldg ""D"") - Orka Performance.  Note: Electrical & plumbing work completed without permits (no HVAC work completed)",Office Buildings (520),(03) Interior Alterations,2642,127000,"DC2, BE",0,53.471003574645366,-113.48532913407702,,1,
2025-12-12T00:00:00.000,2025,12,2025-12-12T00:00:00.000,Commercial Final,6070 - ANDREWS WAY SW,Condo Common Area (Plan 2522543),AMBLESIDE,5505,To construct Interior Alterations (initial tenant improvement) for a pharmacy and coffee shop in an existing (shell) commercial building (Windermere Medical - DR BASH PHARMACY).,Retail and Shops (510),(03) Interior Alterations,2582,258200,DC1,0,,,,1,
2025-12-08T00:00:00.000,2025,12,2025-12-08T00:00:00.000,Commercial Final,3526 - EWING TRAIL SW,Plan 1324849 Blk 5 Lot 10,ELLERSLIE INDUSTRIAL,6214,"To construct Interior Alterations (new x-ray room) for a chiropractic clinic in an existing commercial building. ""Nisku Chiropractic & Massage""",Office Buildings (520),(03) Interior Alterations,70,20000,BE,0,53.40109831137922,-113.49120027395445,,1,
2025-12-04T00:00:00.000,2025,12,2025-12-04T00:00:00.000,Commercial Final,"204, 7319 - 29 AVENUE NW",Plan 2420878 Blk 7 Lot 4B,KAMEYOSEK,6340,to construct Interior Alterations (first tenant fit-up)for Alberta Precision Labs in second level shell space of Covenant Lakewood Medical building. --Alberta Precision Labs--,"Clinics, Health Units (642)",(03) Interior Alterations,2970.84,885500,DC2,0,,,,1,
2025-12-04T00:00:00.000,2025,12,2025-12-04T00:00:00.000,Commercial Final,"205, 3323 - 34 STREET NW",Plan 0322269 Blk 16 Lot 110,SILVER BERRY,6442,"To construct Interior Alterations (Remove 2 offices and install a sink in each examination room) to an existing clinic. ""Silverberry Optician TI”",Office Buildings (520),(03) Interior Alterations,1496.18,5000,CN,0,53.462740945248235,-113.39264565567085,,1,
2025-12-03T00:00:00.000,2025,12,2025-12-03T00:00:00.000,Commercial Final,957 - MISTATIM LINK NW,Plan 1820754 Blk 3 Lot 4,MISTATIM INDUSTRIAL,4320,"To construct Interior Alterations (First tenant fit up) for a dental clinic to an existing commercial shell building (Northwest Crossing). ""Oxford Denture Clinic""",Office Buildings (520),(03) Interior Alterations,1076.39,180000,"CB, CB",0,53.60228131251419,-113.58012225379626,,1,
2025-12-02T00:00:00.000,2025,12,2025-12-02T00:00:00.000,Commercial Final,"1, 5408 - 53 AVENUE NW",Plan 8220320 Blk 4 Lot 21,ROPER INDUSTRIAL,6640,To construct Interior Alterations (Demolish interior wall) to an existing commercial building.   ”Life Compounding Pharmacy”,Retail and Shops (510),(03) Interior Alterations,860.9,20000,BE,0,53.490998435415904,-113.421775636813,,1,
2025-12-02T00:00:00.000,2025,12,2025-12-02T00:00:00.000,Commercial Final,"1, 11239 - 199 STREET NW",Plan 9322709 Lot 4,WINTERBURN INDUSTRIAL AREA EAST,4650,"To construct a new 3-storey mixed-use building (main floor - animal hospital, dog kennels, pet store and grooming, and parking garage; 2nd floor- cat kennels and 3 dwelling units (lower floors); 3rd floor - upper floors of dwellings) - Pet Hospital & Hotel Apartments.",Mixed Use (522),(01) New,20999.94,5719105,DC2,3,53.56053928794503,-113.66329564198864,,1,
2025-12-01T00:00:00.000,2025,12,2025-12-01T00:00:00.000,Commercial Final,7525 - 99 STREET NW,Plan 2239X Blk 1 Lot 2,RITCHIE,6610,To construct Interior Alterations for a dental clinic within an existing building.,Office Buildings (520),(03) Interior Alterations,3175.35,120000,CN,0,53.51199906712039,-113.48580349082282,,1,
2025-12-01T00:00:00.000,2025,12,2025-12-01T00:00:00.000,Commercial Final,14127 - 156 STREET NW,Plan 2321371 Blk 1 Lot 1,MISTATIM INDUSTRIAL,4320,"To construct Interior Alterations (initial tenant improvement, new 1h FRR demising wall at GL11) for a medical supply warehouse with office in an existing (shell) general industrial building. ""Christie Innomed""","Storage Buildings, Warehouses (460)",(03) Interior Alterations,850,50000,BE,0,53.60413048864162,-113.58820408657272,,1,
2025-11-28T00:00:00.000,2025,11,2025-11-28T00:00:00.000,Commercial Final,9539 - 102A AVENUE NW,Plan 0227867 Blk 5 Lot 16A,BOYLE STREET,1020,"To construct Interior Alterations within a Extended Medical Treatment Service use building.  2nd and 3rd floors dining, servery and nursing desk areas. ”LCC Chinatown Care Centre”","Day Cares, Nursing Homes (650)",(03) Interior Alterations,32253.49,315465,MU,0,53.54551284691346,-113.48151680730005,,1,
2025-11-27T00:00:00.000,2025,11,2025-11-27T00:00:00.000,Commercial Final,16940 - 87 AVENUE NW,Plan 0726880 Blk 3 Lot 5,WEST MEADOWLARK PARK,4590,To construct Interior Alterations (Renovation of pharmacy adjacent office space to expand Pharmacy) to an existing building.  -- Misericordia Community Hospital (MCH) Pharmacy --,Hospitals (640),(03) Interior Alterations,2260.42,1900000,UF,0,53.521785711104854,-113.61205769143899,,1,
2025-11-26T00:00:00.000,2025,11,2025-11-26T00:00:00.000,Commercial Final,4456 - CALGARY TRAIL NW,Plan 1820228 Blk 30 Lot 16,EMPIRE PARK,5170,"To complete a Change of Use (E to D occupancy) and construct Interior Alterations (add a medical clinic to an existing pharmacy CRU), located on the main level of an existing 2 storey mixed use commercial building (Southtrail Plaza Bldg A) - Zia Pharmacy & Medical Clinic",Office Buildings (520),(03) Interior Alterations,1877,75000,DC2,0,53.48309238580237,-113.49576440209441,,1,
2025-11-20T00:00:00.000,2025,11,2025-11-20T00:00:00.000,Commercial Final,10203 - 184 STREET NW,Plan 9923740 Lot 1D,MORIN INDUSTRIAL,4340,"To construct Exterior Alterations (2 new overhead doors) and Interior Alterations (tenant improvement) for a medical sales warehouse in an existing general industrial building. ""Congdon's Medical Supply""","Storage Buildings, Warehouses (460)",(03) Interior Alterations,29886,400000,DC2,0,53.54393614030742,-113.638659751733,,1,
2025-11-14T00:00:00.000,2025,11,2025-11-14T00:00:00.000,Commercial Final,3739 - 8 AVENUE SW,Plan 1623687 Blk 6 Lot 1,CHARLESWORTH,6661,"To construct Interior Alterations (tenant fit-up) for a chiropractic office, located in a mixed use commercial building (Royal Centre Hills). - Charlesworth Chiropractic & Massage",Office Buildings (520),(03) Interior Alterations,1539.24,20000,DC1,0,53.42541500405292,-113.3985608662791,,1,
2025-11-13T00:00:00.000,2025,11,2025-11-13T00:00:00.000,Commercial Final,6110 - CURRENTS DRIVE NW,Plan 1124080 Blk 14 Lot 21,AMBLESIDE,5505,To construct Interior Alterations to create clinic within a retail building.  --Walmart.,Retail and Shops (510),(03) Interior Alterations,1681.5,550000,ASC,0,53.43744511623036,-113.60323423160055,,1,
2025-11-07T00:00:00.000,2025,11,2025-11-07T00:00:00.000,Commercial Final,12719 - VICTORIA TRAIL NW,Plan 2321749 Blk 42 Lot 22A,CANON RIDGE,2120,To construct Interior Alterations (1st Tenant Fit-up) to an existing commercial shell building.  - Vista pharmacy,Retail and Shops (510),(03) Interior Alterations,1999.93,180000,DC2,0,53.58060128705363,-113.38167525414607,,1,
2025-11-07T00:00:00.000,2025,11,2025-11-07T00:00:00.000,Commercial Final,12046 - 48 AVENUE NW,Plan 2422229 Blk 1 Lot 3,MALMO PLAINS,5280,"To construct Interior Alterations (initial tenant improvement) for a dental office in an existing (shell) commercial building. ""Michener Dental""",Office Buildings (520),(03) Interior Alterations,3096,500000,"CG, CG",0,,,,1,
2025-11-04T00:00:00.000,2025,11,2025-11-04T00:00:00.000,Commercial Final,1110 - TORY ROAD NW,Plan 0024786 Blk 73 Lot 2,TERWILLEGAR TOWNE,5640,"To construct 2 Additions to an Extended Medical Treatment Services building (increase beds to 156), and to construct interior alterations to develop a Health Service Use (seniors drop-in programming space) - Devonshire.","Day Cares, Nursing Homes (650)",(02) Addition,11275,7715185,DC2,24,53.44948286678901,-113.56671203396051,,1,
2025-10-30T00:00:00.000,2025,10,2025-10-30T00:00:00.000,Commercial Final,16727 - 71 STREET NW,Plan 2322452 Blk 9 Lot 14,SCHONSEE,2700,"To construct an initial tenant fit up and interior alterations for -""Optometry Clinic""-",Office Buildings (520),(03) Interior Alterations,1675,100000,CN,0,53.6293451142922,-113.45005304049403,,1,
2025-10-22T00:00:00.000,2025,10,2025-10-22T00:00:00.000,Commercial Final,595 - LEWIS GREENS DRIVE NW,Plan 1920902 Blk 10 Lot 1,STEWART GREENS,4486,"FOOTING AND FOUNDATION ONLY FOR A   Extended Medical Treatment Services building with 280 beds, with a Professional, Financial, and Office Support Service on a portion of the 7th floor.","Day Cares, Nursing Homes (650)",(04) Footing & Foundation,,10000,DC1,0,53.539927289270686,-113.6744297171348,,1,
2025-10-22T00:00:00.000,2025,10,2025-10-22T00:00:00.000,Commercial Final,16516 - 118 AVENUE NW,Condo Common Area (Plan 1525451),CARLETON SQUARE INDUSTRIAL,4100,To construct Interior Alterations (tenant fit up) in an existing office building. --Milestones Diagnostics North Expansion--,"Clinics, Health Units (642)",(03) Interior Alterations,1345.49,75000,BE,0,53.57128299283887,-113.60700733469722,,1,
2025-10-21T00:00:00.000,2025,10,2025-10-21T00:00:00.000,Commercial Final,"101, 10813 - 82 AVENUE NW",Plan 4400R Blk 171 Lot 4,QUEEN ALEXANDRA,5330,"To complete Change of Use (A2 to D) and construct Interior Alterations (tenant improvement) for a physio clinic in an existing commercial building. ""Whyte Ave Physio""",Office Buildings (520),(03) Interior Alterations,1860,189751,MU,0,53.51777932963484,-113.51002583363419,,1,
2025-10-21T00:00:00.000,2025,10,2025-10-21T00:00:00.000,Commercial Final,"106, 7319 - 29 AVENUE NW",Plan 2420878 Blk 7 Lot 4B,KAMEYOSEK,6340,To construct Interior Alterations (1st Tenant Fit-up) to an existing Health Services and General Retail Store Use building. “ Next Step Physio & Neurorehab Clinic”,Office Buildings (520),(03) Interior Alterations,2300,150000,DC2,0,,,,1,
2025-10-21T00:00:00.000,2025,10,2025-10-21T00:00:00.000,Commercial Final,"105, 7319 - 29 AVENUE NW",Plan 2420878 Blk 7 Lot 4B,KAMEYOSEK,6340,To construct Interior Alterations (1st Tenant Fit-up) to an existing Health Services and General Retail Store Use building. “ Caremed Wellness Clinic”,Office Buildings (520),(03) Interior Alterations,833,75000,DC2,0,,,,1,
2025-10-07T00:00:00.000,2025,10,2025-10-07T00:00:00.000,Commercial Final,17340 - HILLER ROAD SW,Plan 2222330 Blk 5 Lot 26,WINDERMERE,5570,"To construct Interior Alterations (first tenant fit-up) located in a shell only health services building (Windermere South, Bldg 10). --Insight Medical Imaging--","Clinics, Health Units (642)",(03) Interior Alterations,6565.98,621560,CG,0,53.42217360910228,-113.61865515286038,,1,
2025-10-07T00:00:00.000,2025,10,2025-10-07T00:00:00.000,Commercial Final,8440 - 112 STREET NW,Plan 9826528 Lot 6,UNIVERSITY OF ALBERTA,5520,"To construct interior alterations to an existing Cafe space within the Walter MacKenzie Health Centre -""Good Earth Coffeehouse""-",Retail and Shops (510),(03) Interior Alterations,613.54,123000,AJ,0,53.52072150232498,-113.52321909208756,,1,
2025-10-02T00:00:00.000,2025,10,2025-10-02T00:00:00.000,Commercial Final,305 - PARSONS ROAD SW,Condo Common Area (Plan 2420498),ELLERSLIE INDUSTRIAL,6214,To construct interior alterations (first tenant fit-up) to a commercial space for a Physiotherapy Clinic --Physiologix Physiotherapy Clinic--,Office Buildings (520),(03) Interior Alterations,1160.35,75000,EIB,0,,,,1,
2025-10-01T00:00:00.000,2025,10,2025-10-01T00:00:00.000,Commercial Final,4218 - GATEWAY BOULEVARD NW,Plan 9422309 Blk 5 Lot 4,CALGARY TRAIL SOUTH,5120,To complete a Change Of Use (E to D occupancy) and construct Interior Alterations (tenant fit-up for a physio clinic) located in a multi CRU mixed use building (South Blvd). - PROACTIVE PHYSIOTHERAPY & SPORTS INJURY CLINIC,Office Buildings (520),(03) Interior Alterations,2504,25000,CG,0,53.47874076045813,-113.49371525198659,,1,
2025-10-01T00:00:00.000,2025,10,2025-10-01T00:00:00.000,Commercial Final,1131 - 103A STREET SW,Plan 2420113 Blk 1 Lot 1B,CASHMAN,5466,To construct Interior Alterations (initial tenant fit-up & new 1 HR demising wall) for a professional office located in an existing multi CRU commercial building (Heritage Valley Pointe Commercial). --Heritage Valley Medical Clinic & Pharmacy--,Office Buildings (520),(03) Interior Alterations,2446,98000,CN,0,53.42278226080941,-113.4950260070556,,1,
2025-09-25T00:00:00.000,2025,9,2025-09-25T00:00:00.000,Commercial Final,18521 - STONY PLAIN ROAD NW,Plan 0324226 Blk 1 Lot 5,PLACE LARUE,4400,To construct Interior Alterations to an existing pharmacy consultation room within a retail store.,Retail and Shops (510),(03) Interior Alterations,123.57,125000,DC,0,53.53958491750654,-113.64374986836923,,1,
2025-09-22T00:00:00.000,2025,9,2025-09-22T00:00:00.000,Commercial Final,"603, 1 - WESTMOUNT SHOPPING CENTRE NW",Plan 5079HW Blk 20,WOODCROFT,3450,"To change the use from E to D and to construct Interior Alterations in an existing shopping center - Tenant fitup for -""WestMount Dental""-.",Office Buildings (520),(03) Interior Alterations,4620,462000,MU,0,53.561286116528116,-113.55356995415303,,1,
2025-09-22T00:00:00.000,2025,9,2025-09-22T00:00:00.000,Commercial Final,16537 - RABBIT HILL ROAD SW,Plan 2320929 Blk A Lot 3,GLENRIDDING RAVINE,5579,To construct Interior Alterations (initial tenant improvement) for a physiotherapy clinic in an existing (shell) commercial building (Glenridding Village Bldg E1). --Mindbody Physiotherapy & Wellness--,Office Buildings (520),(03) Interior Alterations,1120,80000,DC2,0,53.409595111968486,-113.60907670989253,,1,
2025-09-22T00:00:00.000,2025,9,2025-09-22T00:00:00.000,Commercial Final,13737 - 127 STREET NW,Plan 8322893 Blk 39 Lot 1,BARANOW,3020,"To Change Use (D to E) and construct Interior Alterations (tenant fit-up) and Exterior Alterations (adding exterior door, and changing main entry door from single to double door) in an existing commercial building. --Medical Supply Store--",Retail and Shops (510),(03) Interior Alterations,1988,75000,CG,0,53.60035243065019,-113.53955916575389,,1,
2025-09-18T00:00:00.000,2025,9,2025-09-18T00:00:00.000,Commercial Final,6110 - CURRENTS DRIVE NW,Plan 1124080 Blk 14 Lot 21,AMBLESIDE,5505,to construct Interior Alterations (Update Pharmacy consultation room to meet College of Pharmacy standards. Add walls and hand sink) in an existing grocery store --Walmart--,Retail and Shops (510),(03) Interior Alterations,126.48,125000,ASC,0,53.43744511623036,-113.60323423160055,,1,
2025-09-12T00:00:00.000,2025,9,2025-09-12T00:00:00.000,Commercial Final,"8, 109 - KINGLET BOULEVARD NW",Plan 2220074 Blk 1 Lot 1,KINGLET GARDENS,4477,To Change the Use and to construct Interior Alterations (first time tenant fit-up) to an existing shell building for a personal services space - Big Lake Physio.,Office Buildings (520),(03) Interior Alterations,1241.3,75000,CG,0,53.57392232677525,-113.69043705406246,,1,
2025-09-12T00:00:00.000,2025,9,2025-09-12T00:00:00.000,Commercial Final,10081 - 166 STREET NW,Condo Common Area (Plan 9524710),GLENWOOD,4180,"To construct interior alterations to expand a clinic (Unit 10083 and Unit 10085) into an adjacent space (Unit 10081) in an existing commercial building. ""100 family clinic""",Office Buildings (520),(03) Interior Alterations,1500,50000,DC2,0,53.540063231451,-113.60670598672269,,1,
2025-09-10T00:00:00.000,2025,9,2025-09-10T00:00:00.000,Commercial Final,"103, 4222 - GATEWAY BOULEVARD NW",Plan 9422309 Blk 5 Lot 4,CALGARY TRAIL SOUTH,5120,To construct Interior Alterations (tenant fit-up) for a dental office located in a multi CRU mixed use building (South Blvd). Expanding existing dental office into adjacent suite 104. - Clear Dental,Office Buildings (520),(03) Interior Alterations,1270.14,75000,CG,0,53.47874076045813,-113.49371525198659,,1,
2025-09-10T00:00:00.000,2025,9,2025-09-10T00:00:00.000,Commercial Final,10112 - 117 STREET NW,Plan 5349NY Blk 17 Lot 28A,WÎHKWÊNTÔWIN,1151,"To construct Exterior Alterations ( Add new side door on the East elevation ) and construct Interior Alteration to a mixed use commercial building.  To open interior wall to next CRU ""Active Care Chiropractic and Wellness Clinic""",Office Buildings (520),(03) Interior Alterations,901,36500,MU,0,53.54142141429254,-113.52405916330876,,1,
2025-09-09T00:00:00.000,2025,9,2025-09-09T00:00:00.000,Commercial Final,"102, 11230 - 110 STREET NW",Plan 4733KS Blk 9 Lot 275,SPRUCE AVENUE,1230,To construct interior alterations (construct 3 exam rooms and medical office in existing pharmacy) of a portion of a Health Service building to a General Retail Store. --Blatchford Pharmacy--,Retail and Shops (510),(03) Interior Alterations,496,20000,CG,0,53.56259178247637,-113.51062552785878,,1,
2025-09-08T00:00:00.000,2025,9,2025-09-08T00:00:00.000,Commercial Final,"101, 15922 - STONY PLAIN ROAD NW",Plan 1924AM Blk 4 Lots 23-26,BRITANNIA YOUNGSTOWN,4060,"To construct Interior Alterations (adding a vestibule, exam rooms, barrier free washroom) to an existing commercial building   ”Alberta Medi-Care Clinic & Pharmacy”",Retail and Shops (510),(03) Interior Alterations,2535,180000,MU,0,53.54159347614825,-113.59651899773412,,1,
2025-09-05T00:00:00.000,2025,9,2025-09-05T00:00:00.000,Commercial Final,7618 - 167 AVENUE NW,Plan 1623424 Unit 2,SCHONSEE,2700,To Change Use (E to D) and to construct Interior Alterations (1st Tenant Fit-up and new 2-hr demising wall) for a pharmacy to an existing commercial shell building. “Northside Medical Clinic and Pharmacy”,Office Buildings (520),(03) Interior Alterations,1,125000,CN,0,53.629182765853265,-113.46112803563065,,1,
2025-09-05T00:00:00.000,2025,9,2025-09-05T00:00:00.000,Commercial Final,12870 - 97 STREET NW,Condo Common Area (Plan 2221739),LAUDERDALE,3260,"To Change Use (E to D) and to construct Interior Alterations (1st tenant fit up) for a spa clinic to an existing commercial shell building. ""Platinum Spa""",Retail and Shops (510),(03) Interior Alterations,1463.89,200000,MU,0,53.587206811350384,-113.49261019272352,,1,
2025-09-04T00:00:00.000,2025,9,2025-09-04T00:00:00.000,Commercial Final,"101, 6074 - ANDREWS WAY SW",Condo Common Area (Plan 2522543),AMBLESIDE,5505,To construct Interior Alterations (initial tenant improvement) for a medical clinic in an existing (shell) commercial building (Windermere Medical). --Margate Medical Clinic--,Office Buildings (520),(03) Interior Alterations,4598,436810,DC1,0,,,,1,
2025-09-03T00:00:00.000,2025,9,2025-09-03T00:00:00.000,Commercial Final,9090 - 51 AVENUE NW,Plan 7620382 Blk 13 Lot 1,MCINTYRE INDUSTRIAL,6430,To Change Use from A2 to D and construct Interior Alterations (constructing new exam rooms and x-ray room) to an existing commercial building --Oasis Veterinarian Clinic--,Animal and Plant Services (410),(03) Interior Alterations,3550,200000,BE,0,53.488821601738756,-113.46548992266926,,1,
2025-08-26T00:00:00.000,2025,8,2025-08-26T00:00:00.000,Commercial Final,"302, 4363 - 167 AVENUE NW","Condo Common Area (Plan 1823461,1823198,1823199,2321186)",BRINTNELL,2110,To construct Interior Alterations (first time tenant fit-up) within an existing building for massage therapy clinic. --Therapeutic Body Concepts – North--,Office Buildings (520),(03) Interior Alterations,3656,300000,CG,0,53.62792797538197,-113.40721218111689,,1,
2025-08-12T00:00:00.000,2025,8,2025-08-12T00:00:00.000,Commercial Final,8137 - 97 STREET NW,Plan 4575S Blk 12 Lots 1-7,RITCHIE,6610,"To Change Use (A2 to D) and to construct interior alterations (tenant fit-up) for a dental clinic in an existing commercial building. ""Ritchie Hub Dental""",Office Buildings (520),(03) Interior Alterations,2357.29,150000,MU,0,53.51772418527506,-113.47902182826628,,1,
2025-08-11T00:00:00.000,2025,8,2025-08-11T00:00:00.000,Commercial Final,"400, 6655 - 178 STREET NW",Plan 8521170 Blk 10 Lot 4,CALLINGWOOD SOUTH,4080,"To construct Interior Alterations (3 new consultation/exam rooms) to an existing pharmacist clinic in a commercial building. ""Shoppers Drug Mart""",Retail and Shops (510),(03) Interior Alterations,300,230000,DC2,0,53.50151882019699,-113.62894491248143,,1,
2025-08-08T00:00:00.000,2025,8,2025-08-08T00:00:00.000,Commercial Final,11022 - JASPER AVENUE NW,Plan NB Blk 10 Lots 91-92,WÎHKWÊNTÔWIN,1151,To complete Change of Use from a restaurant (A2) to a pharmacy (E) and to construct Interior Alterations. Downtown Pharmacy.,Retail and Shops (510),(03) Interior Alterations,694,60000,DC2,0,53.541279205331946,-113.51168050273614,,1,
2025-08-08T00:00:00.000,2025,8,2025-08-08T00:00:00.000,Commercial Final,5120 - 75 STREET NW,Plan 0121618 Blk 10 Lot 8,MCINTYRE INDUSTRIAL,6430,"To Change of Use from an existing laboratory / Isotechnika Research Facility  (F3,D) to a warehouse (F2) and construct Interior Alterations. --A&S Furniture--","Storage Buildings, Warehouses (460)",(03) Interior Alterations,4092,25000,DC2,0,53.49007142503551,-113.44447776266128,,1,
2025-08-07T00:00:00.000,2025,8,2025-08-07T00:00:00.000,Commercial Final,"104, 1230 - 91 STREET SW","Condo Common Area (Plan 2020500,1921745,2120212,1920749,1923361)",ELLERSLIE INDUSTRIAL,6214,To construct Interior Alterations (tenant improvement) for a medical clinic in an existing office building. ”SOUTHWELL MEDICAL CLINIC”,Office Buildings (520),(03) Interior Alterations,2004,200000,EIB,0,53.42226694197643,-113.47648892095697,,1,
2025-08-06T00:00:00.000,2025,8,2025-08-06T00:00:00.000,Commercial Final,13635 - 66 STREET NW,"Plan 3031RS Blk 2 Lots 10A,41U",BELVEDERE,2080,"To construct Interior Alterations (4 new examination rooms, washroom and lunch room) in a medical clinic in an existing commercial building (Encore Centre). ""66 St Mediclinic""  NOTE work started without permits",Office Buildings (520),(03) Interior Alterations,449.93,80000,CN,0,53.59910463798079,-113.44237913686474,,1,
2025-08-06T00:00:00.000,2025,8,2025-08-06T00:00:00.000,Commercial Final,"3, 8103 - 127 AVENUE NW",Plan 0522233 Unit 21,YELLOWHEAD CORRIDOR EAST,1270,To change the use of an existing commercial space from a veterinary clinic to a clothing store (Group D to E) and construct interior alterations. WORK DONE WITHOUT PERMITS - Turkish Fashion LTD.,Retail and Shops (510),(03) Interior Alterations,0,6000,MU,0,53.584125845319775,-113.46592469330497,,1,
2025-08-05T00:00:00.000,2025,8,2025-08-05T00:00:00.000,Commercial Final,12715 - VICTORIA TRAIL NW,Plan 2321749 Blk 42 Lot 22A,CANON RIDGE,2120,To construct Interior Alterations (1st tenant fit-up) for a physio/massage clinic in an existing commercial building (Vista Ridge - Bldg #3). “Active Health Physical Therapy”,Office Buildings (520),(03) Interior Alterations,1600,100000,DC2,0,53.58060128705363,-113.38167525414607,,1,
2025-07-22T00:00:00.000,2025,7,2025-07-22T00:00:00.000,Commercial Final,8628 - 175 STREET NW,Plan 2321051 Blk 9 Lot 76,THORNCLIFF,4560,To construct Interior Alterations (first tenant fit-up) for an optometrist in an new commercial building -- OPTICAL WAREHOUSE (SS EYE HOLDINGS INC) --,Retail and Shops (510),(03) Interior Alterations,1237.85,75000,MU,0,53.5199392139701,-113.62442129855923,,1,
2025-07-18T00:00:00.000,2025,7,2025-07-18T00:00:00.000,Commercial Final,14717 - 40 AVENUE NW,Plan 8621495 Blk 107 Lot 1,RHATIGAN RIDGE,5350,to construct Interior Alterations (tenant fit-up for a clinic) in an existing commercial use building. --Grace Medical Clinic--,Office Buildings (520),(03) Interior Alterations,1900,200000,DC2,0,53.47633701610331,-113.57683419809364,,1,
2025-07-18T00:00:00.000,2025,7,2025-07-18T00:00:00.000,Commercial Final,10560 - 97 STREET NW,Plan NA Blk 9 Lot 14,MCCAULEY,1140,To change the use from E to D and construct interior alterations (tenant fit-up for a pharmacy) in an existing commercial building. --97th Street Pharmacy/Clinic--,Retail and Shops (510),(03) Interior Alterations,1474.65,250000,MU,0,53.54998907356375,-113.48903194277362,,1,
2025-07-17T00:00:00.000,2025,7,2025-07-17T00:00:00.000,Commercial Final,"28FL, 10020 - 100 STREET NW",Plan 384TR Lot 12A,DOWNTOWN,1090,To construct Interior Alterations (Office renovations on the 27th and 28th floors) to an existing office building - College of Physicians and Surgeons of Alberta.,Office Buildings (520),(03) Interior Alterations,41462.54,650000,CCA,0,53.53993619302606,-113.4912556869067,,1,
2025-07-16T00:00:00.000,2025,7,2025-07-16T00:00:00.000,Commercial Final,"105, 10807 - CASTLE DOWNS ROAD NW","Plan 8121936 Blk 37 Lots 1B,1C",LORELEI,3280,"To construct Interior Alterations (tenant improvement for a medical clinic/pharmacy) to an existing commercial building. ""Elsafadi Pharmacy""",Retail and Shops (510),(03) Interior Alterations,3100,50000,CN,0,53.627772614962964,-113.5081184957152,,1,
2025-07-15T00:00:00.000,2025,7,2025-07-15T00:00:00.000,Commercial Final,16523 - RABBIT HILL ROAD SW,Plan 2320929 Blk A Lot 3,GLENRIDDING RAVINE,5579,to construct Interior Alterations (first tenant fit-up) for a personal services health spa in a new commercial building (Glenridding Village - Building E4). -- MEDI SPA CLINIC --,Retail and Shops (510),(03) Interior Alterations,1370,80000,DC2,0,53.409595111968486,-113.60907670989253,,1,
2025-07-14T00:00:00.000,2025,7,2025-07-14T00:00:00.000,Commercial Final,9117 - 111 AVENUE NW,Condo Common Area (Plan 1723428),MCCAULEY,1140,"To construct Interior Alterations (tenant improvement) for a pharmacy and medical office in an existing mixed-use building. ”Arena Pharmacy, Stadium Health Center”",Office Buildings (520),(03) Interior Alterations,2556.8,65000,DC2,0,53.56044692680106,-113.48136047999586,,1,
2025-07-09T00:00:00.000,2025,7,2025-07-09T00:00:00.000,Commercial Final,4845 - GATEWAY BOULEVARD NW,Condo Common Area (Plan 2620014),CALGARY TRAIL NORTH,5110,"To complete Change of Use (E to D) and construct Interior Alterations (initial tenant improvement) for a medical clinic in an existing commercial building. ""The Genomic Clinic""",Office Buildings (520),(03) Interior Alterations,1752.9,150000,CG,0,,,,1,
2025-07-07T00:00:00.000,2025,7,2025-07-07T00:00:00.000,Commercial Final,"201, 11427 - 124 STREET NW",Plan RN46 Blk 22 Lot 15,INGLEWOOD,3240,"To construct a mixed use building with 6 dwelling units on second/third floor, future clinic and pharmacy CRUs on ground floor (SHELL ONLY, permits required for future tenant fit-ups)",Mixed Use (522),(01) New,,1853243,RM,6,53.564530120935316,-113.53542012815689,,1,
2025-06-27T00:00:00.000,2025,6,2025-06-27T00:00:00.000,Commercial Final,"107, 11910 - 111 AVENUE NW",Plan 9122204 Blk 191 Lot 1A,PRINCE RUPERT,1170,"To construct Interior Alterations (tenant fit-up) to an existing office and health care building. ""Lifemark Health Group - Unit 107""",Office Buildings (520),(03) Interior Alterations,4445.49,200000,DC2,0,53.559838640251606,-113.52812293565393,,1,
2025-06-24T00:00:00.000,2025,6,2025-06-24T00:00:00.000,Commercial Final,10973 - 124 STREET NW,Condo Common Area (Plan 2320690),WESTMOUNT,3440,"To construct interior alterations to an existing shell building. (first tenant fit up. ""Westmount Dental Clinic"")",Office Buildings (520),(03) Interior Alterations,1520.4,180000,MU,0,,,,1,
2025-06-23T00:00:00.000,2025,6,2025-06-23T00:00:00.000,Commercial Final,"201, 11427 - 124 STREET NW",Plan RN46 Blk 22 Lot 15,INGLEWOOD,3240,"To construct FOOTINGS AND FOUNDATIONS AND SHORING ONLY for future mixed use building with 6 dwelling units on second/third floor, clinic and pharmacy CRUs on Ground Floor.",Mixed Use (522),(04) Footing & Foundation,,5000,RM,0,53.564530120935316,-113.53542012815689,,1,
2025-06-23T00:00:00.000,2025,6,2025-06-23T00:00:00.000,Commercial Final,"120, 15277 - CASTLE DOWNS ROAD NW",NW-29-53-24-4,GRIESBACH,3111,"To construct Interior Alterations (tenant fit-up for a medical clinic) to an existing building. ""Castledowns Medical Clinic""",Office Buildings (520),(03) Interior Alterations,1109,100000,MU,0,53.61345619777671,-113.51573644171063,,1,
2025-06-19T00:00:00.000,2025,6,2025-06-19T00:00:00.000,Commercial Final,5312 - ADMIRAL GIROUARD STREET NW,Condo Common Area (Plan 2321252),GRIESBACH,3111,To change the use from Retail Store (E) to Personal Services (D) and to construct interior alterations for an optometry clinic.,Office Buildings (520),(03) Interior Alterations,1960,400000,CG,0,,,,1,
2025-06-11T00:00:00.000,2025,6,2025-06-11T00:00:00.000,Commercial Final,8440 - 112 STREET NW,Plan 9826528 Lot 6,UNIVERSITY OF ALBERTA,5520,"To construct Interior Alterations to an Extended Medical Treatment Service Building, (Pre-Action System Supervised Valve Additions). “WCMHSC ” Stollery Children's Hospital.  (Add upstream supervised sprinkler valves on 20 various Pre-Action Sprinkler Trees and associated fire alarm monitoring modules for supervision).",Hospitals (640),(03) Interior Alterations,53819500,59000,AJ,0,53.52072150232498,-113.52321909208756,,1,
2025-06-06T00:00:00.000,2025,6,2025-06-06T00:00:00.000,Commercial Final,15210 - STONY PLAIN ROAD NW,Plan 2429MC Blk 40 Lot 5,CANORA,4090,To change the use (Group E to D occupancy) and to construct Interior Alterations (tenant fit-up) for a joint medical office / pharmacy business - Stony Plain Medical & Pharmacy.,Office Buildings (520),(03) Interior Alterations,3896.53,150000,MU,0,53.54158190723488,-113.58379549773247,,1,
2025-06-06T00:00:00.000,2025,6,2025-06-06T00:00:00.000,Commercial Final,12940 - 97 STREET NW,Plan 7249W Blk 11 Lot 4,LAUDERDALE,3260,To complete interior alterations (tenant fit-up) to an existing commercial building. --PRO-CARE MEDICAL CLINIC AND PHARMACY--,Office Buildings (520),(03) Interior Alterations,3243,96000,MU,0,53.58865168540849,-113.4925862866602,,1,
2025-06-06T00:00:00.000,2025,6,2025-06-06T00:00:00.000,Commercial Final,4746 - GATEWAY BOULEVARD NW,Plan 7620205 Blk 28 Lots 2-3,CALGARY TRAIL NORTH,5110,To construct Interior Alterations (first tenant fit-up for a dermatology/botox clinic) to an existing commercial building. --Bella Vera--,Retail and Shops (510),(03) Interior Alterations,1205.56,110000,DC2,0,53.484786406172525,-113.4935301901617,,1,
2025-06-03T00:00:00.000,2025,6,2025-06-03T00:00:00.000,Commercial Final,11400 - UNIVERSITY AVENUE NW,Plan 8821049 Blk Q,UNIVERSITY OF ALBERTA,5520,"To construct interior alteration (tenant renovation including Architectural, Electrical, & Structural - phase 1 and 2) in an existing clinic. --UAH Pediatric Surgery Clinic. Level 5 Kaye Edmonton Clinic (KEC)--  NOTE: Mechanical under separate permit.","Clinics, Health Units (642)",(03) Interior Alterations,45089.98,6653128,AJ,0,53.51801231630468,-113.52747729448646,,1,
2025-05-30T00:00:00.000,2025,5,2025-05-30T00:00:00.000,Commercial Final,"101, 7657 - 50 STREET NW",Plan 2196RS Lot Q,WEIR INDUSTRIAL,6780,To complete a Change of Use from E to D and construct Interior Alterations (tenant fit-up) in an existing commercial use building. --Connexions Animal Chiropractic--,Animal and Plant Services (410),(03) Interior Alterations,1280,100000,BE,0,,,,1,
2025-05-21T00:00:00.000,2025,5,2025-05-21T00:00:00.000,Commercial Final,9861 - 89 AVENUE NW,Plan 8220520 Blk 118 Lot 40A,STRATHCONA,5480,"To construct Interior Alterations (tenant fit-up) for a personal services space in an existing commercial building. ""Physio & Pilates Studio""",Office Buildings (520),(03) Interior Alterations,3650.17,180000,MU,0,53.5241965521218,-113.48569283176364,,1,
2025-05-21T00:00:00.000,2025,5,2025-05-21T00:00:00.000,Commercial Final,"1602, 8215 - 112 STREET NW",Plan 5384RS Blk 158 Lot 1A,GARNEAU,5200,"To construct Interior Alterations (tenant improvement) for an acupuncture clinic in an existing office building. ""Acupuncture Turning Point""",Office Buildings (520),(03) Interior Alterations,1260,73400,DC2,0,53.51860391214073,-113.52021095968786,,1,
2025-05-20T00:00:00.000,2025,5,2025-05-20T00:00:00.000,Commercial Final,11951 - 82 STREET NW,Plan RN63 Blk 1 Lots 18-20,EASTWOOD,1100,To complete Change of Use from a restaurant (A2) to a medical clinic with a pharmacy (D) and construct Interior Alterations. Levi Medical Clinic & Pharmacy,Office Buildings (520),(03) Interior Alterations,2042,78000,CN,0,53.57323333601024,-113.46678673265897,,1,
2025-05-16T00:00:00.000,2025,5,2025-05-16T00:00:00.000,Commercial Final,11730 - 34 STREET NW,Plan 2408AY Blk X,BEVERLY HEIGHTS,2100,To expand existing clinic into adjacent suite and construct Interior Alterations. Beverly Medical.,Office Buildings (520),(03) Interior Alterations,1200,185000,MU,0,53.569800101530525,-113.39544952365532,,1,
2025-05-15T00:00:00.000,2025,5,2025-05-15T00:00:00.000,Commercial Final,457 - HAWKS RIDGE BOULEVARD NW,Plan 1221444 Blk 7 Lot 1,HAWKS RIDGE,4473,To construct Interior Alterations (first tenant fit-up) new dental clinic to an existing building - Hawksridge Plaza Dental.,Office Buildings (520),(03) Interior Alterations,2167,325000,DC,0,53.58891640832972,-113.6905259522972,,1,
2025-05-14T00:00:00.000,2025,5,2025-05-14T00:00:00.000,Commercial Final,"210, 10708 - 97 STREET NW",Plan NA Blk 13 Lot A,MCCAULEY,1140,"To occupy a suite for a massage clinic (No new construction, no change on space layout. New tenant is similar occupancy classification) in an existing commercial building. ""Sirona Health & Massage""",Office Buildings (520),(03) Interior Alterations,574,0,MU,0,53.55193797718312,-113.48984000090915,,1,
2025-05-13T00:00:00.000,2025,5,2025-05-13T00:00:00.000,Commercial Final,1707 - 91 STREET SW,Condo Common Area (Plan 1421346),SUMMERSIDE,6213,To change the use (D to E) and construct Interior Alterations (tenant fit-up) in an existing commercial use building.  --Aspen Pharmacy--,Retail and Shops (510),(03) Interior Alterations,1146,120000,EIB,0,53.41727743177251,-113.47851815748558,,1,
2025-05-08T00:00:00.000,2025,5,2025-05-08T00:00:00.000,Commercial Final,12728 - 167 AVENUE NW,Plan 1620811 Blk 1 Lot 13,ALBANY,3460,To construct Interior Alterations (tenant fit-up expansion) in an existing commercial use building. --Albany Dental--,Office Buildings (520),(03) Interior Alterations,1140.97,75000,CG,0,53.629585260898544,-113.54481530946592,,1,
2025-05-05T00:00:00.000,2025,5,2025-05-05T00:00:00.000,Commercial Final,"112, 7319 - 29 AVENUE NW",Plan 2420878 Blk 7 Lot 4B,KAMEYOSEK,6340,To construct Interior Alterations (first tenant fit-up) for a denture clinic within an existing commercial building - Synergy Denture Clinic.,Office Buildings (520),(03) Interior Alterations,1579.06,350000,DC2,0,,,,1,
2025-05-02T00:00:00.000,2025,5,2025-05-02T00:00:00.000,Commercial Final,13633 - 119 STREET NW,Plan 4124MC Blk 25 Lot 8,KENSINGTON,3250,"To Change Use (E to D) and construct Interior Alterations (1st tenant fit-up) for a medical clinic/pharmacy office in an existing commercial building (11837 Commercial). ""BLOOM MEDICAL CLINIC""",Office Buildings (520),(03) Interior Alterations,2950,325000,CN,0,53.59910331945671,-113.5263745724671,,1,
2025-04-29T00:00:00.000,2025,4,2025-04-29T00:00:00.000,Commercial Final,"101, 7319 - 29 AVENUE NW",Plan 2420878 Blk 7 Lot 4B,KAMEYOSEK,6340,To complete interior alterations for a first tenant fit-up (to add a Medical Clinic with Pharmacy) in a commercial building - Horizon Pharmacy & Home Health.,Retail and Shops (510),(03) Interior Alterations,5000,200000,DC2,0,,,,1,
2025-04-26T00:00:00.000,2025,4,2025-04-26T00:00:00.000,Commercial Final,10240 - KINGSWAY NW,Plan 1619KS Blk 2 Lot 313,CENTRAL MCDOUGALL,1030,"To construct interior alterations to an Extended Medical Treatment Service, RAH Short Stay OP Theatre 6 and 7, ”Royal Alexandra Hospital”.",Hospitals (640),(03) Interior Alterations,860,87000,UF,0,53.55760216865118,-113.49789451827795,,1,
2025-04-26T00:00:00.000,2025,4,2025-04-26T00:00:00.000,Commercial Final,2037 - 111 STREET NW,Plan 8720395 Blk 1 Lot 3,KEHEEWIN,5250,To complete Interior Alterations (construct new consultation room) in an existing retail pharmacy store (Shoppers Drug Mart - Heritage Village Shopping Centre).,Retail and Shops (510),(03) Interior Alterations,4929,20000,DC2,0,53.45280381766148,-113.51492060147027,,1,
2025-04-25T00:00:00.000,2025,4,2025-04-25T00:00:00.000,Commercial Final,"201, 7319 - 29 AVENUE NW",Plan 2420878 Blk 7 Lot 4B,KAMEYOSEK,6340,"To complete interior alterations (first tenant fit-up) ) for a medical office in an existing commercial building. ""MIC Covenant Health Wellness""",Office Buildings (520),(03) Interior Alterations,11059.91,1800000,DC2,0,,,,1,
2025-04-24T00:00:00.000,2025,4,2025-04-24T00:00:00.000,Commercial Final,356 - BULYEA ROAD NW,Plan 2022650 Blk 122 Lot 3A,BULYEA HEIGHTS,5100,To Change of Use from an Indoor Participant Recreation Services  (A2) to a personal services (D) and construct Interior Alterations. REP Physio,Office Buildings (520),(03) Interior Alterations,2906,175000,CN,0,53.47545508730229,-113.57356828906997,,1,
2025-04-17T00:00:00.000,2025,4,2025-04-17T00:00:00.000,Commercial Final,13819 - 127 STREET NW,Plan 8820046 Blk 39 Lot 2,BARANOW,3020,"To complete Change of Use from a liquor store (E) to a professional business/office space (D) and to construct Interior Alterations (tenant fit-up) for an optometry clinic (Lo Optical) in an existing commercial building.  --YEG Wellness--  NOTE: interior alts (Mech, electrical, building) from liquor store to optometry office already completed without permits",Office Buildings (520),(03) Interior Alterations,1395,1000,CG,0,53.6014835774937,-113.53962907019992,,1,
2025-04-16T00:00:00.000,2025,4,2025-04-16T00:00:00.000,Commercial Final,7131 - WINTERBURN ROAD NW,Plan 2522068 Blk 1 Lot 124,GRANVILLE,4551,To complete a Change of Use (E to D occupancy) and construct interior alterations (1st tenant fit-up for a chiropractic office) in an existing commercial shell building (Granville South CRU# 9).,Office Buildings (520),(03) Interior Alterations,1368,180000,DC,0,,,,1,
2025-04-15T00:00:00.000,2025,4,2025-04-15T00:00:00.000,Commercial Final,6011 - 120 AVENUE NW,Plan 2693HW Blk S Lot 6,MONTROSE,2550,"To Change the Use from residential (C) to business and personal services (D) and to construct Exterior Alterations and Interior Alterations (third floor addition, rear expansion and tenant fit up for a medical clinic. --Stafford Medical Clinic)-- NOTE: permit required for third floor interior alterations.",Office Buildings (520),(10) Convert Residential to Non-Res,7551.95,3200000,DC2,-4,53.573270185257364,-113.43430333960163,,1,
2025-04-15T00:00:00.000,2025,4,2025-04-15T00:00:00.000,Commercial Final,9916 - 110 STREET NW,Plan NB Blk 10 Lots 62-63,WÎHKWÊNTÔWIN,1151,"To construct Interior Alterations (tenant improvement) for an aesthetic clinic on the Main Floor of an existing commercial building. (Oblates Mansion) ""THE KLINIK INC.""",Office Buildings (520),(03) Interior Alterations,600,60000,DC1,0,53.5378777096617,-113.51079800263896,,1,
2025-04-11T00:00:00.000,2025,4,2025-04-11T00:00:00.000,Commercial Final,847 - SADDLEBACK ROAD NW,Plan 7822821 Blk 26 Lot 83,SKYRATTLER,5460,"To construct a change of use from A2 to D, and Interior Alterations (for a physiotherapy clinic) to an existing building. “Integrity Physio”",Office Buildings (520),(03) Interior Alterations,1069,100000,CN,0,53.45319061256935,-113.52478372494701,,1,
2025-04-10T00:00:00.000,2025,4,2025-04-10T00:00:00.000,Commercial Final,9930 - 175 STREET NW,Plan 1922303 Blk 1 Lot 4,TERRA LOSA,4540,To construct Interior Alterations (first tenant fit-up) for a personal service space within an existing shell building. Focus Physiotherapy.,Office Buildings (520),(03) Interior Alterations,3818,277000,DC2,0,53.53671031641459,-113.62358930973656,,1,
2025-04-09T00:00:00.000,2025,4,2025-04-09T00:00:00.000,Commercial Final,7910 - 112 AVENUE NW,Plan 0722966 Blk 14 Lot 29,CROMDALE,1070,"To construct Interior Alterations (renovation - electrical, plumbing, new partitions, millwork, paint) in an existing health services building. ""East Edmonton Health Centre Triage Area""",Office Buildings (520),(03) Interior Alterations,867.57,27000,UF,0,53.562011168423574,-113.46326893737826,,1,
2025-04-04T00:00:00.000,2025,4,2025-04-04T00:00:00.000,Commercial Final,11560 - UNIVERSITY AVENUE NW,Plan 968RS Blk F Lot 2,UNIVERSITY OF ALBERTA,5520,"To construct Interior Alterations (renovation) in an existing hospital building (Cross Cancer Institute). ""Outpatient Department Expansion""",Hospitals (640),(03) Interior Alterations,3896.53,1200000,AJ,0,53.518193235758005,-113.53118769241159,,1,
2025-04-04T00:00:00.000,2025,4,2025-04-04T00:00:00.000,Commercial Final,13641 - 119 STREET NW,Plan 4124MC Blk 25 Lot 8,KENSINGTON,3250,"To Change Use (E to D) and construct Interior Alterations (1st tenant fit-up and new 1hr demising wall between gridline B/C) for a dental office in an existing commercial building (11837 Commercial). ""Dental on 137""",Office Buildings (520),(03) Interior Alterations,1700.7,115000,CN,0,53.59910331945671,-113.5263745724671,,1,
2025-04-04T00:00:00.000,2025,4,2025-04-04T00:00:00.000,Commercial Final,21310 - 98 AVENUE NW,Plan 5496HW Lot 16,LEWIS FARMS BUSINESS EMPLOYMENT,4261,To construct a new one story Commercial building. --Granville Veterinary Clinic--,Animal and Plant Services (410),(01) New,,2800000,"DC, DC",0,53.53685011457465,-113.68689616940344,,1,
2025-04-03T00:00:00.000,2025,4,2025-04-03T00:00:00.000,Commercial Final,11826 - 103 STREET NW,Plan RN52 Blk 3 Lots 1-10,WESTWOOD,1250,"To complete Change of Use and construct Interior Alterations (expand medical clinic into neighboring bays) in an existing commercial building. ""Park Plaza Pharmacy & Medical""",Retail and Shops (510),(03) Interior Alterations,2995,145000,MU,0,53.57116076480122,-113.49870193197239,,1,
2025-03-28T00:00:00.000,2025,3,2025-03-28T00:00:00.000,Commercial Final,3371 - 153 AVENUE NW,Condo Common Area (Plan 2421328),EBBERS,2251,To construct Interior Alterations (first tenant fit-up) for a medical clinic with pharmacy within an existing commercial building. DR. USMAN MEDICAL CLINIC AND PHARMACY,Office Buildings (520),(03) Interior Alterations,3668,115000,DC2,0,,,,1,
2025-03-28T00:00:00.000,2025,3,2025-03-28T00:00:00.000,Commercial Final,"207, 7319 - 29 AVENUE NW",Plan 2420878 Blk 7 Lot 4B,KAMEYOSEK,6340,To construct Interior Alterations (First Time Tenant Fit-up) for a new dental clinic - Arch Dental.,Office Buildings (520),(03) Interior Alterations,1534.93,300000,DC2,0,,,,1,
2025-03-27T00:00:00.000,2025,3,2025-03-27T00:00:00.000,Commercial Final,1203 - PARSONS ROAD NW,Plan 0721311 Blk 4 Lot 1A,SOUTH EDMONTON COMMON,6195,To construct Interior Alterations (Interior Fit-up of Pharmacy Clinic and  Installation of Garden Centre shade cloth and lighting) within an existing Walmart Supercentre.,Retail and Shops (510),(03) Interior Alterations,5510,900000,DC2,0,53.44076977224585,-113.4819295984881,,1,
2025-03-27T00:00:00.000,2025,3,2025-03-27T00:00:00.000,Commercial Final,1672 - 24 STREET NW,Plan 1723002 Blk 13 Lot 1,LAUREL,6444,to construct Interior Alterations (first tenant fit-up) in a new commercial use building. --Laurel Physio Clinic--,Office Buildings (520),(03) Interior Alterations,1548,150000,"CN, RM",0,53.44582687232791,-113.37624476860887,,1,
2025-03-27T00:00:00.000,2025,3,2025-03-27T00:00:00.000,Commercial Final,212 - MISTATIM ROAD NW,Condo Common Area (Plan 2021053),MISTATIM INDUSTRIAL,4320,To construct Interior Alterations (1st tenant fit-up) for a professional medical office in an existing commercial building (Shoppes At Northwest Crossing - Bldg #2). --Family Dental Health--,Office Buildings (520),(03) Interior Alterations,1554,234000,CB,0,53.60169114096324,-113.5800005648146,,1,
2025-03-25T00:00:00.000,2025,3,2025-03-25T00:00:00.000,Commercial Final,17329 - 105 AVENUE NW,"Plan 7720926 Blk 10 Lots 1,11",STONE INDUSTRIAL,4510,"To construct Interior Alterations (minor renovation) for a health services clinic in an existing office building. ""Gameday Men's Health""",Office Buildings (520),(03) Interior Alterations,1782,113000,BE,0,53.548128168365146,-113.61912807275593,,1,
2025-03-25T00:00:00.000,2025,3,2025-03-25T00:00:00.000,Commercial Final,9803 - 71 STREET NW,Plan 6408MC Blk 20A Lots 51-52,TERRACE HEIGHTS,6730,"To change the use from a retail store (E) to an office use (D) and construct Interior Alterations (tenant fit-up) for a dental office in the existing commercial building.  -- ""Ottewell Smiles""",Office Buildings (520),(03) Interior Alterations,2862,250000,"RS, MUN",0,53.53784730117287,-113.4361620238455,,1,
2025-03-25T00:00:00.000,2025,3,2025-03-25T00:00:00.000,Commercial Final,"205, 12970 - 97 STREET NW",Plan 1424543 Blk 11 Lot 7,LAUDERDALE,3260,To construct interior alterations (first tenant fit-up) for a Denture Clinic within an existing commercial building. Pinnacle Denture.,Office Buildings (520),(03) Interior Alterations,1345.49,100000,MU,0,53.58916633884024,-113.49257512297272,,1,
2025-03-24T00:00:00.000,2025,3,2025-03-24T00:00:00.000,Commercial Final,453 - HAWKS RIDGE BOULEVARD NW,Plan 1221444 Blk 7 Lot 1,HAWKS RIDGE,4473,To construct Interior Alterations (1st tenant fit-up) for a professional medical office (physio clinic) in an existing commercial building (Hawks Ridge Plaza - Bldg D),Office Buildings (520),(03) Interior Alterations,1390,100000,DC,0,53.58891640832972,-113.6905259522972,,1,
2025-03-24T00:00:00.000,2025,3,2025-03-24T00:00:00.000,Commercial Final,"205, 7319 - 29 AVENUE NW",Plan 2420878 Blk 7 Lot 4B,KAMEYOSEK,6340,"To construct Interior Alterations (first tenant fit-up) for a professional office, located on the 2nd floor of a Health Services building (Covenant Wellness Community Health Centre). - ARIA MD SLEEP CENTRE","Clinics, Health Units (642)",(03) Interior Alterations,1345.49,75000,DC2,0,,,,1,
2025-03-20T00:00:00.000,2025,3,2025-03-20T00:00:00.000,Commercial Final,12727 - 97 STREET NW,Plan 1121591 Blk 8 Lot 1A,KILLARNEY,2420,To complete Change of Use (E to D) and construct Interior Alterations (TI) for a pharmacy and clinic in an existing commercial building.,Retail and Shops (510),(03) Interior Alterations,2710,200000,DC2,0,53.58539295175299,-113.49114742710204,,1,
2025-03-20T00:00:00.000,2025,3,2025-03-20T00:00:00.000,Commercial Final,104 - CHARLESWORTH DRIVE SW,Plan 1922728 Blk 11 Lot 204,CHARLESWORTH,6661,"To construct Interior Alterations (first tenant fit-up) in an existing commercial building. ""Edmonton Medical Clinic & Pharmacy""",Office Buildings (520),(03) Interior Alterations,2455,300000,CN,0,53.430826884965555,-113.39459960317997,,1,
2025-03-14T00:00:00.000,2025,3,2025-03-14T00:00:00.000,Commercial Final,342 - EBBERS BOULEVARD NW,Plan 1524148 Blk 8 Lot 1,EBBERS,2251,To construct Interior Alterations (1st tenant fit-up) for a professional medical dental office in an existing commercial building (Manning Bldg #4). - Manning Village Dental - 1 existing RTU,Office Buildings (520),(03) Interior Alterations,1782.5,356000,"CG, CG",0,53.61318497767109,-113.401138880897,,1,
2025-03-13T00:00:00.000,2025,3,2025-03-13T00:00:00.000,Commercial Final,1643 - 102 STREET NW,Plan 0523297 Blk 18 Lot 4,SOUTH EDMONTON COMMON,6195,To Change Use (E to D) and construct Interior Alterations (Dentist Clinic build out) to an existing building; ”Maya Dental - South Common”,Office Buildings (520),(03) Interior Alterations,2725.42,400000,DC2,0,53.44513227332249,-113.48979467124816,,1,
2025-03-12T00:00:00.000,2025,3,2025-03-12T00:00:00.000,Commercial Final,11646 - 104 AVENUE NW,Plan 9422589 Lot 1,WÎHKWÊNTÔWIN,1151,"To construct Interior Alterations (renovations for new offices) for a personal services clinic in an existing commercial building (Unity Square Centre). ""Snore MD""",Office Buildings (520),(03) Interior Alterations,1331,100000,DC1,0,53.547115221362176,-113.52361785818009,,1,
2025-03-11T00:00:00.000,2025,3,2025-03-11T00:00:00.000,Commercial Final,8107 - 99 STREET NW,Plan I Blk 57 Lot 38,RITCHIE,6610,to construct interior alterations to an existing general retail and personal services space. Ryam Pharmacy,Retail and Shops (510),(03) Interior Alterations,994,30000,DC2,0,53.517328902133094,-113.48560876789936,,1,
2025-03-10T00:00:00.000,2025,3,2025-03-10T00:00:00.000,Commercial Final,"201, 10957 - 124 STREET NW",Condo Common Area (Plan 2320690),WESTMOUNT,3440,"To construct Interior Alterations (initial tenant improvement) for a medical clinic in an existing office building. ""Westmount ENT""",Office Buildings (520),(03) Interior Alterations,3899,473000,MU,0,,,,1,
2025-03-10T00:00:00.000,2025,3,2025-03-10T00:00:00.000,Commercial Final,1067 - KESWICK DRIVE SW,Plan 1920717 Blk 16 Lots 47;Plan 2121333 Blk 16 Lots 2,KESWICK,5574,"To complete Interior Alterations (first Tenant fit-up) for a retail pharmacy, located on the main floor of an existing professional office building (Keswick Building 2)",Retail and Shops (510),(03) Interior Alterations,1240,85000,DC2,0,53.41995064388816,-113.61998910539762,,1,
2025-03-10T00:00:00.000,2025,3,2025-03-10T00:00:00.000,Commercial Final,11400 - UNIVERSITY AVENUE NW,Plan 8821049 Blk Q,UNIVERSITY OF ALBERTA,5520,"To construct Interior Alterations (Mechanical Scope ONLY: Plumbing, HVAC Sprinkler and Med gas fit-up - phase 1 and 2) in an existing clinic. --UAH Pediatric Surgery Clinic. Level 5 Kaye Edmonton Clinic (KEC)--  NOTE: Architectural, Structural and Electrical under separate permit.","Clinics, Health Units (642)",(03) Interior Alterations,11646.54,1290000,AJ,0,53.51801231630468,-113.52747729448646,,1,
2025-03-07T00:00:00.000,2025,3,2025-03-07T00:00:00.000,Commercial Final,250 - KARL CLARK ROAD NW,SE-33-51-24-4,EDMONTON RESEARCH AND DEVELOPMENT PARK,6190,"To construct Interior Alterations to an existing commercial industrial use building. - Area A interior fit up providing a new enclosure to house the laboratory (A1-1) and pilot scale (A1-2) carbon fibre systems, and all supporting systems, incl. Lab A1-3B.",Laboratory/Research Centres (580),(03) Interior Alterations,6350.7,3500000,BE,0,53.443077073611946,-113.47362583782134,,1,
2025-03-05T00:00:00.000,2025,3,2025-03-05T00:00:00.000,Commercial Final,5236 - 199 STREET NW,Plan 0226719 Blk 1 Lot 2,THE HAMPTONS,4461,"To construct Interior Alterations for a Physiotherapy Clinic. ""Project Physio+""",Office Buildings (520),(03) Interior Alterations,1300,63000,CN,0,53.4884454567472,-113.66522229896356,,1,
2025-03-05T00:00:00.000,2025,3,2025-03-05T00:00:00.000,Commercial Final,"211, 6958 - 76 AVENUE NW",Plan 1621131 Unit 12,GIRARD INDUSTRIAL,6260,"To construct interior alterations to a laser clinic project. (remove 1 partition between offices, add partitions to close in kitchen area)",Office Buildings (520),(03) Interior Alterations,1006.1,50000,"BE, MU",0,53.51292267482618,-113.43539947701753,,1,
2025-03-05T00:00:00.000,2025,3,2025-03-05T00:00:00.000,Commercial Final,123 - HADDOW CLOSE NW,Condo Common Area (Plan 0524641),HADDOW,5610,To construct Interior Alterations (tenant fit-up) in an existing commercial building. --Haddow Medical--,Office Buildings (520),(03) Interior Alterations,18341.69,100000,DC2,0,53.45871538495691,-113.59093681920719,,1,
2025-03-04T00:00:00.000,2025,3,2025-03-04T00:00:00.000,Commercial Final,13803 - 127 STREET NW,Plan 8820046 Blk 39 Lot 2,BARANOW,3020,To complete Change of Use (E to D) and construct Interior Alterations (tenant improvement) to add a pharmacy w/ consult and compounding rooms in an existing retail building.,Retail and Shops (510),(03) Interior Alterations,1200,120000,CG,0,53.6014835774937,-113.53962907019992,,1,
2025-03-04T00:00:00.000,2025,3,2025-03-04T00:00:00.000,Commercial Final,5348 - ADMIRAL GIROUARD STREET NW,Condo Common Area (Plan 2321252),GRIESBACH,3111,to complete a Change of Use from A2 to D and construct Interior Alterations (first tenant fit-up) in an existing commercial use building. --Glenwood Radiology North--,"Clinics, Health Units (642)",(03) Interior Alterations,5995.49,150000,CG,0,,,,1,
2025-03-03T00:00:00.000,2025,3,2025-03-03T00:00:00.000,Commercial Final,"4FL, 10215 - 108 STREET NW",Plan 1520896 Blk 7 Lot 103A,DOWNTOWN,1090,To construct Interior Alterations (renovating existing classroom spaces into new pharmacy simulation labs) - Norquest Collage Pharmacy Lab,Post-secondary Institutions (624),(03) Interior Alterations,624.31,91000,UW,0,53.54381011396287,-113.50566643847111,,1,
2025-03-03T00:00:00.000,2025,3,2025-03-03T00:00:00.000,Commercial Final,600 - RIVERBEND SQUARE NW,Plan 9023003 Blk 101 Lot 35,FALCONER HEIGHTS,5190,To complete a Change of Use (E to D occupancy) and construct Interior Alterations for a new tenant fit-up for a massage clinic in an existing commercial building (Riverbend Square Shopping Centre) - Soul 2 Sole.,Office Buildings (520),(03) Interior Alterations,2460,125000,DC2,0,53.46881322308258,-113.58806760934745,,1,
2025-02-21T00:00:00.000,2025,2,2025-02-21T00:00:00.000,Commercial Final,11560 - UNIVERSITY AVENUE NW,Plan 968RS Blk F Lot 2,UNIVERSITY OF ALBERTA,5520,To construct Interior and Exterior Alterations (fit-up for pharmacy - hospital use only) In the Basement of an existing hospital. --Cross Cancer Institute--,Hospitals (640),(03) Interior Alterations,11840.29,6530417,AJ,0,53.518193235758005,-113.53118769241159,,1,
2025-02-18T00:00:00.000,2025,2,2025-02-18T00:00:00.000,Commercial Final,8440 - 112 STREET NW,Plan 9826528 Lot 6,UNIVERSITY OF ALBERTA,5520,"To construct interior alterations to the UAH Pharmacy NAPRA  on the 4th Floor (Rooms 4D411, 4D413, 4D417)",Hospitals (640),(03) Interior Alterations,559.72,155000,AJ,0,53.52072150232498,-113.52321909208756,,1,
2025-02-18T00:00:00.000,2025,2,2025-02-18T00:00:00.000,Commercial Final,8240 - 175 STREET NW,Plan 7620073 Blk 12 Lot 1B,THORNCLIFF,4560,To complete a Change Of Use (E to major D/minor E occupancy) and construct Interior Alterations (tenant fit-up for a medical office w/ pharmacy) in an existing commercial building.,Office Buildings (520),(03) Interior Alterations,1463,62800,MU,0,53.51557235975223,-113.6244572310847,,1,
2025-02-14T00:00:00.000,2025,2,2025-02-14T00:00:00.000,Commercial Final,12764 - 167 AVENUE NW,Plan 1620811 Blk 1 Lot 13,ALBANY,3460,To construct Interior Alterations (To make existing space into chiropractic clinic) to an existing building. “Albany Chiropractic”,Office Buildings (520),(03) Interior Alterations,1569,220000,CG,0,53.629585260898544,-113.54481530946592,,1,
2025-02-13T00:00:00.000,2025,2,2025-02-13T00:00:00.000,Commercial Final,"402, 14310 - 111 AVENUE NW",Plan 7820954 Blk 1 Lot 4A,HUFF BREMNER ESTATE INDUSTRIAL,3230,To complete the interior alterations for adding a medical clinic to the existing office building. -- Dr Toys Office,Office Buildings (520),(03) Interior Alterations,1800,30000,BE,0,53.559331797582644,-113.56850163246031,,1,
2025-02-11T00:00:00.000,2025,2,2025-02-11T00:00:00.000,Commercial Final,6254 - 99 STREET NW,Plan 6544NY Blk 2 Lot 1,ROSEDALE INDUSTRIAL,6650,To change the use from a retail space (E) to a physiotherapy (D) and to construct interior alterations.,Office Buildings (520),(03) Interior Alterations,2350,80000,CB,0,53.49909665918824,-113.48760700014273,,1,
2025-02-10T00:00:00.000,2025,2,2025-02-10T00:00:00.000,Commercial Final,2408 - RABBIT HILL ROAD NW,Plan 9823652 Blk 154 Lot 3,LEGER,5630,"To construct interior alterations to an existing dental clinic (Existing private office will be renovated to 3 operating rooms, changing location of washroom and making staff room smaller)  in an existing commercial building (Terwillegar CRU Pad) - Home Of Smiles Dental",Office Buildings (520),(03) Interior Alterations,592.01,35000,CG,0,53.455664169067695,-113.56677854913914,,1,
2025-02-07T00:00:00.000,2025,2,2025-02-07T00:00:00.000,Commercial Final,5347 - EDGEMONT BOULEVARD NW,Condo Common Area (Plan 2421892),EDGEMONT,4462,"To construct Interior Alterations (1st tenant fit-up) for a massage/physiotherapy clinic, located in an existing multi CRU commercial building (Royal Center Edgemont Bldg #1).  Note: Demising walls under CFP 546225069-002",Retail and Shops (510),(03) Interior Alterations,1248,60000,CN,0,,,,1,
2025-02-05T00:00:00.000,2025,2,2025-02-05T00:00:00.000,Commercial Final,4742 - GATEWAY BOULEVARD NW,Plan 7620205 Blk 28 Lots 2-3,CALGARY TRAIL NORTH,5110,"To construct Interior alterations (first tenant fit-up) for an physiotherapy clinic within an existing commercial building. ""Ever Physiotherapy Clinic""",Office Buildings (520),(03) Interior Alterations,1668.4,250000,DC2,0,53.484786406172525,-113.4935301901617,,1,
2025-01-30T00:00:00.000,2025,1,2025-01-30T00:00:00.000,Commercial Final,2051 - LEGER ROAD NW,Plan 0922485 Blk 163 Lot 54,LEGER,5630,"Complete fire rating for 1 hour above the t bar along the corridor wall by Boost Physio and Subway CRUs. ""Terwillegar Community Recreational Center/Pool""",Indoor Recreational Buildings (560),(03) Interior Alterations,5625,8500,PS,0,53.45833509963096,-113.58268427337823,,1,
2025-01-30T00:00:00.000,2025,1,2025-01-30T00:00:00.000,Commercial Final,10954 - 23 AVENUE NW,Plan 0323339 Blk 32 Lot 11,ERMINESKIN,5180,To change the use from retail to a dental clinic (Group E to D) and construct interior and exterior alterations (new exterior windows) - Bearspaw Dental.,Office Buildings (520),(03) Interior Alterations,1894.45,120000,CG,0,53.4549900449902,-113.51225659147755,,1,
2025-01-29T00:00:00.000,2025,1,2025-01-29T00:00:00.000,Commercial Final,6430 - 28 AVENUE NW,Plan 8220154 Blk 5 Lot 4,TAWA,6720,"To construct Interior Alterations (cosmetic improvement and addition of treatment room) in an existing commercial use building. --Lifemark Physio Clinic, Millwoods--",Office Buildings (520),(03) Interior Alterations,3075,60000,DC2,0,53.4595263699479,-113.43175106895659,,1,
2025-01-28T00:00:00.000,2025,1,2025-01-28T00:00:00.000,Commercial Final,"203, 5364 - ADMIRAL GIROUARD STREET NW",Condo Common Area (Plan 2321252),GRIESBACH,3111,To construct Interior Alteration (initial tenant fit-up) for a dental office within an existing multi use commercial building - Jewel Dental & Orthodontics.,Office Buildings (520),(03) Interior Alterations,4433,120000,CG,0,,,,1,
2025-01-27T00:00:00.000,2025,1,2025-01-27T00:00:00.000,Commercial Final,"200, 7609 - 109 STREET NW","Condo Common Area (Plan 1720082,1423850)",QUEEN ALEXANDRA,5330,To construct Interior Alteration to an existing tenant space - turning the reception area and copy room into 3 new offices. Alberta Dental Association and College,Office Buildings (520),(03) Interior Alterations,2884.73,119703,MU,0,53.512612758212185,-113.51150911137242,,1,
2025-01-24T00:00:00.000,2025,1,2025-01-24T00:00:00.000,Commercial Final,"15, 8103 - 127 AVENUE NW",Plan 0522233 Unit 21,YELLOWHEAD CORRIDOR EAST,1270,"To complete a Change Of Use (E to D occupancy) and construct Interior Alterations (tenant fit-up) for a medical clinic, located in an existing commercial building (Plaza 82). - Balwin Clinic",Office Buildings (520),(03) Interior Alterations,1565,120000,MU,0,53.584125845319775,-113.46592469330497,,1,
2025-01-22T00:00:00.000,2025,1,2025-01-22T00:00:00.000,Commercial Final,2945 - 119A STREET SW,Plan 2020566 Blk 3 Lot 3,HERITAGE VALLEY TOWN CENTRE,5472,"To construct Interior Alterations (first tenant fit-up) for a waxology clinic in an existing commercial shell building. ""Heritage Valley Town Centre Bldg 9 - Waxon Laser + Waxbar""",Retail and Shops (510),(03) Interior Alterations,1205.55,290000,TC-C,0,53.40642758370827,-113.53811719954224,,1,
2025-01-21T00:00:00.000,2025,1,2025-01-21T00:00:00.000,Commercial Final,"440, 11044 - 82 AVENUE NW","Condo Common Area (Plan 2222338,2420374)",GARNEAU,5200,"To construct Interior Alterations (tenant improvement) for a medical clinic in an existing office building (Garneau Professional Building). ""ENT Medical Clinic""",Office Buildings (520),(03) Interior Alterations,2042,120000,MU,0,53.51844292551088,-113.5171254014704,,1,
2025-01-20T00:00:00.000,2025,1,2025-01-20T00:00:00.000,Commercial Final,4738 - GATEWAY BOULEVARD NW,Plan 7620205 Blk 28 Lots 2-3,CALGARY TRAIL NORTH,5110,"To construct Interior Alterations (first tenant fit-up) for a professional clinic located on the main floor of existing 5 storey commercial building (Ever Square, Building A1) - Ever Eyecare Optometrist Clinic",Office Buildings (520),(03) Interior Alterations,3078.48,350000,DC2,0,53.484786406172525,-113.4935301901617,,1,
2025-01-20T00:00:00.000,2025,1,2025-01-20T00:00:00.000,Commercial Final,"100, 7319 - 29 AVENUE NW",Plan 2420878 Blk 7 Lot 4B,KAMEYOSEK,6340,To complete Interior alteration (first tenant fit-up medical clinic on the first storey (level 1)) to an existing mixed commercial building. - CHC - Family Medicine Clinic,Office Buildings (520),(03) Interior Alterations,9973.72,2270672,DC2,0,,,,1,
2025-01-17T00:00:00.000,2025,1,2025-01-17T00:00:00.000,Commercial Final,783 - 75 STREET SW,Plan 9321197 Blk 1 Lot 2,ELLERSLIE,6211,"To change the use from E to a D and to construct interior alterations for 1st tenant fit up -""MAHAJAN ELLERSLIE GATES CLINIC/PHARMACY""-",Office Buildings (520),(03) Interior Alterations,2998,110000,CN,0,53.42596829135677,-113.44982986960419,,1,
2025-01-14T00:00:00.000,2025,1,2025-01-14T00:00:00.000,Commercial Final,6804 - 178 AVENUE NW,Condo Common Area (Plan 2221981),CRYSTALLINA NERA EAST,2462,To construct Interior Alterations (1st tenant fit-up) for an optometry with retail space within an existing 2-story commercial building - Beyond Visions Crystallina.,Retail and Shops (510),(03) Interior Alterations,2140.94,250000,CN,0,53.64183806317943,-113.44402642235711,,1,
2025-01-14T00:00:00.000,2025,1,2025-01-14T00:00:00.000,Commercial Final,21632 - 92 AVENUE NW,Plan 2322103 Blk 2 Lot 68,SECORD,4487,"To Change Of Use (E to D) and construct Interior Alterations (first tenant fit-up) for a physio clinic in a existing commercial base building (Winterburn Point Bldg# 3). ""Stride Physio Winterburn""",Office Buildings (520),(03) Interior Alterations,2288,75000,DC2,0,53.5286280638885,-113.69109499660266,,1,
2025-01-10T00:00:00.000,2025,1,2025-01-10T00:00:00.000,Commercial Final,1109 - JAMES MOWATT TRAIL SW,Plan 0222948 Blk 3 Lot 44,BLACKMUD CREEK,5453,To construct Interior Alteration in existing Sobeys pharmacy area,Retail and Shops (510),(03) Interior Alterations,512,165000,CG,0,53.422811748305556,-113.51479123436522,,1,
2024-12-30T00:00:00.000,2024,12,2024-12-30T00:00:00.000,Commercial Final,9735 - 45 AVENUE NW,Plan 7721481 Blk 7 Lot 18,PAPASCHASE INDUSTRIAL,6560,"To construct Interior Alterations (TI) for offices and cosmetic packaging and distribution warehouse within an existing industrial building (Papaschase Building 3). ""Upharmacy Warehouse""","Storage Buildings, Warehouses (460)",(03) Interior Alterations,5834.03,125000,BE,0,53.482111610260894,-113.48142278569392,,1,
2024-12-30T00:00:00.000,2024,12,2024-12-30T00:00:00.000,Commercial Final,2931 - ELLWOOD DRIVE SW,Plan 0920863 Unit 19,ELLERSLIE INDUSTRIAL,6214,To complete a Change Of Use (A2 to D/E occupancy) and to construct Exterior Alterations (install door) and construct Interior Alterations (construct a second floor and tenant fit-up for medical clinic & pharmacy) - Tamarack Medical Clinic & Pharmacy.,Office Buildings (520),(03) Interior Alterations,3749.8,150000,EIB,0,53.428822902733806,-113.47842500759104,,1,
2024-12-30T00:00:00.000,2024,12,2024-12-30T00:00:00.000,Commercial Final,13621 - 163 STREET NW,Plan 0821204 Blk 5 Lot 7,MISTATIM INDUSTRIAL,4320,"To construct Interior Alterations (change of use D to A2 and first tenant fit-up) for a daycare with 64 children, located on the main floor of a 2 storey commercial building (Oasis Health Centre). -- Nurturing Childcare --","Day Cares, Nursing Homes (650)",(03) Interior Alterations,3228,250000,BE,0,53.598532195177434,-113.60177924935496,,1,
2024-12-27T00:00:00.000,2024,12,2024-12-27T00:00:00.000,Commercial Final,"201, 9509 - 156 STREET NW",Plan 6530ET Blk 7 Lots 3-6,WEST JASPER PLACE,4580,"To construct Interior Alterations (tenant improvement) for a personal services spa in an existing medical office building. ""The Confidence Code Clinic""",Retail and Shops (510),(03) Interior Alterations,2609.87,150000,MU,0,53.53182585744975,-113.58940502150253,,1,
2024-12-19T00:00:00.000,2024,12,2024-12-19T00:00:00.000,Commercial Final,11749 - 180 STREET NW,Plan 8021408 Blk 4 Lot 4,EDMISTON INDUSTRIAL,4130,To construct Exterior Alterations (enlarging an overhead garage door) and construct Interior Alterations (Interior layout revisions and HVAC upgrades for a storage garage) in an existing industrial building. --Eco Medical-- (NOTE: racking requires a separate permit),"Storage Buildings, Warehouses (460)",(03) Exterior Alterations,70317,200000,IM,0,53.5691315625918,-113.6298458832969,,1,
2024-12-18T00:00:00.000,2024,12,2024-12-18T00:00:00.000,Commercial Final,11403 - 143 STREET NW,Plan 4990HW Blk 5 Lot 1,HUFF BREMNER ESTATE INDUSTRIAL,3230,To construct Interior Alteration to an existing  - General Veterinary Hospital,Animal and Plant Services (410),(03) Interior Alterations,2238.89,40000,IM,0,53.56322294432251,-113.56705691406296,,1,
2024-12-17T00:00:00.000,2024,12,2024-12-17T00:00:00.000,Commercial Final,16533 - RABBIT HILL ROAD SW,Plan 2320929 Blk A Lot 3,GLENRIDDING RAVINE,5579,"To construct Interior Alterations (first tenant fit-up) for a retail pharmacy in an existing commercial base building (Glenridding Village Bldg E1). ""Rexall #7524 Glenridding Heights""",Retail and Shops (510),(03) Interior Alterations,9365.99,275000,DC2,0,53.409595111968486,-113.60907670989253,,1,
2024-12-16T00:00:00.000,2024,12,2024-12-16T00:00:00.000,Commercial Final,15350 - 18 STREET NW,Plan 2322123 Blk 1 Lot 1,GORMAN,2311,"To construct Interior Alterations (first tenant CRU fit-up for a dental clinic) located on the main floor, in an existing two-storey multi-use commercial building (Bldg #1- Gorman Commercial Dev.). - Boreal Dental",Office Buildings (520),(03) Interior Alterations,3877,150000,CN,0,53.61686500267599,-113.36979186235286,,1,
2024-12-12T00:00:00.000,2024,12,2024-12-12T00:00:00.000,Commercial Final,13004 - 33 STREET NE,Plan 2221379 Blk 3 Lot 2,CLOVER BAR AREA,2160,"To construct a TEMPORARY (24 Months) construction office complex (5 Trailers) for construction of ENZHEC project.   ** PERMIT EXPIRES DEC 2026  Temporary Facility use by AP Personnel's/ Contractor personnel's for daily office work regards to construction activities, Security services, Medical trailer and wash room, 5 temporary trailers.",Temporary Structures (999),(01) New,,1000,"IH, IH",0,53.58842481824367,-113.30269034642077,,1,
2024-12-12T00:00:00.000,2024,12,2024-12-12T00:00:00.000,Commercial Final,11204 - 119 STREET NW,Plan 9222114 Blk 192 Lot 1,PRINCE RUPERT,1170,"To construct Interior Alteration, new Mezzanine, 21'x36' to facilitate new offices.  Animal Hospital and Shelter building, "" Tailz Services Inc """,Animal and Plant Services (410),(03) Interior Alterations,800,25348,BE,0,53.560967813025655,-113.5274896656484,,1,
2024-12-11T00:00:00.000,2024,12,2024-12-11T00:00:00.000,Commercial Final,5145 - 55 AVENUE NW,Plan 1025566 Blk 3 Lot 9,ROPER INDUSTRIAL,6640,To complete Change of Use (E to D) and construct Interior Alterations (tenant improvement) for a dental clinic in an existing commercial building. ”Your Dental Hygiene”,Office Buildings (520),(03) Interior Alterations,1300,100000,CG,0,53.49113534392272,-113.41970475734351,,1,
2024-12-11T00:00:00.000,2024,12,2024-12-11T00:00:00.000,Commercial Final,17056 - 107 AVENUE NW,Plan 8023090 Blk 2 Lot 4A,MCNAMARA INDUSTRIAL,4300,To complete a Change of Use (A2 to D occupancy) and construct Interior Alterations (tenant fit-up) for a medical clinic/pharmacy. - Elixer Clinic and Pharmacy,Office Buildings (520),(03) Interior Alterations,3691,250000,BE,0,53.553835154409974,-113.61655442048331,,1,
2024-12-11T00:00:00.000,2024,12,2024-12-11T00:00:00.000,Commercial Final,16538 - 118 AVENUE NW,Condo Common Area (Plan 1525451),CARLETON SQUARE INDUSTRIAL,4100,To construct Interior Alterations (expansion of tenant space) in an existing professional office building (Merval On 118 ave).--Milestone Diagnostics--,"Clinics, Health Units (642)",(03) Interior Alterations,1334.72,75000,BE,0,53.57128299283887,-113.60700733469722,,1,
2024-12-04T00:00:00.000,2024,12,2024-12-04T00:00:00.000,Commercial Final,301 - PARSONS ROAD SW,Condo Common Area (Plan 2420498),ELLERSLIE INDUSTRIAL,6214,To construct Interior Alterations (adding pharmacy to existing Parsons Road Medical Offices) in an existing CRU commercial building. --Parsons Road-- Pharmacy,Retail and Shops (510),(03) Interior Alterations,840,90000,EIB,0,,,,1,
2024-12-03T00:00:00.000,2024,12,2024-12-03T00:00:00.000,Commercial Final,138 - EDGEMONT ROAD NW,Plan 2222438 Blk 1 Lot 59,EDGEMONT,4462,"To construct Interior Alterations - First tenant fit up for -""Edgemont Clinic and Pharmacy""- 1 new 2Hr demising wall,",Office Buildings (520),(03) Interior Alterations,2602,66000,DC2,0,53.476900475674185,-113.67019571799787,,1,
2024-12-03T00:00:00.000,2024,12,2024-12-03T00:00:00.000,Commercial Final,10730 - 142 STREET NW,Plan 2599KS Blk 12 Lot 1,MCQUEEN,3300,To construct Interior Alterations (first tenant fit-up for a veterinarian clinic) in an existing commercial building. --Paws Vet Clinic--,Animal and Plant Services (410),(03) Interior Alterations,2050,410000,DC2,0,53.551723021064596,-113.56686384033243,,1,
2024-12-02T00:00:00.000,2024,12,2024-12-02T00:00:00.000,Commercial Final,15311 - STONY PLAIN ROAD NW,Plan 5229AD Blk 21 Lots 3-4,WEST JASPER PLACE,4580,"To Change the Use (E to D) and to construct Interior & Exterior Alterations (tenant improvement, new windows and doors, facade improvements) for a medical office and pharmacy in an existing commercial building. ""Stony Plain Health Centre""",Office Buildings (520),(03) Interior Alterations,4198,600000,MU,0,53.540993326288095,-113.58591597247352,,1,
2024-12-02T00:00:00.000,2024,12,2024-12-02T00:00:00.000,Commercial Final,2939 - 119A STREET SW,Plan 2020566 Blk 3 Lot 3,HERITAGE VALLEY TOWN CENTRE,5472,To construct Interior Alterations (initial tenant improvement) for a veterinary clinic in a commercial shell building (Heritage Valley Town Centre Bldg #9). - Allard Animal Hospital,Animal and Plant Services (410),(03) Interior Alterations,2509,387580,TC-C,0,53.40642758370827,-113.53811719954224,,1,
2024-11-28T00:00:00.000,2024,11,2024-11-28T00:00:00.000,Commercial Final,11749 - 180 STREET NW,Plan 8021408 Blk 4 Lot 4,EDMISTON INDUSTRIAL,4130,To construct Interior Alterations (install pallet racking) in an existing commercial warehouse/office building. - Eco Medical,"Storage Buildings, Warehouses (460)",(03) Interior Alterations,1216,21927,IM,0,53.5691315625918,-113.6298458832969,,1,
2024-11-26T00:00:00.000,2024,11,2024-11-26T00:00:00.000,Commercial Final,"201, 17060 - 107 AVENUE NW",Plan 8023090 Blk 2 Lot 4A,MCNAMARA INDUSTRIAL,4300,To construct Interior Alterations (1st Tenant Fit-up to add a dermatology clinic) to an existing shell building. Vida Dermatology,Office Buildings (520),(03) Interior Alterations,4779.17,475000,BE,0,53.553835154409974,-113.61655442048331,,1,
2024-11-21T00:00:00.000,2024,11,2024-11-21T00:00:00.000,Commercial Final,366 - SADDLEBACK ROAD NW,Plan 7823059 Blk 7 Lot 7,BLUE QUILL,5060,To change the use from a dental office to pizza take out (Group D to E) and to construct interior alterations -Freshco Pizza.,Retail and Shops (510),(03) Interior Alterations,1288,100000,CG,0,53.46033039325648,-113.53082645430815,,1,
2024-11-21T00:00:00.000,2024,11,2024-11-21T00:00:00.000,Commercial Final,13647 - ST ALBERT TRAIL NW,Plan 9926834 Blk 13A Lot 14,MCARTHUR INDUSTRIAL,3290,"To complete a partial Change of Use from D to A2 (new Yoga Studio and Massage Therapy Clinic). To construct Exterior Alteration (Installation of a new doors at the front and rear of the building, Infill of existing openings at the former ATM Drive through. Removal and infill of 2 existing windows), and construct Interior Alteration (Demising of the existing building into two commercial units and tenant improvement). -Christy's Corner Massage Addict / Flo n Go--",Indoor Recreational Buildings (560),(03) Interior Alterations,6756.93,800000,DC2,0,53.59853973035842,-113.57287900992563,,1,
2024-11-19T00:00:00.000,2024,11,2024-11-19T00:00:00.000,Commercial Final,9849 - 89 AVENUE NW,Plan I Blk 118 Lot 35,STRATHCONA,5480,"To change the use of a single detached house to an clinical office (Part 9, Group C to D) offering advice ONLY for midwife services no birthing on site. ""Aspen Community Midwives""",Office Buildings (520),(10) Convert Residential to Non-Res,875,0,RS,-1,53.52419388203767,-113.48511059340315,,1,
2024-11-15T00:00:00.000,2024,11,2024-11-15T00:00:00.000,Commercial Final,8504 - 109 STREET NW,"Plan 782AT Blk 146 Lots G,H",GARNEAU,5200,To construct interior alterations to add a tenant fit-up (a medical clinic with pharmacy).   -- GARNEAU MEDICAL CLINIC AND PHARMACY,Office Buildings (520),(03) Interior Alterations,3070,95000,MU,0,53.5211858862274,-113.51252925482724,,1,
2024-11-08T00:00:00.000,2024,11,2024-11-08T00:00:00.000,Commercial Final,5335 - EDGEMONT BOULEVARD NW,Condo Common Area (Plan 2421892),EDGEMONT,4462,To construct Interior Alterations (1st tenant fit-up w/ 1 HR demising wall) for a dental office in an existing multi CRU commercial building (Royal Center Edgemont Bldg #1). --Edgemont Smiles--,Office Buildings (520),(03) Interior Alterations,2841.67,500000,CN,0,,,,1,
2024-11-08T00:00:00.000,2024,11,2024-11-08T00:00:00.000,Commercial Final,16753 - RABBIT HILL ROAD SW,Plan 2320929 Blk A Lot 2,GLENRIDDING RAVINE,5579,To complete Interior Alterations (initial tenant fit-up) for a Professional Office located in a multi use building (Glenridding Village Bldg #4). - Ridgecrest Dental,Office Buildings (520),(03) Interior Alterations,3288,750000,CG,0,53.4093189517659,-113.61199793690855,,1,
2024-11-06T00:00:00.000,2024,11,2024-11-06T00:00:00.000,Commercial Final,"200, 1 - MEADOWLARK PARK SHOPPING CENTRE NW",Plan 9924575 Blk 10 Lot 2,MEADOWLARK PARK,4310,"To complete Interior Alterations (tenant renovations already completed but previous permit expired) to a medical office located in an shopping mall. (Meadowlark Mall, unit# 200) - Insight Medical Imaging  NOTE: Previous BP 409659694-002 issued in 2022 expired.","Clinics, Health Units (642)",(03) Interior Alterations,3293.75,490000,MU,0,53.52075339204204,-113.59328917765444,,1,
2024-11-06T00:00:00.000,2024,11,2024-11-06T00:00:00.000,Commercial Final,15425 - 37 STREET NW,Plan 1223987 Blk 3 Lot 5,GORMAN,2311,To complete change of use from A2 to D and to construct Interior Alterations (first tenant fit-up).  --MIC (Medical Imaging) - Manning--,"Clinics, Health Units (642)",(03) Interior Alterations,8804.88,1575000,DC1,0,53.615991454046494,-113.39635517501219,,1,
2024-11-05T00:00:00.000,2024,11,2024-11-05T00:00:00.000,Commercial Final,3363 - 153 AVENUE NW,Condo Common Area (Plan 2421328),EBBERS,2251,"To change of use from Restaurant to a dental clinic and to construct interior alterations (first tenant fit up). ""YEG Dental""",Office Buildings (520),(03) Interior Alterations,3412.16,150000,DC2,0,,,,1,
2024-11-01T00:00:00.000,2024,11,2024-11-01T00:00:00.000,Commercial Final,5254 - WINDERMERE BOULEVARD NW,Plan 0822223 Blk 14 Lot 2,AMBLESIDE,5505,"To construct Interior Alterations (tenant fit-up for a dental clinic) in an existing commercial building (Currents of Windermere, Bldg 9). - Windermere Periodontics",Office Buildings (520),(03) Interior Alterations,2475.7,150000,AUVC,0,,,,1,
2024-10-29T00:00:00.000,2024,10,2024-10-29T00:00:00.000,Commercial Final,2903 - 119A STREET SW,Plan 2020566 Blk 3 Lot 3,HERITAGE VALLEY TOWN CENTRE,5472,To construct Interior Alterations (First tenant fit up) for a medical office in an existing commercial use building (Heritage Valley Town Centre - Bldg 8).--MIC (Medical Imaging) --,"Clinics, Health Units (642)",(03) Interior Alterations,7515.03,1200000,TC-C,0,53.40642758370827,-113.53811719954224,,1,
2024-10-29T00:00:00.000,2024,10,2024-10-29T00:00:00.000,Commercial Final,5821 - TERRACE ROAD NW,Plan 0122121 Blk 3 Lot 1A,OTTEWELL,6550,"To construct Interior Alterations (pharmacy consultation room) in Safeway tenant space, all located in an existing Shopping Centre (Capilano Mall -CRU3 Suite#180)  - Safeway Pharmacy Capilano",Retail and Shops (510),(03) Interior Alterations,176,96000,MU,0,53.539176903240765,-113.42567849663608,,1,
2024-10-28T00:00:00.000,2024,10,2024-10-28T00:00:00.000,Commercial Final,15625 - STONY PLAIN ROAD NW,Plan 9422776 Blk 1 Lot 18,GLENWOOD,4180,"To change of use from a E to a B3 Occupancy (Medical detox/non-treatment facility) and construct exterior (addition to the building) and Interior Alteration (dining and resident amenities, sleeping, administration, clinic, and offices) - New George Spady Centre","Clinics, Health Units (642)",(03) Exterior Alterations,18610.78,3900000,DC,0,53.54097666609953,-113.59140453964334,,1,
2024-10-24T00:00:00.000,2024,10,2024-10-24T00:00:00.000,Commercial Final,10255 - 101 STREET NW,Plan 1194TR Lot A,DOWNTOWN,1090,To construct Interior Alteration for 2 Consultation Rooms and Modify the CPAC room for Pharmacy Care Clinic. SDM 2434 City Centre Mall Pharmacy Care Clinic,Retail and Shops (510),(03) Interior Alterations,400,250000,CCA,0,53.54375832156525,-113.49276732663361,,1,
2024-10-22T00:00:00.000,2024,10,2024-10-22T00:00:00.000,Commercial Final,1808 - RABBIT HILL ROAD NW,Plan 0024786 Blk 73 Lot 2,TERWILLEGAR TOWNE,5640,TO CONSTRUCT A FOUNDATION ONLY for an Extended Medical Treatment Services building.,"Day Cares, Nursing Homes (650)",(04) Footing & Foundation,,10000,DC2,0,53.44948286678901,-113.56671203396051,,1,
2024-10-16T00:00:00.000,2024,10,2024-10-16T00:00:00.000,Commercial Final,12116 - 161 AVENUE NW,Plan 7820085 Blk 56 Lot 62,DUNLUCE,3180,To construct interior alterations (tenant fit-up to add a medical clinic to existing pharmacy) to the existing commercial building - Dunluce Pharmacy/Medical.,Office Buildings (520),(03) Interior Alterations,1200,115000,CN,0,53.62238570025599,-113.53415342806933,,1,
2024-10-16T00:00:00.000,2024,10,2024-10-16T00:00:00.000,Commercial Final,"174, 1 - MEADOWLARK PARK SHOPPING CENTRE NW",Plan 9924575 Blk 10 Lot 2,MEADOWLARK PARK,4310,"To construct Interior Alterations to an existing tenant suite (professional medical office) located in an shopping mall. (Meadowlark Mall, unit# 174) - Dr. Deserres & Dr. Wolfli",Office Buildings (520),(03) Interior Alterations,1803,150000,MU,0,53.52075339204204,-113.59328917765444,,1,
2024-10-16T00:00:00.000,2024,10,2024-10-16T00:00:00.000,Commercial Final,"131, 4211 - 106 STREET NW",Plan 8721793 Blk 37 Lot 2,RIDEAU PARK,5360,"To construct Interior Alterations (tenant improvement) to combine 4 commercial suites into one personal services clinic in an existing commercial building. ""CBS Blood Donor Clinic""","Clinics, Health Units (642)",(03) Interior Alterations,8514.24,500000,CG,0,53.47966139833263,-113.50252236647697,,1,
2024-10-09T00:00:00.000,2024,10,2024-10-09T00:00:00.000,Commercial Final,12829 - FORT ROAD NW,Plan 2421488 Blk 3 Lot 4,BELVEDERE,2080,To change the use from E to D and to construct Interior Alterations (Initial tenant fit-up - Electrolysis Clinic)  in an existing commercial building (Station Point Village -Bldg #2),Retail and Shops (510),(03) Interior Alterations,955,8000,"RM, RM",0,,,,1,
2024-10-08T00:00:00.000,2024,10,2024-10-08T00:00:00.000,Commercial Final,580 - GRIESBACH PARADE NW,Plan 1322652 Blk 22 Lot 35,GRIESBACH,3111,"To Change Use (A2 to D) and construct Interior Alterations (3 exam offices, physician office and 1 Barrier free washroom) to an existing CRU/mixed use building. ""Griesbach Medical Clinic & Pharmacy”",Retail and Shops (510),(03) Interior Alterations,1640,95000,"GVC, GVC",0,53.60282783667948,-113.49304460088078,,1,
2024-10-02T00:00:00.000,2024,10,2024-10-02T00:00:00.000,Commercial Final,"204, 12850 - 97 STREET NW",Condo Common Area (Plan 2221739),LAUDERDALE,3260,"To construct Interior Alterations (First Tenant Fit-up) within an existing Multi-CRU retail / office building - ""North District Medical Clinic"" -",Office Buildings (520),(03) Interior Alterations,1087.15,95000,MU,0,53.587206811350384,-113.49261019272352,,1,
2024-10-01T00:00:00.000,2024,10,2024-10-01T00:00:00.000,Commercial Final,8720 - 156 STREET NW,Plan 9924575 Blk 10 Lot 2,MEADOWLARK PARK,4310,"To construct Interior Alterations (pharmacy consult room renovation) in an existing commercial building. ""Meadowlark Safeway""",Retail and Shops (510),(03) Interior Alterations,93,96000,MU,0,53.52075339204204,-113.59328917765444,,1,
2024-09-27T00:00:00.000,2024,9,2024-09-27T00:00:00.000,Commercial Final,3349 - 118 AVENUE NW,Plan 7722129 Blk 1 Lot 7,RUNDLE HEIGHTS,2660,"To change the use from E to D and to construct interior alterations for tenant fit up -""Bhavin Clinic and Pharmacy""-",Office Buildings (520),(03) Interior Alterations,1548,150000,MU,0,53.56990083564336,-113.39245906592481,,1,
2024-09-27T00:00:00.000,2024,9,2024-09-27T00:00:00.000,Commercial Final,2923 - 119A STREET SW,Plan 2020566 Blk 3 Lot 3,HERITAGE VALLEY TOWN CENTRE,5472,"To construct Interior Alterations,  Tenant Fit up for -""Heritage Valley Dental""-",Office Buildings (520),(03) Interior Alterations,2863.2,175000,TC-C,0,53.40642758370827,-113.53811719954224,,1,
2024-09-26T00:00:00.000,2024,9,2024-09-26T00:00:00.000,Commercial Final,"104, 5083 - WINDERMERE BOULEVARD SW",Plan 0621857 Blk 1 Lot 1,AMBLESIDE,5505,To construct Interior Alterations to the main floor of an existing medical clinic.  - Rejuvenation Dermatology Clinic,"Clinics, Health Units (642)",(03) Interior Alterations,1872.92,75000,DC2,0,53.43267394610141,-113.59206505263433,,1,
2024-09-24T00:00:00.000,2024,9,2024-09-24T00:00:00.000,Commercial Final,2931 - 119A STREET SW,Plan 2020566 Blk 3 Lot 3,HERITAGE VALLEY TOWN CENTRE,5472,To construct Interior Alterations (first tenant CRU fit-up) for an optometry office in a multi-use commercial building - Glow Optometry (Heritage Valley Town Centre Bldg 9).,Office Buildings (520),(03) Interior Alterations,1722.22,95000,TC-C,0,53.40642758370827,-113.53811719954224,,1,
2024-09-23T00:00:00.000,2024,9,2024-09-23T00:00:00.000,Commercial Final,"105, 6055 - ANDREWS WAY SW","Condo Common Area (Plan 1920337,1922220)",AMBLESIDE,5505,To construct Interior Alterations (expanding an existing medical clinic into an adjacent CRU bay) in an existing commercial use building - Darmola Autism Centre.,Office Buildings (520),(03) Interior Alterations,2023,200000,DC1,0,53.42955428154348,-113.5912882659583,,1,
2024-09-23T00:00:00.000,2024,9,2024-09-23T00:00:00.000,Commercial Final,12204 - 48 AVENUE NW,Plan 1800NY Blk 24 Lot 18,LANSDOWNE,5260,"To construct a new single storey commercial Professional Office building, including tenant fit-up (""D"" occupancy). - Zhang Dental Clinic",Office Buildings (520),(01) New,2097.88,1000000,DC2,0,53.485806982930185,-113.54178921394167,,1,
2024-09-20T00:00:00.000,2024,9,2024-09-20T00:00:00.000,Commercial Final,10014 - 105A AVENUE NW,Plan 1922805 Blk 1 Lot 151,MCCAULEY,1140,"To operate a Health Service, and construct interior alterations (Herb Jamieson Centre - Hope Mission Pharmacy)",Indoor Recreational Buildings (560),(03) Interior Alterations,128,12500,UF,0,53.54908043685384,-113.49239288940696,,1,
2024-09-19T00:00:00.000,2024,9,2024-09-19T00:00:00.000,Commercial Final,2927 - 119A STREET SW,Plan 2020566 Blk 3 Lot 3,HERITAGE VALLEY TOWN CENTRE,5472,To construct Interior Alterations (first tenant CRU fit-up) for an optometry office in a multi-use commercial building (Heritage Valley Town Centre Bldg 9). --STRIDE PHYSIOTHERAPY CLINIC--,Office Buildings (520),(03) Interior Alterations,1905.21,115000,TC-C,0,53.40642758370827,-113.53811719954224,,1,
2024-09-09T00:00:00.000,2024,9,2024-09-09T00:00:00.000,Commercial Final,120 - WATT COMMON SW,Plan 1422177 Blk 30 Lot 5,WALKER,6662,"To construct Interior Alterations (1st tenant fit-up for medical office) in a new single storey multiple tenant (5 CRU's) commercial building  (Building #18, Harvest Pointe) ""Insight Medical Imaging""","Clinics, Health Units (642)",(03) Interior Alterations,6453,697000,DC1,0,53.42258243315244,-113.42369104695646,,1,
2024-09-05T00:00:00.000,2024,9,2024-09-05T00:00:00.000,Commercial Final,205 - 36 STREET SW,Plan 1922728 Blk 11 Lot 204,CHARLESWORTH,6661,"To construct interior alterations (initial tenant fit-up), dental office. Charlesworth Dental",Office Buildings (520),(03) Exterior Alterations,2077.43,148000,CN,0,53.430826884965555,-113.39459960317997,,1,
2024-08-29T00:00:00.000,2024,8,2024-08-29T00:00:00.000,Commercial Final,15640 - STONY PLAIN ROAD NW,Plan 1924AM Blk 1 Lots 22-23,BRITANNIA YOUNGSTOWN,4060,To construct Interior Alterations and complete Change of Use (E to D) to build a pharmacy in an existing commercial building - IDA Pharmacy.,Retail and Shops (510),(03) Interior Alterations,1644,40000,MU,0,53.54158919520539,-113.59156381406112,,1,
2024-08-27T00:00:00.000,2024,8,2024-08-27T00:00:00.000,Commercial Final,4978 - 137 AVENUE NW,Plan 9320300 Blk 26 Lot 4,CLAREVIEW TOWN CENTRE,2145,To construct Interior Alterations (1st Tenant Fit-up) to an existing mixed use shell building. -- Clareview Dental --,Office Buildings (520),(03) Interior Alterations,3799,300000,CG,0,53.59858868539961,-113.41113693971438,,1,
2024-08-24T00:00:00.000,2024,8,2024-08-24T00:00:00.000,Commercial Final,4928 - 94B AVENUE NW,Plan 2321258 Blk 3 Lot 14,EASTGATE BUSINESS PARK,6180,"To construct Interior Alterations (initial tenant improvement) for a chiropractic clinic in an industrial use building. ""Wildseed Chiro""",Office Buildings (520),(03) Interior Alterations,2000,150000,BE,0,53.534647266356075,-113.4172529680412,,1,
2024-08-22T00:00:00.000,2024,8,2024-08-22T00:00:00.000,Commercial Final,"102, 11962 - 104 AVENUE NW",Plan 1425753 Blk 21 Lot 2,WÎHKWÊNTÔWIN,1151,"To construct interior renovations (adding two consult rooms and one associate office) within the existing pharmacy and retail store.  --Brewery, Pharmacist Care Clinic",Retail and Shops (510),(03) Interior Alterations,400,100000,DC1,0,53.54712597065063,-113.52826950433709,,1,
2024-08-20T00:00:00.000,2024,8,2024-08-20T00:00:00.000,Commercial Final,12620A - 132 AVENUE NW,Plan 5772KS Blk 12 Lot 2,KENSINGTON,3250,"To complete interior renovation (relocate existing counter, add new three offices & a new bathroom) to the existing pharmacy space. -- Kensington Pharmacy",Retail and Shops (510),(03) Interior Alterations,1600,90000,CG,0,53.592854221557275,-113.53981066079909,,1,
2024-08-12T00:00:00.000,2024,8,2024-08-12T00:00:00.000,Commercial Final,"205, 9562 - 82 AVENUE NW",Plan 4575S Blk 15 Lots 1-2,STRATHCONA,5480,To construct Interior Alterations (Cosmetic upgrades and some small electrical upgrades) to an existing office building. ”Lumos Dental”,Office Buildings (520),(03) Interior Alterations,659.83,50000,MU,0,53.51835653698772,-113.47636273679375,,1,
2024-08-09T00:00:00.000,2024,8,2024-08-09T00:00:00.000,Commercial Final,"105, 2230 - TRUMPETER WAY NW",Plan 1425609 Blk 8 Lot 87,TRUMPETER AREA,4471,To construct Interior Alterations to an existing mixed use shell building. “Trumpeter Drug Mart”  (pharmacy and convenience store inside tenant space)  Existing 1 hr rated demising wall on the West side and one new 1 hr demising wall on the East side of the space.,Retail and Shops (510),(03) Interior Alterations,784.34,50000,DC1,0,53.58930219741416,-113.67894422381339,,1,
2024-08-08T00:00:00.000,2024,8,2024-08-08T00:00:00.000,Commercial Final,"110, 6925 - GATEWAY BOULEVARD NW",Plan 2416HW Lots 10-11,STRATHCONA JUNCTION,5151,To change the use of an A2 to D occupancy and construct Interior Alterations - tenant fit up - Melody Audiology,Office Buildings (520),(03) Interior Alterations,969,128000,DC,0,53.506123298381624,-113.49404274212166,,1,
2024-08-07T00:00:00.000,2024,8,2024-08-07T00:00:00.000,Commercial Final,6940 - ELLERSLIE ROAD SW,Plan 2320638 Blk 1 Lot 11,ELLERSLIE,6211,To construct Interior Alterations (1st Tenant Fit-up) to an existing shell building. “Vet Clinic”,Animal and Plant Services (410),(03) Interior Alterations,2400,500000,DC2,0,53.4258427347943,-113.44608948541536,,1,
2024-07-31T00:00:00.000,2024,7,2024-07-31T00:00:00.000,Commercial Final,11400 - UNIVERSITY AVENUE NW,Plan 8821049 Blk Q,UNIVERSITY OF ALBERTA,5520,"To construct interior alterations to build a renal kidney care clinic on the existing level 4 shelled space - Kaye Edmonton Clinic, University of Alberta Hospital.","Clinics, Health Units (642)",(03) Interior Alterations,,11730000,AJ,0,53.51801231630468,-113.52747729448646,,1,
2024-07-31T00:00:00.000,2024,7,2024-07-31T00:00:00.000,Commercial Final,385 - PARSONS ROAD SW,Condo Common Area (Plan 2420498),ELLERSLIE INDUSTRIAL,6214,"To complete the interior alterations, add a tenant-fit-up (personal service shop & beauty clinic) - Vanity Touch.",Retail and Shops (510),(03) Interior Alterations,1450,125000,EIB,0,,,,1,
2024-07-24T00:00:00.000,2024,7,2024-07-24T00:00:00.000,Commercial Final,"500, 9804 - JASPER AVENUE NW",Plan 0725644 Blk 1 Lot 7,DOWNTOWN,1090,"To construct Interior Alterations (tenant fit-up - painting, patching walls, glass partitions and new furniture) in an existing office space.  --Alberta Dental Association--",Office Buildings (520),(03) Interior Alterations,2382,75000,CCA,0,53.54192558532095,-113.4871539734714,,1,
2024-07-19T00:00:00.000,2024,7,2024-07-19T00:00:00.000,Commercial Final,10977 - 50 STREET NW,Plan 0941211 Blk 1 Lot 35,RIVER VALLEY GOLD BAR,6620,"To construct Interior Alterations (convert an existing meeting room, single washroom, and laboratory space into a larger meeting room) in the north-west corner of an existing laboratory building. ""Gold Bar Waste Water Laboratory Building""",Laboratory/Research Centres (580),(03) Interior Alterations,796.53,82000,"PU, PU",0,53.56034385025914,-113.41087927509555,,1,
2024-07-16T00:00:00.000,2024,7,2024-07-16T00:00:00.000,Commercial Final,4726 - GATEWAY BOULEVARD NW,Plan 7620205 Blk 28 Lots 2-3,CALGARY TRAIL NORTH,5110,"To construct an Interior Alterations (first tenant fit-up) in an existing 6-storey commercial building. ""Southtrail Pharmasave & Medical Clinic""",Office Buildings (520),(03) Interior Alterations,5892.8,800000,DC2,0,53.484786406172525,-113.4935301901617,,1,
2024-07-16T00:00:00.000,2024,7,2024-07-16T00:00:00.000,Commercial Final,7004 - 98 AVENUE NW,Plan 6408MC Blk 20A Lots 51-52,TERRACE HEIGHTS,6730,To construct Interior Alterations (tenant fit out/moving in) to an existing building. “IDA Pharmacy and Clinic”,Retail and Shops (510),(03) Interior Alterations,3229.17,45000,"RS, MUN",0,53.53784730117287,-113.4361620238455,,1,
2024-07-05T00:00:00.000,2024,7,2024-07-05T00:00:00.000,Commercial Final,"1, 2051 - LEGER ROAD NW",Plan 0922485 Blk 163 Lot 54,LEGER,5630,"To construct Interior Alterations (Demolition of existing interior space, building treatment rooms, and staff room) to an existing recreation center - Boost Physiotherapy.",Office Buildings (520),(03) Interior Alterations,1690,126265,PS,0,53.45833509963096,-113.58268427337823,,1,
2024-07-04T00:00:00.000,2024,7,2024-07-04T00:00:00.000,Commercial Final,8764 - 149 STREET NW,Plan 5572HW Blk 1 Lots 4-10,JASPER PARK,4230,"To construct Interior Alterations to remove the exit signage above one double door not used as an exit in an existing pharmacy. ""Lynwood Pharmasave""",Retail and Shops (510),(03) Interior Alterations,53.82,1469,CG,0,53.52069258395505,-113.5784891747616,,1,
2024-06-28T00:00:00.000,2024,6,2024-06-28T00:00:00.000,Commercial Final,21550 - 92 AVENUE NW,Plan 2322103 Blk 2 Lot 68,SECORD,4487,"To construct Interior Alterations for initial tenant improvement of retail/pharmacy in commercial building (Winterburn Point CRU 1).  ""Shoppers Drug Mart #5798",Retail and Shops (510),(03) Interior Alterations,16905,1323045,DC2,0,53.5286280638885,-113.69109499660266,,1,
2024-06-27T00:00:00.000,2024,6,2024-06-27T00:00:00.000,Commercial Final,9710 - 182 STREET NW,Plan 7821059 Blk 46 Lot 3,LA PERLE,4240,To Change the Use from a Minor Indoor Entertainment (Martial Arts Studio) to an Indoor Sales and Service (Pharmacy) and to Construct Interior Alterations  ”La Perle”,Retail and Shops (510),(03) Interior Alterations,1280.9,46000,DC2,0,53.53281071007388,-113.6385485000145,,1,
2024-06-25T00:00:00.000,2024,6,2024-06-25T00:00:00.000,Commercial Final,"150, 5055 - 101 AVENUE NW",Plan 2542NY Blk 3 Lot 1,OTTEWELL,6550,"To construct Interior Alterations and a Change of Use (E to D) to complete a tenant improvement and adding a 1hr demising wall in an existing commercial building (Capilano Mall - Bldg 2). ""Capilano Dental""",Office Buildings (520),(03) Interior Alterations,1856,125000,MU,0,53.53946118414281,-113.42147499124742,,1,
2024-06-21T00:00:00.000,2024,6,2024-06-21T00:00:00.000,Commercial Final,2011 - 94 STREET NW,Plan 8120859 Blk 3 Lot 1,EDMONTON RESEARCH AND DEVELOPMENT PARK,6190,"To construct Interior Alterations in an existing laboratory floor space.  The BBDC (Biotechnical Business Development Centre) located at the NE corner of the Edmonton Research Park  is an existing Laboratory Facility (building) built in 1986.  Selected office areas at the BBDC are to be upgraded  including new finishes, and some mechanical and electrical improvements.",Laboratory/Research Centres (580),(03) Interior Alterations,5381.95,750000,BE,0,53.45094571438238,-113.47164771345662,,1,
2024-06-21T00:00:00.000,2024,6,2024-06-21T00:00:00.000,Commercial Final,"104, 10350 - 124 STREET NW",Plan RN22 Blk 32 Lots 19-20,WESTMOUNT,3440,"To construct Interior Alterations (adding private rooms, reception desk, staff room, flooring and paint ) to an existing office building.    ”Fuel Pain and Injury Recovery Clinic”",Office Buildings (520),(03) Interior Alterations,1960,250000,MU,0,53.54595184911963,-113.53640336222603,,1,
2024-06-12T00:00:00.000,2024,6,2024-06-12T00:00:00.000,Commercial Final,9222 - ELLERSLIE ROAD SW,Plan 0626978 Blk 1 Lot 8,ELLERSLIE INDUSTRIAL,6214,"To complete Change of Use (E to D) and construct Interior Alterations (flooring and partition walls) for a clinic in an existing commercial building (Ellerslie Retail). ""Revive Cosmetic Clinic""",Retail and Shops (510),(03) Interior Alterations,955,15000,CG,0,53.42577157623131,-113.47609752097397,,1,
2024-06-06T00:00:00.000,2024,6,2024-06-06T00:00:00.000,Commercial Final,"299, 10150 - JASPER AVENUE NW",Plan 0022666 Blk 1 Lot F,DOWNTOWN,1090,"To construct Interior Alterations (new sterilization center - cabinets, dishwasher, sink, & electrical outlets) in an existing professional office - City Centre Dental (Commerce Place)",Office Buildings (520),(03) Interior Alterations,2437,75600,CCA,0,53.5417362325468,-113.49473495391541,,1,
2024-06-06T00:00:00.000,2024,6,2024-06-06T00:00:00.000,Commercial Final,2911 - 137 AVENUE NW,Plan 0320655 Blk 150 Lot 2E,BELMONT,2070,"To construct Interior Alterations (tenant fit-up) to build a dental office in an existing commercial building (Belmont Town Center Bldg N). ""Clareview Dental""",Office Buildings (520),(03) Interior Alterations,1151.74,75000,CG,0,53.59908463233487,-113.38769550770964,,1,
2024-06-03T00:00:00.000,2024,6,2024-06-03T00:00:00.000,Commercial Final,"205, 10957 - 124 STREET NW",Condo Common Area (Plan 2320690),WESTMOUNT,3440,"To construct Interior Alterations (first tenant fit-up) for a physio clinic in an existing commercial building (124 Westmount Professional Building). ""Invicta Physio""",Office Buildings (520),(03) Interior Alterations,1886,200000,MU,0,,,,1,
2024-05-31T00:00:00.000,2024,5,2024-05-31T00:00:00.000,Commercial Final,301 - PARSONS ROAD SW,Condo Common Area (Plan 2420498),ELLERSLIE INDUSTRIAL,6214,To construct Interior Alterations (1st Tenant Fit-up) to an existing Commercial shell building. “ Parsons Road Medical ”,Office Buildings (520),(03) Interior Alterations,2895.49,150000,EIB,0,,,,1,
2024-05-30T00:00:00.000,2024,5,2024-05-30T00:00:00.000,Commercial Final,1660 - 24 STREET NW,Plan 1723002 Blk 13 Lot 1,LAUREL,6444,"To change the use from an E (Mercantile) to a D (Business and personal services), and construct Interior Alterations (1st Tenant Fit-up) to an existing Multi use building. “ Laurel - Medical & Pharmacy”",Office Buildings (520),(03) Exterior Alterations,2204,400000,"CN, RM",0,53.44582687232791,-113.37624476860887,,1,
2024-05-24T00:00:00.000,2024,5,2024-05-24T00:00:00.000,Commercial Final,11908 - JASPER AVENUE NW,Plan 1525535 Unit 2,WÎHKWÊNTÔWIN,1151,To construct Interior Alteration to an existing Care facility expansion of Pharmacy and Medical clinic to adjacent suite (11908) - - We Care Pharmacy and Clinic,Office Buildings (520),(03) Interior Alterations,1673,92000,DC2,0,53.541283668336845,-113.52724981232035,,1,
2024-05-22T00:00:00.000,2024,5,2024-05-22T00:00:00.000,Commercial Final,10042 - 116 STREET NW,Plan B3 Blk 16 Lots 5-8,WÎHKWÊNTÔWIN,1151,"To construct Interior Alterations (adding one consulting room, one staff room, and renovating an existing bathroom into a barrier-free bathroom) in an existing pharmacy. --Elmhurst Pharmacy--",Retail and Shops (510),(03) Interior Alterations,933,57000,DC2,0,53.5399830142438,-113.52183145614313,,1,
2024-05-15T00:00:00.000,2024,5,2024-05-15T00:00:00.000,Commercial Final,"184, 4211 - 106 STREET NW",Plan 8721793 Blk 37 Lot 2,RIDEAU PARK,5360,"To construct Interior Alterations (adding rooms, barrier free washroom) to an existing commercial  building ” THERAPOINTE PHYSIOTHERAPY”",Office Buildings (520),(03) Interior Alterations,2250,150000,CG,0,53.47966139833263,-113.50252236647697,,1,
2024-05-09T00:00:00.000,2024,5,2024-05-09T00:00:00.000,Commercial Final,10956 - 23 AVENUE NW,Plan 0323339 Blk 32 Lot 11,ERMINESKIN,5180,"To construct Interior Alterations to add 3 new consult/exam rooms adjacent to existing pharmacy. ""Shopper's Drug Mart 328 Century Park""",Retail and Shops (510),(03) Interior Alterations,400,10000,CG,0,53.4549900449902,-113.51225659147755,,1,
2024-05-08T00:00:00.000,2024,5,2024-05-08T00:00:00.000,Commercial Final,10537 - 169 STREET NW,Plan 9722637 Blk 2 Lot 19C,YOUNGSTOWN INDUSTRIAL,4660,"To construct Interior Alterations (Installation of Pallet Racking) to an existing general industrial use building. ""Andau Medical""","Storage Buildings, Warehouses (460)",(03) Interior Alterations,7000,13000,IM,0,53.550897748348675,-113.61222866546561,,1,
2024-05-07T00:00:00.000,2024,5,2024-05-07T00:00:00.000,Commercial Final,12242 - 107 AVENUE NW,Plan RN22 Blk 6 Lot 9,WESTMOUNT,3440,"To construct Interior Alterations (Add 3 Exam rooms and 1 barrier-free washroom) to an existing building. ""Medisense Pharmacy""",Retail and Shops (510),(03) Interior Alterations,960,40000,MU,0,53.55127855781245,-113.53363347757949,,1,
2024-05-07T00:00:00.000,2024,5,2024-05-07T00:00:00.000,Commercial Final,10425 - 79 AVENUE NW,Plan 8146ET Blk 31 Lot B,QUEEN ALEXANDRA,5330,To Change the use from a residential (2nd Floor Apartment House) and Indoor Sales and Service (Main Floor retail use) to Health Services and Construct Interior Alteration to add a Psychology Clinic. - POWER PSYCHOLOGY,Office Buildings (520),(03) Interior Alterations,2000,100000,MU,0,53.51491584212329,-113.49956081455262,,1,
2024-05-03T00:00:00.000,2024,5,2024-05-03T00:00:00.000,Commercial Final,3945 - 34 STREET NW,Plan 9720258 Unit 2,LARKSPUR,6390,"To construct Interior Alterations for 3 new exam rooms and associates' office, adjacent to existing pharmacy. ""Shopper's Drug Mart 371 Meadowbrook Village""",Retail and Shops (510),(03) Interior Alterations,400,10000,DC2,0,53.474507764139744,-113.39191799254993,,1,
2024-05-01T00:00:00.000,2024,5,2024-05-01T00:00:00.000,Commercial Final,5144 - GATEWAY BOULEVARD NW,Plan 1920849 Blk 94 Lot 1B,CALGARY TRAIL NORTH,5110,To change the use from a A2 occupancy to a D occupancy and construct Interior Alterations  (first tenant fit up) - Leah V Skincare Clinic/Medical Spa,Office Buildings (520),(03) Interior Alterations,1184.03,120000,CG,0,53.48908951969599,-113.49282216927465,,1,
2024-04-29T00:00:00.000,2024,4,2024-04-29T00:00:00.000,Commercial Final,14135 - 23 AVENUE NW,Plan 0625889 Blk 2 Lot 97B,MAGRATH HEIGHTS,5476,"To construct Interior Alterations (construction of 3 new exam rooms adjacent to existing pharmacy) to an existing Retail Building. ""Shoppers Drug Mart""",Retail and Shops (510),(03) Interior Alterations,350,100000,"CG, CG",0,53.45312262357104,-113.56287396614412,,1,
2024-04-26T00:00:00.000,2024,4,2024-04-26T00:00:00.000,Commercial Final,"302A, 8225 - 105 STREET NW",Plan I Blk 67 Lots 19-20,STRATHCONA,5480,To construct interior alterations (tenant fit-up to add a massage clinic) on the third floor of an existing office building.  -- Grace of Being Massage --,Office Buildings (520),(03) Interior Alterations,408,400,MU,0,53.51880393952399,-113.50014775634543,,1,
2024-04-18T00:00:00.000,2024,4,2024-04-18T00:00:00.000,Commercial Final,"101, 2544 - ELLWOOD DRIVE SW","Condo Common Area (Plan 0828825,1422846)",ELLERSLIE INDUSTRIAL,6214,To construct Interior Alterations (adding office and a pharmacy dispensary area ) and exterior alterations (replacing a double door with a new overhead door at the back of the property for deliveries) to an existing office building  ” BioScript Pharmacy”,Office Buildings (520),(03) Interior Alterations,1815.87,165000,EIB,0,53.43047224988873,-113.47402691992656,,1,
2024-04-11T00:00:00.000,2024,4,2024-04-11T00:00:00.000,Commercial Final,"304, 14127 - 23 AVENUE NW",Plan 0625889 Blk 2 Lot 97B,MAGRATH HEIGHTS,5476,"To construct Interior renovation (tenant improvement for adding a dental clinic) to the existing office building. ""Tower Endodontics""",Office Buildings (520),(03) Interior Alterations,2417.57,400000,"CG, CG",0,53.45312262357104,-113.56287396614412,,1,
2024-04-09T00:00:00.000,2024,4,2024-04-09T00:00:00.000,Commercial Final,"1448, 8882 - 170 STREET NW",Plan 8421891 Blk 28 Lot 5,SUMMERLEA,4520,"*WEM* To construct Interior Alterations to an existing professional office located on the main floor, Phase 3 of an existing shopping mall.  -  West Edmonton Mall Dental Centre (Unit V124, Suite 1448",Office Buildings (520),(03) Interior Alterations,1028,150000,"DC2, DC",0,53.52226979531949,-113.61830344542938,,1,
2024-04-05T00:00:00.000,2024,4,2024-04-05T00:00:00.000,Commercial Final,"1006, 11050 - 104 AVENUE NW",Plan 2121375 Blk 20 Lot 102,DOWNTOWN,1090,Interior Alteration - Renovation of a Laboratory space for an Emergency Shower.,Universities (626),(03) Interior Alterations,172.22,90000,"UI, UI, UI",0,53.547173587306375,-113.50800005876893,,1,
2024-04-04T00:00:00.000,2024,4,2024-04-04T00:00:00.000,Commercial Final,11004 - 190 STREET NW,Plan 0928382 Blk 3 Lot 25,WHITE INDUSTRIAL,4630,To construct interior alterations within an existing General Industrial/Business And Personal Services building. Add chemical storage. Engineering Services Office and Laboratory,Laboratory/Research Centres (580),(03) Interior Alterations,107.64,60000,"IM, IM, BE",0,53.55660618038631,-113.65078650154997,,1,
2024-04-03T00:00:00.000,2024,4,2024-04-03T00:00:00.000,Commercial Final,"300, 9622 - 42 AVENUE NW",Condo Common Area (Plan 2321515),STRATHCONA INDUSTRIAL PARK,6700,To construct an interior alteration (tenant fit-up to add a clinic) to the existing Professional Office Support Services Use Building.  - Dr. Haggag Sleep Apnea Clinic.,Office Buildings (520),(03) Interior Alterations,1481,35000,BE,0,,,,1,
2024-04-03T00:00:00.000,2024,4,2024-04-03T00:00:00.000,Commercial Final,15969 - 97 STREET NW,Plan 1023505 Blk 2 Lot 5A,EAUX CLAIRES,2241,To construct Interior Alterations to an existing Shoppers Drug Mart (3 new exam rooms beside existing pharmacy and construct one office) - Shoppers Drug Mart - Namao Centre,Retail and Shops (510),(03) Interior Alterations,400,100000,DC1,0,53.62037122389491,-113.49031414688041,,1,
2024-04-03T00:00:00.000,2024,4,2024-04-03T00:00:00.000,Commercial Final,13940 - 164 STREET NW,Plan 2220780 Blk 8 Lot 4,MISTATIM INDUSTRIAL,4320,"To construct Interior Alterations to an existing D occupancy (expansion of existing Veterinarian hospital (new Staff Break Room, Locker Rooms with Washrooms, expansion of Chemo and Echo Cardio, doctors offices) - Boreal Veterinarian Centre Renovation and Expansion",Animal and Plant Services (410),(03) Interior Alterations,3526.9,616000,BE,0,53.601427750477654,-113.60553552840342,,1,
2024-03-21T00:00:00.000,2024,3,2024-03-21T00:00:00.000,Commercial Final,7471 - 101 AVENUE NW,Plan 6083KS Blk 14A Lot 32,TERRACE HEIGHTS,6730,"To construct Interior Alterations (tenant fit-up) to add a clinic and pharmacy to an existing retail building. ""Asperia Medical Clinic""",Office Buildings (520),(03) Interior Alterations,4172,400000,MU,0,53.54070581963863,-113.4421937527694,,1,
2024-03-20T00:00:00.000,2024,3,2024-03-20T00:00:00.000,Commercial Final,"204, 511 - MISTATIM WAY NW",Condo Common Area (Plan 2322577),MISTATIM INDUSTRIAL,4320,To construct Interior Alterations (first tenant fit-up in suite 204 and 205) in the second floor of an existing commercial building. (building B) --Crown Dental--,"Malls, Office/Retail (512)",(03) Interior Alterations,2787.85,114000,CB,0,53.6014626458582,-113.58151040802774,,1,
2024-03-19T00:00:00.000,2024,3,2024-03-19T00:00:00.000,Commercial Final,9764 - 170 STREET NW,Plan 0123668 Blk 41 Lot 2A,TERRA LOSA,4540,To complete a Change Of Use (E to D occupancy) and construct Interior Alterations (fit-up for new physiotherapy tenant).  - Lifemark Terra Losa,Office Buildings (520),(03) Interior Alterations,2478,214463,DC1,0,53.533736725222454,-113.61738985207182,,1,
2024-03-14T00:00:00.000,2024,3,2024-03-14T00:00:00.000,Commercial Final,12955 - 153 AVENUE NW,Plan 0625614 Blk 16 Lot 4,CUMBERLAND,3150,To construct Interior Alterations (To construct 2 new consultation rooms adjacent to existing pharmacy for pharmacy care clinic.) to an existing retail building   ” Shoppers Drug Mart”,Retail and Shops (510),(03) Interior Alterations,605,100000,CG,0,53.61598664852212,-113.54281974701588,,1,
2024-03-07T00:00:00.000,2024,3,2024-03-07T00:00:00.000,Commercial Final,3820 - 137 AVENUE NW,Plan 0224472 Blk 2 Lot 2,CLAREVIEW TOWN CENTRE,2145,To construct Interior Alterations in an existing commercial floor space.   FRASER PHYSIOTHERAPY,Office Buildings (520),(03) Interior Alterations,1804,135000,DC2,0,53.59975002853846,-113.40153525077916,,1,
2024-03-05T00:00:00.000,2024,3,2024-03-05T00:00:00.000,Commercial Final,924 - 91 STREET SW,Plan 0728307 Blk 1 Lot 7,ELLERSLIE INDUSTRIAL,6214,To construct Interior Alterations (2 new consultation rooms) adjacent to the existing pharmacy for the pharmacy care clinic within the existing building.  --  ”Shoppers Drug Mart”,Retail and Shops (510),(03) Interior Alterations,558,100000,CG,0,53.42374446733324,-113.47574499463987,,1,
2024-03-01T00:00:00.000,2024,3,2024-03-01T00:00:00.000,Commercial Final,10240 - KINGSWAY NW,Plan 1619KS Blk 2 Lot 313,CENTRAL MCDOUGALL,1030,To construct Interior Alteration. Replace existing medical vacuum unit. Royal Alex Hospital,Hospitals (640),(03) Interior Alterations,1076.39,15300,UF,0,53.55760216865118,-113.49789451827795,,1,
2024-02-28T00:00:00.000,2024,2,2024-02-28T00:00:00.000,Commercial Final,14007 - 50 STREET NW,Plan 9724257 Blk 6 Lot 1,MILLER,2541,"To construct exterior alterations (Replacing roofing, RTU, and skylight) and interior alterations (Replacing structural beams) in an existing medical building - Alberta Health Services, North East Health Centre.",Hospitals (640),(03) Interior Alterations,23142.39,1600000,UF,0,53.60408005275823,-113.41732568420079,,1,
2024-02-27T00:00:00.000,2024,2,2024-02-27T00:00:00.000,Commercial Final,5205 - 167 AVENUE NW,Plan 0829853 Blk 63 Lot 101,HOLLICK-KENYON,2340,To change the use of A to E and construct Interior Alteration (remove demising wall to combine two suites and NEW tenant fit up) - (Optical retailer with on-site Optometrist - Specsavers),Retail and Shops (510),(03) Interior Alterations,2222,350000,CG,0,53.627787039299456,-113.4148400301402,,1,
2024-02-27T00:00:00.000,2024,2,2024-02-27T00:00:00.000,Commercial Final,7910 - 112 AVENUE NW,Plan 0722966 Blk 14 Lot 29,CROMDALE,1070,To construct Interior Alterations fire alarm panel replacement  - East Edmonton Health Centre,Office Buildings (520),(03) Interior Alterations,10000,42242,UF,0,53.562011168423574,-113.46326893737826,,1,
2024-02-27T00:00:00.000,2024,2,2024-02-27T00:00:00.000,Commercial Final,10240 - KINGSWAY NW,Plan 1619KS Blk 2 Lot 313,CENTRAL MCDOUGALL,1030,"To complete Interior Alterations (construct alterations to existing suites between the Robbins Centre and OSC Clinic), located in the Royal Alexander Hospital. (Intergrated OR Upgrade)",Hospitals (640),(03) Interior Alterations,26909.75,585000,UF,0,53.55760216865118,-113.49789451827795,,1,
2024-02-26T00:00:00.000,2024,2,2024-02-26T00:00:00.000,Commercial Final,10410 - 111 AVENUE NW,Plan 9720909 Blk 2,SPRUCE AVENUE,1230,"To construct Interior Alterations (Upgrading Elevator, Electrical and Mechanical for the Elevator ) to an existing medical building  ” Capital Care”","Clinics, Health Units (642)",(03) Interior Alterations,4456.25,429700,DC2,0,53.55997890976465,-113.49831117751481,,1,
2024-02-26T00:00:00.000,2024,2,2024-02-26T00:00:00.000,Commercial Final,1059 - PARSONS ROAD SW,Plan 2222522 Unit 8,ELLERSLIE INDUSTRIAL,6214,To construct Interior Alterations new second floor and complete tenant fit up to an existing building.  “Physiotherapy Clinic”,Office Buildings (520),(03) Interior Alterations,3229.17,100000,CG,0,,,,1,
2024-02-23T00:00:00.000,2024,2,2024-02-23T00:00:00.000,Commercial Final,"101, 10024 - 82 AVENUE NW",Plan I Blk 70 Lot 10,STRATHCONA,5480,To construct Interior Alterations for medical clinic with pharmacy,Office Buildings (520),(03) Interior Alterations,2676.28,100000,MU,0,53.51837607004267,-113.48969301535384,,1,
2024-02-20T00:00:00.000,2024,2,2024-02-20T00:00:00.000,Commercial Final,1087 - PARSONS ROAD SW,Plan 2222522 Unit 8,ELLERSLIE INDUSTRIAL,6214,To construct Interior Alterations (Tenant fit-up with the addition of a second floor) to an existing building. --Tabani Medical Clinic--,Office Buildings (520),(03) Interior Alterations,3600,430000,CG,0,,,,1,
2024-02-16T00:00:00.000,2024,2,2024-02-16T00:00:00.000,Commercial Final,"1, 115 - KINGLET BOULEVARD NW",Plan 2220074 Blk 1 Lot 1,KINGLET GARDENS,4477,To construct Interior Alterations (1st Tenant Fit-up) to an existing Commercial building.   ” Big Lake Dental”,Office Buildings (520),(03) Interior Alterations,2454.17,125000,CG,0,53.57392232677525,-113.69043705406246,,1,
2024-02-14T00:00:00.000,2024,2,2024-02-14T00:00:00.000,Commercial Final,1307 - 170 STREET SW,Plan 2222330 Blk 5 Lot 26,WINDERMERE,5570,To construct Interior Alteration 3 new exam rooms/consultation rooms for the existing pharmacy care clinic  - Shoppers Drug Mart.,Retail and Shops (510),(03) Interior Alterations,400,100000,CG,0,53.42217360910228,-113.61865515286038,,1,
2024-02-02T00:00:00.000,2024,2,2024-02-02T00:00:00.000,Commercial Final,244 - 91 STREET SW,Plan 1122206 Unit 2,ELLERSLIE INDUSTRIAL,6214,Construct interior alterations to add a tenant fit-up (pharmacy) within the existing commercial building. - Shepherd Pharmacy Clinic.,Office Buildings (520),(03) Interior Alterations,1240,61000,CG,0,53.43149009293773,-113.46934586751709,,1,
2024-02-01T00:00:00.000,2024,2,2024-02-01T00:00:00.000,Commercial Final,11120 - ELLERSLIE ROAD SW,Plan 0227247 Blk 6 Lot 111,MACEWAN,5452,To construct Interior Alterations (construct 2 consultations rooms) in an existing retail (pharmacy) tenant space. - Shoppers Drug Mart,Retail and Shops (510),(03) Interior Alterations,215.28,150000,CG,0,53.42587220717657,-113.51857523193222,,1,
2024-01-25T00:00:00.000,2024,1,2024-01-25T00:00:00.000,Commercial Final,421 - MISTATIM WAY NW,Condo Common Area (Plan 2120827),MISTATIM INDUSTRIAL,4320,To change the use from Child Care Service (A2) to Health Service (D) and to construct interior alterations for a children's dental clinic.,Office Buildings (520),(03) Interior Alterations,4337.85,175000,"CB, CB",0,53.600081877599024,-113.58101376321923,,1,
2024-01-24T00:00:00.000,2024,1,2024-01-24T00:00:00.000,Commercial Final,16534 - 118 AVENUE NW,Condo Common Area (Plan 1525451),CARLETON SQUARE INDUSTRIAL,4100,"To construct Interior Alterations to an existing Professional, Financial and Office Support Service building. Initial tenant fitup. Medical clinic with pharmacy. ""Solis Medical Clinic""",Office Buildings (520),(03) Interior Alterations,2800,125000,BE,0,53.57128299283887,-113.60700733469722,,1,
2024-01-17T00:00:00.000,2024,1,2024-01-17T00:00:00.000,Commercial Final,10638 - ELLERSLIE ROAD SW,Plan 8121064 Lot 2,RICHFORD,5451,To construct Interior Alteration to add a personal service (Physiotherapy and Wellness Centre) to add to an existing commercial building. - Physiotherapy,Office Buildings (520),(03) Interior Alterations,1384,125000,CN,0,53.425396559309384,-113.50313713812575,,1,
2024-01-16T00:00:00.000,2024,1,2024-01-16T00:00:00.000,Commercial Final,12115 - 107 AVENUE NW,Plan 0023206 Blk 2 Lot 2A,WESTMOUNT,3440,To change the use from Religious Assembly to Office use and construct Interior Alteration (tenant fit-up to add an Admin Office for Respiratory Medical Testing Lab),Office Buildings (520),(03) Interior Alterations,1786.81,67100,MU,0,53.55071779278908,-113.53200326364265,,1,
2024-01-16T00:00:00.000,2024,1,2024-01-16T00:00:00.000,Commercial Final,"206, 316 - WINDERMERE ROAD NW",Plan 1620168 Unit 283,WINDERMERE,5570,To construct Interior Alteration to an existing dentist office. --Wow Dental--,Office Buildings (520),(03) Interior Alterations,1216,51000,DC2,0,53.44039936260221,-113.618785936005,,1,
2024-01-15T00:00:00.000,2024,1,2024-01-15T00:00:00.000,Commercial Final,"2082, 9499 - 137 AVENUE NW",Plan 6594MC Blk 27,GLENGARRY,2290,Interior Alteration - Tenant fit-up for a dental office.,Office Buildings (520),(03) Interior Alterations,3089.24,75000,CG,0,53.598024713974645,-113.48825002916695,,1,
2024-01-05T00:00:00.000,2024,1,2024-01-05T00:00:00.000,Commercial Final,13815 - 164 STREET NW,Plan 1922174 Blk 9 Lot 2,MISTATIM INDUSTRIAL,4320,"To change the use from General Industrial(F2) use to an Animal Hospital and Shelter(D) (dog boarding, day care and spa) and construct intitial tenant fit up in a new building. - Dogtopia",Animal and Plant Services (410),(03) Interior Alterations,5021,500000,BE,0,53.60105759761764,-113.60350881775143,,1,
2024-01-03T00:00:00.000,2024,1,2024-01-03T00:00:00.000,Commercial Final,"205, 6830 - ELLERSLIE ROAD SW",Plan 2320638 Blk 1 Lot 11,ELLERSLIE,6211,To construct Interior Alterations (initial tenant fit-up) in a existing E mercantile building --Ellerslie Dental--,Office Buildings (520),(03) Interior Alterations,2090.35,250000,DC2,0,53.4258427347943,-113.44608948541536,,1,
2023-12-21T00:00:00.000,2023,12,2023-12-21T00:00:00.000,Commercial Final,"210, 596 - RIVERBEND SQUARE NW",Plan 9023003 Blk 101 Lot 35,FALCONER HEIGHTS,5190,To construct Interior Alterations (adding a Dental office) to an existing building  ” Riverbend Square Dental ”,Office Buildings (520),(03) Interior Alterations,4789.94,150000,DC2,0,53.46881322308258,-113.58806760934745,,1,
2023-12-21T00:00:00.000,2023,12,2023-12-21T00:00:00.000,Commercial Final,10716 - 142 STREET NW,Plan 2599KS Blk 12 Lot 1,MCQUEEN,3300,"To construct Interior Alterations (Add new wall partitions,  new HVAC, plumbing and electrical to suite) to an existing suite. ""Glenora Circle Dental""",Office Buildings (520),(03) Interior Alterations,1950,475000,DC2,0,53.551723021064596,-113.56686384033243,,1,
2023-12-08T00:00:00.000,2023,12,2023-12-08T00:00:00.000,Commercial Final,"104, 5083 - WINDERMERE BOULEVARD SW",Plan 0621857 Blk 1 Lot 1,AMBLESIDE,5505,To construct Interior Alterations (adding a compound room) to an existing pharmacy   ” UPharmacy”,Retail and Shops (510),(03) Interior Alterations,258.33,20000,DC2,0,53.43267394610141,-113.59206505263433,,1,
2023-12-06T00:00:00.000,2023,12,2023-12-06T00:00:00.000,Commercial Final,9966 - 170 STREET NW,Plan 8921956 Lot A,PLACE LARUE,4400,To change the use from a Mercantile to a Business and Personal Services Occupancy (Veterinary Services) and to construct interior alterations for expansion of Edmonton West Animal Hospital,Animal and Plant Services (410),(03) Interior Alterations,2800,150000,DC2,0,53.538634402441865,-113.6158583112925,,1,
2023-12-05T00:00:00.000,2023,12,2023-12-05T00:00:00.000,Commercial Final,12405 - 107 AVENUE NW,Plan RN22 Blk 29 Lots 19-20,WESTMOUNT,3440,To construct Interior Alterations for a clinic with pharmacy. PRO CARE PHARMACY WESTMOUNT,Office Buildings (520),(03) Interior Alterations,2936,80000,MU,0,53.55071616531463,-113.53641458018454,,1,
2023-12-04T00:00:00.000,2023,12,2023-12-04T00:00:00.000,Commercial Final,7910 - 112 AVENUE NW,Plan 0722966 Blk 14 Lot 29,CROMDALE,1070,To Repair the parking structure in an existing commercial building - East Edmonton Health Centre.,Office Buildings (520),(03) Interior Alterations,602.78,159500,UF,0,53.562011168423574,-113.46326893737826,,1,
2023-11-24T00:00:00.000,2023,11,2023-11-24T00:00:00.000,Commercial Final,14310 - 111 AVENUE NW,Plan 7820954 Blk 1 Lot 4A,HUFF BREMNER ESTATE INDUSTRIAL,3230,To construct Interior Alteration within an existing space at Kingsway Oral Surgery clinic.,"Clinics, Health Units (642)",(03) Interior Alterations,1969.79,750000,BE,0,53.559331797582644,-113.56850163246031,,1,
2023-11-23T00:00:00.000,2023,11,2023-11-23T00:00:00.000,Commercial Final,10708 - 120 STREET NW,Plan 9223242 Blk 20 Lot 1,QUEEN MARY PARK,1180,To construct Interior Alteration (add a dental office) within the existing commercial building. - Manchester Dental,Office Buildings (520),(03) Interior Alterations,2604.86,650000,DC2,0,53.55139151725954,-113.52989674211774,,1,
2023-11-20T00:00:00.000,2023,11,2023-11-20T00:00:00.000,Commercial Final,5302 - ADMIRAL GIROUARD STREET NW,Condo Common Area (Plan 2321252),GRIESBACH,3111,Interior Alteration - Interior Fit Up. Movenetics Physiotherapy.,Office Buildings (520),(03) Interior Alterations,5168.82,300000,,0,,,,1,
2023-11-10T00:00:00.000,2023,11,2023-11-10T00:00:00.000,Commercial Final,6418 - CARTMELL PLACE SW,Condo Common Area (Plan 2021101),CHAPPELLE AREA,5462,"To construct Interior Alterations (1st Tenant Fit-up for a medical clinic, 1 hour demising wall on grid line 5) - Famicare Medical Clinic.",Office Buildings (520),(03) Interior Alterations,1593.06,105000,"CG, CG",0,53.39722208056189,-113.57013785766969,,1,
2023-10-30T00:00:00.000,2023,10,2023-10-30T00:00:00.000,Commercial Final,4073 - 106 STREET NW,Plan 0023297 Unit 1,RIDEAU PARK,5360,To construct Interior Alteration for Belief Pharmacy & Clinic- Work Started without a permit,Office Buildings (520),(03) Interior Alterations,2800,250000,CG,0,53.477731297613936,-113.50362224631611,,1,
2023-10-17T00:00:00.000,2023,10,2023-10-17T00:00:00.000,Commercial Final,"10, 13750 - 50 STREET NW",Plan 0520351 Unit 4,CLAREVIEW TOWN CENTRE,2145,"To Construct Interior Alterations ( First Tenant Fit-up) --""Clareview Dental""--",Office Buildings (520),(03) Interior Alterations,1869.69,200000,CG,0,53.59856435355639,-113.41449308163573,,1,
2023-10-13T00:00:00.000,2023,10,2023-10-13T00:00:00.000,Commercial Final,5811 - 132 AVENUE NW,Plan 4800KS Blk 41,BELVEDERE,2080,"To change the use from A2 to D and to construct Interior Alterations - Tenant fit up for ""Fort Road Dental"". *1Hr demising wall*",Office Buildings (520),(03) Interior Alterations,1245,150000,MU,0,53.59193152927932,-113.43173919270119,,1,
2023-10-12T00:00:00.000,2023,10,2023-10-12T00:00:00.000,Commercial Final,2460 - GUARDIAN ROAD NW,Plan 0620602 Blk 14 Lot 12,GLASTONBURY,4720,to Construct Interior Alteration for an imaging clinic within an existing free standing building. Insight Medical Imaging (IMI),"Clinics, Health Units (642)",(03) Interior Alterations,5700,750000,CG,0,53.50956716537868,-113.6753524537228,,1,
2023-10-11T00:00:00.000,2023,10,2023-10-11T00:00:00.000,Commercial Final,6290 - 199 STREET NW,Plan 0125798 Blk 8 Lot 85,GLASTONBURY,4720,To construct Interior Alteration (2 new consultation rooms/exam rooms for pharmacist-led clinic). - SDM 2440 Hampton Market,Retail and Shops (510),(03) Interior Alterations,400,100000,CG,0,53.49504568220285,-113.66715203459717,,1,
2023-09-29T00:00:00.000,2023,9,2023-09-29T00:00:00.000,Commercial Final,10650 - ELLERSLIE ROAD SW,Plan 8121064 Lot 2,RICHFORD,5451,Interior Alteration - Qurely Medical and Pharmacy.,Office Buildings (520),(03) Interior Alterations,4757.64,150000,CN,0,53.425396559309384,-113.50313713812575,,1,
2023-09-28T00:00:00.000,2023,9,2023-09-28T00:00:00.000,Commercial Final,14247 - 23 AVENUE NW,Plan 0220792 Blk 70 Lot 89,TERWILLEGAR TOWNE,5640,To construct Interior Alteration to an existing tenant suite for upgrading (Waiting Area - Dental Offices (1) - Open Hygiene / Ops (5) - Sterilization and Wet Lab - Panoramic X-Ray area - W/C (1) - 1hr. Rated Mech. Room -) - Terwillegar Dental.,Office Buildings (520),(03) Interior Alterations,1757.96,230500,CG,0,53.453378009062284,-113.56712883286174,,1,
2023-09-26T00:00:00.000,2023,9,2023-09-26T00:00:00.000,Commercial Final,4974 - 98 AVENUE NW,Plan 8222786 Blk 7 Lot 1,EASTGATE BUSINESS PARK,6180,"To construct Interior Alterations, Tenant fit up for new retail pharmacy --""Drug Mart Pharmacy""--",Retail and Shops (510),(03) Interior Alterations,1450,30000,CG,0,53.53795494444357,-113.41620033488302,,1,
2023-09-22T00:00:00.000,2023,9,2023-09-22T00:00:00.000,Commercial Final,10240 - KINGSWAY NW,Plan 1619KS Blk 2 Lot 313,CENTRAL MCDOUGALL,1030,"To construct Interior Alterations  in Royal Alexandra Hospital. Renovations to existing ICU Rooms  (Rm 3012.4, Rm 3006-19 & Rm 3006-19.1.) and Storage Room 3006. No alterations to the existing medical gas system.",Hospitals (640),(03) Interior Alterations,1260,235000,UF,0,53.55760216865118,-113.49789451827795,,1,
2023-09-21T00:00:00.000,2023,9,2023-09-21T00:00:00.000,Commercial Final,8117 - 102 STREET NW,Plan I Blk 60 Lots 26-28,RITCHIE,6610,To construct Interior Alteration tenant fit up pharmacy- Health Plus IDA,Retail and Shops (510),(03) Interior Alterations,,65000,DC1,0,53.51735059775051,-113.49340404564833,,1,
2023-09-19T00:00:00.000,2023,9,2023-09-19T00:00:00.000,Commercial Final,2350 - 24 STREET NW,Plan 0424871 Blk 28 Lot 1,SILVER BERRY,6442,To construct Interior Alterations in an existing Shoppers Drug Mart - New consultation/exam rooms in an existing pharmacy area.,Retail and Shops (510),(03) Interior Alterations,400,100000,CG,0,53.45496143898032,-113.37961979488291,,1,
2023-09-18T00:00:00.000,2023,9,2023-09-18T00:00:00.000,Commercial Final,10700 - 104 AVENUE NW,Plan 2121375 Blk 20 Lot 102,DOWNTOWN,1090,"To Construct Interior Alteration (Classroom 5-324 and 5-322  to be converted into Earth and Sciences Teach Lab, Preparation area and students space) -  MacEwan Level 3 Building 5 Earth and Sciences Laboratory Renovation",Universities (626),(03) Interior Alterations,2529.52,1000000,"UI, UI, UI",0,53.547173587306375,-113.50800005876893,,1,
2023-09-14T00:00:00.000,2023,9,2023-09-14T00:00:00.000,Commercial Final,11204 - 119 STREET NW,Plan 9222114 Blk 192 Lot 1,PRINCE RUPERT,1170,"To construct Interior Alteration for Animal care to an existing industrial building --"" Tailz Services Inc "" --",Animal and Plant Services (410),(03) Interior Alterations,15058.7,350000,BE,0,53.560967813025655,-113.5274896656484,,1,
2023-09-14T00:00:00.000,2023,9,2023-09-14T00:00:00.000,Commercial Final,10705 - 109 STREET NW,Plan 3942MC Blk 8 Lot 179,CENTRAL MCDOUGALL,1030,To construct interior alterations for a new pharmacy,Retail and Shops (510),(03) Interior Alterations,946,36000,MU,0,53.55172553325079,-113.50787383624771,,1,
2023-08-28T00:00:00.000,2023,8,2023-08-28T00:00:00.000,Commercial Final,751 - DANIELS WAY SW,Condo Common Area (Plan 2421097),DESROCHERS AREA,5463,To construct Interior Alteration to an existing mixed use building. New dental office (first tenant fit-up),Office Buildings (520),(03) Interior Alterations,1969,237500,DC1,0,53.39984557354596,-113.5423558391732,,1,
2023-08-18T00:00:00.000,2023,8,2023-08-18T00:00:00.000,Commercial Final,"165, 1 - KINGSWAY GARDEN MALL NW",Plan 1620578 Blk 7 Lot 277,SPRUCE AVENUE,1230,To complete Interior Alterations for a optical store and Optometry clinic within a shopping mall. **Oscar Wylee **,Retail and Shops (510),(03) Interior Alterations,900.94,225000,"CG, CG",0,53.562302531374925,-113.50555408299405,,1,
2023-08-17T00:00:00.000,2023,8,2023-08-17T00:00:00.000,Commercial Final,704 - TAMARACK WAY NW,Plan 1420502 Blk 13 Lot 3,TAMARACK,6443,To complete Interior Alterations (initial tenant fit-up) for a dental office in an existing commercial building (Tamarack Building 2).- Tamarack Pointe Dental  MAX 10 PERSONS,Office Buildings (520),(03) Interior Alterations,1267.88,250000,DC1,0,53.477545637645264,-113.36613806930545,,1,
2023-08-08T00:00:00.000,2023,8,2023-08-08T00:00:00.000,Commercial Final,11815 - 114 AVENUE NW,Plan 9423352 Blk 18A Lot A,PRINCE RUPERT,1170,To construct interior alteration for a Massage Clinic - Bhakti Massage.,Office Buildings (520),(03) Interior Alterations,1020,80000,CN,0,53.56394097315258,-113.52629403473031,,1,
2023-08-08T00:00:00.000,2023,8,2023-08-08T00:00:00.000,Commercial Final,"1052, 8882 - 170 STREET NW",Plan 8421891 Blk 28 Lot 5,SUMMERLEA,4520,"*WEM*  To construct Interior Alterations in an existing shopping centre commercial floor space. Combining existing tenant spaces on Levels 1 and 2 into a single, two-level tenant space.  - Main Level: Unit A100 (1052);  Level 1 of the tenant space contains two ice surfaces, a storage room housing an electric Ice Resurfacer, change and locker rooms, training and gym areas, a media room, and retail space. - Second Level: Unit A200 (2052);  Level 2 of the tenant space contains office space, lounges, retail space, and physiotherapy treatment areas. Units A100 & A200 (1052 & 2052)  Hockeyology","Malls, Office/Retail (512)",(03) Interior Alterations,25348.98,4000000,"DC2, DC",0,53.52226979531949,-113.61830344542938,,1,
2023-08-03T00:00:00.000,2023,8,2023-08-03T00:00:00.000,Commercial Final,"14, 9977 - 178 STREET NW",Plan 9723089 Blk 1 Lot 1,TERRA LOSA,4540,"To construct Interior Alteration - Construct new reception, office and treatment areas, staff area, BF washroom - Focus Physiotherapy",Office Buildings (520),(03) Interior Alterations,1166.81,75000,DC2,0,53.53707352602027,-113.62564998865975,,1,
2023-08-01T00:00:00.000,2023,8,2023-08-01T00:00:00.000,Commercial Final,"201, 1524 - 91 STREET SW",Condo Common Area (Plan 1623793),ELLERSLIE INDUSTRIAL,6214,To construct Interior Alterations and to change the use from Indoor Participant Recreation Service (Yoga Studios - Group A2) to Counselling Service (Psychology Clinic/ Offices - Group D) - Empowered U.,Office Buildings (520),(03) Interior Alterations,1496.18,25000,EIB,0,53.419018910290404,-113.47947171648173,,1,
2023-07-27T00:00:00.000,2023,7,2023-07-27T00:00:00.000,Commercial Final,5970 - MULLEN WAY NW,Plan 0729861 Blk 19 Lot 1,MACTAGGART,5477,Interior Alteration - To construct 2 new exam /consultation rooms in existing store adjacent to existing pharmacy.,Retail and Shops (510),(03) Interior Alterations,400,100000,CG,0,53.43513329642549,-113.57248396632032,,1,
2023-07-24T00:00:00.000,2023,7,2023-07-24T00:00:00.000,Commercial Final,16759 - 127 STREET NW,Plan 1321434 Blk 1 Lot 2,RAPPERSWILL,3370,"To construct Interior Alteration for adding a vet clinic in an existing commercial building. --""Newcastle Vet Clinic""--",Animal and Plant Services (410),(03) Interior Alterations,2945,250000,CG,0,53.630563750709285,-113.53950597976217,,1,
2023-07-13T00:00:00.000,2023,7,2023-07-13T00:00:00.000,Commercial Final,"210, 6830 - ELLERSLIE ROAD SW",Plan 2320638 Blk 1 Lot 11,ELLERSLIE,6211,"To complete Interior Alterations (construct partition walls and initial tenant fit-up) for a dental office, located on the 2nd floor of a multi use building.  - Ivory Denture Clinic",Office Buildings (520),(03) Interior Alterations,1087.15,75000,DC2,0,53.4258427347943,-113.44608948541536,,1,
2023-07-11T00:00:00.000,2023,7,2023-07-11T00:00:00.000,Commercial Final,250 - WATT COMMON SW,Plan 1422177 Blk 30 Lot 5,WALKER,6662,To construct Interior Alterations to add three new consultation/exam rooms for a pharmacist-led clinic in the existing pharmacy.,Retail and Shops (510),(03) Interior Alterations,400,100000,DC1,0,53.42258243315244,-113.42369104695646,,1,
2023-07-11T00:00:00.000,2023,7,2023-07-11T00:00:00.000,Commercial Final,5340 - ADMIRAL GIROUARD STREET NW,Condo Common Area (Plan 2321252),GRIESBACH,3111,"To construct Exterior Alteration (add/relocate exterior doors) and Interior Alteration. - ""Jewel Medical Clinic and Pharmacy"" (Fire alarm(voluntary) No sprinkler system)",Office Buildings (520),(03) Interior Alterations,4061,300000,CB2,0,,,,1,
2023-07-11T00:00:00.000,2023,7,2023-07-11T00:00:00.000,Commercial Final,5280 - ELLERSLIE ROAD SW,Plan 1921651 Blk 22 Lot 137,CHARLESWORTH,6661,"To complete Interior Alterations (construct 1st Tenant fit up) for a massage clinic, located in an existing mixed use building (Harvest Hills Building 10).  - Massage Addict #2",Office Buildings (520),(03) Interior Alterations,1877,150000,DC1,0,53.425667963267564,-113.42279904528425,,1,
2023-07-11T00:00:00.000,2023,7,2023-07-11T00:00:00.000,Commercial Final,10118 - 158 STREET NW,Plan 1924AM Blk 3 Lot 1,BRITANNIA YOUNGSTOWN,4060,To complete change of use (from F2 to D). To construct exterior alterations (remove overhead doors and infill with concrete blocks or install new window) and interior alterations for a physio and massage Clinic. One new RTU,Office Buildings (520),(03) Exterior Alterations,6666.73,180000,RM,0,53.54192002518575,-113.59435510767649,,1,
2023-07-07T00:00:00.000,2023,7,2023-07-07T00:00:00.000,Commercial Final,14007 - 50 STREET NW,Plan 9724257 Blk 6 Lot 1,MILLER,2541,"To construct Exterior and Interior Alterations to an extended medical treatment facility (Parking lot Renovation: including Barrier Free Stalls, Curb Transition, electrical work, and a new cast-in-place concrete retaining wall supported on concrete friction piles separate a new parking area from the loading dock ramp) --""North East Community Health Centre Parking Lot Renovation and Repair""--","Clinics, Health Units (642)",(03) Exterior Alterations,83791.9,1895000,UF,0,53.60408005275823,-113.41732568420079,,1,
2023-07-07T00:00:00.000,2023,7,2023-07-07T00:00:00.000,Commercial Final,8305 - WAGNER ROAD NW,Plan 3680RS Blk 17 Lot 6A,DAVIES INDUSTRIAL WEST,6170,"To complete a Change the Use (General Industrial Use ""F2"" to an Animal Hospital/shelter ""D"") and complete interior alterations (tenant fit-up), located in a mixed use commercial building (Wagner Plaza) - The Happy Hound Spray & Play",Animal and Plant Services (410),(03) Interior Alterations,8518.01,450000,BE,0,53.496239633601455,-113.45360092711073,,1,
2023-07-06T00:00:00.000,2023,7,2023-07-06T00:00:00.000,Commercial Final,"192, 1 - KINGSWAY GARDEN MALL NW",Plan 1620578 Blk 7 Lot 277,SPRUCE AVENUE,1230,To construct Interior Alteration to an existing pharmacy located in Kingsway Garden Mall.,Retail and Shops (510),(03) Interior Alterations,400,100000,"CG, CG",0,53.562302531374925,-113.50555408299405,,1,
2023-07-05T00:00:00.000,2023,7,2023-07-05T00:00:00.000,Commercial Final,136 - CHARLESWORTH DRIVE SW,Plan 1922728 Blk 11 Lot 204,CHARLESWORTH,6661,Initial tenant fit up. PROPOSED HILLS PHYSIO & HEALTH CLINIC,Office Buildings (520),(03) Interior Alterations,2011,190000,CN,0,53.430826884965555,-113.39459960317997,,1,
2023-07-04T00:00:00.000,2023,7,2023-07-04T00:00:00.000,Commercial Final,"9, 9228 - 144 AVENUE NW",Plan 2547RS Blk 35 Lot 3,EVANSDALE,2260,"To change the use from A2 to D, and to construct Interior Alterations for a joint health clinic in an existing commercial building (1 new RTU, 2 BF washrooms,  3 BF medical rooms) - MediCentre & Prime Health Physio.",Office Buildings (520),(03) Interior Alterations,2293.69,295000,MUN,0,53.606677358789334,-113.48277194458525,,1,
2023-06-27T00:00:00.000,2023,6,2023-06-27T00:00:00.000,Commercial Final,11402 - UNIVERSITY AVENUE NW,Plan 8821049 Blk Q,UNIVERSITY OF ALBERTA,5520,To construct Interior Alterations to an existing medical office use building. Level 1 lobby area only- Aberhart Centre.,Office Buildings (520),(03) Interior Alterations,,10000,AJ,0,53.51801231630468,-113.52747729448646,,1,
2023-06-27T00:00:00.000,2023,6,2023-06-27T00:00:00.000,Commercial Final,11400 - UNIVERSITY AVENUE NW,Plan 8821049 Blk Q,UNIVERSITY OF ALBERTA,5520,To construct Interior Alterations to an existing medical office. LEVEL 2 and 6 Kaye Edmonton Clinic (KEC),"Clinics, Health Units (642)",(03) Interior Alterations,,10000,AJ,0,53.52072150232498,-113.52321909208756,,1,
2023-06-20T00:00:00.000,2023,6,2023-06-20T00:00:00.000,Commercial Final,"176, 1 - BONNIE DOON SHOPPING CENTRE NW","Plan 2224KS Blk 3 Lots A,B,C",BONNIE DOON,6040,"To construct interior alterations (Tenant fit-up for adding an optical retail shop/optometrist office)  to an existing Bonnie Doon Shopping Centre. --""Specsavers""--",Retail and Shops (510),(03) Interior Alterations,1559,320000,DC2,0,53.52087736509482,-113.45687538069774,,1,
2023-06-19T00:00:00.000,2023,6,2023-06-19T00:00:00.000,Commercial Final,12852 - 97 STREET NW,Condo Common Area (Plan 2221739),LAUDERDALE,3260,"To complete Interior Alteration (tenant fit-up) in an existing mixed-use building--""ICARE Pharmacy.""",Retail and Shops (510),(03) Interior Alterations,1124.83,80000,CSC,0,,,,1,
2023-06-16T00:00:00.000,2023,6,2023-06-16T00:00:00.000,Commercial Final,17230 - 95 AVENUE NW,Plan 9023262 Blk 2 Lot 13,TERRA LOSA,4540,To construct Interior Alterations in an existing professional floor space.  Wolf Willow Medical.,Office Buildings (520),(03) Interior Alterations,2949.31,260000,DC2,0,53.53198932203602,-113.62013568215106,,1,
2023-06-15T00:00:00.000,2023,6,2023-06-15T00:00:00.000,Commercial Final,"304, 11611 - 107 AVENUE NW",Plan 1823047 Unit 1,QUEEN MARY PARK,1180,"To construct Interior Alteration. First Tenant fit-up. ""Vibe Foot Clinic""",Office Buildings (520),(03) Interior Alterations,2658.68,175000,"DC1, DC1, DC",0,53.551093693640254,-113.52173356734052,,1,
2023-06-14T00:00:00.000,2023,6,2023-06-14T00:00:00.000,Commercial Final,5821 - 87A STREET NW,Plan 8121461 Blk 10 Lot 19,DAVIES INDUSTRIAL WEST,6170,"To change the use from a general industrial (F2) to an office and laboratory (D & F2) and complete Interior Alterations including a mezzanine in laboratory area. - ISED (Innovation, Science & Economic Development Canada)",Laboratory/Research Centres (580),(03) Interior Alterations,5220,756000,IM,0,53.494576008732835,-113.46018093199976,,1,
2023-06-14T00:00:00.000,2023,6,2023-06-14T00:00:00.000,Commercial Final,10040 - 164 STREET NW,Plan 9723193 Unit 4,GLENWOOD,4180,"To construct Interior Alterations ( to demise the east side from the west side with 2 wall sections 17 feet long and another 5 feet long, and to Change of Use from E Mercantile to D Personal Services. Tulip garden will be on the east side and  to operate a Personal Service Shop max. 10 people) --""TULIP GARDEN HEALTH CENTRE""--. West side vacant.",Retail and Shops (510),(03) Interior Alterations,500,600,DC2,0,53.54003680155395,-113.60534915183113,,1,
2023-06-14T00:00:00.000,2023,6,2023-06-14T00:00:00.000,Commercial Final,8215 - 102 STREET NW,Plan I Blk 69 Lots 1-2,STRATHCONA,5480,"To change of use from a clinic to a pharmacy with minor clinic,  and construct Interior Alterations",Retail and Shops (510),(03) Interior Alterations,2371.29,100000,MU,0,53.51839251705746,-113.49356439622869,,1,
2023-06-12T00:00:00.000,2023,6,2023-06-12T00:00:00.000,Commercial Final,7115 - 101 AVENUE NW,Plan 6083KS Blk 14A Lot 11,TERRACE HEIGHTS,6730,"To construct Interior Alterations (tenant fit-up for a medical clinic and pharmacy) in an existing commercial building. --""Terrace Heights Pharmacy/Clinic""--",Office Buildings (520),(03) Interior Alterations,2621,145000,MU,0,53.540911557662035,-113.4381866637214,,1,
2023-06-08T00:00:00.000,2023,6,2023-06-08T00:00:00.000,Commercial Final,3110 - CALGARY TRAIL NW,Plan 5711KS Blk A,STEINHAUER,5470,"To complete Interior Alterations (demo existing shower room and construct a barrier free washroom), located on the main floor of a medical professional office (Primary Care Network South).",Office Buildings (520),(03) Interior Alterations,100,29000,DC2,0,53.46262088142727,-113.49638725202317,,1,
2023-06-07T00:00:00.000,2023,6,2023-06-07T00:00:00.000,Commercial Final,2704 - 17 STREET NW,Plan 0425575 Blk 23 Lots 106-107,SILVER BERRY,6442,"To construct Interior Alterations (Renovation to an existing Meadows Recreation Centre for suite#102) --""Boost Physio ""--",Office Buildings (520),(03) Interior Alterations,1100,45000,PS,0,53.45773736388659,-113.37172898172746,,1,
2023-06-05T00:00:00.000,2023,6,2023-06-05T00:00:00.000,Commercial Final,16767 - 127 STREET NW,Plan 1321434 Blk 1 Lot 2,RAPPERSWILL,3370,To construct Interior Alterations to an existing CRU building *Landlord work only* - New 2Hr rated demising wall for future vet clinic,Retail and Shops (510),(03) Interior Alterations,8550,50000,CG,0,53.630563750709285,-113.53950597976217,,1,
2023-05-29T00:00:00.000,2023,5,2023-05-29T00:00:00.000,Commercial Final,"132, 6325 - GATEWAY BOULEVARD NW",Plan 7622436 Blk 7 Lot 7A,STRATHCONA JUNCTION,5151,"Interior Alteration Framing of new interior partitions, installation of new lights & plugs, two new sinks, and new HVAC diffusers for Counselling Clinic.",Office Buildings (520),(03) Interior Alterations,1918,98000,DC,0,53.50083834799504,-113.49311375170667,,1,
2023-05-15T00:00:00.000,2023,5,2023-05-15T00:00:00.000,Commercial Final,10700 - 104 AVENUE NW,Plan 2121375 Blk 20 Lot 102,DOWNTOWN,1090,"To complete Interior Alterations (phase 1 Laboratory Renovations with mechanical & electrical infrastructure) in an existing educational assembly building (Building 5, basement level). -MacEwan University",Universities (626),(03) Interior Alterations,4036.46,328281,"UI, UI, UI",0,53.547173587306375,-113.50800005876893,,1,
2023-05-12T00:00:00.000,2023,5,2023-05-12T00:00:00.000,Commercial Final,8440 - 112 STREET NW,Plan 9826528 Lot 6,UNIVERSITY OF ALBERTA,5520,To construct Interior Alterations (renovations to the clinic rooms on the main floor). U of A Hospital.,Hospitals (640),(03) Interior Alterations,3282.99,650000,AJ,0,53.52072150232498,-113.52321909208756,,1,
2023-05-11T00:00:00.000,2023,5,2023-05-11T00:00:00.000,Commercial Final,11404 - UNIVERSITY AVENUE NW,Plan 8821049 Blk Q,UNIVERSITY OF ALBERTA,5520,"To complete Interior Alteration to an existing medical office building (Structural concrete, waterproofing, and asphaltic surface repairs). Kaye Edmonton Clinic","Clinics, Health Units (642)",(03) Interior Alterations,602778.4,534908,AJ,0,53.51801231630468,-113.52747729448646,,1,
2023-05-10T00:00:00.000,2023,5,2023-05-10T00:00:00.000,Commercial Final,"204, 10957 - 124 STREET NW",Condo Common Area (Plan 2320690),WESTMOUNT,3440,"To construct Interior Alteration (tenant fit-up) to a mixed use commercial building. --""Westmount Obstetrics & Gynecology Clinic""--",Office Buildings (520),(03) Interior Alterations,1435,250000,CB1,0,,,,1,
2023-05-10T00:00:00.000,2023,5,2023-05-10T00:00:00.000,Commercial Final,"8, 5094 - WINDERMERE BOULEVARD NW",Plan 0723371 Blk 14 Lot 1,AMBLESIDE,5505,To complete a Change Of Use (E to D) and construct Interior Alterations (demo demising wall between CRU8/10 and construct initial tenant fit-up for a Dental Clinic) in a mixed use commercial building (Windermere Currents Pointe Building 2B). - Dr. Maged Elboraee,Office Buildings (520),(03) Interior Alterations,1950,400000,DC1,0,53.434867408372035,-113.59498532089492,,1,
2023-05-10T00:00:00.000,2023,5,2023-05-10T00:00:00.000,Commercial Final,3812 - 118 AVENUE NW,Plan 1151AN Blk 20 Lot D,BEACON HEIGHTS,2040,To construct Interior Alteration to an existing retail building (remove existing Associates office and portion of value zone and construct 3 Consult/exam rooms for Pharmacist Led Clinic) - Shoppers Drug Mart,Retail and Shops (510),(03) Interior Alterations,400,100000,MU,0,53.57063479901765,-113.40070887367399,,1,
2023-05-04T00:00:00.000,2023,5,2023-05-04T00:00:00.000,Commercial Final,5351 - 167 AVENUE NW,Plan 0829853 Blk 63 Lot 101,HOLLICK-KENYON,2340,To construct interior alterations to an existing retail space (Renovating the existing pharmacy area and the addition of new consult/ exam rooms.)  - Shopper's Drug Mart.,Retail and Shops (510),(03) Interior Alterations,2635,400000,CG,0,53.627787039299456,-113.4148400301402,,1,
2023-05-02T00:00:00.000,2023,5,2023-05-02T00:00:00.000,Commercial Final,"207, 10950 - 23 AVENUE NW",Plan 0323339 Blk 32 Lot 11,ERMINESKIN,5180,"To construct Interior Alterations (tenant fit-up) for a Personal Service/Office, located on the 2nd floor of a multi use building.  - Aspire Physiotherapy","Clinics, Health Units (642)",(03) Interior Alterations,2003,100000,CG,0,53.4549900449902,-113.51225659147755,,1,
2023-05-02T00:00:00.000,2023,5,2023-05-02T00:00:00.000,Commercial Final,22919 - 97 AVENUE NW,Plan 1922458 Blk 18 Lot 160,SECORD,4487,To construct interior alteration (initial tenant fitup) for a medical clinic with pharmacy - Secord Clinic and Pharmacy.,Office Buildings (520),(03) Interior Alterations,2115,180000,"CN, CN",0,53.53665174036456,-113.71190479248267,,1,
2023-05-01T00:00:00.000,2023,5,2023-05-01T00:00:00.000,Commercial Final,12922 - 82 STREET NW,Plan 103MC Blk 13 Lot 2,KILLARNEY,2420,To construct Interior Alteration 'Delton Pharmacy / Clinic',Office Buildings (520),(03) Interior Alterations,3544,85000,MU,0,53.58765068295986,-113.46779459758915,,1,
2023-04-27T00:00:00.000,2023,4,2023-04-27T00:00:00.000,Commercial Final,4326 - 76 AVENUE NW,Plan 7520086 Blk 5 Lot 5,WEIR INDUSTRIAL,6780,"Interior Alteration - Tenant fit for Bureau Veritas Laboratory , minor demolition (some partition walls, millwork, one bathroom), new partition walls, one new office, new work spaces, new coolers (to be relocated by tenant from their existing space), new floor drains.",Office Buildings (520),(03) Interior Alterations,5704.87,300000,IM,0,53.513075825469954,-113.40786221575715,,1,
2023-04-27T00:00:00.000,2023,4,2023-04-27T00:00:00.000,Commercial Final,"214, 1 - MEADOWLARK PARK SHOPPING CENTRE NW",Plan 9924575 Blk 10 Lot 2,MEADOWLARK PARK,4310,"To construct Interior Alteration to add a chiropractic clinic in an existing commercial building (MEADOWLARK PARK SHOPPING CENTRE) .--""Live By Design Health Center ""--",Office Buildings (520),(03) Interior Alterations,500,22000,MU,0,53.52075339204204,-113.59328917765444,,1,
2023-04-25T00:00:00.000,2023,4,2023-04-25T00:00:00.000,Commercial Final,"3, 17480 - FORT ROAD NW",Plan 8620880 Blk 1,RURAL NORTH EAST HORSE HILL,2670,To complete Interior Alterations (mechanical upgrades) to an existing medical facility building (Alberta Hospital - Bldg 3),Hospitals (640),(03) Interior Alterations,1076.39,10000,DC2,0,53.63667932465868,-113.37529860586166,,1,
2023-04-25T00:00:00.000,2023,4,2023-04-25T00:00:00.000,Commercial Final,"10, 17480 - FORT ROAD NW",Plan 8620880 Blk 1,RURAL NORTH EAST HORSE HILL,2670,To complete Interior Alterations (mechanical upgrades) to an existing medical facility building (Alberta Hospital - Bldg 10),Hospitals (640),(03) Interior Alterations,1560.77,10000,DC2,0,53.63667932465868,-113.37529860586166,,1,
2023-04-22T00:00:00.000,2023,4,2023-04-22T00:00:00.000,Commercial Final,1031 - PARSONS ROAD SW,"Plan 2222522 Units 8,12",ELLERSLIE INDUSTRIAL,6214,"To construct Interior Alterations for a mixed used commercial building - Initial tenant fitup. ""Trifecta Optometry.""",Retail and Shops (510),(03) Interior Alterations,2281.95,100000,CG,0,,,,1,
2023-04-20T00:00:00.000,2023,4,2023-04-20T00:00:00.000,Commercial Final,6887 - AD ASTRA BOULEVARD NW,Plan 1623246 Blk 34 Lot 43,GRIESBACH,3111,"Interior Alteration - Tenant fit-out to construct a universal washroom, staff room, 2 massage/ chiro rooms, office, small gym, 7 treatment beds, reception desk & waiting area for Griesbach Physiotherapy and Wellness.",Retail and Shops (510),(03) Interior Alterations,1400,47000,MUN,0,53.60664463159213,-113.51544129027135,,1,
2023-04-20T00:00:00.000,2023,4,2023-04-20T00:00:00.000,Commercial Final,"201, 6830 - ELLERSLIE ROAD SW",Plan 2320638 Blk 1 Lot 11,ELLERSLIE,6211,"To construct Interior Alteration to a mixed use commercial building. ""West-o-Plain Physiotherapy""  Suite 208. ***SCO verify correct suite as multiple provided***",Office Buildings (520),(03) Interior Alterations,2100,40000,DC2,0,,,,1,
2023-04-18T00:00:00.000,2023,4,2023-04-18T00:00:00.000,Commercial Final,31 - LEWIS ESTATES BOULEVARD NW,Plan 9222251 Blk 2 Lot 104,POTTER GREENS,4710,"Pharmacy fit up new room ,2 news doors, new flooring ,repainting ,added new suspend light , new hvac. Interior Alteration - Lewi Estates Pharmacy.",Retail and Shops (510),(03) Interior Alterations,1099.96,42000,DC2,0,53.51384992351614,-113.67704450360311,,1,
2023-04-13T00:00:00.000,2023,4,2023-04-13T00:00:00.000,Commercial Final,10628 - 96 STREET NW,Plan ND Blk 19 Lots 7-8,MCCAULEY,1140,To Construction Interior Alterations (Divide 2 existing office room's in to 4 office room and build new pre screening room at the lobby area) to an existing commercial building - Radius Community Health & Healing (Boyle McCauley Health Centre),Office Buildings (520),(03) Interior Alterations,645.83,10000,UF,0,53.55137807659927,-113.48617730603983,,1,
2023-04-03T00:00:00.000,2023,4,2023-04-03T00:00:00.000,Commercial Final,11560 - UNIVERSITY AVENUE NW,Plan 968RS Blk F Lot 2,UNIVERSITY OF ALBERTA,5520,To complete Interior Alterations (replacement of Air Conditioners) located in a medical treatment services building (Cross Cancer Institute)  - Data Centre room# 0161 & #2024,Hospitals (640),(03) Interior Alterations,1614.59,658000,AJ,0,53.518193235758005,-113.53118769241159,,1,
2023-03-24T00:00:00.000,2023,3,2023-03-24T00:00:00.000,Commercial Final,10955 - 124 STREET NW,Condo Common Area (Plan 2320690),WESTMOUNT,3440,"To complete a Change of Use (""E"" to ""D"") and to construct Interior Alteration (initial tenant fit-up) to a mixed use commercial building. ""Westfield Medical Clinic and Pharmacy""",Office Buildings (520),(03) Interior Alterations,3562.85,150000,CB1,0,,,,1,
2023-03-23T00:00:00.000,2023,3,2023-03-23T00:00:00.000,Commercial Final,2503 - 103A STREET SW,Plan 2021467 Blk 1 Lot 1,CASHMAN,5466,To complete a Change Of Use Interior (pharmacy) and constructing Interior Alterations (initial tenant fit-up for pharmacy and secondary day ward) located on the main floor of an existing health care building.  - ASG  Pharmacy & Dayward,"Clinics, Health Units (642)",(03) Interior Alterations,5900,535000,BE,0,53.41325518079342,-113.50028737189358,,1,
2023-03-23T00:00:00.000,2023,3,2023-03-23T00:00:00.000,Commercial Final,5204 - ELLERSLIE ROAD SW,Plan 1921651 Blk 22 Lot 137,CHARLESWORTH,6661,To construct Interior Alterations for a First-Tenant fit up - Revive Spine and Sport Physiotherapy -,Office Buildings (520),(03) Interior Alterations,2456,85000,DC1,0,53.425667963267564,-113.42279904528425,,1,
2023-03-23T00:00:00.000,2023,3,2023-03-23T00:00:00.000,Commercial Final,4371 - 167 AVENUE NW,"Condo Common Area (Plan 1823461,1823198,1823199,2321186)",BRINTNELL,2110,"To construct Interior   Alterations (First tenant fit-up for an optometrist office with  eyewear retail) --""Vision Gallery""--",Retail and Shops (510),(03) Interior Alterations,2238.89,100000,CG,0,53.62792894785178,-113.40721179946274,,1,
2023-03-16T00:00:00.000,2023,3,2023-03-16T00:00:00.000,Commercial Final,22959 - 97 AVENUE NW,Plan 1922458 Blk 18 Lot 160,SECORD,4487,"To construct Interior Alteration (initial tenant fit-up) ""Next Step Physio & Concussion Clinic"" MAX 10 PERSONS",Office Buildings (520),(03) Interior Alterations,1395,150000,"CN, CN",0,53.53665174036456,-113.71190479248267,,1,
2023-03-13T00:00:00.000,2023,3,2023-03-13T00:00:00.000,Commercial Final,13667 - 66 STREET NW,"Plan 3031RS Blk 2 Lots 10A,41U",BELVEDERE,2080,"To construct Interior Alterations within an existing building -""66 Street Optometry""- 1 BF washroom, existing 1hour demising walls",Office Buildings (520),(03) Interior Alterations,4972.92,75000,CN,0,53.59910463798079,-113.44237913686474,,1,
2023-03-07T00:00:00.000,2023,3,2023-03-07T00:00:00.000,Commercial Final,11029 - 26 AVENUE NW,Plan 1821329 Blk 32 Lot 18,ERMINESKIN,5180,To complete a change of use and  Interior Alterations (1st tenant fit-up) for a veterinary clinic (D Occupancy) in a mixed-use residential/commercial building.  - Century Park Animal Hospital,Animal and Plant Services (410),(03) Interior Alterations,3659.73,180000,CPT,0,53.45619200887763,-113.51426397202073,,1,
2023-03-07T00:00:00.000,2023,3,2023-03-07T00:00:00.000,Commercial Final,"202, 12850 - 97 STREET NW",Condo Common Area (Plan 2221739),LAUDERDALE,3260,"To construct Interior Alteration (first tenant fit-up) to an existing mixed use building. ""Glengary Dental""",Office Buildings (520),(03) Interior Alterations,1399.31,101000,CSC,0,,,,1,
2023-03-02T00:00:00.000,2023,3,2023-03-02T00:00:00.000,Commercial Final,5620 - 99 STREET NW,Plan 6712KS Blk 14 Lot 1,CORONET INDUSTRIAL,6100,"To construct additions (482 sqft) to an Animal Hospital and Shelter building, and construct interior and exterior alterations (VCA Canada Guardian). Phase 1, as shown on plans.",Animal and Plant Services (410),(02) Addition,29138,5550000,IM,0,53.49215900979955,-113.487202176643,,1,
2023-02-27T00:00:00.000,2023,2,2023-02-27T00:00:00.000,Commercial Final,11252 - 109 AVENUE NW,Plan 2109HW Blk 11A Lots 1-3,QUEEN MARY PARK,1180,"To complete Interior Alterations (first tenant fit-up) in a mixed use commercial building -""Queen Mary Park Pharmacy""-",Retail and Shops (510),(03) Interior Alterations,968.75,45000,DC2,0,53.554955008738695,-113.51535236398085,,1,
2023-02-27T00:00:00.000,2023,2,2023-02-27T00:00:00.000,Commercial Final,7914 - 109 STREET NW,Plan I23 Blk 140 Lots 33-35,GARNEAU,5200,To change the use of a suite/tenant space from Mercantile to Office and to construct Interior Alterations (1st tenant fit-up) in an existing mixed-use building (The White Oaks building). - Krish's Clinic,Office Buildings (520),(03) Interior Alterations,925,70000,RM,0,53.51588499992436,-113.51249876094775,,1,
2023-02-23T00:00:00.000,2023,2,2023-02-23T00:00:00.000,Commercial Final,14263 - 23 AVENUE NW,Plan 0220792 Blk 70 Lot 89,TERWILLEGAR TOWNE,5640,"To complete a change of use (E to D Occupancy) and construct Interior Alterations (Interior tenant fit-up of a pelvic health physiotherapy clinic) located in an existing general commercial building (building F) -""UROSPOT""",Office Buildings (520),(03) Interior Alterations,957,250000,CG,0,53.453378009062284,-113.56712883286174,,1,
2023-02-14T00:00:00.000,2023,2,2023-02-14T00:00:00.000,Commercial Final,5212 - ELLERSLIE ROAD SW,Plan 1921651 Blk 22 Lot 137,CHARLESWORTH,6661,"To construct Interior Alterations ( 1st Tenant Fit-up for a Medical Clinic) --""Eyes Heritage Hills""--",Office Buildings (520),(03) Interior Alterations,3036,350000,DC1,0,53.425667963267564,-113.42279904528425,,1,
2023-02-07T00:00:00.000,2023,2,2023-02-07T00:00:00.000,Commercial Final,10620 - 100 STREET NW,Plan EF Lots 160-163,MCCAULEY,1140,"To change the use from (E) Retail Store to a (D) and to construct exterior and interior alterations - Tenant Fitup for ""Hope Clinic and Pharmacy"" (rear accessibility ramp and parking lot reconfiguration)",Office Buildings (520),(03) Interior Alterations,1829,41000,MU,0,53.55063478101109,-113.49266890742089,,1,
2023-02-06T00:00:00.000,2023,2,2023-02-06T00:00:00.000,Commercial Final,10240 - KINGSWAY NW,Plan 1619KS Blk 2 Lot 313,CENTRAL MCDOUGALL,1030,To complete Interior Alterations (upgrade 3 Elevators) located in the public/staff parking building at a medical treatment services building (Royal Alex Hospital),Parkade (490),(03) Interior Alterations,538.2,795000,UF,0,53.55760216865118,-113.49789451827795,,1,
2023-02-01T00:00:00.000,2023,2,2023-02-01T00:00:00.000,Commercial Final,12419 - 118 AVENUE NW,Plan RN46 Blk 40 Lot 12,INGLEWOOD,3240,To change the use from (E) to (D) and to construct interior alterations - Shah Veterinary Services.,Animal and Plant Services (410),(03) Interior Alterations,346,5000,MU,0,53.570113653518554,-113.53644639580139,,1,
2023-02-01T00:00:00.000,2023,2,2023-02-01T00:00:00.000,Commercial Final,18330 - LESSARD ROAD NW,Plan 9722753 Blk 21 Lot 3,DECHENE,4110,To complete a Change Of Use (E to D occupancy) and construct Interior Alterations (tenant fit-up) for a personal services clinic located in a mixed use building. - Bioped Foot Care,Office Buildings (520),(03) Interior Alterations,1375,82500,DC2,0,53.48597748426042,-113.64229385718768,,1,
2023-01-31T00:00:00.000,2023,1,2023-01-31T00:00:00.000,Commercial Final,10707 - 29 AVENUE NW,Plan 9020272 Blk 27 Lot 45,ERMINESKIN,5180,To complete Interior Alterations (renovate Tub Rooms 204 & 605) located on the second floor in an existing Medical care facility (Saint Joseph's Auxiliary Hospital),Hospitals (640),(03) Interior Alterations,430.56,203490,DC2,0,53.45982855475776,-113.50605246265596,,1,
2023-01-26T00:00:00.000,2023,1,2023-01-26T00:00:00.000,Commercial Final,"101, 5083 - WINDERMERE BOULEVARD SW",Plan 0621857 Blk 1 Lot 1,AMBLESIDE,5505,To construct Interior Alterations (add a snorkel system) for a dermatology clinic located in a Professional Office Support Services Building.  - Rejuvenation Laser Dermatology Clinic,Office Buildings (520),(03) Interior Alterations,272,20000,DC2,0,53.43267394610141,-113.59206505263433,,1,
2023-01-19T00:00:00.000,2023,1,2023-01-19T00:00:00.000,Commercial Final,1340 - WINDERMERE WAY SW,Condo Common Area (Plan 1421329),WINDERMERE,5570,To construct Interior Alterations (first tenant fit-up) for a massage clinic within the main floor of a 5 story mulit use residential/commercial building (LUX at Upper Windermere). - OnSkin Aesthetic Wellness,Retail and Shops (510),(03) Interior Alterations,718,70000,DC1,0,53.43386389025525,-113.61818629206418,,1,
2023-01-16T00:00:00.000,2023,1,2023-01-16T00:00:00.000,Commercial Final,14936 - 50 STREET NW,Plan 8822772 Blk 51 Lot 30,CASSELMAN,2130,"To construct Interior Alterations (construction of four (4) office-rooms and electrical modifications), to an existing ""D"" occupancy floor space.  Massage clinic.  Casselman Square Massage.",Office Buildings (520),(03) Interior Alterations,956,11000,DC2,0,53.612759217702354,-113.41877060431918,,1,
2022-12-28T00:00:00.000,2022,12,2022-12-28T00:00:00.000,Commercial Final,"204, 1273 - ASTER BOULEVARD NW",Plan 2022819 Blk 9 Lot 1,ASTER,6445,To complete Interior Alterations (construct first tenant fit up) located on the 2nd floor of a Retail/Office building (Royal Center Aster - Building 2) - Aster Physiotherapy,Office Buildings (520),(03) Interior Alterations,1610,75000,CN,0,53.45005329905717,-113.36724891704479,,1,
2022-12-28T00:00:00.000,2022,12,2022-12-28T00:00:00.000,Commercial Final,5216 - ELLERSLIE ROAD SW,Plan 1921651 Blk 22 Lot 137,CHARLESWORTH,6661,To complete Interior Alteration (construct 1st Tenant fit up) for a dental clinic in an existing mixed use commercial building (Harvest Hills Bldg #12) - Harvest Hill Dental Clinic,Office Buildings (520),(03) Interior Alterations,2325,101000,DC1,0,53.425668009634364,-113.4227990927479,,1,
2022-12-23T00:00:00.000,2022,12,2022-12-23T00:00:00.000,Commercial Final,12846 - 97 STREET NW,Condo Common Area (Plan 2221739),LAUDERDALE,3260,"To construct Interior Alteration (first tenant fitup)  in an existing mixed-use building --""Acute Hearing Clinic""-- MAX 10 PERSONS.",Office Buildings (520),(03) Interior Alterations,839.58,75000,MU,0,,,,1,
2022-12-20T00:00:00.000,2022,12,2022-12-20T00:00:00.000,Commercial Final,9130 - 23 AVENUE NW,"Condo Common Area (Plan 0822030,1220720,0921139)",PARSONS INDUSTRIAL,6570,"To construct first-tenant fit-up AND to construct a 1 hour rated second floor. ""Renewed Osteopathic & Manual Wellness Clinic"". 1 BF washroom on main floor.",Office Buildings (520),(03) Interior Alterations,1064,93000,BE,0,53.452664119364584,-113.47015606349375,,1,
2022-12-14T00:00:00.000,2022,12,2022-12-14T00:00:00.000,Commercial Final,"203, 13613 - 163 STREET NW",Plan 0821204 Blk 5 Lot 7,MISTATIM INDUSTRIAL,4320,To construct Interior Alteration in an Existing D office building - Initial fit up Medical office - Harmonic Egg - Includes one demising wall,Office Buildings (520),(03) Interior Alterations,1199.96,82010,BE,0,53.59853219755717,-113.60177924925036,,1,
2022-12-05T00:00:00.000,2022,12,2022-12-05T00:00:00.000,Commercial Final,4612 - CALGARY TRAIL NW,Plan 0320434 Blk 30 Lot 14,EMPIRE PARK,5170,"To construct interior alterations to an existing D occupancy (medical clinic new tenant) - ""REJUVIDERM SOUTH""",Office Buildings (520),(03) Interior Alterations,3966,985721,DC2,0,53.48443415011552,-113.49568337119625,,1,
2022-11-30T00:00:00.000,2022,11,2022-11-30T00:00:00.000,Commercial Final,17520 - 100 AVENUE NW,Plan 0123468 Blk 12 Lot 12,PLACE LARUE,4400,"To construct Interior Alterations for First Tenant Fit up -""Maya Dental""-",Office Buildings (520),(03) Interior Alterations,2929,300000,DC2,0,53.5398413252306,-113.62406052911021,,1,
2022-11-28T00:00:00.000,2022,11,2022-11-28T00:00:00.000,Commercial Final,6836 - 178 AVENUE NW,Condo Common Area (Plan 2221981),CRYSTALLINA NERA EAST,2462,"To construct Interior Alteration to an existing retail/office building. First tenant fit-out. ""Stride Physiotherapy Clinic""",Office Buildings (520),(03) Interior Alterations,2400,200000,"CB1, CB1",0,53.64183831062017,-113.44402808769138,,1,
2022-11-25T00:00:00.000,2022,11,2022-11-25T00:00:00.000,Commercial Final,"1180, 5015 - 111 STREET NW",Plan 0725320 Blk D Lot 4A,EMPIRE PARK,5170,"To construct Interior Alterations (1st Tenant fit-up) in CRU #1180 on 2nd Level--""South Gate Dental""--",Office Buildings (520),(03) Interior Alterations,1598,120000,DC2,0,53.485787612637964,-113.51341203824146,,1,
2022-11-24T00:00:00.000,2022,11,2022-11-24T00:00:00.000,Commercial Final,10311 - 122 AVENUE NW,Plan 1026278 Unit 1,WESTWOOD,1250,To complete a Change Of Use (B2 to B3 occupancy on 4th Floor ONLY) and to construct Interior Alterations (4th Floor ONLY tenant fit-up) to an Extended Medical Treatment Services Building (Assisted Living Facility).(Interior Demo Return to Shell BP 433751302-002) - Shepherd's Care Vanguard -   NOTE:  BP 433751302-002 (4th floor demo back to shell),"Day Cares, Nursing Homes (650)",(03) Interior Alterations,21334.05,2500000,UF,0,53.57623252650296,-113.49865268213603,,1,
2022-11-23T00:00:00.000,2022,11,2022-11-23T00:00:00.000,Commercial Final,2330 - 23 AVENUE NW,Plan 0424871 Blk 23 Lot 105,SILVER BERRY,6442,To complete a Change Of Use Retail(E) to Dentist Office(D) and construct Interior Alterations within a suite of a commercial mixed use building (Mill Creek Shopping Centre - Bldg #2). - Millcreek Meadows Dental,Office Buildings (520),(03) Interior Alterations,1559,350000,CG,0,53.454699402328785,-113.37600394457529,,1,
2022-11-23T00:00:00.000,2022,11,2022-11-23T00:00:00.000,Commercial Final,2010 - 101 STREET NW,Plan 9722024 Blk 8 Lot 3,SOUTH EDMONTON COMMON,6195,"To change the use from General Retail Store to Health Service and to construct exterior (new exterior door and adding 4 new roof top units) and interior alterations (New tenant fit-up for a medical clinic). --""Lasik MD Edmonton""--","Clinics, Health Units (642)",(03) Interior Alterations,12028.66,2000000,DC,0,53.45013465499627,-113.48763175148781,,1,
2022-11-21T00:00:00.000,2022,11,2022-11-21T00:00:00.000,Commercial Final,1071 - KESWICK DRIVE SW,Plan 1920717 Blk 16 Lots 47;Plan 2121333 Blk 16 Lots 2,KESWICK,5574,To complete Interior Alterations (first Tenant fit-up) in an existing professional office building (Keswick Building 2) - Bloom Dental.,Office Buildings (520),(03) Interior Alterations,2413.27,285000,DC2,0,53.420033007950366,-113.61942904258358,,1,
2022-11-14T00:00:00.000,2022,11,2022-11-14T00:00:00.000,Commercial Final,"200, 11104 - 102 AVENUE NW",Plan B4 Blk 11 Lots 141-142,WÎHKWÊNTÔWIN,1151,"To construct first tenant fit-up at second floor. ""Alberta E.N.T & Melody Clinic "".",Office Buildings (520),(03) Interior Alterations,1,750000,MU,0,53.5432649842078,-113.51263517068578,,1,
2022-11-10T00:00:00.000,2022,11,2022-11-10T00:00:00.000,Commercial Final,"202, 5586 - WINDERMERE BOULEVARD NW",Plan 1722192 Unit 318,WINDERMERE,5570,"To construct Interior Alteration. First tenant fitup. Bldg 3 ""Windermere Plaza Physio""",Office Buildings (520),(03) Interior Alterations,1820,110000,DC2,0,53.4399179974497,-113.62086914115487,,1,
2022-11-09T00:00:00.000,2022,11,2022-11-09T00:00:00.000,Commercial Final,"203, 15170 - 127 STREET NW",Plan 0625614 Blk 16 Lot 5,CUMBERLAND,3150,"To construct Interior Alterations ( 1st tenant fit-up ) on 2nd Floor in an existing multi-use building --""Hamdon Physio""--",Office Buildings (520),(03) Interior Alterations,2316,40000,CG,0,53.61485617277388,-113.54273561578759,,1,
2022-11-04T00:00:00.000,2022,11,2022-11-04T00:00:00.000,Commercial Final,6854 - 178 AVENUE NW,Condo Common Area (Plan 2221981),CRYSTALLINA NERA EAST,2462,To complete Interior Alterations (new tenant fit-up) in an existing commercial building.- Sukhpreet Dental,Office Buildings (520),(03) Interior Alterations,2187,350000,"CB1, CB1",0,,,,1,
2022-10-28T00:00:00.000,2022,10,2022-10-28T00:00:00.000,Commercial Final,1265 - ASTER BOULEVARD NW,Plan 2022819 Blk 9 Lot 1,ASTER,6445,"*To construct interior alteration for a new dental clinic. ""Aster Dental Clinic""",Office Buildings (520),(03) Interior Alterations,1275,115000,CN,0,53.45005329905717,-113.36724891704479,,1,
2022-10-27T00:00:00.000,2022,10,2022-10-27T00:00:00.000,Commercial Final,6007 - MILL WOODS ROAD SOUTH NW,Condo Common Area (Plan 0020534),SAKAW,6670,"To construct Interior Alteration - Tenant fit up for ""Milestone Physical Therapy Clinic""",Office Buildings (520),(03) Interior Alterations,1598,110000,CN,0,53.44524651059166,-113.43060017520727,,1,
2022-10-24T00:00:00.000,2022,10,2022-10-24T00:00:00.000,Commercial Final,5825 - 132 AVENUE NW,Plan 4800KS Blk 41,BELVEDERE,2080,To complete a Change Of Use (A2 to E occupancy) and construct Interior Alterations (retail tenant fit-up). - Fort Road Pharmacy,Retail and Shops (510),(03) Interior Alterations,785,50000,MU,0,53.59193153193284,-113.43173918789081,,1,
2022-10-21T00:00:00.000,2022,10,2022-10-21T00:00:00.000,Commercial Final,11145 - 107 AVENUE NW,"Plan 8877AH Blk 11 Lots A,B",QUEEN MARY PARK,1180,To complete a Change Of Use (E to D occupancy) and Interior alterations for an Animal Veterinary Clinic- 107 Plaza - The Original Spay Clinic,Animal and Plant Services (410),(03) Interior Alterations,2475.7,400000,MU,0,53.55116744209622,-113.5135781408503,,1,
2022-10-19T00:00:00.000,2022,10,2022-10-19T00:00:00.000,Commercial Final,6643 - 25 AVENUE SW,Plan 2120387 Blk 21 Lot 205,THE ORCHARDS AT ELLERSLIE,6216,To complete Interior Alteration (First Tenant Improvement for a Dental Office) in an commercial building,Office Buildings (520),(03) Interior Alterations,2226,80000,CG,0,53.40940878611488,-113.44424454928993,,1,
2022-10-13T00:00:00.000,2022,10,2022-10-13T00:00:00.000,Commercial Final,8210 - 108 STREET NW,Plan N4000R Blk 170 Lot 30,GARNEAU,5200,To Construct Interior alterations (to main and basement floors) for a dental laboratory. NO Exterior Alterations under this permit,Manufacturing Buildings (430),(03) Interior Alterations,2175.92,100000,RM,0,53.51882024511558,-113.50956988324594,,1,
2022-10-12T00:00:00.000,2022,10,2022-10-12T00:00:00.000,Commercial Final,"4, 5098 - WINDERMERE BOULEVARD NW",Plan 0723371 Blk 14 Lot 1,AMBLESIDE,5505,"To construct Interior Alterations for a new Tenant fit-up --RG Pharmacy Clinic. 1 BF washroom, 1 Dispensary Room",Retail and Shops (510),(03) Interior Alterations,1115,60000,DC1,0,53.43486714611694,-113.59498496627776,,1,
2022-10-11T00:00:00.000,2022,10,2022-10-11T00:00:00.000,Commercial Final,3719 - 8 AVENUE SW,Plan 1623687 Blk 6 Lot 1,CHARLESWORTH,6661,To complete Interior Alterations (first tenant fit-up - Pharmacy) in an existing commercial use building.,Retail and Shops (510),(03) Interior Alterations,1333,75000,DC1,0,53.42541487491253,-113.39856087385436,,1,
2022-10-11T00:00:00.000,2022,10,2022-10-11T00:00:00.000,Commercial Final,"1610, 8215 - 112 STREET NW",Plan 5384RS Blk 158 Lot 1A,GARNEAU,5200,*Interior Alteration Tenant Fit Up of Existing Medical Space,Office Buildings (520),(03) Interior Alterations,2004,65000,DC2,0,53.51860391214073,-113.52021095968786,,1,
2022-10-11T00:00:00.000,2022,10,2022-10-11T00:00:00.000,Commercial Final,"205, 7609 - 109 STREET NW","Condo Common Area (Plan 1720082,1423850)",QUEEN ALEXANDRA,5330,"To construct first tenant fit-up. ""Mosaic Speech Therapy""",Office Buildings (520),(03) Interior Alterations,1430.52,125000,MU,0,53.512612758212185,-113.51150911137242,,1,
2022-10-06T00:00:00.000,2022,10,2022-10-06T00:00:00.000,Commercial Final,"10, 5098 - WINDERMERE BOULEVARD NW",Plan 0723371 Blk 14 Lot 1,AMBLESIDE,5505,To construct Interior Alterations (initial tenant fit-up) for a beauty/nail clinic (Windermere Currents Pointe Building 2A) - The Ten Spot.,Retail and Shops (510),(03) Interior Alterations,1184.03,200000,DC1,0,53.43486714611694,-113.59498496627776,,1,
2022-10-05T00:00:00.000,2022,10,2022-10-05T00:00:00.000,Commercial Final,10707 - 29 AVENUE NW,Plan 9020272 Blk 27 Lot 45,ERMINESKIN,5180,To construct Interior Alterations (Fire Alarm System Upgrades)  in an existing Medical care facility (Saint Joseph's Auxiliary Hospital),Hospitals (640),(03) Interior Alterations,53066.03,4930,DC2,0,53.459828398776374,-113.50605246361704,,1,
2022-09-29T00:00:00.000,2022,9,2022-09-29T00:00:00.000,Commercial Final,16514 - 118 AVENUE NW,Condo Common Area (Plan 1525451),CARLETON SQUARE INDUSTRIAL,4100,"To construct a tenant fit up to an existing Professional, Financial, and Office Support Service Building ""Milestone Diagnostic "" 1 New 1Hr demising wall along GL8, 2 BF washrooms.",Office Buildings (520),(03) Interior Alterations,5511.12,225000,BE,0,53.57128299283887,-113.60700733469722,,1,
2022-09-23T00:00:00.000,2022,9,2022-09-23T00:00:00.000,Commercial Final,"207, 4363 - 167 AVENUE NW","Condo Common Area (Plan 1823461,1823198,1823199,2321186)",BRINTNELL,2110,"To construct first tenant fit-up. Expand business into the adjacent suite. ""WIC PHYSIOTHERAPY"".",Office Buildings (520),(03) Interior Alterations,1758,65000,CB2,0,53.62785297586066,-113.4073989578243,,1,
2022-09-20T00:00:00.000,2022,9,2022-09-20T00:00:00.000,Commercial Final,10822 - 124 STREET NW,Plan RN22 Blk 27 Lot 14,WESTMOUNT,3440,"Interior renovations (Prairie Veterinary Dental Services) Removal of 2 non structural walls, and addition of 2 sinks/1wash basin. Possible need for concrete cutting.",Animal and Plant Services (410),(03) Interior Alterations,400,30000,MU,0,53.55327633575574,-113.53641565652767,,1,
2022-09-20T00:00:00.000,2022,9,2022-09-20T00:00:00.000,Commercial Final,8407 - ARGYLL ROAD NW,Plan 0220535 Blk 3 Lot 5D,CORONET ADDITION INDUSTRIAL,6090,"To construct Interior Alterations (Fire Alarm Upgrades) --""Alberta Association of Optometrists""--",Retail and Shops (510),(03) Interior Alterations,2500,5792,BE,0,53.501728164349835,-113.45460230167993,,1,
2022-09-19T00:00:00.000,2022,9,2022-09-19T00:00:00.000,Commercial Final,14433 - MILLER BOULEVARD NW,Plan 0024700 Blk 9 Lot 1,MILLER,2541,"To construct Interior Alterations (Interior renovation of an existing medical clinic) --""Collective Roots Medical Clinic""--",Office Buildings (520),(03) Interior Alterations,2790,220000,CN,0,53.60759354427093,-113.41369727767638,,1,
2022-09-19T00:00:00.000,2022,9,2022-09-19T00:00:00.000,Commercial Final,16628 - 71 STREET NW,Condo Common Area (Plan 1424117),OZERNA,2600,To construct interior alterations (exiting without a permit). (Unit 6: OZERNA Medical Clinic),Office Buildings (520),(03) Interior Alterations,1194.79,100000,CN,0,53.62823254133289,-113.4519624503463,,1,
2022-09-16T00:00:00.000,2022,9,2022-09-16T00:00:00.000,Commercial Final,6416 - CARTMELL PLACE SW,Condo Common Area (Plan 2021101),CHAPPELLE AREA,5462,"To construct first tenant fit-up AND to change the use from Retail to Office. ""Absolute Chiropractic""",Office Buildings (520),(03) Interior Alterations,1614,110000,"CG, CG",0,53.39722228962311,-113.5701374388974,,1,
2022-09-12T00:00:00.000,2022,9,2022-09-12T00:00:00.000,Commercial Final,722 - TAMARACK WAY NW,Plan 1420502 Blk 13 Lot 3,TAMARACK,6443,To construct Interior Alterations * tenant fit-up* physio clinic.,Office Buildings (520),(03) Interior Alterations,1602,32000,DC1,0,53.4775455502224,-113.3661383734708,,1,
2022-09-09T00:00:00.000,2022,9,2022-09-09T00:00:00.000,Commercial Final,8720 - 165 STREET NW,Plan 0726880 Blk 3 Lot 5,WEST MEADOWLARK PARK,4590,"To construct Interior Alterations ( Electrical and Mechanical upgrades)  and Exterior Alterations ( adding a generator on a concrete pad and an electrical panel enclosure) to an existing extended Medical Care Services building --"" Capitalcare McConnell ""","Day Cares, Nursing Homes (650)",(03) Interior Alterations,76.96,284000,UF,0,,,,1,
2022-09-07T00:00:00.000,2022,9,2022-09-07T00:00:00.000,Commercial Final,1257 - ASTER BOULEVARD NW,Plan 2022819 Blk 9 Lot 1,ASTER,6445,"To construct first tenant fit up. ""Royal Aster Medical & Pharmacy""","Malls, Office/Retail (512)",(03) Interior Alterations,2639,300000,CN,0,53.45005329905717,-113.36724891704479,,1,
2022-08-29T00:00:00.000,2022,8,2022-08-29T00:00:00.000,Commercial Final,10219A - 164 AVENUE NW,Plan 7520496 Blk 30 Lot 2,LORELEI,3280,To change the Use from a General Retail Store (E)to a Veterinary Service (D) and construct interior alterations (expansion of existing Castledowns Animal Hospital).,Animal and Plant Services (410),(03) Interior Alterations,3190.1,225000,CN,0,53.62521448266241,-113.5005294415163,,1,
2022-08-29T00:00:00.000,2022,8,2022-08-29T00:00:00.000,Commercial Final,"168, 1 - MEADOWLARK PARK SHOPPING CENTRE NW",Plan 9924575 Blk 10 Lot 2,MEADOWLARK PARK,4310,"To complete a Change of Use (medical office to restaurant use) and complete Exterior Alterations (install RTU's & construct storefront glazing and doors) and Interior Alterations (demo offices and construct demising walls), in an existing CRU (#166) to create 3 new units (167, 168,169). - Meadowlark Shopping Mall  NOTE: Separate individual Building & trade permits (with fire alarm & sprinkler alterations) required for individual tenant fit-ups.","Malls, Office/Retail (512)",(03) Interior Alterations,3051.57,650000,CSC,0,53.52179201169206,-113.59460674677376,,1,
2022-08-19T00:00:00.000,2022,8,2022-08-19T00:00:00.000,Commercial Final,6258 - 99 STREET NW,Plan 6544NY Blk 2 Lot 1,ROSEDALE INDUSTRIAL,6650,"To change the use from Restaurant to office AND to construct Interior Alterations.. ""Twin Dental""","Clinics, Health Units (642)",(03) Interior Alterations,2949.31,150000,CB,0,53.49909655685761,-113.48760721972961,,1,
2022-08-16T00:00:00.000,2022,8,2022-08-16T00:00:00.000,Commercial Final,"205, 4363 - 167 AVENUE NW","Condo Common Area (Plan 1823461,1823198,1823199,2321186)",BRINTNELL,2110,"To construct first-tenant fit-up. ""Shawar Dental""",Office Buildings (520),(03) Interior Alterations,2690.98,150000,CB2,0,53.62785297586066,-113.4073989578243,,1,
2022-08-16T00:00:00.000,2022,8,2022-08-16T00:00:00.000,Commercial Final,12607 - 148 AVENUE NW,Plan 0627508 Blk 64 Lot 15,BARANOW,3020,"To construct Exterior Alterations to accommodate HVAC exhaust revision to an existing boarding & lodging House, extended medical treatment, religious assembly building for senior citizens, ""Tuoi Hac Golden Age Manor"".","Day Cares, Nursing Homes (650)",(03) Exterior Alterations,839.58,20000,UF,0,53.61000647430909,-113.53948888204306,,1,
2022-08-15T00:00:00.000,2022,8,2022-08-15T00:00:00.000,Commercial Final,17530 - 100 AVENUE NW,Plan 0123468 Blk 12 Lot 12,PLACE LARUE,4400,To construct a multi-use (5 retail CRU's & 1 medical CRU) commercial building (shell only w/ 3 demising wall 2Hr) 7 RTUs - Westpont North (Bldg #8),"Malls, Office/Retail (512)",(01) New,,2000000,DC2,0,53.5398413252306,-113.62406052911021,,1,
2022-08-15T00:00:00.000,2022,8,2022-08-15T00:00:00.000,Commercial Final,4636 - CALGARY TRAIL NW,Plan 0320434 Blk 30 Lot 14,EMPIRE PARK,5170,To complete Interior Alterations (demo/construct partition walls) for tenant fit-up. - EverSquare MD Medical,Office Buildings (520),(03) Interior Alterations,1305,90000,DC2,0,53.48443415011552,-113.49568337119625,,1,
2022-08-11T00:00:00.000,2022,8,2022-08-11T00:00:00.000,Commercial Final,6110 - CURRENTS DRIVE NW,Plan 1124080 Blk 14 Lot 21,AMBLESIDE,5505,"To construct Interior & Exterior Alterations AND to change the Auto and Equipment Repair area use to Indoor Participant Recreation Service (Fitness Centre)Shell and Health Service (Medical Clinic)Shell . ""Walmart""",Retail and Shops (510),(03) Interior Alterations,216677.31,3973000,ASC,0,53.43744500666942,-113.60323379137137,,1,
2022-08-11T00:00:00.000,2022,8,2022-08-11T00:00:00.000,Commercial Final,5822 - 111 STREET NW,Plan 9720491 Blk 15 Lot 2B,LENDRUM PLACE,5270,To complete a Change of Use (CRU 5820 from retail to medical office) and to construct Interior Alterations for expansion of existing tenant (CRU 5822) into neighbouring suite CRU 5820 for tenant fit-up.  - Lendrum Eyecare,Office Buildings (520),(03) Interior Alterations,3560.16,200000,CG,0,53.495207521255374,-113.51777233027487,,1,
2022-08-09T00:00:00.000,2022,8,2022-08-09T00:00:00.000,Commercial Final,5227 - 167 AVENUE NW,Plan 0829853 Blk 63 Lot 101,HOLLICK-KENYON,2340,To complete a Demolition (return to shell) of an tenant space (Hollick Kenyon Veterinary Clinic) in an existing commercial building (strip mall).,"Malls, Office/Retail (512)",(99) Demolition,2161,6000,CG,0,53.62778704437329,-113.41484004709184,,1,
2022-07-28T00:00:00.000,2022,7,2022-07-28T00:00:00.000,Commercial Final,"302, 2435 - 90B STREET SW",Condo Common Area (Plan 1620228),SUMMERSIDE,6213,"To construct first-tenant fit-up. ""WATSON CHIROPRACTIC SALON""",Office Buildings (520),(03) Interior Alterations,1630,53000,DC2,0,53.410955973947445,-113.47951779451553,,1,
2022-07-19T00:00:00.000,2022,7,2022-07-19T00:00:00.000,Commercial Final,20170 - LESSARD ROAD NW,Plan 1421209 Blk 3 Lot 2,THE HAMPTONS,4461,"to construct Interior Alterations (revise w/r to create an office and revise staff lounge to create an office). ""Edgemont Medical Office ""","Clinics, Health Units (642)",(03) Interior Alterations,225,17000,CG,0,53.47808868002961,-113.67347449140809,,1,
2022-07-18T00:00:00.000,2022,7,2022-07-18T00:00:00.000,Commercial Final,12918 - 50 STREET NW,Plan 8267ET Blk Z Lot 1,KENNEDALE INDUSTRIAL,2380,"To construct interior and exterior alterations to convert a commercial building to a mixed use commercial building (Mercantile, Business and Personal Service, Assembly, Residential, Parking Garage). 15 RTU's 1st Floor - Work/Living Units 1-13 complete, CRU 1 Restaurant (existing, No changes being made), CRU 2,3,4,5 SHELL ONLY Require Separate permits for tenant fit up 2nd floor- Work/Living Units 2-13 complete,  Unit 205 (New Psychology), Unit 202(dentist), Unit 208(Denture Clinic) existing selective demo for HVAC, sprinkler, and fire alarm upgrades. Unit 213 (Existing Psychology) Units 206, 220, 221 Require separate permits for tenant fit up",Mixed Use (522),(03) Interior Alterations,36383,4000000,CB,13,53.587887664207656,-113.41921058458047,,1,
2022-07-15T00:00:00.000,2022,7,2022-07-15T00:00:00.000,Commercial Final,7007 - 116 STREET NW,Plan 4663AK Blk X,UNIVERSITY OF ALBERTA FARM,5530,"To construct Interior Alterations (Fire Alarm Panel Replacement). ""Medical Examiners Building""",Laboratory/Research Centres (580),(03) Interior Alterations,39525.04,5100,AJ,0,53.50608659308615,-113.52996262838344,,1,
2022-07-15T00:00:00.000,2022,7,2022-07-15T00:00:00.000,Commercial Final,10534A - 106 STREET NW,Plan 0120130 Blk 6 Lot 249A,CENTRAL MCDOUGALL,1030,To construct Interior Alterations for a dental lab.  D&C Dental Lab. MAX 10 PERSONS.,Laboratory/Research Centres (580),(03) Interior Alterations,250,5000,DC,0,53.549164104380004,-113.50344693097888,,1,
2022-07-15T00:00:00.000,2022,7,2022-07-15T00:00:00.000,Commercial Final,8315 - 114 STREET NW,Plan 9826528 Lot 6,UNIVERSITY OF ALBERTA,5520,"To construct Interior Alterations (Upgrading fire alarm system & sprinkler system) - Alberta Health Services, Outpatient Residence building",Hospitals (640),(03) Interior Alterations,33497.26,475400,AJ,0,53.5207215065611,-113.52321908985577,,1,
2022-07-14T00:00:00.000,2022,7,2022-07-14T00:00:00.000,Commercial Final,1440 - MCCONACHIE BOULEVARD NW,Plan 1821486 Blk 24 Lot 118,MCCONACHIE,2522,To complete Interior Alterations (new tenant fit-up) to an existing mixed use commercial building. - Henday Dental  NOTE: base building BP 413635051-008,Office Buildings (520),(03) Interior Alterations,2927.78,125000,CN,0,53.639694567357616,-113.44155420630315,,1,
2022-07-06T00:00:00.000,2022,7,2022-07-06T00:00:00.000,Commercial Final,9943 - 82 AVENUE NW,Plan 2321406 Blk 58 Lot 5A,RITCHIE,6610,"To construct a new Commercial building - Rabah Medical Clinic, Main floor Heath Services and General Retail Stores building with Underground Parkade,   2nd floor shell",Office Buildings (520),(01) New,,1950000,CB2,0,53.517739085766216,-113.48780212864911,,1,
2022-07-05T00:00:00.000,2022,7,2022-07-05T00:00:00.000,Commercial Final,"319, 2331 - 66 STREET NW",Plan 0022000 Blk 6 Lot 3,MILL WOODS TOWN CENTRE,6520,"Mill Woods Town Centre. To construct Interior Alterations in an existing retail space (CRU#319) selling eyeglass frames & lenses with an optometrist on site to perform eye exams -""Specsavers""",Retail and Shops (510),(03) Interior Alterations,1876,275000,DC,0,53.455763536053944,-113.43026616307458,,1,
2022-06-29T00:00:00.000,2022,6,2022-06-29T00:00:00.000,Commercial Final,204 - MISTATIM ROAD NW,Condo Common Area (Plan 2021053),MISTATIM INDUSTRIAL,4320,"To construct interior  alterations (Tenant-fit up for a Health Service- Clinics and Pharmacy), with 2 Hr demising wall.",Office Buildings (520),(03) Interior Alterations,,342000,CB,0,53.60169106696254,-113.58000035015586,,1,
2022-06-28T00:00:00.000,2022,6,2022-06-28T00:00:00.000,Commercial Final,10608 - 124 STREET NW,Plan 6065HW Blk 29 Lot 10,WESTMOUNT,3440,"To construct Interior Alterations in an existing commercial use building  to accommodate clinic use -- ""Perinatal Clinic"" --","Clinics, Health Units (642)",(03) Interior Alterations,2000,60000,MU,0,53.549574777931355,-113.53641746160704,,1,
2022-06-23T00:00:00.000,2022,6,2022-06-23T00:00:00.000,Commercial Final,2631 - 151 AVENUE NW,Plan 0823678 Unit 3,FRASER,2280,"To construct interior alterations to operate a pharmacy. ""Fraser convenience""",Retail and Shops (510),(03) Interior Alterations,2382,20000,CN,0,53.612582091708205,-113.37916435383747,,1,
2022-06-22T00:00:00.000,2022,6,2022-06-22T00:00:00.000,Commercial Final,"109, 4211 - 106 STREET NW",Plan 8721793 Blk 37 Lot 2,RIDEAU PARK,5360,"To change the occupancy from a Personal Service Shop to a Veterinary Services use and construct interior alterations (Combine suite 109 & 110). ""Whitemud Crossing Animal Hospital""",Animal and Plant Services (410),(03) Interior Alterations,677,70000,CG,0,53.47966135954705,-113.50252240830208,,1,
2022-06-13T00:00:00.000,2022,6,2022-06-13T00:00:00.000,Commercial Final,1943 - 159 STREET SW,Plan 2022781 Blk 16 Lot 19,GLENRIDDING RAVINE,5579,*HBB* To construct interior alterations to an existing single detached house to develop a Home Based Business.  Dental Hygiene Clinic.,Single Detached House (110),(03) Interior Alterations,,25000,RSF,0,53.41551089168921,-113.59723520793146,,1,
2022-06-09T00:00:00.000,2022,6,2022-06-09T00:00:00.000,Commercial Final,"1150, 5015 - 111 STREET NW",Plan 0725320 Blk D Lot 4A,EMPIRE PARK,5170,"** SOUTHGATE ** To construct Interior Alteration (tenant Fit-up of a Physio Clinic; CRU#1150 on 2nd Floor for Southgate Mall) --""Innovation Plus"" --","Malls, Office/Retail (512)",(03) Interior Alterations,2454,300000,DC2,0,53.485787612637964,-113.51341203824146,,1,
2022-06-08T00:00:00.000,2022,6,2022-06-08T00:00:00.000,Commercial Final,"204, 1055 - KESWICK DRIVE SW",Plan 1920717 Blk 16 Lots 47;Plan 2121333 Blk 16 Lots 2,KESWICK,5574,To complete Interior Alterations (first Tenant fit-up) in an existing professional office building (Keswick Building 2)  - Keswick Physiotherapy Clinic,Office Buildings (520),(03) Interior Alterations,1488,95000,DC2,0,53.420033007950366,-113.61942904258358,,1,
2022-06-08T00:00:00.000,2022,6,2022-06-08T00:00:00.000,Commercial Final,11823 - 40 AVENUE NW,Plan 1210NY Blk 44 Lot 25,GREENFIELD,5220,"To change the use from Personal Service Shop to a Convenience Retail Store (pharmacy) and to construct interior alterations. ""ASPEN DRUG MART""","Malls, Office/Retail (512)",(03) Interior Alterations,1027,50000,CN,0,53.476048520208366,-113.53787291974324,,1,
2022-06-06T00:00:00.000,2022,6,2022-06-06T00:00:00.000,Commercial Final,15347 - STONY PLAIN ROAD NW,Plan 5229AD Blk 21 Lot 5,WEST JASPER PLACE,4580,"To move on site TEMPORARY premanufactured modular trailers for health care services INSTALLED WITHOUT PERMITS permit expires December 31, 2022 - Jasper Place Wellness.",Office Buildings (520),(12) Move Building OnSite,,66000,MU,0,53.54099360140961,-113.58626092329874,,1,
2022-05-27T00:00:00.000,2022,5,2022-05-27T00:00:00.000,Commercial Final,11230 - 110 STREET NW,Plan 4733KS Blk 9 Lot 275,SPRUCE AVENUE,1230,To construct interior alterations and to change the use of a portion of a Health Service building to a General Retail Store (Blatchford Pharmacy),Retail and Shops (510),(03) Interior Alterations,3768,125000,CG,0,53.562591787120766,-113.51062552824347,,1,
2022-05-25T00:00:00.000,2022,5,2022-05-25T00:00:00.000,Commercial Final,6629 - 25 AVENUE SW,Plan 2120387 Blk 21 Lot 205,THE ORCHARDS AT ELLERSLIE,6216,To construct Interior Alterations for a Massage Clinic -  Massage Experts  (First Fit-Up).,"Malls, Office/Retail (512)",(03) Interior Alterations,1625,100000,CG,0,53.40940878611488,-113.44424454928993,,1,
2022-05-25T00:00:00.000,2022,5,2022-05-25T00:00:00.000,Commercial Final,6135 - 101 AVENUE NW,Plan 6591KS Blk 2A Lot 1,TERRACE HEIGHTS,6730,"To change the use from A2 to D, and to construct Interior Alterations for a new tenant fit up - ""Massage Clinic Centre "" - 1 BF washroom.","Clinics, Health Units (642)",(03) Interior Alterations,2217,50000,MU,0,53.54046285159484,-113.42692057704362,,1,
2022-05-25T00:00:00.000,2022,5,2022-05-25T00:00:00.000,Commercial Final,1735 - TOWNE CENTRE BOULEVARD NW,Plan 1123021 Blk 97 Lot 5,TERWILLEGAR TOWNE,5640,To construct Interior Alteration Massage Guru Wellness Clinic Inc.,"Clinics, Health Units (642)",(03) Interior Alterations,800,29000,MU,0,53.44536493109949,-113.57710459241841,,1,
2022-05-24T00:00:00.000,2022,5,2022-05-24T00:00:00.000,Commercial Final,437 - PARSONS ROAD SW,Condo Common Area (Plan 1124803),ELLERSLIE INDUSTRIAL,6214,To complete Interior Alterations (demo existing demising wall (between units 437 Parsons Rd & 2984 Ellwood Dr) and construct new partition walls for new tenant fit-up).  - You & Eye Clinic,"Clinics, Health Units (642)",(03) Interior Alterations,2001,350000,EIB,0,53.429961971921394,-113.47873751582581,,1,
2022-05-18T00:00:00.000,2022,5,2022-05-18T00:00:00.000,Commercial Final,"302, 6074 - ANDREWS WAY SW",Condo Common Area (Plan 2522543),AMBLESIDE,5505,To construct Interior Alterations (first tenant fit-up) in an existing 4 storey Professional Health Services building. - Vivid Dental,"Clinics, Health Units (642)",(03) Interior Alterations,4908.34,200000,DC1,0,53.42889517150814,-113.59220566589222,,1,
2022-05-13T00:00:00.000,2022,5,2022-05-13T00:00:00.000,Commercial Final,"103, 6055 - ANDREWS WAY SW","Condo Common Area (Plan 1920337,1922220)",AMBLESIDE,5505,"To construct Interior Alterations (first fit-up) for a new medical clinic. ""Myriad Medical Clinic""",Office Buildings (520),(03) Interior Alterations,2366,480000,DC1,0,53.42955441146566,-113.5912881223704,,1,
2022-05-12T00:00:00.000,2022,5,2022-05-12T00:00:00.000,Commercial Final,12143 - 97 STREET NW,Plan 1423203 Blk 24 Lot 5A,ALBERTA AVENUE,1010,To construct Interior Alteration - Gold Stone Clinic and Pharmacy,Office Buildings (520),(03) Interior Alterations,2047,85000,CN,0,53.57630374023652,-113.49152675181523,,1,
2022-05-12T00:00:00.000,2022,5,2022-05-12T00:00:00.000,Commercial Final,17248 - 95 AVENUE NW,Plan 9023262 Blk 2 Lot 13,TERRA LOSA,4540,To construct interior alterations to a personal service space - Renew Physio.,Retail and Shops (510),(03) Interior Alterations,2076,173877,DC2,0,53.53198930132785,-113.6201351024247,,1,
2022-05-10T00:00:00.000,2022,5,2022-05-10T00:00:00.000,Commercial Final,"2060, 9499 - 137 AVENUE NW",Plan 6594MC Blk 27,GLENGARRY,2290,To construct Interior Alterations (expand existing X-ray clinic into adjacent CRU).,"Malls, Office/Retail (512)",(03) Interior Alterations,1405,180000,CG,0,53.59802467936922,-113.48824992320903,,1,
2022-05-10T00:00:00.000,2022,5,2022-05-10T00:00:00.000,Commercial Final,"202, 2515 - 103A STREET SW",Plan 2021467 Blk 1 Lot 1,CASHMAN,5466,To CHANGE THE USE TO MEDICAL TREATMENT AND SURGERY B2 and construct Interior Alteration to the second floor of an existing building - Healthcare,Hospitals (640),(03) Interior Alterations,15545,2039000,BE,0,53.413255542346555,-113.50028669381463,,1,
2022-05-10T00:00:00.000,2022,5,2022-05-10T00:00:00.000,Commercial Final,10569 - 111 STREET NW,Plan B4 Blk 10 Lots 164-165,QUEEN MARY PARK,1180,To change the use (E to D) and to construct interior alterations for a new tenant fit-up (cosmetic tattoo clinic and eyelash studio) - Studio N Beauty.,Retail and Shops (510),(03) Interior Alterations,1588.75,5000,DC,0,53.54916424774708,-113.51158289975287,,1,
2022-05-06T00:00:00.000,2022,5,2022-05-06T00:00:00.000,Commercial Final,"101, 8740 - 165 STREET NW",Plan 3235NY Blk 3 Lot 4,WEST MEADOWLARK PARK,4590,"To construct interior alterations  to an existing Extended Medical Treatment Services building. Cosmetic upgrades to existing washrooms and tub rooms. ""Capital Care Lynwood""","Day Cares, Nursing Homes (650)",(03) Interior Alterations,1991.32,600000,UF,0,53.521371566786144,-113.60995066935894,,1,
2022-05-05T00:00:00.000,2022,5,2022-05-05T00:00:00.000,Commercial Final,11408 - JASPER AVENUE NW,Plan B3 Blk 14 Lots 78-79,WÎHKWÊNTÔWIN,1151,"To change the use from General Retail Store to a Health Service with a Convenience Retail Store (medical clinic with pharmacy) to construct interior alterations (including new demising wall at the back). ""Health Pro Pharmacy and Medical Clinic""",Retail and Shops (510),(03) Interior Alterations,2008,95000,MU,0,53.54128332557177,-113.51805526624824,,1,
2022-05-03T00:00:00.000,2022,5,2022-05-03T00:00:00.000,Commercial Final,13940 - 164 STREET NW,Plan 2220780 Blk 8 Lot 4,MISTATIM INDUSTRIAL,4320,To construct an Animal Hospital and Shelters building --  Shell Building and Interior.-- (West Med Animal Clinic).,Animal and Plant Services (410),(01) New,20171.55,6300000,"IB, IB, BE",0,53.60142751079826,-113.6055353653962,,1,
2022-04-21T00:00:00.000,2022,4,2022-04-21T00:00:00.000,Commercial Final,14910 - 45 AVENUE NW,Plan 8221928 Blk 35 Lot 70,RAMSAY HEIGHTS,5340,"To complete Interior Alterations (partial demo of demising wall between 14910/14912, and construct partition walls in suite 14910) for an expansion of an existing (phase 1) tenant fit-up.  - Terwillegar Clinic (Phase 2)   Note:  see BP 418061532-004 for Phase 1 construction (14912 & 16 - 45 Ave)",Office Buildings (520),(03) Interior Alterations,900,90000,CN,0,53.4841184868276,-113.57944585867013,,1,
2022-04-21T00:00:00.000,2022,4,2022-04-21T00:00:00.000,Commercial Final,9014 - 75 STREET NW,Plan 9222655 Blk 23 Lot C,HOLYROOD,6310,To construct Interior Alterations (tenant fit-up for a new dental clinic) in an existing building (Holyrood Shopping Centre).,"Clinics, Health Units (642)",(03) Interior Alterations,2292,250000,CN,0,53.52566746565374,-113.44367652980823,,1,
2022-04-21T00:00:00.000,2022,4,2022-04-21T00:00:00.000,Commercial Final,9539 - 102A AVENUE NW,Plan 0227867 Blk 5 Lot 16A,BOYLE STREET,1020,"To complete Interior Alterations (fire alarm modification in the building pedway corridor linking with the adjacent building 9525 102A Ave), within a Extended Medical Treatment Service use building (Edmonton Chinatown Care Centre)","Day Cares, Nursing Homes (650)",(03) Interior Alterations,279.86,20000,MU,0,53.545512851725505,-113.48151680788497,,1,
2022-04-14T00:00:00.000,2022,4,2022-04-14T00:00:00.000,Commercial Final,16948 - 111 AVENUE NW,Condo Common Area (Plan 9724094),WEST SHEFFIELD INDUSTRIAL,4600,To complete Interior Alterations (construct demising & partition walls for new tenant fit up) in an existing retail use commercial building. - Nuskin Laser Clinic,Retail and Shops (510),(03) Interior Alterations,1122,180000,BE,0,53.560077386180325,-113.61404363266901,,1,
2022-04-11T00:00:00.000,2022,4,2022-04-11T00:00:00.000,Commercial Final,"101, 2731 - HEWES WAY NW",Condo Common Area (Plan 0024308),MILL WOODS TOWN CENTRE,6520,"To construct Interior Alterations to an existing 3545 sq ft. ground floor. group (D) medical office occupancy. Includes removal of interior non loadbearing partition walls. New partitioning, doors, glazing walls, plumbing, electrical/lighting, sprinkler relocates, and rework existing HVAC.  Alberta Eye Centre.","Clinics, Health Units (642)",(03) Interior Alterations,3500,250000,DC2,0,53.45780052484422,-113.42702098998753,,1,
2022-04-06T00:00:00.000,2022,4,2022-04-06T00:00:00.000,Commercial Final,"101B, 14225 - 94 STREET NW",Plan 2547RS Blk 12 Lot 5,NORTHMOUNT,2580,To complete Interior Alterations (replace emergency generator) from the penthouse mechanical room in an existing health care building.   - Capital Care Dickinsfield,Hospitals (640),(03) Interior Alterations,2500,65000,UF,0,53.60519759163877,-113.48467958244274,,1,
2022-04-04T00:00:00.000,2022,4,2022-04-04T00:00:00.000,Commercial Final,11104 - 102 AVENUE NW,Plan B4 Blk 11 Lots 141-142,"OLIVER, WÎHKWÊNTÔWIN","1150, 1151","To demolish a Veterinary/ Health Services building ""Alberta ENT""",Animal and Plant Services (410),(99) Demolition,,35000,MU,0,53.5432649842078,-113.51263517068578,,1,
2022-04-01T00:00:00.000,2022,4,2022-04-01T00:00:00.000,Commercial Final,20027 - LESSARD ROAD NW,Plan 2420692 Blk 1 Lot 64,EDGEMONT,4462,To complete Interior Alterations (construct initial tenant fit-up) in an existing commercial building - Evolution Physiotherapy,Office Buildings (520),(03) Interior Alterations,2270,150000,"CG, CG",0,53.47634088169402,-113.67232589151955,,1,
2022-04-01T00:00:00.000,2022,4,2022-04-01T00:00:00.000,Commercial Final,16737 - 84 STREET NW,Plan 9926453 Blk 12 Lot 124,KLARVATTEN,2440,To Change the Use from a Assembly to a Health Service and construct Interior Alterations (Tenant fit-up - Klarvatten Dental Clinic).   Existing demising walls.,Office Buildings (520),(03) Interior Alterations,1913,200000,CN,0,53.6292369861784,-113.46961168393598,,1,
2022-03-31T00:00:00.000,2022,3,2022-03-31T00:00:00.000,Commercial Final,6505 - 104 STREET NW,Plan 1524926 Blk 73 Lot 26,STRATHCONA JUNCTION,5151,**To change the use and construct exterior and interior alterations to an existing building.  (1st time tenant fit up)--World Weight Watch Clinic exercise and weight loss consulting and testing.,Indoor Recreational Buildings (560),(03) Interior Alterations,2200,85000,DC,0,53.501847647624814,-113.49716772213395,,1,
2022-03-28T00:00:00.000,2022,3,2022-03-28T00:00:00.000,Commercial Final,10210 - PRINCESS ELIZABETH AVENUE NW,Plan 1621813 Blk 3C Lot 5,SPRUCE AVENUE,1230,"To construct Interior & Exterior Alterations in an existing post secondary building.  NAIT Productivity and Innovation Center Room PIC161A - MTAP (Membrane Technology Assessment Program) Laboratory Fit-up, and to add new mechanical unit on the roof between Gridlines J &K.",Post-secondary Institutions (624),(03) Interior Alterations,807.29,459265,UI,0,53.569604318660176,-113.49829127841399,,1,
2022-03-28T00:00:00.000,2022,3,2022-03-28T00:00:00.000,Commercial Final,6466 - 28 AVENUE NW,Plan 8220154 Blk 5 Lot 4,TAWA,6720,To complete Interior Alterations (demolition/construction to existing imaging clinic for expansion into adjacent suite (Change use to adjacent suite E to D) in an existing mixed use commercial building. - Insight Medical Imaging,"Clinics, Health Units (642)",(03) Interior Alterations,11840,723000,DC2,0,53.459526532518616,-113.43175143735266,,1,
2022-03-25T00:00:00.000,2022,3,2022-03-25T00:00:00.000,Commercial Final,14415 - MILLER BOULEVARD NW,Plan 0024700 Blk 9 Lot 1,MILLER,2541,To complete a Change of Use (A2 - D) and to complete Interior Alterations (tenant fit-up) in an existing commercial building. - Trust Care Physiotherapy,"Clinics, Health Units (642)",(03) Interior Alterations,1500.49,115000,CN,0,53.60759354427093,-113.41369727767638,,1,
2022-03-25T00:00:00.000,2022,3,2022-03-25T00:00:00.000,Commercial Final,13328 - 114 AVENUE NW,Plan 1623280 Unit 3,WOODCROFT,3450,To construct Interior Alterations to an existing (E) mercantile space for new pharmacy tenant fit up. No compounding room,Retail and Shops (510),(03) Interior Alterations,760,6000,RL,0,53.5648176937527,-113.55249496705626,,1,
2022-03-25T00:00:00.000,2022,3,2022-03-25T00:00:00.000,Commercial Final,11160 - RIVER VALLEY ROAD NW,"Plan 445MC Blks B,C",RIVER VALLEY VICTORIA,1200,To construct Interior Alteration for a new physiotherapy clinic - Leading Edge Glenora,Indoor Recreational Buildings (560),(03) Interior Alterations,2700,200000,A,0,53.53304290210497,-113.5143810632881,,1,
2022-03-22T00:00:00.000,2022,3,2022-03-22T00:00:00.000,Commercial Final,10073 - 166 STREET NW,Condo Common Area (Plan 9524710),GLENWOOD,4180,To change the use from retail to a health service (Group E to D) and construct interior alterations - Chirocare Clinic,Office Buildings (520),(03) Interior Alterations,1323.96,30000,DC2,0,53.540063231451,-113.60670598672269,,1,
2022-03-18T00:00:00.000,2022,3,2022-03-18T00:00:00.000,Commercial Final,9516 - 149 STREET NW,Plan 5229AD Blk 67 Lots 7-10,WEST JASPER PLACE,4580,To complete Interior Alterations (initial tenant fit up) in an existing Business And Personal Services use building. (Crestwood OneFourNine) - HELIO Optometry,Office Buildings (520),(03) Interior Alterations,1710,200000,CN,0,53.53188362800065,-113.57853727440924,,1,
2022-03-17T00:00:00.000,2022,3,2022-03-17T00:00:00.000,Commercial Final,9943 - 82 AVENUE NW,Plan 2321406 Blk 58 Lot 5A,RITCHIE,6610,FOOTING AND FOUNDATION ONLY To construct a new Commercial building - Rabah Medical Clinic,Office Buildings (520),(01) New,,14999,CB2,0,53.517739085766216,-113.48780212864911,,1,
2022-03-11T00:00:00.000,2022,3,2022-03-11T00:00:00.000,Commercial Final,11004 - 190 STREET NW,Plan 0928382 Blk 3 Lot 25,WHITE INDUSTRIAL,4630,To construct exterior alterations to a General Industrial/Business And Personal Services building - Engineering Services Office and Laboratory (Installation of rooftop and wall mounted solar modules).,Laboratory/Research Centres (580),(03) Exterior Alterations,5328.13,226080,"IM, IM, BE",0,53.55660618081454,-113.65078647815963,,1,
2022-03-10T00:00:00.000,2022,3,2022-03-10T00:00:00.000,Commercial Final,16940 - 87 AVENUE NW,Plan 0726880 Blk 3 Lot 5,WEST MEADOWLARK PARK,4590,To construct an Accessory building (semi- heated electrical substation; pre-manufactured building CSA-A277) adjacent to the existing Extended Medical Treatment Services Use building. Misericordia Hospital.,Utility Buildings (480),(01) New,655.74,500000,"US, UF",0,,,,1,
2022-03-03T00:00:00.000,2022,3,2022-03-03T00:00:00.000,Commercial Final,11516 - JASPER AVENUE NW,Plan B3 Blk 15 Lot 79,WÎHKWÊNTÔWIN,1151,To complete Interior Alterations an existing tenant space (demolition/construction of partitions) - Pure Care Pharmacy.,Retail and Shops (510),(03) Interior Alterations,1532,30000,MU,0,53.541282634711415,-113.52001438653194,,1,
2022-03-02T00:00:00.000,2022,3,2022-03-02T00:00:00.000,Commercial Final,2322 - 24 STREET NW,Plan 0424871 Blk 28 Lot 1,SILVER BERRY,6442,"To construct Interior Alteration to expand an existing Veterinary Clinic to suite 2322 - ""Millwoods East Vet Clinic"" MAX 20 PERSONS.","Malls, Office/Retail (512)",(03) Interior Alterations,3807,160000,CG,0,53.454961441252124,-113.37961979155254,,1,
2022-03-01T00:00:00.000,2022,3,2022-03-01T00:00:00.000,Commercial Final,9512 - 149 STREET NW,Plan 5229AD Blk 67 Lots 7-10,WEST JASPER PLACE,4580,To complete Interior Alterations (initial tenant fit up) in an existing Business And Personal Services use building. (Crestwood OneFourNine) - Pharmacy  NOTE: approved DP 421096109-002,"Malls, Office/Retail (512)",(03) Interior Alterations,1512,25000,CN,0,53.53188362800065,-113.57853727440924,,1,
2022-02-28T00:00:00.000,2022,2,2022-02-28T00:00:00.000,Commercial Final,"201, 17203 - 103 AVENUE NW",Plan 7722579 Blk 4 Lot 1,STONE INDUSTRIAL,4510,"To construct interior alterations on the 2nd floor ( Unit 201), and to change the Use from a Professional, Financial, and Office Support Service to a Health Service (Alberta Reproductive Centre - Fertility Clinic).",Office Buildings (520),(03) Interior Alterations,9795.15,625000,BE,0,53.54483042657353,-113.61853253746457,,1,
2022-02-25T00:00:00.000,2022,2,2022-02-25T00:00:00.000,Commercial Final,14912 - 45 AVENUE NW,Plan 8221928 Blk 35 Lot 70,RAMSAY HEIGHTS,5340,To complete a change of use (A2 to D occupancy) and to complete Interior Alterations (tenant fit-up) in an existing multi-use commercial building. - Terwillegar Clinic NOTE: 2nd Phase NOT part of scope of this permit and requires separate permit,"Clinics, Health Units (642)",(03) Interior Alterations,2760,200000,CN,0,53.4841184868276,-113.57944585867013,,1,
2022-02-23T00:00:00.000,2022,2,2022-02-23T00:00:00.000,Commercial Final,"202, 1055 - KESWICK DRIVE SW",Plan 1920717 Blk 16 Lots 47;Plan 2121333 Blk 16 Lots 2,KESWICK,5574,"To construct Interior Alterations (Tenant Fit Up for medical clinic on 2nd floor; and adding smoke seal demising wall) ""Dominion Medical Centres Keswick""","Clinics, Health Units (642)",(03) Interior Alterations,4415,500000,DC2,0,53.420033007950366,-113.61942904258358,,1,
2022-02-18T00:00:00.000,2022,2,2022-02-18T00:00:00.000,Commercial Final,1468 - MCCONACHIE BOULEVARD NW,Plan 1821486 Blk 24 Lot 118,MCCONACHIE,2522,To construct Interior Alterations to two empty lease spaces.  Recovr Spine & Sports Physiotherapy.,"Clinics, Health Units (642)",(03) Interior Alterations,8923.27,157073,CN,0,53.639694567357616,-113.44155420630315,,1,
2022-02-16T00:00:00.000,2022,2,2022-02-16T00:00:00.000,Commercial Final,10663 - 113 STREET NW,Plan B4 Blk 12 Lots 191-192,QUEEN MARY PARK,1180,"To construct Interior Alterations in an existing shell floor space.  Build 2 handicap washrooms, 5 exam rooms, 1 treatment room, 2 offices, consulting room, staff room, staff washroom.  Downtown Pro Care Pharmacy and Clinic.  (Initial Tenant Fit Up)","Clinics, Health Units (642)",(03) Interior Alterations,2426,83000,MU,0,53.551164002514874,-113.5152623122967,,1,
2022-02-11T00:00:00.000,2022,2,2022-02-11T00:00:00.000,Commercial Final,735 - DANIELS WAY SW,Plan 2121567 Blk 18 Lot 4,DESROCHERS AREA,5463,To construct interior alterations (initial tenant fit up- Veterinary Clinic),Animal and Plant Services (410),(03) Interior Alterations,1800,25000,MU,0,53.40073889578396,-113.54233414725051,,1,
2022-02-10T00:00:00.000,2022,2,2022-02-10T00:00:00.000,Commercial Final,719 - DANIELS WAY SW,Plan 2121567 Blk 18 Lot 4,DESROCHERS AREA,5463,To construct interior alterations within a Personal Service use suite (initial tenant fit up) - DESROCHERS DENTAL.,Office Buildings (520),(03) Interior Alterations,2150,200000,MU,0,53.40073889578396,-113.54233414725051,,1,
2022-02-03T00:00:00.000,2022,2,2022-02-03T00:00:00.000,Commercial Final,555 - MISTATIM WAY NW,Condo Common Area (Plan 2120800),MISTATIM INDUSTRIAL,4320,To construct interior alterations for a medical office - Dr Jamie Smith Chiropractor.,Office Buildings (520),(03) Interior Alterations,1497,120000,CB,0,53.601947427404355,-113.58150853602228,,1,
2022-02-03T00:00:00.000,2022,2,2022-02-03T00:00:00.000,Commercial Final,2539 - 103A STREET SW,Plan 2021467 Blk 1 Lot 1,CASHMAN,5466,"To construct interior alteration for a new physiotherapy clinic - Leading Edge Physiotherapy, Heritage Valley Centre. Pool installation with structural extending into basement with 2 hour rated demising walls in parkade area.","Clinics, Health Units (642)",(03) Interior Alterations,5614,450000,BE,0,53.413255542346555,-113.50028669381463,,1,
2022-02-02T00:00:00.000,2022,2,2022-02-02T00:00:00.000,Commercial Final,10215 - 109 STREET NW,Plan B2 Blk 8 Lots 105-106,DOWNTOWN,1090,To construct Interior Alteration for a new pharmacy formerly Hair Salon D to D occupancy - Sterling Drug Mart,Retail and Shops (510),(03) Interior Alterations,350,70000,UW,0,53.54353755130265,-113.5078749413697,,1,
2022-01-31T00:00:00.000,2022,1,2022-01-31T00:00:00.000,Commercial Final,15168 - 127 STREET NW,Plan 0625614 Blk 16 Lot 5,CUMBERLAND,3150,"To complete Interior Alterations (construct 4 exam rooms, 1 handicap washroom, 1 x ray room, 1 surgery room, & 1 office) for a new tenant fit up in an existing 2 storey mixed use building. One 1 hour demising wall. - Vet Clinic  Note: Construction of Demising wall between 15166 (unit 102) / 15168 (unit 103) is included in scope of permit","Malls, Office/Retail (512)",(03) Interior Alterations,1766,55000,CG,0,53.61485617277388,-113.54273561578759,,1,
2022-01-28T00:00:00.000,2022,1,2022-01-28T00:00:00.000,Commercial Final,14620 - STONY PLAIN ROAD NW,Plan 9323194 Blk 7A Lot 35A,GROVENOR,3210,To construct Interior Alteration Change from offices to medical services - Grin Dental Hygiene Center.,Office Buildings (520),(03) Interior Alterations,0,0,DC2,0,53.542310005597706,-113.57356417013756,,1,
2022-01-25T00:00:00.000,2022,1,2022-01-25T00:00:00.000,Commercial Final,11208 - 104 AVENUE NW,Plan 0020365 Blk 9D Lot 6,"OLIVER, WÎHKWÊNTÔWIN","1150, 1151",To complete Interior Alterations (renovations) of existing optical clinic. - Thompson Optics,"Clinics, Health Units (642)",(03) Interior Alterations,2992,275000,DC1,0,,,,1,
2022-01-20T00:00:00.000,2022,1,2022-01-20T00:00:00.000,Commercial Final,"314, 6203 - 28 AVENUE NW",Plan 0022000 Blk 6 Lot 3,MILL WOODS TOWN CENTRE,6520,To construct interior alterations within a Business and Personal Service suite (tenant improvements) - Millwoods Maternity Clinic.,Office Buildings (520),(03) Interior Alterations,1458,24760,DC,0,53.455763536053944,-113.43026616307458,,1,
2022-01-18T00:00:00.000,2022,1,2022-01-18T00:00:00.000,Commercial Final,2945 - 66 STREET NW,Condo Common Area (Plan 9021440),TAWA,6720,To complete interior alterations (initial Fit Up for a Medical Clinic) in an existing shell building. - Vascular Clinic,"Clinics, Health Units (642)",(03) Interior Alterations,2432.64,125000,DC2,0,53.460821363849874,-113.43292331150933,,1,
2022-01-17T00:00:00.000,2022,1,2022-01-17T00:00:00.000,Commercial Final,16915 - 127 STREET NW,Plan 1321434 Blk 1 Lot 2,RAPPERSWILL,3370,"To construct Interior Alterations - Deansgate Pharmacy (Expansion to construct a Compounding Room.) - Existing tenant expanding into an occupant adjacent space. Existing 2 Hour demising walls, washrooms existing in old tenant space. (existing 16915 expanding into 16911)",Retail and Shops (510),(03) Interior Alterations,608,48500,CG,0,53.63056370883696,-113.53950592784368,,1,
2022-01-13T00:00:00.000,2022,1,2022-01-13T00:00:00.000,Commercial Final,15956 - 109 AVENUE NW,Plan 2778KS Blk 8 Lot C,MAYFIELD,4290,To complete Interior Alterations (demo existing partition walls & construct new partition walls) for tenant fit-up. - Mayfield Pharmacy,Retail and Shops (510),(03) Interior Alterations,713,80000,CN,0,53.55404719345817,-113.59805695261318,,1,
2022-01-07T00:00:00.000,2022,1,2022-01-07T00:00:00.000,Commercial Final,"200, 1 - MEADOWLARK PARK SHOPPING CENTRE NW",Plan 9924575 Blk 10 Lot 2,MEADOWLARK PARK,4310,To construct interior alterations within a Business And Personal Services use suite (tenant improvement) suite 200 - Insight Medical Imaging.,Office Buildings (520),(03) Interior Alterations,6025,1506250,MU,0,53.520753411794075,-113.59328895415797,,1,
2022-01-04T00:00:00.000,2022,1,2022-01-04T00:00:00.000,Commercial Final,"100, 12315 - STONY PLAIN ROAD NW",Plan 4116AK Blk 22 Lots 1-4,WÎHKWÊNTÔWIN,1151,"To construct interior alterations within a Business and Personal Service building (medical clinic, demising wall and public corridor walls). - Aceso Medical",Office Buildings (520),(03) Interior Alterations,8760,250000,MU,0,53.54646400000128,-113.53463596349962,,1,
2021-12-23T00:00:00.000,2021,12,2021-12-23T00:00:00.000,Commercial Final,"200, 10612 - 124 STREET NW",Plan 6065HW Blk 29 Lot 11,WESTMOUNT,3440,To construct interior alterations within a second floor Business And Personal Services use suite (tenant fit up) - physical therapy clinic.,Office Buildings (520),(03) Interior Alterations,3540,335000,MU,0,53.5497309449663,-113.53639986933794,,1,
2021-12-17T00:00:00.000,2021,12,2021-12-17T00:00:00.000,Commercial Final,"108, 11614 - 119 STREET NW",Condo Common Area (Plan 0825767),PRINCE RUPERT,1170,To construct interior alteration for a new retail store WORK DONE WITHOUT PERMITS - Custom Comfort Shoes and Medical Supplies.,"Malls, Office/Retail (512)",(03) Interior Alterations,2599.48,10000,CG,0,53.567937478221054,-113.52757790982034,,1,
2021-12-16T00:00:00.000,2021,12,2021-12-16T00:00:00.000,Commercial Final,4968 - 98 AVENUE NW,Plan 8222786 Blk 7 Lot 1,EASTGATE BUSINESS PARK,6180,"To change the use from mercantile to health service (Group E to D) and to construct interior alterations for a new physiotherapy clinic - Leading Edge Physiotherapy, Capilano.",Retail and Shops (510),(03) Interior Alterations,8030,550000,CG,0,53.537954948333216,-113.41620033952886,,1,
2021-12-15T00:00:00.000,2021,12,2021-12-15T00:00:00.000,Commercial Final,16725 - 84 STREET NW,Plan 9926453 Blk 12 Lot 124,KLARVATTEN,2440,To Construct Interior alterations (new tenant fit up) - Medical clinic & Pharmacy.,Office Buildings (520),(03) Interior Alterations,4064,510000,CN,0,53.6292369861784,-113.46961168393598,,1,
2021-12-13T00:00:00.000,2021,12,2021-12-13T00:00:00.000,Commercial Final,8906 - 149 STREET NW,Plan 9621254 Blk 2 Lot 25,JASPER PARK,4230,To change the use of a suite from Assembly to Business and Personal Service/Mercantile and to construct interior alterations (new tenant fit up) - PRO CARE PHARMACY AND CLINIC.,Office Buildings (520),(03) Interior Alterations,1518,45000,DC2,0,53.521637519190406,-113.57849124126791,,1,
2021-12-08T00:00:00.000,2021,12,2021-12-08T00:00:00.000,Commercial Final,"215, 9148 - 23 AVENUE NW","Condo Common Area (Plan 0822030,1220720,0921139)",PARSONS INDUSTRIAL,6570,To complete interior alterations (demo existing partition walls and construct new partition walls) for new tenant fit-up in an existing commercial building.  - Square on 23rd Medical Clinic,Office Buildings (520),(03) Interior Alterations,2015,300000,BE,0,53.452664119364584,-113.47015606349375,,1,
2021-12-07T00:00:00.000,2021,12,2021-12-07T00:00:00.000,Commercial Final,15805 - 87 AVENUE NW,Plan 5559KS Blk 1 Lot 1,LYNNWOOD,4280,"To change the tenant space from a Business and Personal Services (Dental Clinic ""D"" occupancy) to Mercantile (""E"" occupancy) and to construct interior alterations (demo existing partition walls) for new tenant fit up in an existing mixed use building - WESTEND HALAL MEAT AND GROCERIES.",Retail and Shops (510),(03) Interior Alterations,832,2000,CN,0,53.519103614515686,-113.59589297750999,,1,
2021-12-03T00:00:00.000,2021,12,2021-12-03T00:00:00.000,Commercial Final,18546 - 104 AVENUE NW,Plan 0626825 Blk 1 Lot 9,SUNWAPTA INDUSTRIAL,4530,To change the use from Industrial to Personal Services and to construct interior alterations (tenant fit up) - Optimize Physio Clinic.,Office Buildings (520),(03) Interior Alterations,4870,300000,"IM, IM, BE, BE",0,53.547540731806876,-113.64330890729384,,1,
2021-12-01T00:00:00.000,2021,12,2021-12-01T00:00:00.000,Commercial Final,"103, 9190 - 34A AVENUE NW",Condo Common Area (Plan 2020261),STRATHCONA INDUSTRIAL PARK,6700,To complete interior alterations (construct initial tenant fit-up with mezzanine) in an existing commercial building. - Acupuncture Clinic,Office Buildings (520),(03) Exterior Alterations,1262,60000,BE,0,53.46764927783437,-113.4708874147456,,1,
2021-11-29T00:00:00.000,2021,11,2021-11-29T00:00:00.000,Commercial Final,2747 - 182 STREET SW,Plan 1923234 Blk 15 Lot 1,KESWICK,5574,"To construct interior alterations (Initial suite fit-up) - ACE Medical Clinic & Pharmacy. Units 7 (07), 8 (108), and 9 (109)","Malls, Office/Retail (512)",(03) Interior Alterations,3524,350000,DC2,0,53.41104414273555,-113.6357142515798,,1,
2021-11-18T00:00:00.000,2021,11,2021-11-18T00:00:00.000,Commercial Final,"652, 1 - KINGSWAY GARDEN MALL NW",Plan 1620578 Blk 7 Lot 277,SPRUCE AVENUE,1230,To construct interior alterations within a Business And Personal Services use suite (renovation to existing clinic and expansion into adjacent tenant space) - DENTAL CENTRE.,"Clinics, Health Units (642)",(03) Interior Alterations,3310,413000,"CG, CG",0,53.56230253165657,-113.50555408239828,,1,
2021-11-17T00:00:00.000,2021,11,2021-11-17T00:00:00.000,Commercial Final,"102, 17327 - 69 AVENUE NW",Condo Common Area (Plan 8323220),CALLINGWOOD SOUTH,4080,To change the use from Assembly to Mercantile and to construct interior alterations (tenant fit up) - METTRA PHARMACY. Landlord work under BP 403264893-002.,Retail and Shops (510),(03) Interior Alterations,850,50000,RL,0,53.50220244799862,-113.62297241739437,,1,
2021-11-17T00:00:00.000,2021,11,2021-11-17T00:00:00.000,Commercial Final,"102, 17327 - 69 AVENUE NW",Condo Common Area (Plan 8323220),CALLINGWOOD SOUTH,4080,"To construct interior alterations within a future change to Mercantile (Pharmacy) use suite (landlord work inv. install HRV, fan coil unit, plumbing rough in).  Tenant fit up under BP 409522991-003",Retail and Shops (510),(03) Interior Alterations,800,20000,RL,0,53.50220244799862,-113.62297241739437,,1,
2021-11-17T00:00:00.000,2021,11,2021-11-17T00:00:00.000,Commercial Final,5722A - 75 STREET NW,Plan 7520139 Blk 3 Lot 2,MCINTYRE INDUSTRIAL,6430,To change the use from Mercantile to Personal Service and to construct interior alterations (tenant fit up + new demising wall 1 Hr) - Medical Spa.,Office Buildings (520),(03) Interior Alterations,2013.8,80000,BE,0,53.4942824598294,-113.4437827225932,,1,
2021-11-15T00:00:00.000,2021,11,2021-11-15T00:00:00.000,Commercial Final,303 - WOODVALE ROAD WEST NW,Condo Common Area (Plan 1025441),HILLVIEW,6300,To construct Interior Alteration for a new pharmacy and medical clinic. - Woodvale Pharmacy/Clinic,Retail and Shops (510),(03) Interior Alterations,1259,120000,CN,0,53.46791970263911,-113.4309824512883,,1,
2021-11-15T00:00:00.000,2021,11,2021-11-15T00:00:00.000,Commercial Final,2935 - 66 STREET NW,Condo Common Area (Plan 9021440),TAWA,6720,"To construct interior alterations within a Business And Personal Services suite (re-configure layout, complete interior finishes) - Medical Office.",Office Buildings (520),(03) Interior Alterations,1904,80000,DC2,0,53.460821363849874,-113.43292331150933,,1,
2021-11-15T00:00:00.000,2021,11,2021-11-15T00:00:00.000,Commercial Final,13204 - 118 AVENUE NW,"Plan 1464KS Blk 1 Lots 54,55U,56U,57U,58U",DOVERCOURT,3170,To construct Interior Alteration - Walk in Clinic and Pharmacy,"Clinics, Health Units (642)",(03) Interior Alterations,2550,71000,CG,0,53.570958827460196,-113.55068677110387,,1,
2021-11-12T00:00:00.000,2021,11,2021-11-12T00:00:00.000,Commercial Final,723 - DANIELS WAY SW,Plan 2121567 Blk 18 Lot 4,DESROCHERS AREA,5463,To construct Interior Alteration - Desrocher's People Pharmacy,"Malls, Office/Retail (512)",(03) Interior Alterations,1107,70000,MU,0,53.40073889578396,-113.54233414725051,,1,
2021-11-10T00:00:00.000,2021,11,2021-11-10T00:00:00.000,Commercial Final,9508 - 149 STREET NW,Plan 5229AD Blk 67 Lots 7-10,WEST JASPER PLACE,4580,To construct interior alterations within a Business And Personal Services use suite (initial tenant fit up) - DR AZARKO DENTAL OFFICE,Office Buildings (520),(03) Interior Alterations,4860,1000000,CN,0,53.53188362800065,-113.57853727440924,,1,
2021-10-28T00:00:00.000,2021,10,2021-10-28T00:00:00.000,Commercial Final,7149 - WINTERBURN ROAD NW,Plan 2522068 Blk 1 Lot 124,GRANVILLE,4551,To construct Interior Alteration - JTruongRx Pharmacy,"Malls, Office/Retail (512)",(03) Interior Alterations,4030,400000,DC,0,53.50706639116591,-113.6871356168058,,1,
2021-10-26T00:00:00.000,2021,10,2021-10-26T00:00:00.000,Commercial Final,15505 - 137 AVENUE NW,Plan 0724736 Blk 2 Lot 10,MISTATIM INDUSTRIAL,4320,To construct Interior Alteration - (Create a none retail Pharmacy) ARTA RX,Manufacturing Buildings (430),(03) Interior Alterations,4229,400000,BE,0,53.59760403914645,-113.58671403119698,,1,
2021-10-25T00:00:00.000,2021,10,2021-10-25T00:00:00.000,Commercial Final,6858 - 178 AVENUE NW,Condo Common Area (Plan 2221981),CRYSTALLINA NERA EAST,2462,To construct Interior Alteration (new tenant fit-up) in an existing commercial building -REEMAKE SKIN MEDICAL SPA AND LASER CLINIC,Retail and Shops (510),(03) Interior Alterations,1442.2,100000,"CB1, CB1",0,53.64183831062017,-113.44402808769138,,1,
2021-10-22T00:00:00.000,2021,10,2021-10-22T00:00:00.000,Commercial Final,10588 - 100 STREET NW,Plan 9321356 Lot 149A,MCCAULEY,1140,To construct Interior Alteration - Pharmacy One,"Clinics, Health Units (642)",(03) Interior Alterations,1426,60000,MU,0,53.549550621390445,-113.49236493197357,,1,
2021-10-22T00:00:00.000,2021,10,2021-10-22T00:00:00.000,Commercial Final,14010 - 164 STREET NW,Plan 2022502 Blk 7 Lot 5,MISTATIM INDUSTRIAL,4320,"To construct Interior Alteration - Project Whirlwind - Edmonton D2C, Fit up of small same-tenant operated pharmacy and new Barrier Free bathroom.",Retail and Shops (510),(03) Interior Alterations,753.47,250000,"BE, BE",0,53.60354996696885,-113.60496946758542,,1,
2021-10-22T00:00:00.000,2021,10,2021-10-22T00:00:00.000,Commercial Final,5131 - MULLEN ROAD NW,Plan 1823035 Blk 20 Lot 18,MACTAGGART,5477,"To construct interior alterations within a Business And Personal Services suite (initial tenant fit up) - MEDICAL OFFICE - Existing 2 hour demising walls, 3 new Exhaust fans through roof, 2 BF washrooms.","Clinics, Health Units (642)",(03) Interior Alterations,6031,1000000,"CG, CG",0,53.43392611703003,-113.57468424546724,,1,
2021-10-18T00:00:00.000,2021,10,2021-10-18T00:00:00.000,Commercial Final,7006 - 109 STREET NW,Plan 587HW Blk 27 Lot B,PARKALLEN,5310,To construct interior alterations within a Mercantile use suite (new consultation room) - Pharmacy,Retail and Shops (510),(03) Interior Alterations,800,25000,MU,0,53.50684208655167,-113.51245990983863,,1,
2021-10-18T00:00:00.000,2021,10,2021-10-18T00:00:00.000,Commercial Final,2719 - 182 STREET SW,Plan 1923234 Blk 15 Lot 1,KESWICK,5574,To construct Interior Alteration - (Tranquil Dental (Initial Suite Fit-up)).,"Clinics, Health Units (642)",(03) Interior Alterations,2588,280000,DC2,0,53.41104414273555,-113.6357142515798,,1,
2021-10-12T00:00:00.000,2021,10,2021-10-12T00:00:00.000,Commercial Final,7319 - 29 AVENUE NW,Plan 2122437 Blk 7 Lot 4A,KAMEYOSEK,6340,To Demolish a commercial building - Covenant Health Assessment Clinic.,"Clinics, Health Units (642)",(99) Demolition,,1000000,DC2,0,,,,1,
2021-09-28T00:00:00.000,2021,9,2021-09-28T00:00:00.000,Commercial Final,10607 - 172 STREET NW,Plan 0426838 Blk 3 Lot 2A,MCNAMARA INDUSTRIAL,4300,"To change the use of a suite to Business And Personal Services and to construct interior alterations (barrier-free washroom, office) - Physiotherapy. MAX 20 PERSONS",Office Buildings (520),(03) Interior Alterations,3153.82,7000,CB,0,53.55146756997132,-113.61668791492413,,1,
2021-09-28T00:00:00.000,2021,9,2021-09-28T00:00:00.000,Commercial Final,8324 - 160 AVENUE NW,Plan 9821872 Blk 80 Lot 3,BELLE RIVE,2050,To construct Interior Alteration - Medical Clinic,"Malls, Office/Retail (512)",(03) Interior Alterations,1667.33,50000,DC2,0,53.621117560164,-113.46939385510412,,1,
2021-09-27T00:00:00.000,2021,9,2021-09-27T00:00:00.000,Commercial Final,10667 - 113 STREET NW,Plan B4 Blk 12 Lots 191-192,QUEEN MARY PARK,1180,To construct Interior Alteration- FIRST TENANT FIT UP - In Step Physio Therapy (Up grade one demising wall to 2 hour),Office Buildings (520),(03) Interior Alterations,3215,300000,MU,0,53.551164002514874,-113.5152623122967,,1,
2021-09-22T00:00:00.000,2021,9,2021-09-22T00:00:00.000,Commercial Final,6560 - 28 AVENUE NW,Plan 8220154 Blk 5 Lot 4,TAWA,6720,To construct Interior Alteration - Melody Audiology,"Clinics, Health Units (642)",(03) Interior Alterations,683.51,75000,DC2,0,53.459526532518616,-113.43175143735266,,1,
2021-09-21T00:00:00.000,2021,9,2021-09-21T00:00:00.000,Commercial Final,"142, 9080 - 25 AVENUE SW",Plan 1125456 Blk 56 Lot 7,SUMMERSIDE,6213,To construct interior alterations - INITIAL TENANT FIT-UP - PHARMACY.- includes constructing demising wall,Retail and Shops (510),(03) Interior Alterations,1245,28000,CN,0,53.41074702286354,-113.48158374888779,,1,
2021-09-17T00:00:00.000,2021,9,2021-09-17T00:00:00.000,Commercial Final,1030 - WEBBER GREENS DRIVE NW,Plan 1222426 Blk 60 Lot 5,SUDER GREENS,4730,To construct interior alterations within a Mercantile use building (Pharmacy Renovation and Relocation).,Retail and Shops (510),(03) Interior Alterations,1660.87,150000,DC1,0,53.52432736902026,-113.66958254748195,,1,
2021-09-13T00:00:00.000,2021,9,2021-09-13T00:00:00.000,Commercial Final,9720 - 106 AVENUE NW,Plan NA Blk 12 Lots 29-30,MCCAULEY,1140,To construct Interior Alteration - (expanding Medical clinic into adjacent suite),"Clinics, Health Units (642)",(03) Interior Alterations,987,23000,MU,0,53.550289873570115,-113.48970364488315,,1,
2021-09-03T00:00:00.000,2021,9,2021-09-03T00:00:00.000,Commercial Final,5544 - CALGARY TRAIL NW,Plan 6742MC Blk 52A Lot 5,PLEASANTVIEW,5320,"To construct Interior Alteration for a new hearing aid clinic. MAX 10 PERSONS. ""The 44 Sounds Inc.""","Clinics, Health Units (642)",(03) Interior Alterations,1280,25000,CG,0,53.493094529686005,-113.49805830610563,,1,
2021-08-27T00:00:00.000,2021,8,2021-08-27T00:00:00.000,Commercial Final,16534 - 59A STREET NW,Plan 1520615 Blk 17 Lot 130A,MATT BERRY,2500,To change the use from Business And Personal Services to Mercantile and to construct interior alterations (new tenant fit up) - Medlife Pharmacy.,Retail and Shops (510),(03) Interior Alterations,1400,40000,CN,0,53.62770029215375,-113.43149321575893,,1,
2021-08-27T00:00:00.000,2021,8,2021-08-27T00:00:00.000,Commercial Final,10245 - 111 AVENUE NW,Plan 1619KS Blk 2 Lot 313,CENTRAL MCDOUGALL,1030,To construct interior alterations within an extended medical treatment services building (interior renovation/updates) - Royal Alexandra Hospital.,Hospitals (640),(03) Interior Alterations,1614.59,2000000,UF,0,53.5576021800969,-113.49789453631885,,1,
2021-08-25T00:00:00.000,2021,8,2021-08-25T00:00:00.000,Commercial Final,3A - FAIRWAY DRIVE NW,Plan 3227TR Blk 6 Lot 41A,WESTBROOK ESTATES,5540,"To construct interior alterations within a Business And Personal Services use suite (reconfigure space, new tenant fit up) - denture clinic.",Office Buildings (520),(03) Interior Alterations,1058,90000,CN,0,53.47226939382082,-113.53969761817787,,1,
2021-08-24T00:00:00.000,2021,8,2021-08-24T00:00:00.000,Commercial Final,8307 - CHAPPELLE WAY SW,"Condo Common Area (Plan 2122616,2120841)",CHAPPELLE AREA,5462,To construct interior alterations within a Mercantile/Personal Service use suite (Tenant fit up of Clinic and Pharamcy) including 1HR demising wall on both sides- Compassion Medical Wellness.,Retail and Shops (510),(03) Interior Alterations,3476.74,150000,CG,0,53.39669608455952,-113.59372233330703,,1,
2021-08-24T00:00:00.000,2021,8,2021-08-24T00:00:00.000,Commercial Final,15358 - 111 AVENUE NW,Plan 1523712 Blk 1 Lot 1,HIGH PARK INDUSTRIAL,4210,To construct Interior Alteration - Acumen Sports and Shoulder Clinic,Office Buildings (520),(03) Interior Alterations,7284,110000,BE,0,53.55989295094447,-113.58571362976369,,1,
2021-08-20T00:00:00.000,2021,8,2021-08-20T00:00:00.000,Commercial Final,"201, 2841 - 109 STREET NW",Plan 8622063 Blk 27 Lot 41A,ERMINESKIN,5180,To construct Interior Alteration for a dental office - Stringham Dental,Office Buildings (520),(03) Interior Alterations,2949.31,100000,DC2,0,53.45972936123641,-113.50933837796755,,1,
2021-08-19T00:00:00.000,2021,8,2021-08-19T00:00:00.000,Commercial Final,16825 - STONY PLAIN ROAD NW,Condo Common Area (Plan 2321076),GLENWOOD,4180,To change the use from Mercantile to Business And Personal Services and to construct interior alterations (initial tenant fit up)  - Mayfield Quarters Medical Clinic.,Office Buildings (520),(03) Interior Alterations,3615,550000,,0,,,,1,
2021-08-04T00:00:00.000,2021,8,2021-08-04T00:00:00.000,Commercial Final,13710 - CASTLE DOWNS ROAD NW,Plan 7721921 Blk C Lot 1,CARLISLE,3090,To construct interior alterations within a Business And Personal Services use suite (new tenant fit up) - IGOROT MASSAGE CLINIC LTD.,"Clinics, Health Units (642)",(03) Interior Alterations,1745,25000,MU,0,53.60009446077985,-113.51752466724821,,1,
2021-07-30T00:00:00.000,2021,7,2021-07-30T00:00:00.000,Commercial Final,2439 - 90B STREET SW,Condo Common Area (Plan 1620228),SUMMERSIDE,6213,To construct Interior Alteration for a new pharmacy - Orchards Pharmacy,Retail and Shops (510),(03) Interior Alterations,1257,125000,DC2,0,53.410955973947445,-113.47951779451553,,1,
2021-07-30T00:00:00.000,2021,7,2021-07-30T00:00:00.000,Commercial Final,12463 - 97 STREET NW,Plan 5701HW Blk 11 Lot A,DELTON,1080,"To change the use of a suite from General Industrial to Mercantile and to construct interior alterations, ''EYEGLASS STORE/CLINIC''.",Retail and Shops (510),(03) Interior Alterations,2492,20000,CG,0,53.58083332482664,-113.49150178260771,,1,
2021-07-29T00:00:00.000,2021,7,2021-07-29T00:00:00.000,Commercial Final,6720 - 104 STREET NW,"Plan 3553P Blk B Lots 1-4,27-30",ALLENDALE,5010,To construct Interior Alteration - C-Health Edmonton. Construct new partitions for the Pharmacy side only.,"Clinics, Health Units (642)",(03) Interior Alterations,7332.15,150000,DC,0,53.50387086627876,-113.49816329303307,,1,
2021-07-28T00:00:00.000,2021,7,2021-07-28T00:00:00.000,Commercial Final,12950 - 137 AVENUE NW,Plan 0123660 Lot 7,PEMBINA,3340,"To construct Interior Alteration for a new tenant fit up in an existing grocery store - FreshCo Pallisades - New MUA, 2 relocated RTU's, New kitchen exhaust hood for new commercial kitchen, 1 Universal BF washroom, New pharmacy.",Retail and Shops (510),(03) Interior Alterations,53754.92,3450000,CG,0,53.60038121240428,-113.54410139210967,,1,
2021-07-22T00:00:00.000,2021,7,2021-07-22T00:00:00.000,Commercial Final,1472 - MCCONACHIE BOULEVARD NW,Plan 1821486 Blk 24 Lot 118,MCCONACHIE,2522,To construct interior alterations within a Mercantile use suite (initial tenant fit up) - Mcconachie Pharmacy.,Retail and Shops (510),(03) Interior Alterations,954,100000,CN,0,53.639694567357616,-113.44155420630315,,1,
2021-07-20T00:00:00.000,2021,7,2021-07-20T00:00:00.000,Commercial Final,8313 - CHAPPELLE WAY SW,"Condo Common Area (Plan 2122616,2120841)",CHAPPELLE AREA,5462,To construct Interior Alterations in an existing shell commercial floor space.  Creekwood Physiotherapy.,"Clinics, Health Units (642)",(03) Interior Alterations,1935,130000,CG,0,53.39669608455952,-113.59372233330703,,1,
2021-07-16T00:00:00.000,2021,7,2021-07-16T00:00:00.000,Commercial Final,10316 - 76 AVENUE NW,Plan 0823458 Blk 1 Lot 1,STRATHCONA JUNCTION,5151,To Change the use from Retail to Personal Services & construct Interior Alteration - (Reach Sports Physiotherapy & Hand Clinic),Office Buildings (520),(03) Interior Alterations,2486.46,285000,DC,0,53.512878770093884,-113.49571151171128,,1,
2021-07-08T00:00:00.000,2021,7,2021-07-08T00:00:00.000,Commercial Final,13008 - 82 STREET NW,Plan 4651KS Blk 24 Lots 35-39,KILLARNEY,2420,To construct Interior Alteration - STADIUM MEDICAL CLINIC AND PHARMACY,"Clinics, Health Units (642)",(03) Interior Alterations,1764,47000,MU,0,53.5895789032877,-113.46784086215352,,1,
2021-07-07T00:00:00.000,2021,7,2021-07-07T00:00:00.000,Commercial Final,13578 - FORT ROAD NW,Plan 1641ET Blk B Lot 1,BELVEDERE,2080,To complete a change of use (Restaurant (A2) to a Pharmacy (E) occupancy) and complete interior alterations (construct demising and partition walls) in an existing multi use commercial building.  - Whole Health Pharmacy,"Malls, Office/Retail (512)",(03) Interior Alterations,1000,90000,CG,0,53.59876564503545,-113.42352686201485,,1,
2021-07-06T00:00:00.000,2021,7,2021-07-06T00:00:00.000,Commercial Final,6471 - CARTMELL PLACE SW,Condo Common Area (Plan 2021910),CHAPPELLE AREA,5462,To construct Interior Alteration - Prime Denture Clinic,"Clinics, Health Units (642)",(03) Interior Alterations,1160,50000,CG,0,53.39640942588807,-113.56977193942022,,1,
2021-06-25T00:00:00.000,2021,6,2021-06-25T00:00:00.000,Commercial Final,2047 - 163 STREET SW,Condo Common Area (Plan 2120918),GLENRIDDING HEIGHTS,5578,To construct Interior Alteration for a (first tenant fit-up) medical clinic and pharmacy,Retail and Shops (510),(03) Interior Alterations,0,250000,CN,0,53.41564365852199,-113.60133567655149,,1,
2021-06-24T00:00:00.000,2021,6,2021-06-24T00:00:00.000,Commercial Final,9566 - 170 STREET NW,Plan 0123668 Blk 41 Lot 2A,TERRA LOSA,4540,"To complete Exterior Alterations (install new RTU & chiller) and complete Interior Alterations (construct new MRi room, new washroom, new waiting area and change room) in an existing commercial building - MIC Terra Losa Medical Clinic","Clinics, Health Units (642)",(03) Interior Alterations,1593.06,1029162,DC1,0,53.53373667038287,-113.61738981518923,,1,
2021-06-23T00:00:00.000,2021,6,2021-06-23T00:00:00.000,Commercial Final,4522 - CALGARY TRAIL NW,Plan 1820228 Blk 30 Lot 16,EMPIRE PARK,5170,"To change the use of a suite from Mercantile to Business And Personal Services and to construct interior alterations, ''Healing Haven Physiotherapy''. Initial tenant fit up. 1 New 1 Hour demising wall (GL6), 1Bf washroom.",Office Buildings (520),(03) Interior Alterations,1050,68000,DC2,0,53.48309228541663,-113.49576452304838,,1,
2021-06-23T00:00:00.000,2021,6,2021-06-23T00:00:00.000,Commercial Final,103 - HADDOW CLOSE NW,Condo Common Area (Plan 0524641),HADDOW,5610,To Change the Use from Mercantile to Personal Services and to construct interior alterations - (Dr. Marcia Hartt Medical Aesthetics),Office Buildings (520),(03) Interior Alterations,3758,450000,DC2,0,53.45871560640364,-113.59093680524634,,1,
2021-06-22T00:00:00.000,2021,6,2021-06-22T00:00:00.000,Commercial Final,11400 - UNIVERSITY AVENUE NW,Plan 8821049 Blk Q,UNIVERSITY OF ALBERTA,5520,"To construct interior alteration in a medical office building (revise shower room to meet barrier free requirements) -  Kaye Clinic, level 6.","Clinics, Health Units (642)",(03) Interior Alterations,75.35,70000,AJ,0,53.518012290090006,-113.52747721021849,,1,
2021-06-22T00:00:00.000,2021,6,2021-06-22T00:00:00.000,Commercial Final,"104, 2603 - HEWES WAY NW",Condo Common Area (Plan 0620553),MILL WOODS TOWN CENTRE,6520,To add Mercantile (optical shop) use within an existing Personal Services (medical clinic) and to construct interior alterations (Build one interior partition wall only) - Isight Eyecare.,Office Buildings (520),(03) Interior Alterations,240,2500,DC2,0,53.457266341054606,-113.42611141168571,,1,
2021-06-21T00:00:00.000,2021,6,2021-06-21T00:00:00.000,Commercial Final,819 - DANIELS WAY SW,Plan 1822012 Blk 4 Lot 175,DESROCHERS AREA,5463,To construct Interior Alteration to a commercial building (Initial fitup) - DesRochers Village Clinic & Pharmacy,Office Buildings (520),(03) Interior Alterations,2004,100000,DC1,0,53.398722981737244,-113.54229741519838,,1,
2021-06-16T00:00:00.000,2021,6,2021-06-16T00:00:00.000,Commercial Final,"103, 15508 - 87 AVENUE NW",Plan 2786RS Blk 1 Lot 14A,JASPER PARK,4230,"To construct interior alterations within a suite of a commercial Business And Personal Services use building, ''pharmacy - Acme Drug Mart''. Interior improvement.",Retail and Shops (510),(03) Interior Alterations,874,20000,CG,0,53.51993509849632,-113.58907093621535,,1,
2021-06-10T00:00:00.000,2021,6,2021-06-10T00:00:00.000,Commercial Final,12950 - 137 AVENUE NW,Plan 0123660 Lot 7,PEMBINA,3340,"To move on a Temporary Trailer for 5 months(June20, 2021 to Dec 31, 2021) to Operate a General Retail Store (Pharmacy only).",Temporary Structures (999),(12) Move Building OnSite,,5000,CG,0,53.60038121240428,-113.54410139210967,,1,
2021-06-10T00:00:00.000,2021,6,2021-06-10T00:00:00.000,Commercial Final,4073 - 106 STREET NW,Plan 0023297 Unit 1,RIDEAU PARK,5360,To change of use (from D to MAJOR E) construct interior alterations.  (Whitemud Pharmacy),Retail and Shops (510),(03) Interior Alterations,1770,60000,CG,0,53.477731297544146,-113.50362224541854,,1,
2021-06-10T00:00:00.000,2021,6,2021-06-10T00:00:00.000,Commercial Final,"104, 5083 - WINDERMERE BOULEVARD SW",Plan 0621857 Blk 1 Lot 1,AMBLESIDE,5505,To construct Interior Alteration - Rejuvenation Upharmacy Relocation,"Clinics, Health Units (642)",(03) Interior Alterations,2604.86,50000,DC2,0,53.43267394984213,-113.59206505291267,,1,
2021-06-08T00:00:00.000,2021,6,2021-06-08T00:00:00.000,Commercial Final,17321 - HILLER ROAD SW,Plan 2221741 Blk 16 Lot 5,KESWICK,5574,To construct Interior Alteration for a new massage clinic (initial fitup) - Heathwise Optimum Massage Clinic,Office Buildings (520),(03) Interior Alterations,1194.3,80000,DC2,0,,,,1,
2021-06-04T00:00:00.000,2021,6,2021-06-04T00:00:00.000,Commercial Final,8118 - 118 AVENUE NW,Plan 0420166 Blk 1 Lot 4,EASTWOOD,1100,"To move on a Temporary pharmacy trailer in the parking lot of the existing Safeway Coliseum. (June 4, 2021 to November 4. 2021)",Temporary Structures (999),(12) Move Building OnSite,,25000,DC2,0,53.57132304606252,-113.4662031607293,,1,
2021-06-04T00:00:00.000,2021,6,2021-06-04T00:00:00.000,Commercial Final,5720 - 111 STREET NW,Plan 9720491 Blk 15 Lot 2B,LENDRUM PLACE,5270,"To construct interior alterations within a Clinic/Pharmacy, ''Lendrum Guardian Pharmacy''. Upgrade existing compounding room to Level C.  HVAC ,electrical for new mech equipment only , and new door type.",Retail and Shops (510),(03) Interior Alterations,134,20000,CG,0,53.495207521255374,-113.51777233027487,,1,
2021-06-04T00:00:00.000,2021,6,2021-06-04T00:00:00.000,Commercial Final,"101, 11230 - 110 STREET NW",Plan 4733KS Blk 9 Lot 275,SPRUCE AVENUE,1230,To construct Interior Alteration for a new clinic - Shift Physiotherapy and Wellness,"Clinics, Health Units (642)",(03) Interior Alterations,2249.98,95000,CG,0,53.562591787120766,-113.51062552824347,,1,
2021-06-03T00:00:00.000,2021,6,2021-06-03T00:00:00.000,Commercial Final,"205, 6958 - 76 AVENUE NW",Plan 1621131 Unit 12,GIRARD INDUSTRIAL,6260,To construct Interior Alteration for a Physiotherapy clinic - Vertex Physio,"Clinics, Health Units (642)",(03) Interior Alterations,1120,125000,"BE, MU",0,53.51292267910958,-113.43539947776532,,1,
2021-06-02T00:00:00.000,2021,6,2021-06-02T00:00:00.000,Commercial Final,"505, 11010 - 101 STREET NW","Plan 8222283 Blk 1 Lots 319B,319C",CENTRAL MCDOUGALL,1030,"To expand suite 505 into a portion of suite 506. Upgrade demising wall. Minor renovation on suite 505 side to accommodate expansion, ''The Pediclinic''.",Office Buildings (520),(03) Interior Alterations,420,18000,"DC2, MU, MU",0,53.55753988764228,-113.4945432528676,,1,
2021-05-28T00:00:00.000,2021,5,2021-05-28T00:00:00.000,Commercial Final,"101, 9245 - 50 STREET NW",Condo Common Area (Plan 0923695),EASTGATE BUSINESS PARK,6180,To Change the Use of Suite from F2 industrial to D medical office with dispensary and to construct Interior Alterations.  Ottewell Health Centre,"Malls, Office/Retail (512)",(03) Interior Alterations,2384,150000,BE,0,53.528403474965835,-113.41731207401473,,1,
2021-05-27T00:00:00.000,2021,5,2021-05-27T00:00:00.000,Commercial Final,"202, 11037 - 9 AVENUE NW",Plan 0024386 Lot A,ANTHONY HENDAY SOUTH,4014,To construct Interior Alteration - Massage and Acupuncture Clinic,"Clinics, Health Units (642)",(03) Interior Alterations,3906,150000,CN,0,53.43894790020626,-113.51712780610765,,1,
2021-05-25T00:00:00.000,2021,5,2021-05-25T00:00:00.000,Commercial Final,11230 - 110 STREET NW,Plan 4733KS Blk 9 Lot 275,SPRUCE AVENUE,1230,To construct Interior Alteration - Kingsway Medical Clinic Main Floor Washrooms - Addition of main floor public washrooms and demising walls to existing building,"Clinics, Health Units (642)",(03) Interior Alterations,7857.65,80000,CG,0,53.562591787120766,-113.51062552824347,,1,
2021-05-21T00:00:00.000,2021,5,2021-05-21T00:00:00.000,Commercial Final,12825 - 115 AVENUE NW,Plan 2521799 Blk 6 Lot 9,INGLEWOOD,3240,To change the use of an existing medical treatment building to an apartment building (193 Dwellings) and to construct an addition (20 Dwellings for a total of 211) and to construct interior and exterior alterations - Camsel Apartments.,Apartment Condos (315),(08) Add Suites to Multi-Dwelling,548238,19900000,"PSN, DC2",211,,,,1,
2021-05-20T00:00:00.000,2021,5,2021-05-20T00:00:00.000,Commercial Final,12802 - 137 AVENUE NW,Plan 0523197 Blk 1 Lot B,PEMBINA,3340,"To construct Interior Alterations to an existing pharmacy - Palisades Pharmacy - New compounding room, relocated storage room.",Retail and Shops (510),(03) Interior Alterations,151,21500,CG,0,53.60104643041001,-113.54293610965965,,1,
2021-05-17T00:00:00.000,2021,5,2021-05-17T00:00:00.000,Commercial Final,8104 - 112 AVENUE NW,Plan 9924817 Blk 1 Lot 1,CROMDALE,1070,To construct interior alterations - (T.K Orsten Dental),Retail and Shops (510),(03) Interior Alterations,1031.94,50000,DC2,0,53.56204248020336,-113.46628271244082,,1,
2021-05-14T00:00:00.000,2021,5,2021-05-14T00:00:00.000,Commercial Final,"120, 14101 - WEST BLOCK DRIVE NW",Condo Common Area (Plan 1922316);Plan 1922316 Unit 30,GLENORA,3200,To construct Interior Alteration for a dental clinic - West Block Dental,Office Buildings (520),(03) Interior Alterations,1134,100000,"DC2, DC2, DC",0,,,,1,
2021-05-10T00:00:00.000,2021,5,2021-05-10T00:00:00.000,Commercial Final,"107, 6925 - GATEWAY BOULEVARD NW",Plan 2416HW Lots 10-11,STRATHCONA JUNCTION,5151,To construct Interior Alteration(expansion to existing medical facility - MIC),"Clinics, Health Units (642)",(03) Interior Alterations,9020.15,125000,DC,0,53.50612329950755,-113.49404273939861,,1,
2021-05-04T00:00:00.000,2021,5,2021-05-04T00:00:00.000,Commercial Final,11322 - 132 AVENUE NW,Plan 4554NY Blk 32 Lot 1A,KENSINGTON,3250,"To construct interior alterations within a suite of a commercial mixed use building, ''Medical Clinic & Pharmacy''. New full tenant fit up. ( HIBCO MEDICAL)","Clinics, Health Units (642)",(03) Interior Alterations,2970.84,260000,MU,0,53.592495729610945,-113.51744273468003,,1,
2021-04-30T00:00:00.000,2021,4,2021-04-30T00:00:00.000,Commercial Final,6411 - CARTMELL PLACE SW,Condo Common Area (Plan 2021910),CHAPPELLE AREA,5462,To construct Interior Alteration (initial Fitup) - ACUPUNCTURE/MASSAGE THERAPY CLINIC,"Malls, Office/Retail (512)",(03) Interior Alterations,1200,6000,CG,0,53.39640942588807,-113.56977193942022,,1,
2021-04-29T00:00:00.000,2021,4,2021-04-29T00:00:00.000,Commercial Final,"160, 1 - MEADOWLARK PARK SHOPPING CENTRE NW",Plan 9924575 Blk 10 Lot 2,MEADOWLARK PARK,4310,To construct Interior Alteration - Jasper Place Denture Clinic,Office Buildings (520),(03) Interior Alterations,1118,30000,MU,0,53.520753411794075,-113.59328895415797,,1,
2021-04-22T00:00:00.000,2021,4,2021-04-22T00:00:00.000,Commercial Final,16412 - ELLERSLIE ROAD SW,Plan 1321077 Blk 1 Lot 1,AMBLESIDE,5505,To construct Interior Alteration for a new veterinarian clinic,Animal and Plant Services (410),(03) Interior Alterations,1285,100000,CG,0,53.423774029676224,-113.60698102427617,,1,
2021-04-20T00:00:00.000,2021,4,2021-04-20T00:00:00.000,Commercial Final,1536 - 91 STREET SW,Condo Common Area (Plan 1623793),ELLERSLIE INDUSTRIAL,6214,"To construct Interior Alteration to an existing medical clinic.  Remove Existing Pharmacy area and add One(1) additional exam room and Four(4) offices. ""Medicus""",Office Buildings (520),(03) Interior Alterations,273,18000,EIB,0,53.41901888259273,-113.47947159201162,,1,
2021-04-19T00:00:00.000,2021,4,2021-04-19T00:00:00.000,Commercial Final,"207, 14101 - WEST BLOCK DRIVE NW",Condo Common Area (Plan 1922316);Plan 1922316 Unit 30,GLENORA,3200,To construct Interior Alteration for a new pediatric heart and echo clinic - Souffle au Coeur Pediatric Heart and Echo Clinic,"Clinics, Health Units (642)",(03) Interior Alterations,1268,192600,"DC2, DC2, DC",0,,,,1,
2021-04-16T00:00:00.000,2021,4,2021-04-16T00:00:00.000,Commercial Final,"204, 6055 - ANDREWS WAY SW","Condo Common Area (Plan 1920337,1922220)",AMBLESIDE,5505,"To construct Interior Alteration for new clinic - WINDERMERE RHEUMATOLOGY - Tenant fit out for a medical clinic within an unfinished second floor commercial condo in the Windermere Health and Business Centre. The finished clinic space will have a waiting area, reception, two exam/consult rooms, treatment area and staff room.",Office Buildings (520),(03) Interior Alterations,1117.29,167825,DC1,0,53.42955441146566,-113.5912881223704,,1,
2021-04-15T00:00:00.000,2021,4,2021-04-15T00:00:00.000,Commercial Final,15012 - 107 AVENUE NW,Condo Common Area (Plan 9724369),HIGH PARK,4200,"To construct Interior Alterations (tenant fit-up for a new clinic and pharmacy) located on the main (upper) floor and basement floor, in an existing commercial building  - Edmonton Medical Home.",Office Buildings (520),(03) Interior Alterations,3627.43,110000,CN,0,53.55141195551504,-113.58032967197964,,1,
2021-04-13T00:00:00.000,2021,4,2021-04-13T00:00:00.000,Commercial Final,6403 - CARTMELL PLACE SW,Condo Common Area (Plan 2021910),CHAPPELLE AREA,5462,To construct Interior Alterations (initial Fit-up for a radiology clinic) in an existing commercial building. - Glenwood Radiology,"Clinics, Health Units (642)",(03) Interior Alterations,4864,100000,CG,0,53.39640942588807,-113.56977193942022,,1,
2021-04-13T00:00:00.000,2021,4,2021-04-13T00:00:00.000,Commercial Final,"101, 13025 - ST ALBERT TRAIL NW",Plan 0124783 Lot 2,MCARTHUR INDUSTRIAL,3290,To change the use of a portion of a Business And Personal Services use Building to Mercantile (Pharmacy/Dispensary) and to construct interior alterations. Renovation of existing office space and a Tenant Improvement to unoccupied space for development of a Pharmacy/Dispensary.,Office Buildings (520),(03) Interior Alterations,17414.91,1600000,BE,0,53.58992320205038,-113.56408507253184,,1,
2021-04-09T00:00:00.000,2021,4,2021-04-09T00:00:00.000,Commercial Final,"303, 1 - KINGSWAY GARDEN MALL NW",Plan 1620578 Blk 7 Lot 277,SPRUCE AVENUE,1230,"To construct interior alterations within a suite of Kingsway Garden Mall, 3rd Floor, ''Medical Office''. Interior alterations to renovate an existing medical office to a new medical office.","Clinics, Health Units (642)",(03) Interior Alterations,4400.28,500000,"CG, CG",0,53.56230253165657,-113.50555408239828,,1,
2021-04-01T00:00:00.000,2021,4,2021-04-01T00:00:00.000,Commercial Final,6078 - ANDREWS WAY SW,Condo Common Area (Plan 2522543),AMBLESIDE,5505,"To construct a 4 storey (shell only) Health Services, Professional, Financial and Office Support Services and Specialty Food Services building. - Windermere Medical  Note:  - Parkade completed under F&F BP 182341080-004 - Separate Building Permits required for individual tenant improvement","Clinics, Health Units (642)",(01) New,32632.92,5800000,DC1,0,53.42889517150814,-113.59220566589222,,1,
2021-03-31T00:00:00.000,2021,3,2021-03-31T00:00:00.000,Commercial Final,11400 - UNIVERSITY AVENUE NW,Plan 8821049 Blk Q,UNIVERSITY OF ALBERTA,5520,"To change the use of a full floor of an existing medical office building to convalescent monitoring and construct interior alterations (fit out of existing shell only floor plate for up to 200 beds for Level 5 non-urgent low-acuity persons) - Pandemic Response Unit (Kaye Edmonton Clinic, 6th Floor).","Clinics, Health Units (642)",(03) Interior Alterations,68307.71,3000000,AJ,0,53.518012290090006,-113.52747721021849,,1,
2021-03-25T00:00:00.000,2021,3,2021-03-25T00:00:00.000,Commercial Final,2943 - 66 STREET NW,Condo Common Area (Plan 9021440),TAWA,6720,"To construct interior alterations within a Business And Personal Services use building, ''Dental on 66th''. Initial tenant fit up.",Office Buildings (520),(03) Interior Alterations,2647.92,150000,DC2,0,53.460821363849874,-113.43292331150933,,1,
2021-03-17T00:00:00.000,2021,3,2021-03-17T00:00:00.000,Commercial Final,8315 - CHAPPELLE WAY SW,"Condo Common Area (Plan 2122616,2120841)",CHAPPELLE AREA,5462,To construct Interior Alterations (tenant fit up - Creekwood Chappelle Dental).,"Clinics, Health Units (642)",(03) Interior Alterations,3767.37,150000,"CSC, CSC",0,,,,1,
2021-03-16T00:00:00.000,2021,3,2021-03-16T00:00:00.000,Commercial Final,"200, 4207 - 98 STREET NW",Plan 0724415 Blk 6 Lot 11,STRATHCONA INDUSTRIAL PARK,6700,To construct Interior Alteration - Insight Medical Imaging - Build additional office spaces and a lunch room,"Clinics, Health Units (642)",(03) Interior Alterations,12604.53,690580,BE,0,53.479454355831024,-113.48086832457007,,1,
2021-03-09T00:00:00.000,2021,3,2021-03-09T00:00:00.000,Commercial Final,6452 - CARTMELL PLACE SW,Condo Common Area (Plan 2021101),CHAPPELLE AREA,5462,To construct Interior Alterations (Initial Fit-up for medical clinic/pharmacy area/optometrist clinic/(rough in for Radiologist) in an existing commercial shell building. - Medical Clinic/Pharmacy at Chapelle Place,"Clinics, Health Units (642)",(03) Interior Alterations,4600,135000,"CG, CG",0,53.39722228962311,-113.5701374388974,,1,
2021-03-05T00:00:00.000,2021,3,2021-03-05T00:00:00.000,Commercial Final,9722 - 106 AVENUE NW,Plan NA Blk 12 Lots 29-30,MCCAULEY,1140,To construct interior alterations for a medical clinic with pharmacy. ''Hope Pharmacy Medical Clinic''. Max 10 persons.,"Clinics, Health Units (642)",(03) Interior Alterations,1197,32500,MU,0,53.550289873570115,-113.48970364488315,,1,
2021-03-04T00:00:00.000,2021,3,2021-03-04T00:00:00.000,Commercial Final,"120, 9450 - 137 AVENUE NW",Plan 7520659 Blk 15 Lot 6,NORTHMOUNT,2580,"To construct Interior Alteration - NEW PHARMACY COMPOUNDING ROOM, LONDON DRUGS STORE #21 - NORTHTOWN MALL",Retail and Shops (510),(03) Interior Alterations,215,75000,DC2,0,53.6006244180385,-113.4882466872302,,1,
2021-03-02T00:00:00.000,2021,3,2021-03-02T00:00:00.000,Commercial Final,15807 - 102 AVENUE NW,Plan 1924AM Blk 3 Lot A,BRITANNIA YOUNGSTOWN,4060,To Change the Use and to construct Interior Alteration for a new pharmacy - MINT HEALTH + DRUGS - CEDAR DEN up grade existing demising wall to a 2 Hr Separation,Mixed Use (522),(03) Interior Alterations,1775,100000,RM,0,53.54308340448475,-113.59436500540782,,1,
2021-02-22T00:00:00.000,2021,2,2021-02-22T00:00:00.000,Commercial Final,6316 - 106 STREET NW,Plan 2457S Blk 17 Lots 4-5,ALLENDALE,5010,"To construct exterior alterations to an existing physiotherapy clinic. Replacing double front doors with new single door and side windows, removing a door from the back and enlarging the other door in the back with side windows.",Office Buildings (520),(03) Exterior Alterations,90,8000,CN,0,53.50058543415444,-113.50486521613006,,1,
2021-02-22T00:00:00.000,2021,2,2021-02-22T00:00:00.000,Commercial Final,9312 - 34 AVENUE NW,"Condo Common Area (Plan 0727487,0426972,1220940);Plan 0426972 Unit 4",STRATHCONA INDUSTRIAL PARK,6700,To complete interior alterations (demo existing partition walls and construct new partition walls) for a change of use (E to D) occupancy.  - Millwoods Medical Clinic & Pharmacy,"Clinics, Health Units (642)",(03) Interior Alterations,1992.4,100000,"CG, BE",0,53.46675263148047,-113.4755568235826,,1,
2021-02-18T00:00:00.000,2021,2,2021-02-18T00:00:00.000,Commercial Final,11148 - 124 STREET NW,Plan 2531AB Blk 4 Lot 10,INGLEWOOD,3240,"To construct interior alterations (Tenant fit-up - new partition walls) for a Optometrist shop within an existing commercial Mercantile/Personal Services use building.   - ''Bigstone Optical""  (Plumbing - New stainless steel sink and faucet) (HVAC- no changes, using existing duct distribution) (Electrical - new Lighting, add Four electrical outlets & 1 Voice/data per office) (Fire Alarm - existing, no changes)","Clinics, Health Units (642)",(03) Interior Alterations,1528.47,90000,CN,0,53.56031223906507,-113.53642927689093,,1,
2021-02-18T00:00:00.000,2021,2,2021-02-18T00:00:00.000,Commercial Final,2373 - MAPLE ROAD NW,Plan 1420502 Blk 13 Lot 3,TAMARACK,6443,TO construct Interior Alteration - TAMARACK MEDICAL CLINIC AND PHARMACY -,Office Buildings (520),(03) Interior Alterations,3250,100000,DC1,0,53.4775455502224,-113.3661383734708,,1,
2021-02-12T00:00:00.000,2021,2,2021-02-12T00:00:00.000,Commercial Final,11036 - 30 AVENUE SW,Plan 1822591 Blk 7 Lot 101,CAVANAGH,5467,To construct Interior Alteration - CAVANAGH DENTAL CLINIC,Office Buildings (520),(03) Interior Alterations,2143,210000,DC2,0,53.408560173763426,-113.51552325397586,,1,
2021-02-10T00:00:00.000,2021,2,2021-02-10T00:00:00.000,Commercial Final,2049 - 163 STREET SW,Condo Common Area (Plan 2120918),GLENRIDDING HEIGHTS,5578,To construct Interior Alterations (first tenant fit-up) for a new Physiotherapy clinic  - Glenridding Physiotherapy,"Clinics, Health Units (642)",(03) Interior Alterations,1826,50000,CB1,0,,,,1,
2021-02-09T00:00:00.000,2021,2,2021-02-09T00:00:00.000,Commercial Final,6003 - 104 STREET NW,Plan 5740AI Blk 81 Lot 8,CALGARY TRAIL NORTH,5110,To construct Interior and Exterior Alteration - VET CLINIC,"Clinics, Health Units (642)",(03) Interior Alterations,3067.71,50000,IM,0,53.49716297886555,-113.4971618880416,,1,
2021-02-04T00:00:00.000,2021,2,2021-02-04T00:00:00.000,Commercial Final,"201, 2045 - 163 STREET SW",Condo Common Area (Plan 2120918),GLENRIDDING HEIGHTS,5578,TO construct Interior Alteration for a new dental clinic - Glenridding Dental,Office Buildings (520),(03) Interior Alterations,1786.81,75000,CB1,0,,,,1,
2021-02-03T00:00:00.000,2021,2,2021-02-03T00:00:00.000,Commercial Final,9811 - WINTERBURN ROAD NW,Plan 5496HW Lot 16,LEWIS FARMS BUSINESS EMPLOYMENT,4261,To construct first tenant fit-up for Winterburn Medical Clinic and Pharmacy,Retail and Shops (510),(03) Interior Alterations,2003,165000,CN,0,53.5368479741622,-113.68814101719425,,1,
2021-01-29T00:00:00.000,2021,1,2021-01-29T00:00:00.000,Commercial Final,8825 - 51 AVENUE NW,Plan 5057TR Blk 6 Lot 1,MCINTYRE INDUSTRIAL,6430,"To construct interior alterations (construct a forensics laboratory and a clean room, with new HVAC exhaust and MUA,) to a commercial building.  - Edmonton Police Service Building",Law Enforcement/Emergency Svcs. (612),(03) Interior Alterations,204.51,350000,BE,0,53.48739349573777,-113.4631096893273,,1,
2021-01-27T00:00:00.000,2021,1,2021-01-27T00:00:00.000,Commercial Final,"101, 14203 - 127 STREET NW",Plan 1820051 Blk 39 Lot 31A,BARANOW,3020,To construct Interior Alteration - (Health Pro Pharmacy and Clinic),Retail and Shops (510),(03) Interior Alterations,1850,45000,CG,0,53.60463767423503,-113.54057838456515,,1,
2021-01-22T00:00:00.000,2021,1,2021-01-22T00:00:00.000,Commercial Final,"120, 10216 - 124 STREET NW",Plan RN22 Blk 33 Lots 14-16,WESTMOUNT,3440,"To construct Interior Alteration  to a Suite in a commercial Business and Personal Service use building for a new pharmacy/retail. ""Medx Drugs"" MAXIMUM 10 PERSONS.",Office Buildings (520),(03) Interior Alterations,,10000,DC2,0,53.543747069175254,-113.53640140212278,,1,
2021-01-22T00:00:00.000,2021,1,2021-01-22T00:00:00.000,Commercial Final,441 - MISTATIM WAY NW,Condo Common Area (Plan 2120827),MISTATIM INDUSTRIAL,4320,To construct Interior Alteration - To build out the interior unit of a 1499 Square Foot Chiropractic Clinic and to install two 1 hour FRR demising walls.,Office Buildings (520),(03) Interior Alterations,1499,100000,"CB2, CB2",0,,,,1,
2021-01-20T00:00:00.000,2021,1,2021-01-20T00:00:00.000,Commercial Final,20017 - LESSARD ROAD NW,Plan 2420692 Blk 1 Lot 64,EDGEMONT,4462,To construct Interior Alteration for a new dental clinic - Edgemont Dental Wellness,Office Buildings (520),(03) Interior Alterations,2315,198000,"CG, CG",0,53.47634088169402,-113.67232589151955,,1,
2021-01-13T00:00:00.000,2021,1,2021-01-13T00:00:00.000,Commercial Final,13703 - 40 STREET NW,Plan 0224472 Blk 2 Lot 2,CLAREVIEW TOWN CENTRE,2145,"To construct complete store upgrades and rebranding. - Walmart Store #3028 Edmonton (NE), AB Substantial upgrading to: NE stockroom, E staff area, SE loading area, SE grocery area, SW meat and bakery area, W restaurant, optical, washroom areas, W pharmacy & checkout areas. Conduct HVAC, plumbing, gas, electrical maintenance & upgrading throughout the store. Rebranding finishes throughout the interior and exterior of the store.",Retail and Shops (510),(03) Interior Alterations,162900.86,5237000,DC2,0,53.599749991439424,-113.40153525150001,,1,
2021-01-08T00:00:00.000,2021,1,2021-01-08T00:00:00.000,Commercial Final,"205, 12020 - 104 AVENUE NW",Plan 1425753 Blk 21 Lot 2,WÎHKWÊNTÔWIN,1151,To construct Interior Alterations (new build out) in an existing commercial building   - DR. KORUS medical office,Office Buildings (520),(03) Interior Alterations,1603,75000,DC1,0,53.54712597385876,-113.52826950413154,,1,
2021-01-06T00:00:00.000,2021,1,2021-01-06T00:00:00.000,Commercial Final,4516 - 118 AVENUE NW,Condo Common Area (Plan 1025138),BEACON HEIGHTS,2040,To construct Interior Alteration in an existing pharmacy space.(minor alterations),Retail and Shops (510),(03) Interior Alterations,1157,30000,MU,0,53.57062346522377,-113.41159376890214,,1,
2021-01-05T00:00:00.000,2021,1,2021-01-05T00:00:00.000,Commercial Final,13734 - STONY PLAIN ROAD NW,Plan 3866BA Blk 104 Lot 6,GLENORA,3200,To change the use of a single family dwelling to a dental lab/office (Group C to F3/D) and to construct interior and exterior alterations - Pro-Aesthetic Artistry Dental.,Office Buildings (520),(10) Convert Residential to Non-Res,2300,100000,MU,-1,53.54430394728275,-113.55942046743195,,1,
2021-01-04T00:00:00.000,2021,1,2021-01-04T00:00:00.000,Commercial Final,"1250, 10665 - JASPER AVENUE NW",Plan 8620900 Blk 6 Lot 60B,DOWNTOWN,1090,To construct Interior Alteration for a new dental clinic - Edmonton Microendodontics,Office Buildings (520),(03) Interior Alterations,2148,80000,"JAMSC, CMU",0,53.54056798760067,-113.50408539635224,,1,
2020-12-23T00:00:00.000,2020,12,2020-12-23T00:00:00.000,Commercial Final,6316 - 106 STREET NW,Plan 2457S Blk 17 Lots 4-5,ALLENDALE,5010,"To Change the Use (retail ""E"" occupancy to health clinic ""D"" occupancy) and to construct Interior Alterations (no demolition, constructing partition walls & 2 B.F. washrooms)  - physiotherapy clinic",Office Buildings (520),(03) Interior Alterations,3050,50000,CN,0,53.50058543415444,-113.50486521613006,,1,
2020-12-22T00:00:00.000,2020,12,2020-12-22T00:00:00.000,Commercial Final,4416 - 36 AVENUE NW,Plan 7922359 Blk 18 Lot 121,MINCHAU,6530,"To change the use of a Suite/Tenant space from Assembly to Mercantile and to construct interior alterations, ''Aspenwood Pharmacy''. Change the existing T-Bar ceiling tiles only, replace the light fixture with LED panel lights. Add 2 sinks in the pharmacy dispensary area, flooring will be replaced.",Retail and Shops (510),(03) Interior Alterations,1070,20000,CN,0,53.46719326518797,-113.40964158440568,,1,
2020-12-22T00:00:00.000,2020,12,2020-12-22T00:00:00.000,Commercial Final,6417 - CARTMELL PLACE SW,Condo Common Area (Plan 2021910),CHAPPELLE AREA,5462,"To construct interior alterations within a Suite/Tenant space of a commercial mixed use building, ''Apollo Medical Clinic''. Initial tenant fit up.",Office Buildings (520),(03) Interior Alterations,1600,50000,CG,0,53.39640942588807,-113.56977193942022,,1,
2020-12-18T00:00:00.000,2020,12,2020-12-18T00:00:00.000,Commercial Final,2136 - 109 STREET NW,Plan 8821766 Blk 1 Lot 14,KEHEEWIN,5250,To Change the Use and to construct interior alterations - IDA Pharmacy,Retail and Shops (510),(03) Interior Alterations,936,15000,CG,0,53.4530303214813,-113.50973564688027,,1,
2020-12-16T00:00:00.000,2020,12,2020-12-16T00:00:00.000,Commercial Final,16713 - 127 STREET NW,Plan 1321434 Blk 1 Lot 2,RAPPERSWILL,3370,"To change the use from a General Retail Store to a Heath Service and to construct interior alterations, ''Acupuncture/Massage Clinic''. Tenant fit up. 1 Barrier free washroom, 2 Hour demising walls.",Retail and Shops (510),(03) Interior Alterations,1080,100000,CG,0,53.63056370883696,-113.53950592784368,,1,
2020-12-16T00:00:00.000,2020,12,2020-12-16T00:00:00.000,Commercial Final,7143 - WINTERBURN ROAD NW,Plan 2522068 Blk 1 Lot 124,GRANVILLE,4551,"To Construct a new Commercial building - West Granville CRU #4 - Health Services, General Retail and Restaurant uses with a drive aisle. (2)-2Hr demising walls at GridLines 3 and 6, (Demising wall at GL2 requires separate permit,) 0 bathrooms, 6 Roof top units. Revision to add underground rough ins for Future Pharmacy tenant (separate BP required)","Malls, Office/Retail (512)",(01) New,8072.92,1982000,DC,0,53.50706639116591,-113.6871356168058,,1,
2020-12-16T00:00:00.000,2020,12,2020-12-16T00:00:00.000,Commercial Final,"108, 1803 - 91 STREET SW",Condo Common Area (Plan 1721728),SUMMERSIDE,6213,To construct Interior Alteration (optometrist's office),Office Buildings (520),(03) Interior Alterations,1291.67,42768,EIB,0,53.41682303913774,-113.47872226841861,,1,
2020-12-16T00:00:00.000,2020,12,2020-12-16T00:00:00.000,Commercial Final,2126 - 109 STREET NW,Plan 8821766 Blk 1 Lot 14,KEHEEWIN,5250,"To construct Interior Alteration to an existing commercial building - Tenant improvement for a medical office. ""Mensour Clinic""",Office Buildings (520),(03) Interior Alterations,2470,120000,CG,0,53.4530303214813,-113.50973564688027,,1,
2020-12-15T00:00:00.000,2020,12,2020-12-15T00:00:00.000,Commercial Final,"100, 4075 - 106 STREET NW",Plan 0023297 Unit 1,RIDEAU PARK,5360,To construct interior alterations to a Suite within a commercial Business and Personal service use building. Tenant improvement for a new office space also including structural work adding 2 new columns on the parkade. ''Cardiology Clinic''.,"Clinics, Health Units (642)",(03) Interior Alterations,2686.88,380000,CG,0,53.477731297544146,-113.50362224541854,,1,
2020-12-15T00:00:00.000,2020,12,2020-12-15T00:00:00.000,Commercial Final,"214, 3017 - 66 STREET NW",Plan 8220154 Blk 5 Lots 1-2,TAWA,6720,To construct Interior Alterations (demolition of existing and construct new partition walls)   - Gastronomy Doctor's Office,Office Buildings (520),(03) Interior Alterations,2651.5,397650,DC2,0,53.461731628546296,-113.4331745775831,,1,
2020-12-14T00:00:00.000,2020,12,2020-12-14T00:00:00.000,Commercial Final,"200, 2003 - 91 STREET SW",Plan 0729580 Blk 1 Lot 47,SUMMERSIDE,6213,To construct Interior Alteration to an existing mixed used commercial building - PRIMED MEDICAL PRODUCTS 2ND FLOOR,Office Buildings (520),(03) Interior Alterations,2034.38,50000,EIB,0,53.4158032740809,-113.48001602525089,,1,
2020-12-14T00:00:00.000,2020,12,2020-12-14T00:00:00.000,Commercial Final,10460 - MAYFIELD ROAD NW,Plan 7822486 Blk 2 Lot 22B,YOUNGSTOWN INDUSTRIAL,4660,"To construct interior alterations to a Suite/Tenant space within a commercial Mercantile/Business And Personal Services use building, ''Janz Family Dental''. New Dentist tenant fit up with Existing 1Hr demising wall.",Retail and Shops (510),(03) Interior Alterations,4002,160000,BE,0,53.547806157501654,-113.61297594583739,,1,
2020-12-10T00:00:00.000,2020,12,2020-12-10T00:00:00.000,Commercial Final,14215 - 23 AVENUE NW,Plan 0220792 Blk 70 Lot 89,TERWILLEGAR TOWNE,5640,To construct Interior Alteration for an optometrist store - Beyond Vision Terwillegar,Office Buildings (520),(03) Interior Alterations,2185,120000,CG,0,53.45337801062687,-113.5671288312108,,1,
2020-12-08T00:00:00.000,2020,12,2020-12-08T00:00:00.000,Commercial Final,12857 - FORT ROAD NW,Plan 2421488 Blk 3 Lot 4,BELVEDERE,2080,"To construct Exterior and Interior Alterations within mixed use commercial/residential building. New exterior exit door and tenant fit up for ""Station Pointe Medical Clinic""",Office Buildings (520),(03) Interior Alterations,1170,35000,"RA8, RA9",0,53.585686500546785,-113.44032556550071,,1,
2020-12-01T00:00:00.000,2020,12,2020-12-01T00:00:00.000,Commercial Final,4213 - CALGARY TRAIL NW,Plan 9422309 Blk 5 Lot 4,CALGARY TRAIL SOUTH,5120,To construct Interior Alterations to an existing clinic (D occupancy) - Veterinary Clinic,Animal and Plant Services (410),(03) Interior Alterations,484,75000,CG,0,53.478740780796606,-113.4937153065692,,1,
2020-12-01T00:00:00.000,2020,12,2020-12-01T00:00:00.000,Commercial Final,11400 - UNIVERSITY AVENUE NW,Plan 8821049 Blk Q,UNIVERSITY OF ALBERTA,5520,To construct interior alterations within Kaye Edmonton Clinic (Addition of smoke Detectors on level 5 only.),"Clinics, Health Units (642)",(03) Interior Alterations,28696.56,24000,AJ,0,53.518012290090006,-113.52747721021849,,1,
2020-11-30T00:00:00.000,2020,11,2020-11-30T00:00:00.000,Commercial Final,9539 - 102A AVENUE NW,Plan 0227867 Blk 5 Lot 16A,BOYLE STREET,1020,"To construct interior alterations within a Extended Medical Treatment Service use building, ''Edmonton Chinatown Downtown Care Facility''.","Day Cares, Nursing Homes (650)",(03) Interior Alterations,796.53,100000,MU,0,53.545512851725505,-113.48151680788497,,1,
2020-11-26T00:00:00.000,2020,11,2020-11-26T00:00:00.000,Commercial Final,11230 - 110 STREET NW,Plan 4733KS Blk 9 Lot 275,SPRUCE AVENUE,1230,"To Change the Use to Office Building and construct Interior and Exterior Alteration. Level 1 & Level 2 will be back to base building for future tenants. Tenant fit up on basement Level for a new medical clinic space. ""Kingsway Medical Clinic"". NO EXIT PERMITTED THROUGH LOBBY/FRONT AREA.",Office Buildings (520),(03) Interior Alterations,23831.27,2445000,CG,0,53.562591787120766,-113.51062552824347,,1,
2020-11-25T00:00:00.000,2020,11,2020-11-25T00:00:00.000,Commercial Final,"300, 6103 - CURRENTS DRIVE NW",Plan 0822223 Blk 14 Lot 2,AMBLESIDE,5505,To construct interior alterations to a Suite within a commercial Business And Personal Services use building for a chiropractor office. ''Seven Chiropractic and Health''.,Office Buildings (520),(03) Interior Alterations,758.5,90000,AUVC,0,53.43594013351339,-113.60331718390782,,1,
2020-11-25T00:00:00.000,2020,11,2020-11-25T00:00:00.000,Commercial Final,10570 - 96 STREET NW,Plan ND Blk 18 Lot 8,MCCAULEY,1140,To construct interior alterations for a pharmacy - Salvation iPharmacy.,Retail and Shops (510),(03) Interior Alterations,,2000,DC2,0,53.55055286920946,-113.48577699177368,,1,
2020-11-09T00:00:00.000,2020,11,2020-11-09T00:00:00.000,Commercial Final,"102, 11611 - 107 AVENUE NW",Plan 1823047 Unit 1,QUEEN MARY PARK,1180,"To construct interior alterations to a Tenant/Suite space within a commercial mixed use building, ''FAMILY CARE COMPOUNDING PHARMACY''. Tenant improvement, includes HVAC, Plumbing, Electrical work, alter suppression system, add/relocate fire alarm components to suit.",Office Buildings (520),(03) Interior Alterations,515,60000,"DC1, DC1, DC",0,,,,1,
2020-11-05T00:00:00.000,2020,11,2020-11-05T00:00:00.000,Commercial Final,"211, 8915 - 51 AVENUE NW",Plan 5057TR Blk 7 Lot 1,MCINTYRE INDUSTRIAL,6430,To construct interior alterations to a medical clinic - South Edmonton Women Clinic.,"Clinics, Health Units (642)",(03) Interior Alterations,2475.7,118000,BE,0,53.48723497832055,-113.46525895633451,,1,
2020-11-02T00:00:00.000,2020,11,2020-11-02T00:00:00.000,Commercial Final,2735 - WHEATON DRIVE NW,Plan 1420824 Blk 14 Lot 9,WINDERMERE,5570,To change the use of a portion of a residential attached garage to a physiotherapy office and construct interior alterations.  HOME BASED BUSINESS - Honest Physiotherapy Clinic.,Single Detached House (110),(03) Interior Alterations,570,75468,RSF,0,53.445437125584505,-113.62126445258764,,1,
2020-10-27T00:00:00.000,2020,10,2020-10-27T00:00:00.000,Commercial Final,"201, 6450 - CARTMELL PLACE SW",Condo Common Area (Plan 2021101),CHAPPELLE AREA,5462,To construct Interior Alterations (Demising wall and Tenant fit-up) to a commercial shell  space.   - physiotherapy clinic.,"Clinics, Health Units (642)",(03) Interior Alterations,2400,300000,"CG, CG",0,53.39722228962311,-113.5701374388974,,1,
2020-10-27T00:00:00.000,2020,10,2020-10-27T00:00:00.000,Commercial Final,817 - SADDLEBACK ROAD NW,Plan 7822821 Blk 26 Lot 83,SKYRATTLER,5460,"To construct Interior Alterations to an existing building - Yellowbird Medical - Dental offices and examination rooms. 1 BF washroom, 1 non-BF, Existing RTU, and existing 1 Hour demising walls.","Clinics, Health Units (642)",(03) Interior Alterations,1008,55000,CN,0,53.453190616034924,-113.52478372713789,,1,
2020-10-20T00:00:00.000,2020,10,2020-10-20T00:00:00.000,Commercial Final,5009 - 22 AVENUE SW,Plan 1525734 Blk 10 Lot 1,WALKER,6662,"To change the Use from General Retail to a Health Service and Convenience Retail and to construct interior alterations, ''Pharmacy and Clinic - Building B6''. Tenant fit up work, construct interior partition walls, complete interior finishes, update fire alarm system to suit, alteration to fire suppression system to suit, update mechanical system, includes plumbing work.","Clinics, Health Units (642)",(03) Interior Alterations,2784,100000,CN,0,53.41330365829464,-113.41986597354318,,1,
2020-10-20T00:00:00.000,2020,10,2020-10-20T00:00:00.000,Commercial Final,"308, 1524 - 91 STREET SW",Condo Common Area (Plan 1623793),ELLERSLIE INDUSTRIAL,6214,To construct interior alterations (initial tenant fit up) in an existing commercial Business And Personal Services use building.  - ENT Clinic.,"Clinics, Health Units (642)",(03) Interior Alterations,796.53,50000,EIB,0,53.41901888259273,-113.47947159201162,,1,
2020-10-16T00:00:00.000,2020,10,2020-10-16T00:00:00.000,Commercial Final,11704 - JASPER AVENUE NW,Plan 5349NY Blk 17 Lot 28A,WÎHKWÊNTÔWIN,1151,"To construct Interior Alteration to a mixed use commercial building. ""Active Care Chiropractic and Wellness Clinic""",Office Buildings (520),(03) Interior Alterations,1800,75000,MU,0,53.54142141740948,-113.52405916099832,,1,
2020-10-13T00:00:00.000,2020,10,2020-10-13T00:00:00.000,Commercial Final,6803 - 177 STREET NW,Plan 8320631 Blk 9 Lot 8,CALLINGWOOD SOUTH,4080,To open a Medical (Chiropractic) Office in an existing office tenant space.  Existing demising and partition walls as no alterations or construction to be completed.     - Dr. Rodel Sicat,Office Buildings (520),(03) Interior Alterations,0,0,CG,0,53.50268845425715,-113.62579325595202,,1,
2020-10-06T00:00:00.000,2020,10,2020-10-06T00:00:00.000,Commercial Final,20914 - 62 AVENUE NW,Plan 1125045 Blk 1 Lot 2,GRANVILLE,4551,To construct Interior Alterations. Massage Therapy Clinic.  Massage Life.,"Clinics, Health Units (642)",(03) Interior Alterations,1195,100000,DC2,0,53.498113742739406,-113.68244613155115,,1,
2020-10-01T00:00:00.000,2020,10,2020-10-01T00:00:00.000,Commercial Final,1332 - WINDERMERE WAY SW,Condo Common Area (Plan 1421329),WINDERMERE,5570,To construct interior alterations (tenant improvement for a pharmacy) - Windermere Pharmalife.,Retail and Shops (510),(03) Interior Alterations,1825,230000,DC1,0,53.43386384517797,-113.61818614617927,,1,
2020-09-25T00:00:00.000,2020,9,2020-09-25T00:00:00.000,Commercial Final,10333 - 76 STREET NW,Plan 5515AE Blk 2 Lots 6-13,FOREST HEIGHTS,6230,To construct Interior Alteration at existing nursing home - Jubilee Lodge Fire Alarm Replacement - Replacement of the fire alarm replacement at the Jubilee Lodge Nursing Home.,"Day Cares, Nursing Homes (650)",(03) Interior Alterations,77220.22,25000,DC2,0,53.545661686154965,-113.4441276753956,,1,
2020-09-24T00:00:00.000,2020,9,2020-09-24T00:00:00.000,Commercial Final,"420, 11044 - 82 AVENUE NW","Condo Common Area (Plan 2222338,2420374)",GARNEAU,5200,"To construct Interior Alteration in an existing commercial building. ""Alberta TDDA & Infusion Clinic""",Office Buildings (520),(03) Interior Alterations,893.4,50000,CO,0,53.5184237992903,-113.51721295477353,,1,
2020-09-21T00:00:00.000,2020,9,2020-09-21T00:00:00.000,Commercial Final,4456 - CALGARY TRAIL NW,Plan 1820228 Blk 30 Lot 16,EMPIRE PARK,5170,"To construct interior alterations (one barrier-free washroom, one consulting room and one staff room) to a Suite in a commercial mixed use building.   - ''PHARMASAVE PHARMACY''.",Retail and Shops (510),(03) Interior Alterations,1877,25000,DC2,0,53.48309228541663,-113.49576452304838,,1,
2020-09-21T00:00:00.000,2020,9,2020-09-21T00:00:00.000,Commercial Final,15803 - 100A AVENUE NW,Plan 1922224 Blk 2C Lot 35,GLENWOOD,4180,To construct Interior Alterations.  First tenant fit-up in a vacant CRU for a new pharmacy.,Retail and Shops (510),(03) Interior Alterations,788.24,80000,MU,0,53.53998407320177,-113.59417769893734,,1,
2020-09-15T00:00:00.000,2020,9,2020-09-15T00:00:00.000,Commercial Final,"40, 8627 - 91 STREET NW",Plan 1522AS Blk X,BONNIE DOON,6040,To construct Interior Alterations (area of tenant improvement & also expansion area) to an existing Medical Clinic  - CSCST Medical Clinic at La Cité Francophone,Office Buildings (520),(03) Interior Alterations,1291.67,120000,DC2,0,53.522456673025346,-113.46656629764333,,1,
2020-09-04T00:00:00.000,2020,9,2020-09-04T00:00:00.000,Commercial Final,"101, 1230 - 91 STREET SW","Condo Common Area (Plan 2020500,1921745,2120212,1920749,1923361)",ELLERSLIE INDUSTRIAL,6214,To construct Interior Alteration - Interior Fit Up of New Medical Clinic,Office Buildings (520),(03) Interior Alterations,4628.48,400000,EIB,0,53.42226694197643,-113.47648892095697,,1,
2020-08-24T00:00:00.000,2020,8,2020-08-24T00:00:00.000,Commercial Final,"3, 1109 - SUMMERSIDE DRIVE SW",Condo Common Area (Plan 0721898),SUMMERSIDE,6213,To construct Interior Alteration - Summerside Pharmacy - Adding one consulting room and one office into existing space.,Retail and Shops (510),(03) Interior Alterations,1131,15000,CN,0,53.423922771804286,-113.46219450092515,,1,
2020-08-24T00:00:00.000,2020,8,2020-08-24T00:00:00.000,Commercial Final,18336 - LESSARD ROAD NW,Plan 9722753 Blk 21 Lot 3,DECHENE,4110,"To change the use of a Suite from Retail to Personal Service and to Health Services, construct interior alterations, ''Pure Denture Clinic''. Demo/Construct interior partition walls and complete interior finishes for new Tenant.",Retail and Shops (510),(03) Interior Alterations,1539.24,75000,DC2,0,53.48597770797406,-113.64229383357886,,1,
2020-08-20T00:00:00.000,2020,8,2020-08-20T00:00:00.000,Commercial Final,"111, 6055 - ANDREWS WAY SW","Condo Common Area (Plan 1920337,1922220)",AMBLESIDE,5505,"To change the use and to construct Interior Alteration original tenant fitup for a new pharmacy -""Windermere Pharmacy""",Retail and Shops (510),(03) Interior Alterations,1754.52,188000,DC1,0,53.42955441146566,-113.5912881223704,,1,
2020-08-20T00:00:00.000,2020,8,2020-08-20T00:00:00.000,Commercial Final,"215, 10216 - 124 STREET NW",Plan RN22 Blk 33 Lots 14-16,WESTMOUNT,3440,"To construct interior alterations to a Suite in a commercial Business and Personal Service use building, ''Medisys Office @ Plaza 124''. New Clinic tenant, includes hvac, electrical, plumbing, sprinklers, office development, occupational testing areas.",Office Buildings (520),(03) Interior Alterations,2570,150750,DC2,0,53.543747069175254,-113.53640140212278,,1,
2020-08-17T00:00:00.000,2020,8,2020-08-17T00:00:00.000,Commercial Final,3829 - 118 AVENUE NW,Plan 2528AR Blk 12 Lot 17,BEVERLY HEIGHTS,2100,To change the use from retail to health services (Group E to D) and construct interior alterations - Apothec Naturals & Wellness Clinic.,Office Buildings (520),(03) Interior Alterations,2500,20000,MU,0,53.57011570150556,-113.40163212675216,,1,
2020-08-13T00:00:00.000,2020,8,2020-08-13T00:00:00.000,Commercial Final,"204, 4432 - CALGARY TRAIL NW",Plan 1820228 Blk 30 Lot 16,EMPIRE PARK,5170,"To construct interior alterations to a Suite in a commercial Business And Personal Services use building,  ''Elixir Medical Office''. Initial tenant fit up in emptry shell space.",Office Buildings (520),(03) Interior Alterations,4408,492000,DC2,0,53.48309228541663,-113.49576452304838,,1,
2020-08-07T00:00:00.000,2020,8,2020-08-07T00:00:00.000,Commercial Final,10230 - 111 AVENUE NW,Plan 9720909 Blk 2,SPRUCE AVENUE,1230,"To construct interior alterations to an Extended Medical Treatment Service building, ''Glenrose Rehabilitation Hospital''. AHS - PEDIATRIC REHABILITATION DEPARTMENT CHADI CENTER",Hospitals (640),(03) Interior Alterations,6651.01,1200000,DC2,0,53.5599789112227,-113.49831117673318,,1,
2020-07-30T00:00:00.000,2020,7,2020-07-30T00:00:00.000,Commercial Final,3173 - 141 STREET SW,"Condo Common Area (Plan 1922086,2022460)",CHAPPELLE AREA,5462,"To construct interior alterations for first tenant fit-up including 1HR demising wall on gridline 2. ""CHAPPELLE CHIROPRACTIC CLINIC"", Building A.",Office Buildings (520),(03) Interior Alterations,951.44,60000,DC2,0,,,,1,
2020-07-30T00:00:00.000,2020,7,2020-07-30T00:00:00.000,Commercial Final,3177 - 141 STREET SW,"Condo Common Area (Plan 1922086,2022460)",CHAPPELLE AREA,5462,"To construct interior alterations to a Suite in a commercial Business And Personal Services use building. First Tenant fit up. Unit #101, ''Chappelle Family Dental ''.",Office Buildings (520),(03) Interior Alterations,1680,110000,DC2,0,,,,1,
2020-07-29T00:00:00.000,2020,7,2020-07-29T00:00:00.000,Commercial Final,4075 - 106 STREET NW,Plan 0023297 Unit 1,RIDEAU PARK,5360,"To construct interior alterations (alteration of existing ""mezzanine"" level) in an existing office building - Aesthetics Clinic",Office Buildings (520),(03) Interior Alterations,1915,25000,CG,0,53.477731297544146,-113.50362224541854,,1,
2020-07-28T00:00:00.000,2020,7,2020-07-28T00:00:00.000,Commercial Final,11630 - 119 STREET NW,Condo Common Area (Plan 0825767),PRINCE RUPERT,1170,To construct Interior Alteration in an existing building - TrueMed2 - ( MEDICAL OFFICES- D USE ONLY),"Malls, Office/Retail (512)",(03) Interior Alterations,2895.49,85000,CG,0,53.567937478221054,-113.52757790982034,,1,
2020-07-24T00:00:00.000,2020,7,2020-07-24T00:00:00.000,Commercial Final,10508 - 111 AVENUE NW,Plan 1921467 Blk 1 Lot 1,SPRUCE AVENUE,1230,To construct a group B building - extended medical treatment building - Capital Care Norwood Redevelopment,Hospitals (640),(03) Interior Alterations,,140781844,DC2,0,53.56018822215494,-113.50174409742525,,1,
2020-07-22T00:00:00.000,2020,7,2020-07-22T00:00:00.000,Commercial Final,"101, 6040 - ANDREWS WAY SW",Plan 1524442 Blk 20 Lot 89,AMBLESIDE,5505,To construct Interior Alteration to an office building space (initial fitup) - Physiologix Main Floor Tenant Improvement - Interior Construction of Main Floor Tenant Space,Office Buildings (520),(03) Interior Alterations,5554.17,500000,DC1,0,53.4302324470528,-113.59237022945297,,1,
2020-07-21T00:00:00.000,2020,7,2020-07-21T00:00:00.000,Commercial Final,12836 - 123A STREET NW,Plan 1623527 Blk 2 Lot 9A,CALDER,3070,To construct interior alterations in an existing single detached house.  Developing a Home Based Business in the basement.  BEAUTIFUL THE PERMANENT MAKEUP CLINIC.,Single Detached House (110),(03) Interior Alterations,,1000,RS,0,53.587271963700815,-113.53548867361147,,1,
2020-07-20T00:00:00.000,2020,7,2020-07-20T00:00:00.000,Commercial Final,5326 - CALGARY TRAIL NW,Plan 7521365 Blk 95 Lot 3,PLEASANTVIEW,5320,To Change of Use and construct Interior Alteration to an existing building  - Vida Dermatology & Pharmacy - Interior alterations to construct a dermatology clinic with accessory retail,Retail and Shops (510),(03) Interior Alterations,7825.36,800000,CG,0,53.49085514488258,-113.4959321717572,,1,
2020-07-17T00:00:00.000,2020,7,2020-07-17T00:00:00.000,Commercial Final,7919 - 118 AVENUE NW,Condo Common Area (Plan 1224208),PARKDALE,1160,"To construct interior alterations within mixed use commercial building.   Tenant improvement for group D occupancy ""Eastwood Pharmacy"".",Retail and Shops (510),(03) Interior Alterations,1596,65000,"MU, RL",0,53.57005967046447,-113.46328265745258,,1,
2020-07-10T00:00:00.000,2020,7,2020-07-10T00:00:00.000,Commercial Final,922 - PARSONS ROAD SW,Plan 0821823 Blk 16 Lot 9,ELLERSLIE INDUSTRIAL,6214,To construct Interior Alteration for a new dental clinic (initial fitup)  - EXCEL DENTAL CLINIC - ELLERSLIE,Office Buildings (520),(03) Interior Alterations,2927.78,150000,CG,0,53.42389750029256,-113.48106194775198,,1,
2020-07-06T00:00:00.000,2020,7,2020-07-06T00:00:00.000,Commercial Final,12914 - 97 STREET NW,Plan 5361RS Blk 11 Lot 2A,LAUDERDALE,3260,To construct Interior Alteration - EXCEL DENTAL - 97 STREET - Interior alteration of an existing space for a Dental Clinic of 1000 s.f.,Office Buildings (520),(03) Interior Alterations,1001.04,100000,MU,0,53.58807043250314,-113.4926102010978,,1,
2020-06-29T00:00:00.000,2020,6,2020-06-29T00:00:00.000,Commercial Final,6438 - CARTMELL PLACE SW,Condo Common Area (Plan 2021101),CHAPPELLE AREA,5462,"To construct interior alterations to a Suite in a commercial mixed use building, ''Patterson Dental''. First Tenant fit up including 1 HR demising wall at Gridline 3. Max occupant load 10 persons.",Mixed Use (522),(03) Interior Alterations,2425,340000,"CB2, CB2",0,,,,1,
2020-06-26T00:00:00.000,2020,6,2020-06-26T00:00:00.000,Commercial Final,"114, 10111 - 104 AVENUE NW",Plan 8021480 Blk 1 Lot A,DOWNTOWN,1090,"To construct interior alterations within Edmonton Tower - original tenant fit-up for group D suite  ""Edmonton Tower Chiropractic"" Main floor","Clinics, Health Units (642)",(03) Interior Alterations,875,30000,CCA,0,53.54569865234619,-113.4946417809012,,1,
2020-06-25T00:00:00.000,2020,6,2020-06-25T00:00:00.000,Commercial Final,1107 - 127 STREET SW,Plan 9620787 Lot 6,RUTHERFORD,5454,"To construct Exterior and Interior Alterations - converting a single family home to a doctor's office, and Garage into a drug pick up and storage area - NOT for retail or public use.","Clinics, Health Units (642)",(03) Exterior Alterations,4262,80000,DC2,0,53.42340266683518,-113.5399115297499,,1,
2020-06-18T00:00:00.000,2020,6,2020-06-18T00:00:00.000,Commercial Final,"202, 6413 - CARTMELL PLACE SW",Condo Common Area (Plan 2021910),CHAPPELLE AREA,5462,"To Construct interior alterations within shell building - original tenant fitup for group D personal services occupancy - ""Skin Physicians""",Office Buildings (520),(03) Interior Alterations,4887,330000,CB2,0,,,,1,
2020-06-09T00:00:00.000,2020,6,2020-06-09T00:00:00.000,Commercial Final,11051 - 95 STREET NW,Plan 3169ET Lots 3-5,MCCAULEY,1140,To construct interior alterations to an existing  health service and retail use building (new compounding room and washroom renovation) - Medical Building on 95,Office Buildings (520),(03) Interior Alterations,194,20000,MU,0,53.55954290809028,-113.48631560947719,,1,
2020-06-09T00:00:00.000,2020,6,2020-06-09T00:00:00.000,Commercial Final,10203 - 97 STREET NW,Plan ND Blk 6 Lots 28-31,BOYLE STREET,1020,"To construct interior alterations to a Suite in a Commercial mixed use building. Interior alterations within existing Pharmacy Retail Suite, construction of compounding lab, includes update to HVAC system.",Retail and Shops (510),(03) Interior Alterations,340,120000,MU,0,53.54436714452544,-113.48590557212754,,1,
2020-06-04T00:00:00.000,2020,6,2020-06-04T00:00:00.000,Commercial Final,"201, 4075 - 106 STREET NW",Plan 0023297 Unit 1,RIDEAU PARK,5360,"To construct interior alterations to the 2nd floor of a Business and Personal service use building, ''Medical Clinic''. Re-configure floor plan, changing from an Office space to Medical Clinic - Includes doctors offices as well as a Dentist office","Clinics, Health Units (642)",(03) Interior Alterations,5400,240000,CG,0,53.477731297544146,-113.50362224541854,,1,
2020-06-02T00:00:00.000,2020,6,2020-06-02T00:00:00.000,Commercial Final,250 - KARL CLARK ROAD NW,SE-33-51-24-4,EDMONTON RESEARCH AND DEVELOPMENT PARK,6190,"To construct exterior Alteration to an existing warehouse - ARC 2 & 5 Degree Chiller System Replacement - Installation of a new process cooling plant for the AITF fermentation laboratory. The plant will include two new 200 Ton Chillers, cooling towers, a custom mechanical enclosure, structural platform for the cooling towers and a concrete pad to support the equipment.","Storage Buildings, Warehouses (460)",(03) Exterior Alterations,4305.56,1900000,BE,0,53.44307707611771,-113.47362583252392,,1,
2020-05-29T00:00:00.000,2020,5,2020-05-29T00:00:00.000,Commercial Final,"202, 8225 - 105 STREET NW",Plan I Blk 67 Lots 19-20,STRATHCONA,5480,To construct exterior alterations (rooftop MUA) and interior alterations (2nd & 3rd floor upgrade the existing duct work for heating and cooling system) in an existing building - Strathcona Health Centre,Office Buildings (520),(03) Interior Alterations,3633,60000,MU,0,53.5188039441932,-113.5001477553405,,1,
2020-05-26T00:00:00.000,2020,5,2020-05-26T00:00:00.000,Commercial Final,15753 - 97 STREET NW,Plan 1124524 Blk 2 Lot 14,EAUX CLAIRES,2241,To construct Interior Alteration - Smiles & Beyond Denture Clinic - Convert existing commercial retail to space to a consultation area for the sale of dentures.,Office Buildings (520),(03) Interior Alterations,1080,90000,DC1,0,53.61899465602494,-113.48994764909905,,1,
2020-05-21T00:00:00.000,2020,5,2020-05-21T00:00:00.000,Commercial Final,9402 - 31 AVENUE NW,Plan 8121065 Blk 5 Lot 15A,PARSONS INDUSTRIAL,6570,"To change the use of a general industrial suite to business/personal services, interior alteration for animal care/shelter and exterior alteration to infill north exterior wall overhead door openings. -  ""POSH POOCH HOTEL & DAYCARE INC""",Animal and Plant Services (410),(03) Exterior Alterations,20984.01,200000,IM,0,53.46325794749302,-113.47781284517445,,1,
2020-05-19T00:00:00.000,2020,5,2020-05-19T00:00:00.000,Commercial Final,16865 - 110 AVENUE NW,"Plan 2477KS Blk 6 Lots 8,18U",WEST SHEFFIELD INDUSTRIAL,4600,To change the use from F2 to D (Animal hospital/shelter) and construct interior/exterior alterations (dog run behind building) - The Dog Lodge.,Animal and Plant Services (410),(03) Exterior Alterations,300,350,IM,0,53.557315116247224,-113.6136272000863,,1,
2020-05-15T00:00:00.000,2020,5,2020-05-15T00:00:00.000,Commercial Final,"23, 10015 - 103 AVENUE NW",Plan F Lots 86-90,DOWNTOWN,1090,"To construct interior alterations within commercial building - tenant improvement for medical clinic w/ pharmacy - ""City Centre Health""",Office Buildings (520),(03) Interior Alterations,2820,102000,CCA,0,53.545188778115886,-113.49176190695738,,1,
2020-05-11T00:00:00.000,2020,5,2020-05-11T00:00:00.000,Commercial Final,9452 - 51 AVENUE NW,Condo Common Area (Plan 1023472),CORONET INDUSTRIAL,6100,"To construct Interior Alteration to an existing office - Alberta Veterinary Medical Association - Minor interior alterations to include: modifying 3 offices to 4 offices, modifying one storage room to two offices and one small storage room (Main floor, Suite 104)",Office Buildings (520),(03) Interior Alterations,988,30000,BE,0,53.48931228152214,-113.4740656575189,,1,
2020-05-05T00:00:00.000,2020,5,2020-05-05T00:00:00.000,Commercial Final,"608, 11010 - 101 STREET NW","Plan 8222283 Blk 1 Lots 319B,319C",CENTRAL MCDOUGALL,1030,To construct Interior Alteration to renovate an existing doctor's office - Dr. Stewart,Office Buildings (520),(03) Interior Alterations,1382.08,70000,"DC2, MU, MU",0,53.55753988764228,-113.4945432528676,,1,
2020-04-30T00:00:00.000,2020,4,2020-04-30T00:00:00.000,Commercial Final,5005 - MULLEN ROAD NW,Plan 1823035 Blk 20 Lot 18,MACTAGGART,5477,To construct Interior Alteration for a new dental clinic - Rabbit Hill Dental- max 10 people,Office Buildings (520),(03) Interior Alterations,2200,425000,"CG, CG",0,53.43392611703003,-113.57468424546724,,1,
2020-04-20T00:00:00.000,2020,4,2020-04-20T00:00:00.000,Commercial Final,6425 - CARTMELL PLACE SW,Condo Common Area (Plan 2021910),CHAPPELLE AREA,5462,"To construct interior alterations to a Suite in a Commercial mixed use building, ''Chappelle Dental''. First tenant fit up in shell space, update HVAC, update Electrical/Fire alarm components, alter sprinkler system to suit space.","Clinics, Health Units (642)",(03) Interior Alterations,4736.12,100000,CB2,0,,,,1,
2020-04-20T00:00:00.000,2020,4,2020-04-20T00:00:00.000,Commercial Final,"209, 4363 - 167 AVENUE NW","Condo Common Area (Plan 1823461,1823198,1823199,2321186)",BRINTNELL,2110,To construct Interior Alteration for a Physio Therapy Clinic,Office Buildings (520),(03) Interior Alterations,1679,24500,CB2,0,53.62785297586066,-113.4073989578243,,1,
2020-04-16T00:00:00.000,2020,4,2020-04-16T00:00:00.000,Commercial Final,"104, 5083 - WINDERMERE BOULEVARD SW",Plan 0621857 Blk 1 Lot 1,AMBLESIDE,5505,To construct Interior Alteration for a pharmacy - U Compound Pharmacy,Office Buildings (520),(03) Interior Alterations,2981.6,25000,DC2,0,53.43267394984213,-113.59206505291267,,1,
2020-04-16T00:00:00.000,2020,4,2020-04-16T00:00:00.000,Commercial Final,3022 - 106 STREET NW,Plan 4884TR Blk 9 Lot 4,STEINHAUER,5470,To construct Interior Alterations (partition walls & bathrooms) for a new veterinary clinic.   - Ermineskin Veterinary Clinic,Retail and Shops (510),(03) Interior Alterations,2440,225000,CG,0,53.462435334517586,-113.50308486350491,,1,
2020-04-14T00:00:00.000,2020,4,2020-04-14T00:00:00.000,Commercial Final,16420 - ELLERSLIE ROAD SW,Plan 1321077 Blk 1 Lot 1,AMBLESIDE,5505,"To construct original tenant fitup within group D shell building - including 1 Medical clinic,  1 Dental clinic, 1 Pharmacy",Retail and Shops (510),(03) Interior Alterations,3950,525000,CG,0,53.423774029676224,-113.60698102427617,,1,
2020-04-09T00:00:00.000,2020,4,2020-04-09T00:00:00.000,Commercial Final,1100 - YOUVILLE DRIVE WEST NW,Plan 8220154 Blk 4 Lot 1,TAWA,6720,To construct interior alteration to medical care building - (Grey Nun's Hospital) - interior renovation to CT scan room,Hospitals (640),(03) Interior Alterations,1022.57,8000,UF,0,53.46207164132757,-113.42954068805554,,1,
2020-04-08T00:00:00.000,2020,4,2020-04-08T00:00:00.000,Commercial Final,"208, 1803 - 91 STREET SW",Condo Common Area (Plan 1721728),SUMMERSIDE,6213,"To change the Use of a Professional, Financial, and Office Support Service to a Convenience Retail Store and Health Service. (Compounding Pharmacy)","Clinics, Health Units (642)",(03) Interior Alterations,,48000,EIB,0,53.41682303913774,-113.47872226841861,,1,
2020-04-08T00:00:00.000,2020,4,2020-04-08T00:00:00.000,Commercial Final,10127 - 109 STREET NW,"Condo Common Area (Plan 9020932,1522596,1622431,1822848)",DOWNTOWN,1090,"To construct interior alterations to an existing Health Services tenant - Lucere Clinic - update finishes and expanding space, Removing pharmacy and adding additional medical exam rooms, Includes Exterior Emergency Generator building - Requires Development approval",Office Buildings (520),(03) Interior Alterations,3498.27,100000,UW,0,53.542222988864395,-113.50787669614556,,1,
2020-04-07T00:00:00.000,2020,4,2020-04-07T00:00:00.000,Commercial Final,"366, 5015 - 111 STREET NW",Plan 0725320 Blk D Lot 4A,EMPIRE PARK,5170,To construct interior alterations within the retail building - renovation and expansion of existing Lenscrafters Optometry Clinic  - CRU 366,Retail and Shops (510),(03) Interior Alterations,4528.37,550000,DC2,0,53.485787612637964,-113.51341203824146,,1,
2020-04-01T00:00:00.000,2020,4,2020-04-01T00:00:00.000,Commercial Final,"2074, 9499 - 137 AVENUE NW",Plan 6594MC Blk 27,GLENGARRY,2290,"To construct interior alterations to an existing pharmacy in a doctor's office. Changes are in the pharmacy millwork, shelving and counters. - North Edmonton Children's Center, Northgate Mall.","Malls, Office/Retail (512)",(03) Interior Alterations,670,22000,CG,0,53.59802467936922,-113.48824992320903,,1,
2020-03-27T00:00:00.000,2020,3,2020-03-27T00:00:00.000,Commercial Final,"200, 7609 - 109 STREET NW","Condo Common Area (Plan 1720082,1423850)",QUEEN ALEXANDRA,5330,To construct Interior Alteration for a new dental clinic - Alberta Dental,"Clinics, Health Units (642)",(03) Interior Alterations,2888,200000,MU,0,53.512612758212185,-113.51150911137242,,1,
2020-03-27T00:00:00.000,2020,3,2020-03-27T00:00:00.000,Commercial Final,9216 - ELLERSLIE ROAD SW,Plan 0626978 Blk 1 Lot 8,ELLERSLIE INDUSTRIAL,6214,To construct Interior Alteration for a new pharmacy - Medicine Shoppe,Retail and Shops (510),(03) Interior Alterations,1033,65000,CG,0,53.42577154237249,-113.4760975783702,,1,
2020-03-20T00:00:00.000,2020,3,2020-03-20T00:00:00.000,Commercial Final,5255 - ELLERSLIE ROAD SW,Plan 1422177 Blk 30 Lot 2,WALKER,6662,To construct Interior Alteration for a new animal hospital (Initial fitup) - HARVEST POINTE ANIMAL HOSPITAL,Animal and Plant Services (410),(03) Interior Alterations,3240,555000,DC1,0,53.42387036108305,-113.42257081880852,,1,
2020-03-20T00:00:00.000,2020,3,2020-03-20T00:00:00.000,Commercial Final,"170, 17010 - 90 AVENUE NW",Plan 0928218 Blk 30 Lot 10,SUMMERLEA,4520,To construct Interior Alteration to an existing pharmacy - EDMONTON PHARMACY,Retail and Shops (510),(03) Interior Alterations,435,100000,CG,0,53.52589864874137,-113.61744731083935,,1,
2020-03-16T00:00:00.000,2020,3,2020-03-16T00:00:00.000,Commercial Final,20162 - LESSARD ROAD NW,Plan 1421209 Blk 3 Lot 2,THE HAMPTONS,4461,To construct Interior Alteration Physiotherapy Center. - Proactive Physio.,"Clinics, Health Units (642)",(03) Interior Alterations,1015,120000,CG,0,53.47808868002961,-113.67347449140809,,1,
2020-03-12T00:00:00.000,2020,3,2020-03-12T00:00:00.000,Commercial Final,"104A, 9945 - 50 STREET NW",Plan 6903AP Blk W,EASTGATE BUSINESS PARK,6180,"To construct Interior Alteration for a new massage clinic - Theraputically Balanced Massage Clinic (Tenant Fit out, Empty Bay at Capilano center that is ready for development, Install interior walls and a bathroom to be used as a massage clinic.)  Suite #104a.",Office Buildings (520),(03) Interior Alterations,624.31,17000,CG,0,53.54017061967245,-113.41734250282705,,1,
2020-03-10T00:00:00.000,2020,3,2020-03-10T00:00:00.000,Commercial Final,4336 - 97 STREET NW,Plan 7721481 Blk 7 Lot 18,PAPASCHASE INDUSTRIAL,6560,To construct Interior Alteration for a lab - SolidEarth Lab - Develop the back of the office into a laboratory space.  The work will include constructing 8' stub walls and work benches for the lab equipment.,Laboratory/Research Centres (580),(03) Interior Alterations,2529.52,10000,BE,0,53.48211161878985,-113.48142278788289,,1,
2020-03-06T00:00:00.000,2020,3,2020-03-06T00:00:00.000,Commercial Final,6255 - ANDREWS LOOP SW,Condo Common Area (Plan 1623758),AMBLESIDE,5505,To construct interior alterations within a CRU in a commercial mixed use building for health services - Access Pharmacy.,Retail and Shops (510),(03) Interior Alterations,1080,55000,DC,0,53.426694466273275,-113.58972968298244,,1,
2020-03-05T00:00:00.000,2020,3,2020-03-05T00:00:00.000,Commercial Final,10240 - KINGSWAY NW,Plan 1619KS Blk 2 Lot 313,CENTRAL MCDOUGALL,1030,To construct Interior Alterations to an existing hospital - Royal Alexander Hospital PET CT Suite - (Renovation of an existing Hospital area to accommodate a new PET CT Suite on Level 1 of the Diagnostic Treatment Centre Building 4008H),Hospitals (640),(03) Interior Alterations,1894.45,1700000,UF,0,53.5576021800969,-113.49789453631885,,1,
2020-03-03T00:00:00.000,2020,3,2020-03-03T00:00:00.000,Commercial Final,10508 - 111 AVENUE NW,Plan 1921467 Blk 1 Lot 1,SPRUCE AVENUE,1230,To construct EXTERIOR BUILDING ENVELOPE ONLY for extended medical treatment building - Capital Care Norwood Redevelopment,Hospitals (640),(03) Exterior Alterations,,10000,DC2,0,53.56018822215494,-113.50174409742525,,1,
2020-02-27T00:00:00.000,2020,2,2020-02-27T00:00:00.000,Commercial Final,194 - MISTATIM ROAD NW,Condo Common Area (Plan 2021053),MISTATIM INDUSTRIAL,4320,"To construct interior alterations to a Suite, First tenant fit up, in a commercial mixed use building, 'Chiropractor Clinic''. (1 demising wall)",Mixed Use (522),(03) Interior Alterations,2098,170000,CB2,0,,,,1,
2020-02-21T00:00:00.000,2020,2,2020-02-21T00:00:00.000,Commercial Final,4526 - CALGARY TRAIL NW,Plan 1820228 Blk 30 Lot 16,EMPIRE PARK,5170,"To construct interior alterations within commercial building - original tenant fit up of group D dental clinic - ""SOUTH TRAIL DENTAL"" CRU #106",Office Buildings (520),(03) Interior Alterations,2007,200000,DC2,0,53.48309228541663,-113.49576452304838,,1,
2020-02-20T00:00:00.000,2020,2,2020-02-20T00:00:00.000,Commercial Final,5227 - 167 AVENUE NW,Plan 0829853 Blk 63 Lot 101,HOLLICK-KENYON,2340,To Change the use and to construct interior alterations for a new indoor gym -  (from a Vet Clinic to a personal training gym) - F45,Mixed Use (522),(03) Interior Alterations,2034.38,78000,CG,0,53.62778704437329,-113.41484004709184,,1,
2020-02-18T00:00:00.000,2020,2,2020-02-18T00:00:00.000,Commercial Final,"304, 7609 - 109 STREET NW","Condo Common Area (Plan 1720082,1423850)",QUEEN ALEXANDRA,5330,To construct Interior Alteration for a new medical spa - ACTIV MD SPA,Mixed Use (522),(03) Interior Alterations,1740,500000,MU,0,53.512612758212185,-113.51150911137242,,1,
2020-02-18T00:00:00.000,2020,2,2020-02-18T00:00:00.000,Commercial Final,"200, 1 - MEADOWLARK PARK SHOPPING CENTRE NW",Plan 9924575 Blk 10 Lot 2,MEADOWLARK PARK,4310,"To construct interior alterations to a medical office - ""Insight Medical Imaging""","Clinics, Health Units (642)",(03) Interior Alterations,,1100000,CSC,0,,,,1,
2020-02-13T00:00:00.000,2020,2,2020-02-13T00:00:00.000,Commercial Final,6881 - AD ASTRA BOULEVARD NW,Plan 1623246 Blk 34 Lot 43,GRIESBACH,3111,"To construct interior alterations to a Suite in a Commercial mixed use building. Tenant fit up for E/D use, health clinic with pharmacy, update fire alarm system (add additional components), update sprinkler system (relocate/add heads).","Clinics, Health Units (642)",(03) Interior Alterations,2188,60000,MUN,0,53.60664481784773,-113.51544160625866,,1,
2020-02-05T00:00:00.000,2020,2,2020-02-05T00:00:00.000,Commercial Final,11160 - RIVER VALLEY ROAD NW,"Plan 445MC Blks B,C",RIVER VALLEY VICTORIA,1200,"To add a temporary structure (PERMIT VAILD March 1, 2020, to February 28, 2022) to an existing site - Royal Glenora Club - Temporary physio buildings.",Temporary Structures (999),(01) New,,57457,A,0,53.53304290210497,-113.5143810632881,,1,
2020-01-30T00:00:00.000,2020,1,2020-01-30T00:00:00.000,Commercial Final,"207, 6958 - 76 AVENUE NW",Plan 1621131 Unit 12,GIRARD INDUSTRIAL,6260,"To construct interior alterations within 2nd floor suite of mixed use commercial building - original tenant fitup for dental clinic ""FLOSS BOSSES""","Clinics, Health Units (642)",(03) Interior Alterations,1055,140000,"BE, MU",0,53.51292267910958,-113.43539947776532,,1,
2020-01-16T00:00:00.000,2020,1,2020-01-16T00:00:00.000,Commercial Final,5241 - ELLERSLIE ROAD SW,Plan 1422177 Blk 30 Lot 2,WALKER,6662,"To construct interior alterations to a Suite,First tenant fit up, in a commercial mixed use building- Aurora Dental (Existing Demising wall change)",Office Buildings (520),(03) Interior Alterations,2637.16,200000,DC1,0,53.42387036108305,-113.42257081880852,,1,
2020-01-07T00:00:00.000,2020,1,2020-01-07T00:00:00.000,Commercial Final,"142, 1 - MEADOWLARK PARK SHOPPING CENTRE NW",Plan 9924575 Blk 10 Lot 2,MEADOWLARK PARK,4310,To construct Interior Alteration for a new clinic - Remediun Clinic,Retail and Shops (510),(03) Interior Alterations,1705,40000,CSC,0,,,,1,
2019-12-20T00:00:00.000,2019,12,2019-12-20T00:00:00.000,Commercial Final,5109 - 22 AVENUE SW,Plan 1525734 Blk 10 Lot 1,WALKER,6662,To construct interior alterations for an initial fitup for a veterinary clinic (including 2 HR demising walls on both sides of unit 5109) - Walker Lake Veterinary Center.,Mixed Use (522),(03) Interior Alterations,,130000,CN,0,53.41330365829464,-113.41986597354318,,1,
2019-12-17T00:00:00.000,2019,12,2019-12-17T00:00:00.000,Commercial Final,11356 - 119 STREET NW,Condo Common Area (Plan 1621000),PRINCE RUPERT,1170,"To change the use from creation/production(F2) to health clinic (D) and construct tenant improvement for Naturopathic Wellness Center "" West Edmonton Naturopathic Wellness Centre Inc.""","Clinics, Health Units (642)",(03) Interior Alterations,1387,56886,BE,0,53.56346340895661,-113.52749130408026,,1,
2019-12-17T00:00:00.000,2019,12,2019-12-17T00:00:00.000,Commercial Final,10508 - 111 AVENUE NW,Plan 1921467 Blk 1 Lot 1,SPRUCE AVENUE,1230,To construct a STRUCTURAL FRAME for an addition to an extended medical treatment building - Capital Care Norwood Redevelopment.,Hospitals (640),(01) New,,27275035,DC2,0,53.56018822215494,-113.50174409742525,,1,
2019-12-13T00:00:00.000,2019,12,2019-12-13T00:00:00.000,Commercial Final,627 - CAMERON HEIGHTS DRIVE NW,Plan 0024559 Lot A,CAMERON HEIGHTS,4466,To construct Interior Alteration for a new retail business. - Proposed Frontline Pharmacy,Retail and Shops (510),(03) Interior Alterations,1139.9,75000,DC2,0,53.47046368380923,-113.63116642937419,,1,
2019-12-12T00:00:00.000,2019,12,2019-12-12T00:00:00.000,Commercial Final,3011 - 66 STREET NW,Plan 8220154 Blk 5 Lots 1-2,TAWA,6720,To construct Interior Alteration for an addition to a health clinic - Dynalife Tawa Expansion,"Clinics, Health Units (642)",(03) Interior Alterations,1000,134000,DC2,0,53.461731628546296,-113.4331745775831,,1,
2019-12-11T00:00:00.000,2019,12,2019-12-11T00:00:00.000,Commercial Final,11007 - 97 STREET NW,Plan 1821097 Blk 35 Lot 24A,MCCAULEY,1140,"To construct a General Retail Store and Health Service Use building ""shell only with interior partitions"". (Unit 130: Health Services Use and Unit 120 to 180: General Retail Store).  11007 - 97 STREET NW (180 - Retail Unit 5)  11011 - 97 STREET NW (170 - Retail Unit 4)  11015 - 97 STREET NW (160 - Retail Unit 3)  11019 - 97 STREET NW (150 - Retail Unit 2)  11023 - 97 STREET NW (140 - Retail Unit 1)  11027 - 97 STREET NW (130 - Clinic)  11031 - 97 STREET NW (120 - Pharmacy)  11033 - 97 STREET NW (190 - Electrical Room)",Retail and Shops (510),(01) New,,1161885,MU,0,53.557800231294294,-113.49149056023998,,1,
2019-12-11T00:00:00.000,2019,12,2019-12-11T00:00:00.000,Commercial Final,11027 - 97 STREET NW,Plan 1821097 Blk 35 Lot 24A,MCCAULEY,1140,"To construct interior alterations: a demising wall at grid F, doctor offices, w/r, vestibule, a reception area, staff room, storage for the medical office area AND consultation room, w/r,  medical office & staff room, w/r , storage room , staff room for the pharmacy area (one owner).   REZONING APPROVED TO CB1 (LDA 279104281-003) ON OCT 26, 2018.",Mixed Use (522),(03) Interior Alterations,3287,325000,MU,0,53.557800231294294,-113.49149056023998,,1,
2019-12-04T00:00:00.000,2019,12,2019-12-04T00:00:00.000,Commercial Final,4365 - 167 AVENUE NW,"Condo Common Area (Plan 1823461,1823198,1823199,2321186)",BRINTNELL,2110,To construct interior alteration for a dental office (Initial fitup) - Dental Clinic @ Plaza 167,Retail and Shops (510),(03) Interior Alterations,2543,300000,"CB2, CG",0,53.62785297586066,-113.4073989578243,,1,
2019-12-03T00:00:00.000,2019,12,2019-12-03T00:00:00.000,Commercial Final,16224 - ELLERSLIE ROAD SW,Plan 1321077 Blk 4 Lot 1,AMBLESIDE,5505,To construct interior alterations within existing commercial building - tenant improvement for group D optometry studio,Office Buildings (520),(03) Interior Alterations,1583,175000,CN,0,53.42443529988586,-113.60441659615172,,1,
2019-11-27T00:00:00.000,2019,11,2019-11-27T00:00:00.000,Commercial Final,10036 - 164 STREET NW,Plan 9723193 Unit 4,GLENWOOD,4180,"To: change the Use of a Retail Store ""E"" to a Health Service Office ""D"",     : construct interior alterations for dental clinic extension (demo & construct interior walls)   - ""Thorncliffe Dental Extension""","Clinics, Health Units (642)",(03) Interior Alterations,1654.41,153000,DC2,0,53.54003680524783,-113.60534915174246,,1,
2019-11-26T00:00:00.000,2019,11,2019-11-26T00:00:00.000,Commercial Final,10652 - WINTERBURN ROAD NW,NE-1-53-26-4,WESTVIEW VILLAGE,4620,To complete interior alterations (demolish existing interior partition walls & construct new interior partition walls) in an existing building - Westview Pharmacy (change of use from office to pharmacy),Retail and Shops (510),(03) Interior Alterations,937,29000,"RSF, CN",0,53.55002854406164,-113.69013957200562,,1,
2019-11-26T00:00:00.000,2019,11,2019-11-26T00:00:00.000,Commercial Final,11132 - 82 AVENUE NW,Plan 5384RS Blk 158 Lot 2A,GARNEAU,5200,To construct Interior Alteration for a dentist office - College Plaza Dental,Retail and Shops (510),(03) Interior Alterations,2637.16,200000,DC2,0,53.5186569637779,-113.51937580636177,,1,
2019-11-20T00:00:00.000,2019,11,2019-11-20T00:00:00.000,Commercial Final,"104, 16028 - 100A AVENUE NW",Plan 1124881 Blk 3 Lot 26,GLENWOOD,4180,To construct Interior Alteration - combine 2 suites into 1 and construct a family medical centre - Glenwood Medical Clinic,Office Buildings (520),(03) Interior Alterations,2335.77,67500,"MU, MU",0,53.54077138041618,-113.59860998883583,,1,
2019-11-19T00:00:00.000,2019,11,2019-11-19T00:00:00.000,Commercial Final,"101, 11010 - 101 STREET NW","Plan 8222283 Blk 1 Lots 319B,319C",CENTRAL MCDOUGALL,1030,To construct interior alterations for a small addition to a pharmacy - Hys Centre Pharmacy,Retail and Shops (510),(03) Interior Alterations,,58456,"DC2, MU, MU",0,53.55753988764228,-113.4945432528676,,1,
2019-11-12T00:00:00.000,2019,11,2019-11-12T00:00:00.000,Commercial Final,4357 - 167 AVENUE NW,"Condo Common Area (Plan 1823461,1823198,1823199,2321186)",BRINTNELL,2110,To change the use and construct interior alterations for a Health Services suite. Stride Sports and Physio,Retail and Shops (510),(03) Interior Alterations,,160000,CB2,0,,,,1,
2019-11-12T00:00:00.000,2019,11,2019-11-12T00:00:00.000,Commercial Final,8657 - 51 AVENUE NW,Plan 0720183 Blk 5 Lot 6,MCINTYRE INDUSTRIAL,6430,Interior alterations to an existing building - Tenant fit up for College of Registered Dental Hygienists of Alberta. - No changes being made to sprinkler or fire alarm system.,Office Buildings (520),(03) Interior Alterations,,110000,BE,0,53.486512343755486,-113.4555554640057,,1,
2019-11-06T00:00:00.000,2019,11,2019-11-06T00:00:00.000,Commercial Final,15803 - 100A AVENUE NW,Plan 1922224 Blk 2C Lot 35,GLENWOOD,4180,"To construct a Health Services building with medical walk in clinic, two psychiatry rooms and future tenant space (Separate permit required for tenant), 3 RTU's)","Clinics, Health Units (642)",(01) New,,900000,"CB1, MU",0,53.53998407320177,-113.59417769893734,,1,
2019-10-18T00:00:00.000,2019,10,2019-10-18T00:00:00.000,Commercial Final,"18, 13750 - 50 STREET NW",Plan 0520351 Unit 4,CLAREVIEW TOWN CENTRE,2145,To construct interior alterations for a masage clinic (initial fitup) - Bodytech 3 Therapeutic Massage. - CRU 102,Retail and Shops (510),(03) Interior Alterations,,30500,CG,0,53.59856433041538,-113.41449310237195,,1,
2019-10-17T00:00:00.000,2019,10,2019-10-17T00:00:00.000,Commercial Final,5231 - 55 AVENUE NW,Plan 1025566 Blk 3 Lot 9,ROPER INDUSTRIAL,6640,To change the use from a General Retail Store to a Creation and Production Establishments (dental lab),Mixed Use (522),(03) Interior Alterations,,22000,CG,0,53.49113522718176,-113.41970450101547,,1,
2019-10-15T00:00:00.000,2019,10,2019-10-15T00:00:00.000,Commercial Final,"203, 3323 - 34 STREET NW",Plan 0322269 Blk 16 Lot 110,SILVER BERRY,6442,To construct interior alteration at Suite 203. Dental Clinic in Silberberry,"Clinics, Health Units (642)",(03) Interior Alterations,2222,356000,CN,0,53.46274089083259,-113.39264578303977,,1,
2019-10-15T00:00:00.000,2019,10,2019-10-15T00:00:00.000,Commercial Final,10410 - 111 AVENUE NW,Plan 9720909 Blk 2,SPRUCE AVENUE,1230,To construct interior and exterior alterations to an extended medical treatment building (renovations to the Angus McGugan Pavilion building to allow utility re-locates and site services for the construction of the new building) - Capital Care Norwood Redevelopment.,Hospitals (640),(03) Interior Alterations,,749179,DC2,0,53.56018822215494,-113.50174409742525,,1,
2019-10-10T00:00:00.000,2019,10,2019-10-10T00:00:00.000,Commercial Final,"203, 2435 - 90B STREET SW",Condo Common Area (Plan 1620228),SUMMERSIDE,6213,"To change the Use from a Professional, Financial, and Office Support Service to a Health Service. (Physiotherapy Clinic)",Mixed Use (522),(03) Interior Alterations,,75000,DC2,0,53.410955973947445,-113.47951779451553,,1,
2019-10-09T00:00:00.000,2019,10,2019-10-09T00:00:00.000,Commercial Final,821 - TAMARACK WAY NW,Plan 1420502 Blk 14 Lot 5,TAMARACK,6443,"To change the Use from General Retail Store to Health Services. - Physiotherapy/Massage - ""Tamarack Physiotherapy and Massage""","Clinics, Health Units (642)",(03) Interior Alterations,,70000,DC1,0,53.47956126195333,-113.36620617069033,,1,
2019-10-08T00:00:00.000,2019,10,2019-10-08T00:00:00.000,Commercial Final,"103, 9910 - 39 AVENUE NW",Plan 0020700 Blk 2 Lot 3B,STRATHCONA INDUSTRIAL PARK,6700,"To Change the use D to A2 and Construct interior Alterations within existing mixed use building - tenant fitup - ""Reeves Dental School""",Mixed Use (522),(03) Interior Alterations,6480,520000,BE,0,53.4746156306415,-113.48701754556396,,1,
2019-10-04T00:00:00.000,2019,10,2019-10-04T00:00:00.000,Commercial Final,14151 - 28 AVENUE SW,Plan 1321089 Blk 3 Lot 1,CHAPPELLE AREA,5462,To construct interior alteration for an initial fitup for a dental clinic. - Dr. Wong Dental Clinic,Retail and Shops (510),(03) Interior Alterations,,110000,CG,0,53.40962554329509,-113.56707337743681,,1,
2019-10-04T00:00:00.000,2019,10,2019-10-04T00:00:00.000,Commercial Final,14159 - 28 AVENUE SW,Plan 1321089 Blk 3 Lot 1,CHAPPELLE AREA,5462,To construct interior alterations for an initial fitup for an Optometry Clinic - Eye & Co,Retail and Shops (510),(03) Interior Alterations,,95000,CG,0,53.40962554329509,-113.56707337743681,,1,
2019-10-02T00:00:00.000,2019,10,2019-10-02T00:00:00.000,Commercial Final,"105, 1006 - 103A STREET SW",Plan 1324176 Unit 2,CASHMAN,5466,To construct interior alterations to an existing building. Change of use from Dental office to Indoor Participant Recreation Services. Tenant improvements,Indoor Recreational Buildings (560),(03) Interior Alterations,2100,80000,DC1,0,53.42364061496947,-113.49690207372987,,1,
2019-10-02T00:00:00.000,2019,10,2019-10-02T00:00:00.000,Commercial Final,9020 - 75 STREET NW,Plan 9222655 Blk 23 Lot C,HOLYROOD,6310,To construct interior alterations for a new pharmacy in an existing building - Pharmasave Holyrood,Retail and Shops (510),(03) Interior Alterations,1395,25000,CN,0,53.52566746565374,-113.44367652980823,,1,
2019-10-01T00:00:00.000,2019,10,2019-10-01T00:00:00.000,Commercial Final,10555 - 97 STREET NW,Plan ND Blk 18 Lots 27-28,MCCAULEY,1140,"To Change the Use from General Retail to Professional, Financial and Office Support Service (Contour Dental Service Lab)","Clinics, Health Units (642)",(03) Interior Alterations,,10000,MU,0,,,,1,
2019-09-26T00:00:00.000,2019,9,2019-09-26T00:00:00.000,Commercial Final,2027 - 111 STREET NW,Plan 8720395 Blk 1 Lot 3,KEHEEWIN,5250,"To construct interior alterations to an existing building - Performance Chiropractic. Expanding office into adjacent space, some electrical work. Existing HVAC","Clinics, Health Units (642)",(03) Interior Alterations,,39000,DC2,0,53.452803822328114,-113.51492060153512,,1,
2019-09-20T00:00:00.000,2019,9,2019-09-20T00:00:00.000,Commercial Final,10508 - 111 AVENUE NW,Plan 1921467 Blk 1 Lot 1,SPRUCE AVENUE,1230,To construct FOOTING AND FOUNDATION ONLY for future addition to an extended medical treatment building - Capital Care Norwood Redevelopment.,Hospitals (640),(01) New,,1900000,DC2,0,53.56018822215494,-113.50174409742525,,1,
2019-09-19T00:00:00.000,2019,9,2019-09-19T00:00:00.000,Commercial Final,10068 - 108 STREET NW,Plan 1222211 Blk 8 Lot 46A,DOWNTOWN,1090,To construct Interior alterations - tenant fit up for massage clinic - Athlete's Choice Massage (therapeutic massage clinic),Office Buildings (520),(03) Interior Alterations,2475,80000,JAMSC,0,53.540589138453115,-113.50748205775484,,1,
2019-09-18T00:00:00.000,2019,9,2019-09-18T00:00:00.000,Commercial Final,"201, 3323 - 34 STREET NW",Plan 0322269 Blk 16 Lot 110,SILVER BERRY,6442,"To construct interior alterations within existing mixed use commercial building - original tenant fit up for Health / Physiotherapy Clinic ""SilverBerry Physiotherapy Clinic""","Clinics, Health Units (642)",(03) Interior Alterations,,80000,CN,0,53.46274089083259,-113.39264578303977,,1,
2019-09-16T00:00:00.000,2019,9,2019-09-16T00:00:00.000,Commercial Final,12230 - 106 AVENUE NW,Plan RN22 Blk 7 Lot 10,WESTMOUNT,3440,To construct interior alterations to an existing office building - Changing out rated doors on all 4 floors - Alberta Medical Association.,Office Buildings (520),(03) Interior Alterations,,34400,MU,0,53.549554147108225,-113.53363157695115,,1,
2019-09-10T00:00:00.000,2019,9,2019-09-10T00:00:00.000,Commercial Final,8440 - 112 STREET NW,Plan 9826528 Lot 6,UNIVERSITY OF ALBERTA,5520,"To construct interior alterations to the existing hospital (demolition of existing offices/staff rooms, construction for PET-CT and associated rooms, new Universal Toilet Room) - Stollery Hospital at the University of Alberta Hospital, Diagnostic Imaging Department, 2nd Floor.",Hospitals (640),(03) Interior Alterations,,1500000,AJ,0,53.5207215065611,-113.52321908985577,,1,
2019-09-09T00:00:00.000,2019,9,2019-09-09T00:00:00.000,Commercial Final,1936 - 38 AVENUE NW,Plan 0620021 Blk 21 Lot 9,LARKSPUR,6390,To construct Interior Alteration for a new dental office - Apollonia Dental,Office Buildings (520),(03) Interior Alterations,700,80000,"CG, DC2",0,53.47836562548756,-113.37373117519324,,1,
2019-09-05T00:00:00.000,2019,9,2019-09-05T00:00:00.000,Commercial Final,16811 - 88 AVENUE NW,Plan 0726880 Blk 3 Lot 5,WEST MEADOWLARK PARK,4590,"To Construct Interior Alterations - renovate office and exam rooms for a family medical clinic on the main floor, and to relocate Air Handling Unit (AHU) on the roof. "" MCW Family Medical Clinic Relocation""","Clinics, Health Units (642)",(03) Interior Alterations,5651.05,750000,US,0,53.52173529717909,-113.6120563656399,,1,
2019-08-29T00:00:00.000,2019,8,2019-08-29T00:00:00.000,Commercial Final,"105, 2603 - HEWES WAY NW",Condo Common Area (Plan 0620553),MILL WOODS TOWN CENTRE,6520,"To construct interior alterations. - tenant fit up ""Urban Medical""",Office Buildings (520),(03) Interior Alterations,1603.82,148000,DC2,0,53.457266341054606,-113.42611141168571,,1,
2019-08-29T00:00:00.000,2019,8,2019-08-29T00:00:00.000,Commercial Final,"101, 6050 - ANDREWS WAY SW",Plan 1524442 Blk 20 Lot 84,AMBLESIDE,5505,"To construct interior alterations within mixed use commercial building - tenant fit up for chiropractic/wellness studio ""THRIVE CHIROPRACTIC CLINIC AND WELLNESS CENTRE","Clinics, Health Units (642)",(03) Interior Alterations,1829.86,150000,DC1,0,53.429787707127325,-113.59236854321078,,1,
2019-08-29T00:00:00.000,2019,8,2019-08-29T00:00:00.000,Commercial Final,"410, 316 - WINDERMERE ROAD NW",Plan 1620168 Unit 283,WINDERMERE,5570,To construct (minor) Interior alterations to Existing health care suite (Weiss Surgical Centre) - Windermere Health Clinic.,"Clinics, Health Units (642)",(03) Interior Alterations,,50000,DC2,0,53.44039936696204,-113.61878593611148,,1,
2019-08-29T00:00:00.000,2019,8,2019-08-29T00:00:00.000,Commercial Final,"405, 11523 - 100 AVENUE NW",Plan 1223405 Blk 15 Lot 100,WÎHKWÊNTÔWIN,1151,"To construct interior alterations to an existing building. Expanding dental clinic, Unit 406 Le Marchand Mansion.","Clinics, Health Units (642)",(03) Interior Alterations,,80000,DC1,0,53.53826110396413,-113.52077661449086,,1,
2019-08-29T00:00:00.000,2019,8,2019-08-29T00:00:00.000,Commercial Final,"205, 9129 - 35 AVENUE NW",Condo Common Area (Plan 1721435),STRATHCONA INDUSTRIAL PARK,6700,"To Change the Use from a Professional, Financial and Office Support Services to a Health Services (Physiotherapy Clinic)","Clinics, Health Units (642)",(03) Interior Alterations,,10000,DC2,0,53.468219501286654,-113.46893808818044,,1,
2019-08-28T00:00:00.000,2019,8,2019-08-28T00:00:00.000,Commercial Final,"107, 11010 - 101 STREET NW","Plan 8222283 Blk 1 Lots 319B,319C",CENTRAL MCDOUGALL,1030,"To construct interior alterations. ""Professional Audiology""",Office Buildings (520),(03) Interior Alterations,637,35000,"DC2, MU, MU",0,53.55753988764228,-113.4945432528676,,1,
2019-08-27T00:00:00.000,2019,8,2019-08-27T00:00:00.000,Commercial Final,3017 - 66 STREET NW,Plan 8220154 Blk 5 Lots 1-2,TAWA,6720,To construct interior alterations to an existing building. Turning Doctor's office into an exam room,"Clinics, Health Units (642)",(03) Interior Alterations,,20000,DC2,0,53.461731628546296,-113.4331745775831,,1,
2019-08-26T00:00:00.000,2019,8,2019-08-26T00:00:00.000,Commercial Final,"204, 14101 - WEST BLOCK DRIVE NW",Condo Common Area (Plan 1922316);Plan 1922316 Unit 30,GLENORA,3200,"To construct interior alterations for an initial fit-up for pediatrics office - original tenant fit-up for office use - 2nd floor, suite 204 ""Glenora Pediatrics Clinic.""","Clinics, Health Units (642)",(03) Interior Alterations,,307568,"DC2, DC2, DC",0,,,,1,
2019-08-20T00:00:00.000,2019,8,2019-08-20T00:00:00.000,Commercial Final,10508 - 111 AVENUE NW,Plan 1921467 Blk 1 Lot 1,SPRUCE AVENUE,1230,To construct SHORING AND EXCAVATION ONLY for future addition to an extended medical treatment building - Capital Care Norwood Redevelopment.,"Day Cares, Nursing Homes (650)",(04) Excavation,,2280000,DC2,0,53.56018822215494,-113.50174409742525,,1,
2019-08-15T00:00:00.000,2019,8,2019-08-15T00:00:00.000,Commercial Final,"101, 5083 - WINDERMERE BOULEVARD SW",Plan 0621857 Blk 1 Lot 1,AMBLESIDE,5505,"To complete interior demolition and construct interior alterations to a Professional, Financial and Office Support Services Building for new tenants (Dermatology Clinic)","Clinics, Health Units (642)",(03) Interior Alterations,8406.61,500000,DC2,0,53.43267394984213,-113.59206505291267,,1,
2019-08-14T00:00:00.000,2019,8,2019-08-14T00:00:00.000,Commercial Final,14119 - 28 AVENUE SW,Plan 1321089 Blk 3 Lot 1,CHAPPELLE AREA,5462,To construct a first tenant fit-up (Qurely Medical Clinic and Pharmacy)  - demo demising wall and to construct interior alterations,Office Buildings (520),(03) Interior Alterations,,200000,CG,0,53.40962554329509,-113.56707337743681,,1,
2019-08-14T00:00:00.000,2019,8,2019-08-14T00:00:00.000,Commercial Final,7117 - 77 AVENUE NW,Plan 0725714 Blk 3 Lot 36,KING EDWARD PARK,6360,To construct interior alteration to an Animal Hospital and Shelter (remove load bearing concrete block wall and replace with new steel beam and columns) - It's a Dog's Life,"Clinics, Health Units (642)",(03) Interior Alterations,,4000,IM,0,53.51298349602358,-113.43759991863168,,1,
2019-08-13T00:00:00.000,2019,8,2019-08-13T00:00:00.000,Commercial Final,12829 - 66 STREET NW,Condo Common Area (Plan 0721338),BELVEDERE,2080,"To construct interior alterations within existing commercial building - Tenant improvements for a dental office. Minor wall, flooring, ceiling, plumbing and electrical work",Mixed Use (522),(03) Interior Alterations,825,51000,RM,0,53.58700252892352,-113.44246648965897,,1,
2019-08-13T00:00:00.000,2019,8,2019-08-13T00:00:00.000,Commercial Final,"106, 2544 - ELLWOOD DRIVE SW","Condo Common Area (Plan 0828825,1422846)",ELLERSLIE INDUSTRIAL,6214,To change the use and construct interior alteration for a pharmacy - Bioscript Pharmacy Ltd.,Retail and Shops (510),(03) Interior Alterations,,160000,EIB,0,53.430472302239764,-113.47402691713386,,1,
2019-08-07T00:00:00.000,2019,8,2019-08-07T00:00:00.000,Commercial Final,11313 - 100 AVENUE NW,Plan 2734AH Blk 13 Lot D,WÎHKWÊNTÔWIN,1151,To construct interior alterations to an existing building. Tenant fit up for Action Chiropractic.,"Clinics, Health Units (642)",(03) Interior Alterations,,85000,DC1,0,53.53861854437448,-113.51657405057468,,1,
2019-08-06T00:00:00.000,2019,8,2019-08-06T00:00:00.000,Commercial Final,3319 - 34 STREET NW,Plan 0322269 Blk 16 Lot 110,SILVER BERRY,6442,To construct interior alterations for a first tenant fitup. (Family Plus Silverberry Medical Centre and Pharmacy),Office Buildings (520),(03) Interior Alterations,,109000,CN,0,53.46274089083259,-113.39264578303977,,1,
2019-08-02T00:00:00.000,2019,8,2019-08-02T00:00:00.000,Commercial Final,10844 - 76 AVENUE NW,"Condo Common Area (Plan 1720082,1423850)",QUEEN ALEXANDRA,5330,To construct Interior alteration to an existing building. Tenant fit up for optometrist office. 2Vision Eye Centre.,Office Buildings (520),(03) Interior Alterations,997,100000,MU,0,53.512612758212185,-113.51150911137242,,1,
2019-07-31T00:00:00.000,2019,7,2019-07-31T00:00:00.000,Commercial Final,9962 - 170 STREET NW,Plan 8921956 Lot A,PLACE LARUE,4400,To change the use from a Mercantile to a Business and Personal Services Occupancy (Veterinary Services) and to construct interior alterations (Edmonton West Animal Hospital),Retail and Shops (510),(03) Interior Alterations,,50000,DC2,0,53.538634384510374,-113.61585800486276,,1,
2019-07-15T00:00:00.000,2019,7,2019-07-15T00:00:00.000,Commercial Final,2565 - 17 STREET NW,Plan 1425070 Blk 8 Lot 78,TAMARACK,6443,To construct a first tenant fitup and to construct interior alterations. Level Orthodontics & Small Smiles Dental,Office Buildings (520),(03) Interior Alterations,,500000,CG,0,53.45677527295122,-113.367375775548,,1,
2019-06-27T00:00:00.000,2019,6,2019-06-27T00:00:00.000,Commercial Final,7310 - 101 AVENUE NW,Plan 2011AO Blk 2 Lot 21,TERRACE HEIGHTS,6730,To mount Solar Panels on the roof of a Health Services building - Dentist Office - Ward Denture Clinic,Office Complex (522),(03) Exterior Alterations,1385.21,20000,MU,0,53.541460231140306,-113.44048594319501,,1,
2019-06-24T00:00:00.000,2019,6,2019-06-24T00:00:00.000,Commercial Final,"105, 11523 - 100 AVENUE NW",Plan 1223405 Blk 15 Lot 100,WÎHKWÊNTÔWIN,1151,TO construct interior alterations to a new pharmacy and compounding lab (LeMarchand Dispensary),"Clinics, Health Units (642)",(03) Interior Alterations,,200000,DC1,0,53.53826110396413,-113.52077661449086,,1,
2019-06-24T00:00:00.000,2019,6,2019-06-24T00:00:00.000,Commercial Final,"201, 12970 - 97 STREET NW",Plan 1424543 Blk 11 Lot 7,LAUDERDALE,3260,"To construct interior alterations to a suite in a Commercial Retail/Health Services building, ''Rosslyn Dental & Hearing''. First Tenant Fit-up, 3 barrier free washrooms.",Office Buildings (520),(03) Interior Alterations,3946,400000,MU,0,53.58916634446569,-113.49257512114923,,1,
2019-06-19T00:00:00.000,2019,6,2019-06-19T00:00:00.000,Commercial Final,5244 - 199 STREET NW,Plan 0226719 Blk 1 Lot 2,THE HAMPTONS,4461,To construct interior alterations on an existing building. To change use from a spa to a pharmacy- PharmaSave,Retail and Shops (510),(03) Interior Alterations,1241.94,30000,CN,0,53.48844546081463,-113.66522229946897,,1,
2019-06-12T00:00:00.000,2019,6,2019-06-12T00:00:00.000,Commercial Final,10560 - MAYFIELD ROAD NW,Plan 0425119 Blk 2 Lot 20E,YOUNGSTOWN INDUSTRIAL,4660,"To change the use from warehouse sales to health services (Group E to D) and to construct exterior and interior alterations (re-configuring front entrance on east elevation, extending second floor, 1 new condensing unit on roof) - Alberta Health Services Renal Dialysis Clinic.","Clinics, Health Units (642)",(03) Interior Alterations,,8786868,CB,0,53.55039305013138,-113.61078619794124,,1,
2019-06-12T00:00:00.000,2019,6,2019-06-12T00:00:00.000,Commercial Final,9616 - 76 AVENUE NW,Plan 6042Q Blk 4 Lots 1-6,RITCHIE,6610,To construct interior alterations (add walls to create 2 doctor offices),Retail and Shops (510),(03) Interior Alterations,,11000,MU,0,53.5125547793053,-113.4773485162871,,1,
2019-06-07T00:00:00.000,2019,6,2019-06-07T00:00:00.000,Commercial Final,13625 - 163 STREET NW,Plan 0821204 Blk 5 Lot 7,MISTATIM INDUSTRIAL,4320,"To construct interior alterations, initial fit up of dentist office (Skyview Dental)","Clinics, Health Units (642)",(03) Interior Alterations,,180000,BE,0,53.59853219755717,-113.60177924925036,,1,
2019-06-04T00:00:00.000,2019,6,2019-06-04T00:00:00.000,Commercial Final,"201, 6055 - ANDREWS WAY SW","Condo Common Area (Plan 1920337,1922220)",AMBLESIDE,5505,To construct interior alterations to an existing building To construct tenant demising walls to divide into medical suites. (Windermere Health and Business Centre),Mixed Use (522),(03) Interior Alterations,14315.99,26000,"DC1, DC1",0,,,,1,
2019-06-03T00:00:00.000,2019,6,2019-06-03T00:00:00.000,Commercial Final,8440 - 112 STREET NW,Plan 9826528 Lot 6,UNIVERSITY OF ALBERTA,5520,To construct interior alterations to an existing hospital - Walter C Mackenzie - upgrading mechanical and piping systems for laboratory and dialysis.,Hospitals (640),(03) Interior Alterations,,3254070,AJ,0,53.5207215065611,-113.52321908985577,,1,
2019-05-30T00:00:00.000,2019,5,2019-05-30T00:00:00.000,Commercial Final,5603 - 199 STREET NW,Plan 1224947 Blk 1 Lot Z,THE HAMPTONS,4461,"To construct office and pharmacy fit up within existing office occupancy -""Hamptons medical clinic"".",Office Buildings (520),(03) Interior Alterations,3750,200000,CN,0,53.491570073391536,-113.66424433469352,,1,
2019-05-27T00:00:00.000,2019,5,2019-05-27T00:00:00.000,Commercial Final,4103 - 84 AVENUE NW,Plan 3264HW Lot B,MORRIS INDUSTRIAL,6540,To construct interior and exterior alterations to an existing medium hazard industrial building (Medical Marijuana Production Facility).  Canopy Growth Edmonton.,Manufacturing Buildings (430),(03) Interior Alterations,,22000000,"BE, BE",0,53.518113754807395,-113.4037734272635,,1,
2019-05-21T00:00:00.000,2019,5,2019-05-21T00:00:00.000,Commercial Final,10560 - MAYFIELD ROAD NW,Plan 0425119 Blk 2 Lot 20E,YOUNGSTOWN INDUSTRIAL,4660,Interior Demolition of existing tenant space - Alberta Health Services Renal Dialysis Clinic.,"Clinics, Health Units (642)",(03) Interior Alterations,,5000,CB,0,53.55039305013138,-113.61078619794124,,1,
2019-05-21T00:00:00.000,2019,5,2019-05-21T00:00:00.000,Commercial Final,10709 - JASPER AVENUE NW,Plan NB Blk 7 Lot 46,DOWNTOWN,1090,To construct interior (new demising wall) & exterior (new exterior door) alterations to an existing commercial floor space - Landlord Work Only Future tenant (Corona Physio) improvement not included.,"Clinics, Health Units (642)",(03) Exterior Alterations,,16350,JAMSC,0,53.54058952241578,-113.50505588993808,,1,
2019-05-21T00:00:00.000,2019,5,2019-05-21T00:00:00.000,Commercial Final,10709 - JASPER AVENUE NW,Plan NB Blk 7 Lot 46,DOWNTOWN,1090,To construct interior alterations in an existing commercial floor space.-  Corona Physiotherapy.,"Clinics, Health Units (642)",(03) Interior Alterations,,260000,JAMSC,0,53.54058952241578,-113.50505588993808,,1,
2019-05-15T00:00:00.000,2019,5,2019-05-15T00:00:00.000,Commercial Final,10707 - 29 AVENUE NW,Plan 9020272 Blk 27 Lot 45,ERMINESKIN,5180,To construct interior alterations in an existing senior's care facility.  Main floor of St. Joseph's.  Filling in hydrotherapy pool area & using floor space for physiotherapy;  upgrades to existing ambulance bay area.,"Day Cares, Nursing Homes (650)",(03) Interior Alterations,1700,300000,DC2,0,53.459828398776374,-113.50605246361704,,1,
2019-05-15T00:00:00.000,2019,5,2019-05-15T00:00:00.000,Commercial Final,"250, 10216 - 124 STREET NW",Plan RN22 Blk 33 Lots 14-16,WESTMOUNT,3440,To construct interior alterations within existing D use building -  tenant fit up for Laser Eye Clinic,Office Buildings (520),(03) Interior Alterations,6619.8,515000,DC2,0,53.543747069175254,-113.53640140212278,,1,
2019-05-13T00:00:00.000,2019,5,2019-05-13T00:00:00.000,Commercial Final,3729 - 118 AVENUE NW,Plan 2528AR Blk 13 Lot D,BEVERLY HEIGHTS,2100,To construct interior alterations to Commercial Use Building. Pharmacy Tenant Fitup in Unit 3729.,"Malls, Office/Retail (512)",(03) Interior Alterations,,31000,MU,0,,,,1,
2019-05-06T00:00:00.000,2019,5,2019-05-06T00:00:00.000,Commercial Final,8419 - 102 STREET NW,Plan 7120AK Blk 87 Lot 19,STRATHCONA,5480,To construct interior alterations to a nursing home (replace the fire alarm system) - Trinity Manor.,"Day Cares, Nursing Homes (650)",(03) Interior Alterations,,82000,RM,0,53.520508450929285,-113.49379400278497,,1,
2019-05-02T00:00:00.000,2019,5,2019-05-02T00:00:00.000,Commercial Final,"104, 1230 - 91 STREET SW","Condo Common Area (Plan 2020500,1921745,2120212,1920749,1923361)",ELLERSLIE INDUSTRIAL,6214,"To construct interior alterations to a CRU in a commercial Business & Per. Services building, suite 104, ''Summerside Physio''. Tenant fit up.",Office Buildings (520),(03) Interior Alterations,2583.34,120000,EIB,0,,,,1,
2019-05-02T00:00:00.000,2019,5,2019-05-02T00:00:00.000,Commercial Final,6283 - ANDREWS LOOP SW,Condo Common Area (Plan 1623758),AMBLESIDE,5505,"To construct interior alterations to a CRU in a Commercial mixed use building, ''Optimum Pulmonary Diagnostics Inc.''. Tenant fit-up.",Office Buildings (520),(03) Interior Alterations,1300,100000,DC,0,53.426694466273275,-113.58972968298244,,1,
2019-05-01T00:00:00.000,2019,5,2019-05-01T00:00:00.000,Commercial Final,3010 - GRANVILLE DRIVE NW,Plan 1322016 Blk A Lot 1,GRANVILLE,4551,To construct interior alterations to a Physio Therapy Office.,Office Buildings (520),(03) Interior Alterations,,40000,DC1,0,53.51085130642956,-113.67927820544497,,1,
2019-05-01T00:00:00.000,2019,5,2019-05-01T00:00:00.000,Commercial Final,6893 - AD ASTRA BOULEVARD NW,Plan 1623246 Blk 34 Lot 43,GRIESBACH,3111,"To change the use from General Retail Stores (E) to Health Services (D) and to construct interior alterations - ""DR RAHIME DENTAL (GRIESBACH DENTAL)""","Clinics, Health Units (642)",(03) Interior Alterations,2825,300000,MUN,0,53.60664481784773,-113.51544160625866,,1,
2019-04-30T00:00:00.000,2019,4,2019-04-30T00:00:00.000,Commercial Final,"202, 13613 - 163 STREET NW",Plan 0821204 Blk 5 Lot 7,MISTATIM INDUSTRIAL,4320,To construct interior alterations in an existing commercial shell floor space.  Pursuit of Motion Physiotherapy.,"Clinics, Health Units (642)",(03) Interior Alterations,,276300,BE,0,53.59853219755717,-113.60177924925036,,1,
2019-04-18T00:00:00.000,2019,4,2019-04-18T00:00:00.000,Commercial Final,8225 - 105 STREET NW,Plan I Blk 67 Lots 19-20,STRATHCONA,5480,To construct interior alterations to an existing Health Services building. (Strathcona Health Centre Radiology Lab),Laboratory/Research Centres (580),(03) Interior Alterations,,51500,MU,0,53.5188039441932,-113.5001477553405,,1,
2019-04-16T00:00:00.000,2019,4,2019-04-16T00:00:00.000,Commercial Final,"101, 6055 - ANDREWS WAY SW","Condo Common Area (Plan 1920337,1922220)",AMBLESIDE,5505,"To construct interior alterations to a Professional Office Use, Suite #101  ""Meraki Dental"", Windermere Health & Business Center, Tenant fit up and 1 Demising wall",Office Buildings (520),(03) Interior Alterations,2070,258750,"DC1, DC1",0,,,,1,
2019-04-15T00:00:00.000,2019,4,2019-04-15T00:00:00.000,Commercial Final,"107, 6925 - GATEWAY BOULEVARD NW",Plan 2416HW Lots 10-11,STRATHCONA JUNCTION,5151,"To construct original tenant fit up for D group suite within assembly/mixed use bldg. ""MIC - medical imaging""",Office Buildings (520),(03) Interior Alterations,6867.37,1434000,DC,0,53.50612329950755,-113.49404273939861,,1,
2019-04-12T00:00:00.000,2019,4,2019-04-12T00:00:00.000,Commercial Final,4103 - 84 AVENUE NW,Plan 3264HW Lot B,MORRIS INDUSTRIAL,6540,"To construct footing and foundation, structural frame, (Incl. plumbing ground works) ONLY for interior and exterior alterations to an existing medium hazard industrial building (Medical Marijuana Production Facility).  Canopy Growth Edmonton.",Manufacturing Buildings (430),(04) Footing & Foundation,,15000,"BE, BE",0,53.518113754807395,-113.4037734272635,,1,
2019-04-11T00:00:00.000,2019,4,2019-04-11T00:00:00.000,Commercial Final,"3FL, 9888 - JASPER AVENUE NW",Plan 7820103 Blk H Lot 4,DOWNTOWN,1090,To construct interior alterations to an existing medical clinic - Pacific Centre for Reproductive Medicine,"Clinics, Health Units (642)",(03) Interior Alterations,,35500,CCA,0,53.541709103180395,-113.48817280599928,,1,
2019-04-10T00:00:00.000,2019,4,2019-04-10T00:00:00.000,Commercial Final,6003 - MILL WOODS ROAD SOUTH NW,Condo Common Area (Plan 0020534),SAKAW,6670,To change the Use from Rapid Drive-through Vehicle Services (F3) to Health Services offices (D) at Suite 6003 with Accessory General Retail Store (E) (Milhurts Medical Clinic and pharmacy) and to a vacant space at suite 6007. and to construct interior and exterior alterations (convert two overhead doors to new entrances).  Health Services offices (D) with Accessory General Retail Store (E) (Milhurts Medical Clinic and pharmacy) to remain in suite # 6003 - Millwoods Road South  NW; Where as Suite# 6007  - Millwoods Road South  NW to remain vacant. New tenant improvement will be required for future tenant at 6007  - Millwoods Road South  NW.,"Clinics, Health Units (642)",(03) Interior Alterations,2956,85000,CN,0,53.44524651059166,-113.43060017520727,,1,
2019-04-08T00:00:00.000,2019,4,2019-04-08T00:00:00.000,Commercial Final,"107, 8610 - JASPER AVENUE NW","Plan 3552RS Blk 6 Lots 1A,2A,3A,4A,5U",BOYLE STREET,1020,To construct interior and exterior  alterations to an Apartment House building (increasing the number of Dwellings from 288 to 290 - converting medical offices to 2 Dwellings). unit #'s 107 & 108.,Apartments (310),(03) Interior Alterations,1323,200000,RA9,2,,,,1,
2019-03-29T00:00:00.000,2019,3,2019-03-29T00:00:00.000,Commercial Final,"17, 8103 - 127 AVENUE NW",Plan 0522233 Unit 21,YELLOWHEAD CORRIDOR EAST,1270,"To construct interior alterations to a mixed-use commercial building in Plaza 82 (""Balwin Medical Centre"").",Office Buildings (520),(03) Interior Alterations,3714.75,127000,MU,0,53.58412585131167,-113.46592468997969,,1,
2019-03-20T00:00:00.000,2019,3,2019-03-20T00:00:00.000,Commercial Final,6530 - 170 AVENUE NW,Condo Common Area (Plan 1820260),MCCONACHIE,2522,"To construct original tenant fit up for retail eyeglass clinic  ""PurbaVision""",Retail and Shops (510),(03) Interior Alterations,1220,35000,CB1,0,,,,1,
2019-03-18T00:00:00.000,2019,3,2019-03-18T00:00:00.000,Commercial Final,"101, 575 - 100 STREET SW",Plan 1822301 Blk 1 Lot 20,ELLERSLIE INDUSTRIAL,6214,To construct interior alterations in an existing business and personal services building. Construct initial tenant fit-up for a new eye clinic on the south half of the first floor and to modify the corridor and rear exit. - Edmonton Eye Clinic,Office Buildings (520),(03) Interior Alterations,,1450000,MU,0,53.427466574684786,-113.48469436259951,,1,
2019-03-15T00:00:00.000,2019,3,2019-03-15T00:00:00.000,Commercial Final,"1100, 8215 - 112 STREET NW",Plan 5384RS Blk 158 Lot 1A,GARNEAU,5200,To construct interior alterations to an existing office building - expansion of suite for Alberta College of Pharmacy,Office Buildings (520),(03) Interior Alterations,,125000,DC2,0,53.51860391214073,-113.52021095968786,,1,
2019-03-07T00:00:00.000,2019,3,2019-03-07T00:00:00.000,Commercial Final,9138 - 23 AVENUE NW,"Condo Common Area (Plan 0822030,1220720,0921139)",PARSONS INDUSTRIAL,6570,To change the Use from a Minor Alcohol Sales to a Health Service and to construct interior alterations (ACUSSAGE TCM CLINIC).,"Clinics, Health Units (642)",(03) Interior Alterations,1176,80000,BE,0,53.452664119364584,-113.47015606349375,,1,
2019-03-05T00:00:00.000,2019,3,2019-03-05T00:00:00.000,Commercial Final,3004 - GRANVILLE DRIVE NW,Plan 1322016 Blk A Lot 1,GRANVILLE,4551,"To construct Interior alterations to existing medical clinic, within retail building "" Dr. Cheung Clinic""","Clinics, Health Units (642)",(03) Interior Alterations,2674,100000,DC1,0,53.51085130642956,-113.67927820544497,,1,
2019-03-05T00:00:00.000,2019,3,2019-03-05T00:00:00.000,Commercial Final,8440 - 112 STREET NW,Plan 9826528 Lot 6,UNIVERSITY OF ALBERTA,5520,To construct interior alterations in an existing hospital floor space.  Upgrades to Hematology Waiting Room on Level 5.  Walter C. Mackenzie Health Centre.,Hospitals (640),(03) Interior Alterations,258.33,29800,AJ,0,53.5207215065611,-113.52321908985577,,1,
2019-02-14T00:00:00.000,2019,2,2019-02-14T00:00:00.000,Commercial Final,9004 - 118 AVENUE NW,Plan 2307R Blk 1 Lot 30,ALBERTA AVENUE,1010,To construct interior alterations for a pharmacy - MedX Drugs.,Retail and Shops (510),(03) Interior Alterations,,40000,MU,0,53.570528226467346,-113.48016375160736,,1,
2019-02-14T00:00:00.000,2019,2,2019-02-14T00:00:00.000,Commercial Final,10155 - 120 STREET NW,Plan 4423AJ Blk 19 Lots 36-39,WÎHKWÊNTÔWIN,1151,"To construct interior alterations - interior fitup, demising walls for a personal services shop (Unit C Sleep Clinic).","Clinics, Health Units (642)",(03) Interior Alterations,985,50000,RL,0,53.542640766752754,-113.52812955269896,,1,
2019-02-14T00:00:00.000,2019,2,2019-02-14T00:00:00.000,Commercial Final,10155 - 120 STREET NW,Plan 4423AJ Blk 19 Lots 36-39,WÎHKWÊNTÔWIN,1151,"To construct interior alterations - interior fitup, demising walls for a personal services shop (Unit B Optometrist).",Office Buildings (520),(03) Interior Alterations,836,50000,RL,0,53.542640766752754,-113.52812955269896,,1,
2019-02-13T00:00:00.000,2019,2,2019-02-13T00:00:00.000,Commercial Final,584 - GRIESBACH PARADE NW,Plan 1322652 Blk 22 Lot 35,GRIESBACH,3111,To construct interior alterations in an existing commercial shell floor space.  Victoria Crossing Dental.,Office Buildings (520),(03) Interior Alterations,,112000,"GVC, GVC",0,53.60282774904284,-113.49304470119375,,1,
2019-02-12T00:00:00.000,2019,2,2019-02-12T00:00:00.000,Commercial Final,"205, 6055 - ANDREWS WAY SW","Condo Common Area (Plan 1920337,1922220)",AMBLESIDE,5505,"To construct interior alterations to a CRU in a Business/Personal Services building, Suite 205, ''WHBC Physical Therapy Clinic''. Tenant fit up, 1 Demising wall on grid line E.",Office Buildings (520),(03) Interior Alterations,3333,115000,"DC1, DC1",0,,,,1,
2019-02-06T00:00:00.000,2019,2,2019-02-06T00:00:00.000,Commercial Final,1313 - 175 STREET SW,Plan 2222330 Blk 5 Lot 26,WINDERMERE,5570,To construct original tenant fit up for D group occupancy within mixed use commercial bldg - KESWICK DENTAL,Office Buildings (520),(03) Interior Alterations,2346.53,200000,CSC,0,53.42213729494105,-113.61862738949955,,1,
2019-02-06T00:00:00.000,2019,2,2019-02-06T00:00:00.000,Commercial Final,12802 - 137 AVENUE NW,Plan 0523197 Blk 1 Lot B,PEMBINA,3340,To construct exterior alterations to an existing Pharmacy CRU. New roof top unit only.,Retail and Shops (510),(03) Exterior Alterations,1000,19300,CG,0,53.60104643041001,-113.54293610965965,,1,
2019-01-31T00:00:00.000,2019,1,2019-01-31T00:00:00.000,Commercial Final,"200, 10104 - 103 AVENUE NW",Plan 8021480 Blk 1 Lot B,DOWNTOWN,1090,"To construct interior alterations within D occupancy suite - tenant fit up :Sian Williams Chiropractor Clinic""",Office Buildings (520),(03) Interior Alterations,1636.11,150000,CCA,0,53.54504603629585,-113.49463369480935,,1,
2019-01-28T00:00:00.000,2019,1,2019-01-28T00:00:00.000,Commercial Final,9704 - 153 AVENUE NW,Plan 8820924 Blk 65 Lot 134,BEAUMARIS,3040,To construct interior alterations to an existing dental office.  Upgrades to Skuba Dental.,Office Buildings (520),(03) Interior Alterations,,450000,DC2,0,53.614541562443414,-113.49314202906832,,1,
2019-01-21T00:00:00.000,2019,1,2019-01-21T00:00:00.000,Commercial Final,"108, 2841 - 109 STREET NW",Plan 8622063 Blk 27 Lot 41A,ERMINESKIN,5180,"To change the use of a CRU from personal services to retail and to construct interior alterations, ''Blue Quill Pharmacy''. Demo/construct interior partition walls, complete interior finishes, washroom relaxed.",Retail and Shops (510),(03) Interior Alterations,1625.35,55000,DC2,0,53.45972936123641,-113.50933837796755,,1,
2019-01-18T00:00:00.000,2019,1,2019-01-18T00:00:00.000,Commercial Final,14131 - 23 AVENUE NW,Plan 0625889 Blk 2 Lot 97B,MAGRATH HEIGHTS,5476,"To construct interior alterations to a multi-occupancy commercial building at The Market at Magrath - River Stone Wellness Centre (physiotherapy, acupuncture, chiropractic, massage therapy and osteopathy).",Office Buildings (520),(03) Interior Alterations,,18500,"CG, CG",0,53.45312262501477,-113.56287396758091,,1,
2019-01-17T00:00:00.000,2019,1,2019-01-17T00:00:00.000,Commercial Final,"528, 2331 - 66 STREET NW",Plan 0022000 Blk 6 Lot 3,MILL WOODS TOWN CENTRE,6520,"To change the use from Public Library and Cultural Exhibit, Health Service and General Retail Store (Edmonton Public Library, Mill Woods Dental Clinic and Fabricland) to Government Services (Community Social Services and Children Services Client Assistance) and to construct interior and exterior alterations. Add 3 new windows, demo/construct interior partition walls, alter fire alarm system, alter sprinkler system, complete interior finishes.",Office Buildings (520),(03) Interior Alterations,25876.42,2253340,DC1,0,,,,1,
2019-01-17T00:00:00.000,2019,1,2019-01-17T00:00:00.000,Commercial Final,9614 - 76 AVENUE NW,Plan 6042Q Blk 4 Lots 1-6,RITCHIE,6610,To construct interior alterations to an existing building for Richie Pharmacy.,Retail and Shops (510),(03) Interior Alterations,1100,30000,MU,0,53.5125547793053,-113.4773485162871,,1,
2019-01-16T00:00:00.000,2019,1,2019-01-16T00:00:00.000,Commercial Final,"2002, 9499 - 137 AVENUE NW",Plan 6594MC Blk 27,GLENGARRY,2290,"To construct interior alterations to a physiotherapy office. (Northgate Shopping Centre, Suite 2002) Includes HVAC. ""Pivotal Physiotherapy""",Office Buildings (520),(03) Interior Alterations,5419.6,200000,CSC,0,,,,1,
2019-01-14T00:00:00.000,2019,1,2019-01-14T00:00:00.000,Commercial Final,8336 - 160 AVENUE NW,Plan 9821872 Blk 80 Lot 3,BELLE RIVE,2050,To change the Use from (A2) Assembly Occupancy (Restaurant) to a (D) Business and Personal Services Occupancy and to construct interior alterations (physiotherapy clinic),Office Buildings (520),(03) Interior Alterations,,15000,DC2,0,53.621117560164,-113.46939385510412,,1,
2019-01-14T00:00:00.000,2019,1,2019-01-14T00:00:00.000,Commercial Final,14242 - 28 AVENUE SW,Plan 1623873 Blk 10 Lot 1,HAYS RIDGE AREA,5465,To construct interior alterations for a personal services shop - Jagare Ridge Medical Clinic.,Retail and Shops (510),(03) Interior Alterations,2554,125000,CG,0,53.41107579530067,-113.56905129517757,,1,
2019-01-08T00:00:00.000,2019,1,2019-01-08T00:00:00.000,Commercial Final,14250 - 28 AVENUE SW,Plan 1623873 Blk 10 Lot 1,HAYS RIDGE AREA,5465,"To construct interior alterations to a CRU in a Commercial multi use building, Unit 103, ''Jagare Ridge Optometry''. Tenant fit up.",Office Buildings (520),(03) Interior Alterations,2400,284124,CG,0,53.41107579530067,-113.56905129517757,,1,
2019-01-04T00:00:00.000,2019,1,2019-01-04T00:00:00.000,Commercial Final,"108, 11910 - 111 AVENUE NW",Plan 9122204 Blk 191 Lot 1A,PRINCE RUPERT,1170,To construct interior alterations to a new suite in an existing medical centre. Tenant Fit up - Quality Sleep Care - Suite 113.,"Clinics, Health Units (642)",(03) Interior Alterations,1293.82,57000,DC2,0,53.559838642986406,-113.528122942416,,1,
2019-01-02T00:00:00.000,2019,1,2019-01-02T00:00:00.000,Commercial Final,9113 - 144 AVENUE NW,Plan 9422824 Blk 12 Lot 7,NORTHMOUNT,2580,To construct interior alterations to an existing extended Medical Care Services building.(Adult Day Program Room),"Day Cares, Nursing Homes (650)",(03) Interior Alterations,,150000,UF,0,53.60525506893439,-113.48110823261335,,1,
2018-12-28T00:00:00.000,2018,12,2018-12-28T00:00:00.000,Commercial Final,"205, 11125 - 107 AVENUE NW","Plan 8877AH Blk 11 Lots C,D",QUEEN MARY PARK,1180,To construct interior alterations in mixed-use commercial building - Kinder Care Medical Clinic.,Office Buildings (520),(03) Interior Alterations,2083,50000,MU,0,53.55116744209622,-113.5135781408503,,1,
2018-12-27T00:00:00.000,2018,12,2018-12-27T00:00:00.000,Commercial Final,"205, 11936 - 104 AVENUE NW",Plan 1425753 Blk 21 Lot 2,WÎHKWÊNTÔWIN,1151,To construct original fit-up to a shell space at Building 6 of the Brewery District - Divine Spine Chiropractic Clinic.,Office Buildings (520),(03) Interior Alterations,744,120000,DC1,0,53.54712597621243,-113.52826944549822,,1,
2018-12-24T00:00:00.000,2018,12,2018-12-24T00:00:00.000,Commercial Final,17032 - 90 AVENUE NW,Plan 0928218 Blk 30 Lot 10,SUMMERLEA,4520,To construct interior alterations to an existing tenant in a commercial building at Westgate Centre - CURA Physiotherapy (expanding existing tenant space by 68 m2).,Office Buildings (520),(03) Interior Alterations,,65000,CG,0,53.52589864874137,-113.61744731083935,,1,
2018-12-20T00:00:00.000,2018,12,2018-12-20T00:00:00.000,Commercial Final,7404 - 139 AVENUE NW,Plan 7521109 Blk 13 Lot 60,KILDARE,2400,To construct an exterior uncovered deck with barrier free ramp serving an existing Extended Medical Treatment Services Use building (St Michael's Extended Care).,"Day Cares, Nursing Homes (650)",(03) Exterior Alterations,,80000,UF,0,53.602126522623216,-113.45640857026561,,1,
2018-12-20T00:00:00.000,2018,12,2018-12-20T00:00:00.000,Commercial Final,9113 - 144 AVENUE NW,Plan 9422824 Blk 12 Lot 7,NORTHMOUNT,2580,To construct interior alterations to an existing extended Medical Care Services building.(Tub Room Renovation),"Day Cares, Nursing Homes (650)",(03) Interior Alterations,,80000,UF,0,53.60525506893439,-113.48110823261335,,1,
2018-12-19T00:00:00.000,2018,12,2018-12-19T00:00:00.000,Commercial Final,"2574, 8882 - 170 STREET NW",Plan 8421891 Blk 28 Lot 5,SUMMERLEA,4520,"To sever portion of a restaurant, create an new CRU, and change the use to a health service (Group A2 to D). Construct new 1 hour demising walls and construct interior alterations for Elevate Medical Spa.",Office Buildings (520),(03) Interior Alterations,694,100000,"DC2, DC",0,53.522713555201165,-113.62494764625916,,1,
2018-12-19T00:00:00.000,2018,12,2018-12-19T00:00:00.000,Commercial Final,3863 - 92 AVENUE NW,Plan 9320912 Lot 1,MORRIS INDUSTRIAL,6540,"To construct a low-risk F-3 industrial building - Burnco Rock Products, QA/QC Laboratory.",Laboratory/Research Centres (580),(01) New,,300000,IH,0,53.524328708695656,-113.4025852064854,,1,
2018-12-19T00:00:00.000,2018,12,2018-12-19T00:00:00.000,Commercial Final,8720 - 165 STREET NW,Plan 0726880 Blk 3 Lot 5,WEST MEADOWLARK PARK,4590,"To retro-fit existing tub room in an existing extended Medical Care Services building. (switching location of washroom and laundry room, installing new tup in washroom)","Day Cares, Nursing Homes (650)",(03) Interior Alterations,,80000,US,0,53.52173529717909,-113.6120563656399,,1,
2018-12-13T00:00:00.000,2018,12,2018-12-13T00:00:00.000,Commercial Final,"105, 10106 - 111 AVENUE NW",Plan 3151RS Blk 1 Lot 330A,SPRUCE AVENUE,1230,To change the use of a Restaurant to a Health Service. (Panorama Clinic),"Clinics, Health Units (642)",(03) Interior Alterations,,157629,MU,0,53.559304580231746,-113.49424581989052,,1,
2018-12-12T00:00:00.000,2018,12,2018-12-12T00:00:00.000,Commercial Final,"210, 16733 - 84 STREET NW",Plan 9926453 Blk 12 Lot 124,KLARVATTEN,2440,To  construct interior alterations tenant fit-up for office use; Suites 210 and 211. (Forward Physiotherapy and Wellness Ltd).,Office Buildings (520),(03) Interior Alterations,3556.4,238500,CN,0,53.6292369861784,-113.46961168393598,,1,
2018-12-07T00:00:00.000,2018,12,2018-12-07T00:00:00.000,Commercial Final,23 - FAIRWAY DRIVE NW,Plan 3227TR Blk 6 Lot 41A,WESTBROOK ESTATES,5540,To construct interior alterations to an existing office/retail building - Resolve Physio and Wellness.,Office Buildings (520),(03) Interior Alterations,3002,150000,CN,0,53.47226939382082,-113.53969761817787,,1,
2018-12-06T00:00:00.000,2018,12,2018-12-06T00:00:00.000,Commercial Final,"312, 9509 - 156 STREET NW",Plan 6530ET Blk 7 Lots 3-6,WEST JASPER PLACE,4580,"To construct interior alterations to a medical office building. Relocate demising wall, return unit 312 to shell space, demise portion of unit 312 to develop 313 ""expanding suite 313 by merging partial space from 312 to 313) . ""West End Medical Building Renovations""",Office Buildings (520),(03) Interior Alterations,2128,80947,CSC,0,53.53182581504128,-113.58941879824667,,1,
2018-12-05T00:00:00.000,2018,12,2018-12-05T00:00:00.000,Commercial Final,1410 - 99 STREET NW,Plan 0922968 Blk 17 Lot 7A,SOUTH EDMONTON COMMON,6195,"To Change the Use of a portion of a Retail store to an Personal Service Use (optometrist inside Optik retail store) and to construct interior alterations, (South Park Centre), CRU 2, ""Optiks Eyewear""",Retail and Shops (510),(03) Interior Alterations,,150000,DC2,0,53.442488456195406,-113.48465656696426,,1,
2018-12-03T00:00:00.000,2018,12,2018-12-03T00:00:00.000,Commercial Final,14613 - 127 STREET NW,Plan 8422077 Blk 64 Lot 13,BARANOW,3020,To construct Interior Alterations to a shell building. (Medical office tenant fit up),Office Buildings (520),(03) Interior Alterations,1336,57000,RM,0,53.60875760018021,-113.54054494417464,,1,
2018-11-27T00:00:00.000,2018,11,2018-11-27T00:00:00.000,Commercial Final,10707 - 29 AVENUE NW,Plan 9020272 Blk 27 Lot 45,ERMINESKIN,5180,To construct an Accessory structure (gazebo) to an Extended Medical Treatment Service (Saint Joseph's Auxiliary Hospital).,Hospitals (640),(03) Exterior Alterations,768.18,180755,DC2,0,53.459828398776374,-113.50605246361704,,1,
2018-11-09T00:00:00.000,2018,11,2018-11-09T00:00:00.000,Commercial Final,9943 - 109 STREET NW,Condo Common Area (Plan 0628335),DOWNTOWN,1090,To construct interior alterations from office space to medical clinic and pharmacy,Office Buildings (520),(03) Interior Alterations,,200000,CMU,0,53.53839469866604,-113.50788050654863,,1,
2018-11-08T00:00:00.000,2018,11,2018-11-08T00:00:00.000,Commercial Final,12246 - 107 AVENUE NW,Plan RN22 Blk 6 Lot 9,WESTMOUNT,3440,To construct interior alterations to an existing tenant space.(Doctors Office with ancillary pharmacy),Retail and Shops (510),(03) Interior Alterations,1420,32000,MU,0,53.551141514302365,-113.53363325998245,,1,
2018-11-07T00:00:00.000,2018,11,2018-11-07T00:00:00.000,Commercial Final,"108, 4220 - 98 STREET NW",Plan 7821925 Blk 6 Lot 7,STRATHCONA INDUSTRIAL PARK,6700,To construct interior alterations to an office. (Areum Medical Equipment),Office Buildings (520),(03) Interior Alterations,960,6000,BE,0,53.479699948107964,-113.48273806399553,,1,
2018-11-07T00:00:00.000,2018,11,2018-11-07T00:00:00.000,Commercial Final,"201, 511 - MISTATIM WAY NW",Condo Common Area (Plan 2322577),MISTATIM INDUSTRIAL,4320,To construct original fit-up to a second floor tenant space at Building B of Icon Plaza (Dental Clinic & Spa; combining suites 201 and 202).,Office Buildings (520),(03) Interior Alterations,3712,65000,CB2,0,53.60146265221494,-113.58151040956794,,1,
2018-10-31T00:00:00.000,2018,10,2018-10-31T00:00:00.000,Commercial Final,"301, 10336 - 82 AVENUE NW",Plan I Blk 68 Lot 8,STRATHCONA,5480,To construct first time interior alterations for a dental office on the third floor of a new shell building.,Office Buildings (520),(03) Interior Alterations,,100000,"DC, DC",0,53.51839000641409,-113.49635411837475,,1,
2018-10-31T00:00:00.000,2018,10,2018-10-31T00:00:00.000,Commercial Final,5061 - 22 AVENUE SW,Plan 1525734 Blk 10 Lot 1,WALKER,6662,"To construct original fit-up to a tenant space at Building 7 of Walker Lake Plaza (""Walker Estates Dental"").",Office Buildings (520),(03) Interior Alterations,2239,200000,CN,0,53.41330379818776,-113.41986565670743,,1,
2018-10-26T00:00:00.000,2018,10,2018-10-26T00:00:00.000,Commercial Final,"202, 236 - 91 STREET SW",Plan 1122206 Unit 2,ELLERSLIE INDUSTRIAL,6214,"To construct original fit-up to a second storey tenant space at Ellwood Corner (""Level Up Physical Therapy Clinic"").",Office Buildings (520),(03) Interior Alterations,1670,125000,CG,0,53.43149018993753,-113.46934610960153,,1,
2018-10-24T00:00:00.000,2018,10,2018-10-24T00:00:00.000,Commercial Final,14234 - 28 AVENUE SW,Plan 1623873 Blk 10 Lot 1,HAYS RIDGE AREA,5465,To construct interior alterations to an existing building for Jagare Ridge Physio Clinic.,Retail and Shops (510),(03) Interior Alterations,,125000,CG,0,53.41107579530067,-113.56905129517757,,1,
2018-10-23T00:00:00.000,2018,10,2018-10-23T00:00:00.000,Commercial Final,16940 - 87 AVENUE NW,Plan 0726880 Blk 3 Lot 5,WEST MEADOWLARK PARK,4590,To construct an Accessory electrical substation building to an Extended Medical Treatment Service Use (Misericordia Hospital).(portable building),Utility Buildings (480),(12) Move Building OnSite,,960000,US,0,53.52173529717909,-113.6120563656399,,1,
2018-10-10T00:00:00.000,2018,10,2018-10-10T00:00:00.000,Commercial Final,14128 - 28 AVENUE SW,Plan 1623873 Blk 10 Lot 2,HAYS RIDGE AREA,5465,"To construct interior alterations/original tenant fit up for ""Boktor Veterinary Clinic"" (D occupancy)",Office Buildings (520),(03) Interior Alterations,1517,186000,CG,0,53.41110894521459,-113.56677496288358,,1,
2018-09-25T00:00:00.000,2018,9,2018-09-25T00:00:00.000,Commercial Final,8249 - 114 STREET NW,Plan 8420815 Blk G,UNIVERSITY OF ALBERTA,5520,Interior alterations to main floor donor clinic and 2nd floor lab.,"Clinics, Health Units (642)",(03) Interior Alterations,9450.7,1000785,AJ,0,53.51897472257887,-113.52460964782821,,1,
2018-09-24T00:00:00.000,2018,9,2018-09-24T00:00:00.000,Commercial Final,"203, 10220 - 103 AVENUE NW",Plan 2020006 Unit 513,DOWNTOWN,1090,"To construct interior alterations to a Commercial Retail Unit in a Commercial Multi-use building, Suite 203, Stantec Tower, ''District Dental Clinic''. Tenant fit up in empty shell space.",Office Buildings (520),(03) Interior Alterations,2300,600000,"AED, AED, AED",0,,,,1,
2018-09-24T00:00:00.000,2018,9,2018-09-24T00:00:00.000,Commercial Final,14823 - YELLOWHEAD TRAIL NW,Plan 7069KS Blk 6 Lot 13,DOMINION INDUSTRIAL,3160,"To construct interior alterations to a Commercial Retail Unit in a Commercial Industrial/Retail/Business/Personal Services building, ''Cosmetic Storage & Training, BOSS MEDICAL''. Framing of interior partition walls, completion of interior finishes. Pallet Racking not part of this application.",Office Buildings (520),(03) Interior Alterations,,99000,IB,0,53.58056114754324,-113.57628757329788,,1,
2018-09-17T00:00:00.000,2018,9,2018-09-17T00:00:00.000,Commercial Final,3138 - 141 STREET SW,Plan 1423886 Blk 3 Lot 77,CHAPPELLE AREA,5462,To change the Use from General Retail Stores to Health Services and to construct interior and exterior alterations (Dental Clinic).,Office Buildings (520),(03) Interior Alterations,1429.43,285000,DC2,0,53.405024217241824,-113.56585237067034,,1,
2018-09-13T00:00:00.000,2018,9,2018-09-13T00:00:00.000,Commercial Final,12522A - 132 AVENUE NW,Plan 4340MC Blk 12 Lot 3,KENSINGTON,3250,"To construct interior alterations at a multi-use commercial building at the Kensington Centre (""Kensington Dental Clinic"").",Office Buildings (520),(03) Interior Alterations,2098,118000,CG,0,53.59281498976046,-113.53847874343045,,1,
2018-09-11T00:00:00.000,2018,9,2018-09-11T00:00:00.000,Commercial Final,"201, 10112 - 119 STREET NW",Plan 1525535 Unit 2,"OLIVER, WÎHKWÊNTÔWIN","1150, 1151",To convert part of an Extended Medical Treatment Service to four (4) Apartment Dwellings on the 2nd Floor of an existing Mixed Use Building - Our Parents Home.,"Day Cares, Nursing Homes (650)",(09) Convert Non-Res to Residential,4635,594000,DC2,4,53.5412804550991,-113.52725174645688,,1,
2018-09-06T00:00:00.000,2018,9,2018-09-06T00:00:00.000,Commercial Final,1520 - LAKEWOOD ROAD WEST NW,Plan 7621055 Blk 22 Lot 1,MEYONOHK,6470,To change the Use from Veterinary Services with accessory General Retail to Convenience Retail Store.,Retail and Shops (510),(03) Interior Alterations,,10000,CN,0,53.458308193110994,-113.45943072044436,,1,
2018-08-31T00:00:00.000,2018,8,2018-08-31T00:00:00.000,Commercial Final,"300, 8225 - 105 STREET NW",Plan I Blk 67 Lots 19-20,STRATHCONA,5480,"To construct interior alterations on the third floor of Strathcona Health Centre (""Naturally Inclined Health"").",Office Buildings (520),(03) Interior Alterations,1800,100000,MU,0,53.5188039441932,-113.5001477553405,,1,
2018-08-29T00:00:00.000,2018,8,2018-08-29T00:00:00.000,Commercial Final,6570 - 170 AVENUE NW,Condo Common Area (Plan 1820260),MCCONACHIE,2522,"To construct interior alterations in a Commercial multi-use building, Tenant fit up ''Apollo Clinical Pharmacy''",Retail and Shops (510),(03) Interior Alterations,1657.64,350000,CB1,0,,,,1,
2018-08-23T00:00:00.000,2018,8,2018-08-23T00:00:00.000,Commercial Final,6730 - 75 STREET NW,Plan 0320769 Unit 38,DAVIES INDUSTRIAL WEST,6170,To modify sprinkler system in doctors office - Dr Avininder Aulak.,Office Buildings (520),(03) Interior Alterations,,5400,BE,0,53.503778484718936,-113.44302677748956,,1,
2018-08-15T00:00:00.000,2018,8,2018-08-15T00:00:00.000,Commercial Final,6574 - 170 AVENUE NW,Condo Common Area (Plan 1820260),MCCONACHIE,2522,To construct interior alterations to a CRU in a multi-use commercial building. Tenant fit up ''Zoe Medical Clinic'',Office Buildings (520),(03) Interior Alterations,3043,550000,CB1,0,,,,1,
2018-08-13T00:00:00.000,2018,8,2018-08-13T00:00:00.000,Commercial Final,5162 - WINDERMERE BOULEVARD NW,Plan 0822223 Blk 14 Lot 2,AMBLESIDE,5505,To construct interior alterations on an existing building.(new chiropractic clinic),Office Buildings (520),(03) Interior Alterations,,50000,AUVC,0,53.43594013351339,-113.60331718390782,,1,
2018-08-13T00:00:00.000,2018,8,2018-08-13T00:00:00.000,Commercial Final,"7, 4303 - 167 AVENUE NW","Condo Common Area (Plan 1823461,1823198,1823199,2321186)",BRINTNELL,2110,To construct interior alterations in an existing commercial shell floor space.  DX Medical.,Office Buildings (520),(03) Interior Alterations,5619,350000,CB2,0,,,,1,
2018-08-09T00:00:00.000,2018,8,2018-08-09T00:00:00.000,Commercial Final,3134 - 141 STREET SW,Plan 1423886 Blk 3 Lot 77,CHAPPELLE AREA,5462,To construct interior alterations to a new retail space or a medical/pharmacy clinic.,Retail and Shops (510),(03) Interior Alterations,1473,50000,DC2,0,53.405024217241824,-113.56585237067034,,1,
2018-08-08T00:00:00.000,2018,8,2018-08-08T00:00:00.000,Commercial Final,"101, 11809 - 68 STREET NW",Plan 1307P Blk 3 Lots 1-3,MONTROSE,2550,To construct a Health Services and Convenience Retail building. (Medi-Center with Pharmacy),"Malls, Office/Retail (512)",(01) New,2949.31,1200000,"RA7, RM",0,53.57063610848886,-113.44565050575979,,1,
2018-08-08T00:00:00.000,2018,8,2018-08-08T00:00:00.000,Commercial Final,"102, 6050 - ANDREWS WAY SW",Plan 1524442 Blk 20 Lot 84,AMBLESIDE,5505,Interior alterations to build a endodontics clinic.,Office Buildings (520),(03) Interior Alterations,1593,250000,DC1,0,53.429787707127325,-113.59236854321078,,1,
2018-08-03T00:00:00.000,2018,8,2018-08-03T00:00:00.000,Commercial Final,"201, 11044 - 51 AVENUE NW",Plan 4722NY Blk 35 Lot 18,PLEASANTVIEW,5320,To construct interior alterations to an existing office for Southgate Denture Clinic,Office Buildings (520),(03) Interior Alterations,950,30000,CG,0,53.48903266940156,-113.51501932206665,,1,
2018-08-02T00:00:00.000,2018,8,2018-08-02T00:00:00.000,Commercial Final,9117 - 111 AVENUE NW,Condo Common Area (Plan 1723428),MCCAULEY,1140,To construct interior alterations in an existing commercial floor space.  The Medicine Shoppe Pharmacy.,Retail and Shops (510),(03) Interior Alterations,,72000,DC2,0,53.56044692680106,-113.48136047999586,,1,
2018-08-02T00:00:00.000,2018,8,2018-08-02T00:00:00.000,Commercial Final,3588 - ALLAN DRIVE SW,Condo Common Area (Plan 1721160),AMBLESIDE,5505,"To construct original tenant fit-up at Windermere Elite Centre (""Windermere Massage Clinic"").",Office Buildings (520),(03) Interior Alterations,,70000,DC1,0,53.42833517661936,-113.59233088629568,,1,
2018-08-02T00:00:00.000,2018,8,2018-08-02T00:00:00.000,Commercial Final,"BSMT2, 8225 - 105 STREET NW",Plan I Blk 67 Lots 19-20,STRATHCONA,5480,"To construct interior alterations in the basement of Strathcona Health Centre (""Spud Farm eSports Centre"").",Indoor Recreational Buildings (560),(03) Interior Alterations,,3000,MU,0,53.5188039441932,-113.5001477553405,,1,
2018-07-19T00:00:00.000,2018,7,2018-07-19T00:00:00.000,Commercial Final,13514 - 97 STREET NW,Plan 2729MC Blk 10A Lot 1,ROSSLYN,3390,To change the use from Retail (E) to Medical clinic (D).,Office Buildings (520),(03) Interior Alterations,9762.86,300000,CG,0,53.59701988299414,-113.49252068292935,,1,
2018-07-17T00:00:00.000,2018,7,2018-07-17T00:00:00.000,Commercial Final,8939 - 82 AVENUE NW,Plan 5036S Blk 24 Lot 33,KING EDWARD PARK,6360,To construct interior alterations to an existing personal service occupancy (max 20 seats - Transcendental Meditation),Indoor Recreational Buildings (560),(03) Interior Alterations,1313.2,12000,MU,0,53.51767776044065,-113.46673893607328,,1,
2018-07-17T00:00:00.000,2018,7,2018-07-17T00:00:00.000,Commercial Final,8440 - 112 STREET NW,Plan 9826528 Lot 6,UNIVERSITY OF ALBERTA,5520,"To construct interior alterations in an existing hospital building.  U of A Hospital, Medical Air Compressor Project.",Hospitals (640),(03) Interior Alterations,,600000,AJ,0,53.5207215065611,-113.52321908985577,,1,
2018-07-13T00:00:00.000,2018,7,2018-07-13T00:00:00.000,Commercial Final,"MNFL, 10350 - 172 STREET NW",Plan 8021656 Blk 10 Lot 12,STONE INDUSTRIAL,4510,"To construct interior alterations to an existing medical clinic.  Shield Clinic, formerly i-Pax Clinic.  Renovating an existing treatment & exam room into a new treatment & recovery room.","Clinics, Health Units (642)",(03) Interior Alterations,301.39,17000,BE,0,53.54662402155038,-113.61832961709737,,1,
2018-07-11T00:00:00.000,2018,7,2018-07-11T00:00:00.000,Commercial Final,"100, 4936 - 87 STREET NW",Plan 8521039 Blk 8 Lot 5B,MCINTYRE INDUSTRIAL,6430,To construct interior alterations in an existing commercial floor space to develop a Health Services.  Recovery Pointe Physiotherapy.,Office Buildings (520),(03) Interior Alterations,2400,13000,BE,0,53.48626488339319,-113.45779744181003,,1,
2018-07-09T00:00:00.000,2018,7,2018-07-09T00:00:00.000,Commercial Final,16914 - 107 AVENUE NW,Plan 1121461 Blk 1 Lot 27,YOUNGSTOWN INDUSTRIAL,4660,"To change the Use from Retail to ""D"" occupancy & to construct interior alterations.  COMPASS CANNABIS CLINIC",Office Buildings (520),(03) Interior Alterations,,130000,CB,0,53.553642868101555,-113.61262734728564,,1,
2018-07-04T00:00:00.000,2018,7,2018-07-04T00:00:00.000,Commercial Final,11115 - GROAT ROAD NW,Plan 9120436 Blk 28 Lot 18A,INGLEWOOD,3240,To change the Use from Residential Sales Centre to Health Services Use (Chiropractic & Physiotherapy Clinic). Scope of work: - Painting  - Adding Barrier Free Parking Stall,Office Buildings (520),(03) Interior Alterations,2077.43,700,RM,0,53.559304740058884,-113.55076180782937,,1,
2018-07-04T00:00:00.000,2018,7,2018-07-04T00:00:00.000,Commercial Final,10344 - 134 STREET NW,Plan 3875P Blk 92 Lot 3,GLENORA,3200,"To construct interior & exterior alterations to an existing multi-use commercial building (""Dr. Andrew Schmidt Dental Clinic""; interior fit-up for new tenant and installation of four new windows on north elevation).",Office Buildings (520),(03) Interior Alterations,2794,250000,MU,0,53.54601182625881,-113.55342957160295,,1,
2018-07-03T00:00:00.000,2018,7,2018-07-03T00:00:00.000,Commercial Final,10705 - 109 STREET NW,Plan 3942MC Blk 8 Lot 179,CENTRAL MCDOUGALL,1030,To construct interior alterations to change use from a business personal service use to retail. (Pharmacy - MedX Drugs Inc.),Retail and Shops (510),(03) Interior Alterations,,60000,MU,0,53.551725538133496,-113.50787383926517,,1,
2018-06-27T00:00:00.000,2018,6,2018-06-27T00:00:00.000,Commercial Final,12701 - 119 STREET NW,Plan 3229Z Blk 7 Lot 32,CALDER,3070,"To change the Use from a Secondhand Store to Veterinary Services, to construct interior and exterior alterations (new door on east elevation), and to remove an accessory structure (Shed, 3.45m x 3.63m). (Alberta Helping Animals Society)",Animal and Plant Services (410),(03) Interior Alterations,2497.22,416000,CN,0,53.58508279321713,-113.5263283838312,,1,
2018-06-27T00:00:00.000,2018,6,2018-06-27T00:00:00.000,Commercial Final,6914 - 77 STREET NW,Plan 4243KS Blk 2 Lot 10,CORONET ADDITION INDUSTRIAL,6090,To construct interior alterations to an existing health services tenant -  Medical Marijuana Solutions.,Office Buildings (520),(03) Interior Alterations,,6000,BE,0,53.50645249819771,-113.44515956009346,,1,
2018-06-14T00:00:00.000,2018,6,2018-06-14T00:00:00.000,Commercial Final,362 - SADDLEBACK ROAD NW,Plan 7823059 Blk 7 Lot 7,BLUE QUILL,5060,"To construct interior alterations, to add Health Services to an existing General Retail Store (Pharmacy with Medical Offices)",Office Buildings (520),(03) Interior Alterations,,17000,CG,0,53.4603305225084,-113.53082587193668,,1,
2018-06-14T00:00:00.000,2018,6,2018-06-14T00:00:00.000,Commercial Final,14225 - 94 STREET NW,Plan 2547RS Blk 12 Lot 5,NORTHMOUNT,2580,To construct exterior and minor interior alterations to an existing health care building. New loading ramp with snow melting  (Capital Care Dickinsfield),Hospitals (640),(03) Exterior Alterations,7211.81,467213,UF,0,53.60519759163877,-113.48467958244274,,1,
2018-06-12T00:00:00.000,2018,6,2018-06-12T00:00:00.000,Commercial Final,13433 - 57 STREET NW,Plan 1025116 Blk 13 Lot 51A,BELVEDERE,2080,"To construct FOOTING AND FOUNDATIONS ONLY for an addition to an existing lodging /extended medical treatment building - Emmanuel, expansion.",Parkade (490),(01) New,24455,1550000,RM,0,53.59759332726759,-113.42716325537505,,1,
2018-06-08T00:00:00.000,2018,6,2018-06-08T00:00:00.000,Commercial Final,11155 - ELLERSLIE ROAD SW,Plan 0627887 Blk 10 Lot 91,RUTHERFORD,5454,To construct an interior alteration and create additional floor area in an existing denture clinic.,Office Buildings (520),(03) Interior Alterations,611,50000,CN,0,53.42438295095561,-113.51939602564495,,1,
2018-06-08T00:00:00.000,2018,6,2018-06-08T00:00:00.000,Commercial Final,331 - ALLARD BOULEVARD SW,Plan 1720597 Blk 18 Lot 145,ALLARD,5458,To change the Use from General Retail Stores to Health Services and to construct interior alterations (Dental Clinic) First Fit UP,Office Buildings (520),(03) Interior Alterations,2411.11,267000,CN,0,53.39668034332802,-113.52925304926833,,1,
2018-06-05T00:00:00.000,2018,6,2018-06-05T00:00:00.000,Commercial Final,"202, 6562 - 170 AVENUE NW",Condo Common Area (Plan 1820260),MCCONACHIE,2522,"To construct original tenant fit-up on second floor of Building A of McConachie West (""McConachie Dental Office"").",Office Buildings (520),(03) Interior Alterations,2800,400000,CN,0,53.63294907342149,-113.44171418635575,,1,
2018-06-01T00:00:00.000,2018,6,2018-06-01T00:00:00.000,Commercial Final,2331 - ELLWOOD DRIVE SW,Plan 0729640 Unit 26,ELLERSLIE INDUSTRIAL,6214,To change Use from a Commercial School to a Health Service (Dental Office/Clinic) and construct interior alterations. 2331 Ellwood Drive,Office Buildings (520),(03) Interior Alterations,2720,300000,EIB,0,53.430681789830096,-113.47131196574327,,1,
2018-05-18T00:00:00.000,2018,5,2018-05-18T00:00:00.000,Commercial Final,10408 - 95 STREET NW,Condo Common Area (Plan 1421901),BOYLE STREET,1020,"To construct interior alterations to an existing residential building with retail and personal services on the main floor (""Boyle McCauley Health Centre Dental Clinic"").",Office Buildings (520),(03) Interior Alterations,2798,320000,DC1,0,53.549098343303164,-113.4813394123251,,1,
2018-05-16T00:00:00.000,2018,5,2018-05-16T00:00:00.000,Commercial Final,10123 - 82 AVENUE NW,Plan I Blk 60 Lot 9,RITCHIE,6610,"To construct interior alterations to commercial building (""Cannabis Clinic"").",Retail and Shops (510),(03) Interior Alterations,1427,50000,MU,0,53.517750676493556,-113.49227498139024,,1,
2018-05-15T00:00:00.000,2018,5,2018-05-15T00:00:00.000,Commercial Final,15379 - CASTLE DOWNS ROAD NW,Plan 0125164 Blk 52 Lot 1A,BEAUMARIS,3040,To construct interior alterations to an existing health services use space. Unit #201 on 2nd Floor - Lakeside Landing Building. (Lifemark Lake Beaumaris Clinic),Office Buildings (520),(03) Interior Alterations,4305.56,62800,MU,0,53.61546656555329,-113.51515323028663,,1,
2018-05-14T00:00:00.000,2018,5,2018-05-14T00:00:00.000,Commercial Final,9136 - 23 AVENUE NW,"Condo Common Area (Plan 0822030,1220720,0921139)",PARSONS INDUSTRIAL,6570,To construction interior alterations to an existing personal & health services use space. Ramlall Clinic,"Clinics, Health Units (642)",(03) Interior Alterations,2290,35000,BE,0,53.452664119364584,-113.47015606349375,,1,
2018-05-08T00:00:00.000,2018,5,2018-05-08T00:00:00.000,Commercial Final,10123 - 82 AVENUE NW,Plan I Blk 60 Lot 9,RITCHIE,6610,"To demolish tenant space to shell condition for future interior alterations (""Cannabis Clinic"").",Retail and Shops (510),(03) Interior Alterations,,1000,MU,0,53.517750676493556,-113.49227498139024,,1,
2018-05-01T00:00:00.000,2018,5,2018-05-01T00:00:00.000,Commercial Final,"208, 9509 - 156 STREET NW",Plan 6530ET Blk 7 Lots 3-6,WEST JASPER PLACE,4580,To construct interior alterations to an existing office building for Suites 208 & 209. Wow Chiropractic Office,Office Buildings (520),(03) Interior Alterations,1887.99,77826,CSC,0,53.53182581504128,-113.58941879824667,,1,
2018-04-27T00:00:00.000,2018,4,2018-04-27T00:00:00.000,Commercial Final,"104, 11910 - 111 AVENUE NW",Plan 9122204 Blk 191 Lot 1A,PRINCE RUPERT,1170,"To construct interior alterations to renovate (2) washrooms with new plumbing fixtures & vanities.  (Phase II East) Main floor, Mira Health Centre",Office Buildings (520),(03) Interior Alterations,625,45000,DC2,0,53.559838642986406,-113.528122942416,,1,
2018-04-26T00:00:00.000,2018,4,2018-04-26T00:00:00.000,Commercial Final,"109, 1803 - 91 STREET SW",Condo Common Area (Plan 1721728),SUMMERSIDE,6213,To change the Use from a Convenience Retail Store to a Health Services (Dental Clinic) and to construct an interior alterations. Dr. Rivera Dental Clinic,Office Buildings (520),(03) Interior Alterations,1227.09,112000,EIB,0,53.41682303913774,-113.47872226841861,,1,
2018-04-25T00:00:00.000,2018,4,2018-04-25T00:00:00.000,Commercial Final,"205, 6055 - ANDREWS WAY SW","Condo Common Area (Plan 1920337,1922220)",AMBLESIDE,5505,To construct original tenant fit-up at an existing office building (physiotherapy clinic).,Office Buildings (520),(03) Interior Alterations,2972,200000,"DC1, DC1",0,53.42955441133741,-113.59128812233409,,1,
2018-04-05T00:00:00.000,2018,4,2018-04-05T00:00:00.000,Commercial Final,"134, 15277 - CASTLE DOWNS ROAD NW",NW-29-53-24-4,GRIESBACH,3111,To construct interior alterations in an existing health clinic floor space.  Beltone Hearing Centre.,Office Buildings (520),(03) Interior Alterations,,20000,MU,0,53.613456200902824,-113.51573644548817,,1,
2018-03-23T00:00:00.000,2018,3,2018-03-23T00:00:00.000,Commercial Final,8132 - 102 STREET NW,Plan 0521161 Blk L Lot 4,CPR IRVINE,6110,To construct interior alterations for a pharmacy tenant fit-up in an existing Commercial Mixed Use building. (Station on Whyte).,Retail and Shops (510),(03) Interior Alterations,1309,25000,DC1,0,53.517135578732244,-113.4939810035117,,1,
2018-03-20T00:00:00.000,2018,3,2018-03-20T00:00:00.000,Commercial Final,6730 - 75 STREET NW,Plan 0320769 Unit 38,DAVIES INDUSTRIAL WEST,6170,"To change the use of a Health Service to a Convenience Retail Store and Health Service, and to construct interior alterations. (Pharmacy)",Retail and Shops (510),(03) Interior Alterations,2152.78,80000,BE,0,53.503778484718936,-113.44302677748956,,1,
2018-03-07T00:00:00.000,2018,3,2018-03-07T00:00:00.000,Commercial Final,12328 - 102 AVENUE NW,Plan 489TR Blk 20 Lot 7A,WÎHKWÊNTÔWIN,1151,To construct interior alterations in an existing commercial floor space.  Pivotal Physiotherapy.,"Clinics, Health Units (642)",(03) Interior Alterations,1248.61,160000,MU,0,53.543441302999526,-113.53538366079188,,1,
2018-02-27T00:00:00.000,2018,2,2018-02-27T00:00:00.000,Commercial Final,6556 - 170 AVENUE NW,Condo Common Area (Plan 1820260),MCCONACHIE,2522,"To change the Use from General Retail Store to Veterinary Services, and to construct interior alterations to an existing Commercial building. (First tenant fit up in a shell space).",Animal and Plant Services (410),(03) Exterior Alterations,1620,95000,CB1,0,,,,1,
2018-02-21T00:00:00.000,2018,2,2018-02-21T00:00:00.000,Commercial Final,11826 - 103 STREET NW,Plan RN52 Blk 3 Lots 1-10,WESTWOOD,1250,"To construct interior alterations to a Health Services Use, ""Park Plaza Pharmacy & Medical"".",Retail and Shops (510),(03) Interior Alterations,2250,253000,MU,0,53.57116076498402,-113.49870193099459,,1,
2018-02-20T00:00:00.000,2018,2,2018-02-20T00:00:00.000,Commercial Final,6568 - 170 AVENUE NW,Condo Common Area (Plan 1820260),MCCONACHIE,2522,"To construct original tenant fit-up to Building A of McConachie West (""Back-in-Line Chiropractic"").",Office Buildings (520),(03) Interior Alterations,2528,80000,CB1,0,,,,1,
2018-02-20T00:00:00.000,2018,2,2018-02-20T00:00:00.000,Commercial Final,"130, 11910 - 111 AVENUE NW",Plan 9122204 Blk 191 Lot 1A,PRINCE RUPERT,1170,"To construct interior alterations at MIRA Health Centre (""Primary Care Network""; converting one tenant space into one finished space and two smaller shell spaces).",Office Buildings (520),(03) Interior Alterations,11539,1070000,DC2,0,53.559838642986406,-113.528122942416,,1,
2018-02-16T00:00:00.000,2018,2,2018-02-16T00:00:00.000,Commercial Final,"420, 1 - WESTMOUNT SHOPPING CENTRE NW",Plan 5079HW Blk 20,WOODCROFT,3450,"To construct interior and exterior alterations to an existing Dental office,   expand into adjacent cru and install 2 new exterior windows and 1 new exterior door, rear elevation.",Retail and Shops (510),(03) Exterior Alterations,1274,60000,MU,0,53.561286004078795,-113.55356990068994,,1,
2018-02-16T00:00:00.000,2018,2,2018-02-16T00:00:00.000,Commercial Final,"201, 11051 - 97 STREET NW",Plan RN83 Blk 38 Lots 12-13,MCCAULEY,1140,"To change the use from Veterinary Services to Professional, Financial, and Office Support Services and construct interior and exterior alterations.",Office Buildings (520),(03) Exterior Alterations,5081,200000,MU,0,53.558644729488826,-113.49152755624762,,1,
2018-02-14T00:00:00.000,2018,2,2018-02-14T00:00:00.000,Commercial Final,19918 - LESSARD ROAD NW,Plan 1421209 Blk 3 Lot 2,THE HAMPTONS,4461,To construct an interior alteration for an optometrist clinic (Eye 9 Optometry) (BUILDING 4),Office Buildings (520),(03) Interior Alterations,1916,100000,CG,0,53.47808868002961,-113.67347449140809,,1,
2018-02-13T00:00:00.000,2018,2,2018-02-13T00:00:00.000,Commercial Final,10611 - 101 STREET NW,"Plan 2633AI Lots C,D",MCCAULEY,1140,To construct interior alterations to an existing pharmacy floor space.  Mint Health & Drugs.,Retail and Shops (510),(03) Interior Alterations,1549,40000,MU,0,53.55022699060349,-113.49332806355999,,1,
2018-02-13T00:00:00.000,2018,2,2018-02-13T00:00:00.000,Commercial Final,"446, 6650 - 177 STREET NW",Plan 8521170 Blk 10 Lot 4,CALLINGWOOD SOUTH,4080,To Construct interior/exterior alterations in an existing health clinic floor space (new layout and new store front door)  Callingwood Denture Clinic,Office Buildings (520),(03) Interior Alterations,726.56,90000,DC2,0,53.501518987757606,-113.6289445881858,,1,
2018-02-12T00:00:00.000,2018,2,2018-02-12T00:00:00.000,Commercial Final,2408 - RABBIT HILL ROAD NW,Plan 9823652 Blk 154 Lot 3,LEGER,5630,To construct interior alterations in a business and personal services building (two suites being developed for the same tenant) - Infinity Dental Clinic and Infinity Medi Spa,Office Buildings (520),(03) Interior Alterations,5000,75000,CG,0,53.45566417130048,-113.56677855092524,,1,
2018-02-07T00:00:00.000,2018,2,2018-02-07T00:00:00.000,Commercial Final,1100 - YOUVILLE DRIVE WEST NW,Plan 8220154 Blk 4 Lot 1,TAWA,6720,To construct exterior/interior alterations for demo/removal of existing compactor to be replaced with two new compactors and compactor area interior portion renovation to an Extended Medical Treatment Facility (Grey Nuns Hospital).,Hospitals (640),(03) Exterior Alterations,800,224000,UF,0,53.46207164132757,-113.42954068805554,,1,
2018-02-06T00:00:00.000,2018,2,2018-02-06T00:00:00.000,Commercial Final,"104, 4222 - GATEWAY BOULEVARD NW",Plan 9422309 Blk 5 Lot 4,CALGARY TRAIL SOUTH,5120,To Construct interior alterations to a health services space. Proactive Physiotherapy & Sports Injury Clinic,Office Buildings (520),(03) Interior Alterations,,68000,CG,0,53.478740780796606,-113.4937153065692,,1,
2018-02-02T00:00:00.000,2018,2,2018-02-02T00:00:00.000,Commercial Final,"146, 3210 - 118 AVENUE NW",Plan 8820078 Blk 12 Lot 3,ABBOTTSFIELD,2010,To change the Use from a General Retail Store to a General Retail Store (pharmacy).,Retail and Shops (510),(03) Interior Alterations,3347.58,375000,"RA8, CSC, MU",0,,,,1,
2018-01-31T00:00:00.000,2018,1,2018-01-31T00:00:00.000,Commercial Final,11051 - 95 STREET NW,Plan 3169ET Lots 3-5,MCCAULEY,1140,To construct interior alterations for a pharmacy and clinic fit up on the main floor of a shell health service and retail use building.,Office Buildings (520),(03) Interior Alterations,,491000,MU,0,53.55954290809028,-113.48631560947719,,1,
2018-01-29T00:00:00.000,2018,1,2018-01-29T00:00:00.000,Commercial Final,"201, 6040 - ANDREWS WAY SW",Plan 1524442 Blk 20 Lot 89,AMBLESIDE,5505,"To construct interior alterations to a Health Services Use building at the 2nd floor, ( WINDERMERE GATE MEDICAL BUILDING). Physiologix",Office Buildings (520),(03) Interior Alterations,,400000,DC1,0,53.4302324470528,-113.59237022945297,,1,
2018-01-25T00:00:00.000,2018,1,2018-01-25T00:00:00.000,Commercial Final,"106, 10665 - JASPER AVENUE NW",Plan 8620900 Blk 6 Lot 60B,DOWNTOWN,1090,To construct interior alterations to a Dental Clinic for tenant improvements. Uptown Dental Center,Office Buildings (520),(03) Interior Alterations,4036.46,250000,"JAMSC, CMU",0,53.54056798760067,-113.50408539635224,,1,
2018-01-24T00:00:00.000,2018,1,2018-01-24T00:00:00.000,Commercial Final,"103, 5621 - RIVERBEND ROAD NW",Plan 5452RS Blk 28 Lot 12,BRANDER GARDENS,5080,"To change the use from a bar/pub to health service (Group A2 to D, massage & physio therapy) and to construct interior alterations to an existing commercial building - Body Restoration.",Office Buildings (520),(03) Interior Alterations,2200,120000,CN,0,53.49454544822378,-113.57721858597857,,1,
2018-01-23T00:00:00.000,2018,1,2018-01-23T00:00:00.000,Commercial Final,16635 - 50 STREET NW,Plan 0729391 Blk 25 Lot 1,BRINTNELL,2110,To change the Use from Health Service to a Veterinary Service and construct interior alterations.,Animal and Plant Services (410),(03) Interior Alterations,2200,289000,CG,0,53.627621304730575,-113.40994884658876,,1,
2018-01-23T00:00:00.000,2018,1,2018-01-23T00:00:00.000,Commercial Final,10240 - KINGSWAY NW,Plan 1619KS Blk 2 Lot 313,CENTRAL MCDOUGALL,1030,To Construct interior alterations to an existing clinic and to include Mechanical & Electrical upgrades. Rah Eye Clinic Main Floor Royal Alexandra Hospital,"Clinics, Health Units (642)",(03) Interior Alterations,4467,408000,"US, UF",0,53.5576021800969,-113.49789453631885,,1,
2018-01-18T00:00:00.000,2018,1,2018-01-18T00:00:00.000,Commercial Final,"305, 10430 - 61 AVENUE NW",Plan 4976KS Blk 40 Lot 2,ALLENDALE,5010,"To Construct interior alterations for a health services space to an existing commercial building shell. Isaac Physiotherapy, suite #305",Office Buildings (520),(03) Interior Alterations,1609.2,100000,CG,0,53.49862827252241,-113.49950807483255,,1,
2018-01-17T00:00:00.000,2018,1,2018-01-17T00:00:00.000,Commercial Final,5069 - ELLERSLIE ROAD SW,Plan 1422177 Blk 30 Lot 3,WALKER,6662,"To construct original tenant fit-up to a tenant space at Buidling 10 of Harvest Pointe (""Harvest Pointe Chiropractic and Integrative Health Centre Corp"").",Office Buildings (520),(03) Interior Alterations,1049,60000,DC1,0,53.42378822326454,-113.42020828770451,,1,
2018-01-16T00:00:00.000,2018,1,2018-01-16T00:00:00.000,Commercial Final,11980 - 104 AVENUE NW,Plan 1425753 Blk 21 Lot 2,WÎHKWÊNTÔWIN,1151,To Construct interior alterations in an existing shell CRU space.  FYidoctors (opthamologists).,Office Buildings (520),(03) Interior Alterations,3330,300000,DC1,0,53.54712597621243,-113.52826944549822,,1,
2018-01-16T00:00:00.000,2018,1,2018-01-16T00:00:00.000,Commercial Final,2787 - 119A STREET SW,Plan 1522818 Blk 3 Lot 2,HERITAGE VALLEY TOWN CENTRE,5472,"To construct original tenant fit-up to a shell vacant space at Building 2 of Heritage Valley Town Centre (""Heritage Valley Dental"").",Office Buildings (520),(03) Interior Alterations,3004.96,450000,TC-C,0,53.40716333340254,-113.53596090028732,,1,
2018-01-14T00:00:00.000,2018,1,2018-01-14T00:00:00.000,Commercial Final,3919 - 106 STREET NW,Plan 4082RS Blk 9 Lot A,DUGGAN,5160,To change the Use from a General Retail Store to a Health Service (medical clinic) and a General Retail Store (pharmacy) and to construct interior alterations.,Office Buildings (520),(03) Interior Alterations,2235,247000,CN,0,53.47513974452293,-113.50472609457134,,1,
2018-01-10T00:00:00.000,2018,1,2018-01-10T00:00:00.000,Commercial Final,294 - SADDLEBACK ROAD NW,Plan 1523167 Unit 2,BLUE QUILL,5060,"To Construct interior alterations to an existing health services (Dental Clinic) adding Denture office space, new int. partitions, arch. finishes. Blue Quill Denture",Office Buildings (520),(03) Interior Alterations,770,36000,CG,0,53.4610961204179,-113.52996293553699,,1,
2018-01-09T00:00:00.000,2018,1,2018-01-09T00:00:00.000,Commercial Final,829 - SADDLEBACK ROAD NW,Plan 7822821 Blk 26 Lot 83,SKYRATTLER,5460,"To construct interior alterations to a tenant space at an existing multi-use commercial building (""Yellowbird Dental"").",Office Buildings (520),(03) Interior Alterations,2370,246432,CN,0,53.453190616034924,-113.52478372713789,,1,
2018-01-08T00:00:00.000,2018,1,2018-01-08T00:00:00.000,Commercial Final,1504 - 91 STREET SW,Condo Common Area (Plan 1623793),ELLERSLIE INDUSTRIAL,6214,To construct interior alterations to a shell space in an existing office building for a medical office tenant fit up. Third floor - Dr Udeme Akpan - One Health Centre,Office Buildings (520),(03) Interior Alterations,1575,87835,EIB,0,53.41901888259273,-113.47947159201162,,1,
2018-01-02T00:00:00.000,2018,1,2018-01-02T00:00:00.000,Commercial Final,"206, 14127 - 23 AVENUE NW",Plan 0625889 Blk 2 Lot 97B,MAGRATH HEIGHTS,5476,"To change the Use from Professional, Financial and Office Support Services to Health Services (physiotherapy office), and construct interior alterations.",Office Buildings (520),(03) Interior Alterations,2099,71500,"CG, CG",0,53.45312262501477,-113.56287396758091,,1,
2017-12-20T00:00:00.000,2017,12,2017-12-20T00:00:00.000,Commercial Final,10110 - 156 STREET NW,Plan 1924AM Blk 1 Lots 1-2,BRITANNIA YOUNGSTOWN,4060,To construct an interior alteration to a unit of General Retail (main floor). Health Service (clinic) and Pharmacy tenant. (Corner Pharmacy),Retail and Shops (510),(03) Interior Alterations,3000,27000,MU,0,53.54198550849714,-113.59080829555322,,1,
2017-12-17T00:00:00.000,2017,12,2017-12-17T00:00:00.000,Commercial Final,13650 - 50 STREET NW,Plan 9320792 Blk 25 Lot 5,KENNEDALE INDUSTRIAL,2380,"To construct interior alterations to the existing hearing centre,  pharmacy and optical centre within existing E Occupancy.  COSTCO",Office Buildings (520),(03) Interior Alterations,,340630,BE,0,53.5961125181207,-113.4165279586032,,1,
2017-12-15T00:00:00.000,2017,12,2017-12-15T00:00:00.000,Commercial Final,"407, 11010 - 101 STREET NW","Plan 8222283 Blk 1 Lots 319B,319C",CENTRAL MCDOUGALL,1030,To Construct interior alterations to an existing health services space. Chest Care Clinic,Office Buildings (520),(03) Interior Alterations,2504,50000,"DC2, MU, MU",0,53.55753988764228,-113.4945432528676,,1,
2017-12-08T00:00:00.000,2017,12,2017-12-08T00:00:00.000,Commercial Final,16811 - 110 AVENUE NW,"Plan 2477KS Blk 6 Lots 6,18U",WEST SHEFFIELD INDUSTRIAL,4600,To change the Use from industrial to Animal Hospitals and Shelters and to construct interior alterations (renovating washroom to meet the barrier-free code requirements). Infinite Pawsibilities,Animal and Plant Services (410),(03) Interior Alterations,45,7000,IM,0,53.557314420480566,-113.6122472550207,,1,
2017-12-06T00:00:00.000,2017,12,2017-12-06T00:00:00.000,Commercial Final,"9, 17480 - FORT ROAD NW",Plan 8620880 Blk 1,RURAL NORTH EAST HORSE HILL,2670,To Construct interior alterations for (2) office spaces to an existing medical facility building. ( NVCI & PSCC at AHS),Office Buildings (520),(03) Interior Alterations,1804,238000,DC2,0,53.63667921143327,-113.37529857720254,,1,
2017-11-30T00:00:00.000,2017,11,2017-11-30T00:00:00.000,Commercial Final,1065 - WALKOWSKI PLACE NW,Plan 1521674 Blk 6 Lot 106,WINDERMERE,5570,"To construct interior alterations to a Single Detached House (Basement development, NOT to be used as an additional Dwelling).  Developing home based Dental Hygiene business.  Jasmine Dental Hygiene",Single House (110),(10) Convert Residential to Non-Res,,47000,RSF,0,53.44068807480952,-113.6227076138131,,1,
2017-11-29T00:00:00.000,2017,11,2017-11-29T00:00:00.000,Commercial Final,"201, 2377 - 111 STREET NW",Plan 0523447 Blk 32 Lot 12,ERMINESKIN,5180,"To Construct exterior and interior alterations for replacement of existing MRI machine. 2nd floor, MIC Clinic","Clinics, Health Units (642)",(03) Exterior Alterations,330.45,500000,DC2,0,53.4550327775717,-113.51443519119627,,1,
2017-11-28T00:00:00.000,2017,11,2017-11-28T00:00:00.000,Commercial Final,10106 - 156 STREET NW,Plan 1924AM Blk 1 Lots 1-2,BRITANNIA YOUNGSTOWN,4060,"To construct interior alterations at the JP Center (Health service clinic, CRU A).",Office Buildings (520),(03) Interior Alterations,1400,140000,MU,0,53.54198550849714,-113.59080829555322,,1,
2017-11-28T00:00:00.000,2017,11,2017-11-28T00:00:00.000,Commercial Final,"420, 1 - WESTMOUNT SHOPPING CENTRE NW",Plan 5079HW Blk 20,WOODCROFT,3450,To construct interior alterations to an existing health services space (expand into adjacent bay) - Westmount Dental Centre.,Office Buildings (520),(03) Interior Alterations,742,15000,MU,0,53.561286004078795,-113.55356990068994,,1,
2017-11-23T00:00:00.000,2017,11,2017-11-23T00:00:00.000,Commercial Final,10503 - 109 STREET NW,Plan B4 Blk 8 Lots 159-163,CENTRAL MCDOUGALL,1030,To change the use from retail to a health service (Group E to D) and to construct interior alterations - University Health Centre.,Office Buildings (520),(03) Interior Alterations,13228.8,2530000,MU,0,53.548688191435254,-113.50787790768051,,1,
2017-11-22T00:00:00.000,2017,11,2017-11-22T00:00:00.000,Commercial Final,10608 - 105 AVENUE NW,Plan B4 Blk 6 Lots 193-195,CENTRAL MCDOUGALL,1030,"To construct interior alterations to an existing commercial building (""MacEwan Pharmacy""; changing occupancy from A2 to E).",Retail and Shops (510),(03) Interior Alterations,2433.75,25000,DC,0,53.548083473278886,-113.50347072738522,,1,
2017-11-22T00:00:00.000,2017,11,2017-11-22T00:00:00.000,Commercial Final,3731 - 8 AVENUE SW,Plan 1623687 Blk 6 Lot 1,CHARLESWORTH,6661,To change the Use from General Retail Stores to Health Services and to construct interior alterations to a Commercial building.  Tenant fit up - Dental Clinic - CRU#6),Office Buildings (520),(03) Interior Alterations,1902,198000,DC1,0,53.42541487491253,-113.39856087385436,,1,
2017-11-21T00:00:00.000,2017,11,2017-11-21T00:00:00.000,Commercial Final,"301, 6040 - ANDREWS WAY SW",Plan 1524442 Blk 20 Lot 89,AMBLESIDE,5505,To construct interior alterations to an existing shell commercial retail/offices use building  - Windermere Gate Medical. Tenant fit up of the entire third floor and new washrooms on the main and second floors. PMEC,Office Buildings (520),(03) Interior Alterations,5554,600000,DC1,0,53.4302324470528,-113.59237022945297,,1,
2017-11-15T00:00:00.000,2017,11,2017-11-15T00:00:00.000,Commercial Final,"100, 10350 - 172 STREET NW",Plan 8021656 Blk 10 Lot 12,STONE INDUSTRIAL,4510,To construct interior alteratons to an existing Health Services space (2nd floor only). (Radiology Clinic),"Clinics, Health Units (642)",(03) Interior Alterations,3000,44000,BE,0,53.54662402155038,-113.61832961709737,,1,
2017-11-09T00:00:00.000,2017,11,2017-11-09T00:00:00.000,Commercial Final,"201, 14127 - 23 AVENUE NW",Plan 0625889 Blk 2 Lot 97B,MAGRATH HEIGHTS,5476,"To Construct Interior Alterations, Tenant fit up for Hearing Care Med. Clinic (D Occupancy), including construction of West demising wall in suite)",Office Buildings (520),(03) Interior Alterations,920,32000,"CG, CG",0,53.45312262501477,-113.56287396758091,,1,
2017-11-08T00:00:00.000,2017,11,2017-11-08T00:00:00.000,Commercial Final,5594 - WINDERMERE BOULEVARD NW,Plan 1722192 Unit 318,WINDERMERE,5570,To construct interior alterations to a shell CRU to build out a pharmacy.,Retail and Shops (510),(03) Interior Alterations,756,65000,DC2,0,53.4399400259455,-113.61938689822286,,1,
2017-11-08T00:00:00.000,2017,11,2017-11-08T00:00:00.000,Commercial Final,"135, 3210 - 118 AVENUE NW",Plan 8820078 Blk 12 Lot 3,ABBOTTSFIELD,2010,"To construct interior alterations to a Health Service with accessory general retail (pharmacy), ""Abbottsfield Medical Clinic and Pharmacy"".",Office Buildings (520),(03) Interior Alterations,5145,580000,"RA8, CSC, MU",0,,,,1,
2017-11-07T00:00:00.000,2017,11,2017-11-07T00:00:00.000,Commercial Final,6643 - 177 STREET NW,Plan 8320631 Blk 9 Lot 8,CALLINGWOOD SOUTH,4080,"To construct interior alterations to an existing multi-use commercial building in Callingwood (""Edmonton Diagnostic Imaging"").","Clinics, Health Units (642)",(03) Interior Alterations,1981,154692,CG,0,53.50268845425715,-113.62579325595202,,1,
2017-11-07T00:00:00.000,2017,11,2017-11-07T00:00:00.000,Commercial Final,"135, 3210 - 118 AVENUE NW",Plan 8820078 Blk 12 Lot 3,ABBOTTSFIELD,2010,To install roof top units (2) MUA  to an existing medical clinic and pharmacy. See HVAC Job#259845081 linked to the TI job.,"Malls, Office/Retail (512)",(03) Exterior Alterations,,35000,"RA8, CSC, MU",0,,,,1,
2017-10-25T00:00:00.000,2017,10,2017-10-25T00:00:00.000,Commercial Final,10628 - 96 STREET NW,Plan ND Blk 19 Lots 7-8,MCCAULEY,1140,To construct interior alterations to an existing commercial building - Boyle McCauley Health Centre.,Office Buildings (520),(03) Interior Alterations,808,75000,UF,0,53.55137808313695,-113.48617730568668,,1,
2017-10-19T00:00:00.000,2017,10,2017-10-19T00:00:00.000,Commercial Final,6647 - 177 STREET NW,Plan 8320631 Blk 9 Lot 8,CALLINGWOOD SOUTH,4080,To construct interior alterations to an existing dental/orthodontics office.,Office Buildings (520),(03) Interior Alterations,4531,232040,CG,0,53.50268845425715,-113.62579325595202,,1,
2017-10-17T00:00:00.000,2017,10,2017-10-17T00:00:00.000,Commercial Final,3584 - ALLAN DRIVE SW,Condo Common Area (Plan 1721160),AMBLESIDE,5505,"To construct interior alterations to an existing tenant space in a business and personal service building, fit up for a dental clinic.",Office Buildings (520),(03) Interior Alterations,1940,150000,DC1,0,53.42833517661936,-113.59233088629568,,1,
2017-10-17T00:00:00.000,2017,10,2017-10-17T00:00:00.000,Commercial Final,"120, 10621 - 100 AVENUE NW",Plan NB Blk 6 Lots 47-50,DOWNTOWN,1090,To operate a Health Service Use (Dr. Luu Dental),Office Buildings (520),(03) Interior Alterations,2200,167200,CMU,0,53.53846102226829,-113.50422276920925,,1,
2017-10-17T00:00:00.000,2017,10,2017-10-17T00:00:00.000,Commercial Final,"27FL, 10020 - 100 STREET NW",Plan 384TR Lot 12A,DOWNTOWN,1090,To construct interior alterations to an existing office space for College of Physicians and Surgeons. Scope of work is to reconfigure file room for new workstations ONLY,Office Buildings (520),(03) Interior Alterations,720,18712,CCA,0,53.53993637343808,-113.49125577673311,,1,
2017-10-13T00:00:00.000,2017,10,2017-10-13T00:00:00.000,Commercial Final,10625 - 124 STREET NW,Plan RN22 Blk 24 Lot 6,WESTMOUNT,3440,To change the use from a Commercial School to a Health Service & to construct interior alterations.  Glasses Half Full - Optometry Clinic.,Office Buildings (520),(03) Interior Alterations,2099,285000,MU,0,53.550101396688234,-113.53539537935595,,1,
2017-10-11T00:00:00.000,2017,10,2017-10-11T00:00:00.000,Commercial Final,2718 - 141 STREET SW,Plan 1623873 Blk 10 Lot 2,HAYS RIDGE AREA,5465,To construct interior alterations in an existing mixed used building for Jagare Ridge Dental. Scope of work includes 2 bf washrooms,Office Buildings (520),(03) Interior Alterations,2963,200000,"CSC, CG",0,53.41110894521459,-113.56677496288358,,1,
2017-10-10T00:00:00.000,2017,10,2017-10-10T00:00:00.000,Commercial Final,10177 - 186 STREET NW,Plan 0626825 Blk 1 Lot 6,SUNWAPTA INDUSTRIAL,4530,To change the Use from the General Retail Stores Use to Health Services Use and to construct interior alterations (Dental Office).,Office Buildings (520),(03) Interior Alterations,2200,350000,CB,0,53.54226578008561,-113.64442604332818,,1,
2017-10-05T00:00:00.000,2017,10,2017-10-05T00:00:00.000,Commercial Final,878 - WEBBER GREENS DRIVE NW,Plan 1324788 Blk 60 Lot 7,SUDER GREENS,4730,To construct interior alterations for a tenant fit up. Physical therapy clinic in a shell CRU.,Office Buildings (520),(03) Interior Alterations,3258,247000,DC1,0,53.52432452872244,-113.66689796371814,,1,
2017-10-04T00:00:00.000,2017,10,2017-10-04T00:00:00.000,Commercial Final,16403 - 132 AVENUE NW,Plan 3443TR Blk 4 Lot 6,MISTATIM INDUSTRIAL,4320,"To construct interior and exterior alterations to a General Industrial Use building. (Alberta Green Biotech, Medical Marijuana Production Facility)",Animal and Plant Services (410),(03) Interior Alterations,34960,9800000,IM,0,53.59159781974271,-113.60596171470651,,1,
2017-09-28T00:00:00.000,2017,9,2017-09-28T00:00:00.000,Commercial Final,11254 - 82 STREET NW,Plan 2021647 Blk 9 Lot 6,CROMDALE,1070,"To construct interior alterations to an existing building for Galaxy Medical Clinc and Pharmacy. Scope of work is for 1 barrier-free washroom, 1 washroom, partitions and millwork.",Office Buildings (520),(03) Interior Alterations,3100,223000,"CB1, CN",0,,,,1,
2017-09-27T00:00:00.000,2017,9,2017-09-27T00:00:00.000,Commercial Final,3844 - 53 AVENUE NW,Plan 0628377 Blk 20 Lot 4,PYLYPOW INDUSTRIAL,6590,"To construct interior alterations to install a racking system  ""Sinclair Dental"".","Storage Buildings, Warehouses (460)",(03) Interior Alterations,628,15000,IM,0,53.49117229858584,-113.4005005271994,,1,
2017-09-27T00:00:00.000,2017,9,2017-09-27T00:00:00.000,Commercial Final,"173, 3210 - 118 AVENUE NW",Plan 8820078 Blk 12 Lot 3,ABBOTTSFIELD,2010,"To construct an interior alterations to an existing retail space for a pharmacy. Sobey's Pharmacy (Suite 173, Southwest corner of the former Safeway Store)","Malls, Office/Retail (512)",(03) Interior Alterations,1884,87900,"RA8, CSC, MU",0,,,,1,
2017-09-26T00:00:00.000,2017,9,2017-09-26T00:00:00.000,Commercial Final,10240 - KINGSWAY NW,Plan 1619KS Blk 2 Lot 313,CENTRAL MCDOUGALL,1030,To construct interior alterations to an Extended Medical Treatment facility (Interior alterations of existing Tim Hortons kiosk in food court).,Restaurants and Bars (540),(03) Interior Alterations,220.47,250000,US,0,,,,1,
2017-09-21T00:00:00.000,2017,9,2017-09-21T00:00:00.000,Commercial Final,"101, 3514 - ALLAN DRIVE SW",Plan 1524442 Blk 6 Lot 4,AMBLESIDE,5505,To construct interior alterations to an existing retail space for Icare Pharmacy-Unit. Scope of work includes 1 barrier-free washroom.,Retail and Shops (510),(03) Interior Alterations,1033,29700,DC1,0,53.42895595223701,-113.59083586150972,,1,
2017-09-19T00:00:00.000,2017,9,2017-09-19T00:00:00.000,Commercial Final,16503 - 95 STREET NW,Plan 9923660 Blk 112 Lot 2,EAUX CLAIRES,2241,To construct an addition to an Extended Medical Treatment Services / Boarding and Lodging facility for Senior Citizens [24 bed addition (204 total) and lounge area addition]; Extendicare Eaux Claires Village.,"Day Cares, Nursing Homes (650)",(02) Addition,,2340000,"DC2, DC2",0,53.62702503284187,-113.48590876383682,,1,
2017-09-19T00:00:00.000,2017,9,2017-09-19T00:00:00.000,Commercial Final,3013 - 66 STREET NW,Plan 8220154 Blk 5 Lots 1-2,TAWA,6720,"To construct interior alterations to a general retail, ""Pharmasave"" Tawa Centre"". removing a wall and offices in the clinic area to expand the pharmacy retail area.",Retail and Shops (510),(03) Interior Alterations,670,12000,DC2,0,53.461672084717335,-113.43301978773039,,1,
2017-09-19T00:00:00.000,2017,9,2017-09-19T00:00:00.000,Commercial Final,11421 - 40 AVENUE NW,Plan 3614NY Blk 63 Lot 24A,GREENFIELD,5220,To change the use from retail to health service (Group E to D) and construct interior alterations - Petrolia Dental.,Office Buildings (520),(03) Interior Alterations,1610,150000,CG,0,,,,1,
2017-09-15T00:00:00.000,2017,9,2017-09-15T00:00:00.000,Commercial Final,"201, 11810 - 124 STREET NW",Plan RN64 Blk 4 Lot 2,PRINCE CHARLES,3350,To construct interior alterations to an existing (D) occupancy shell space.  2nd floor Dental Service,Manufacturing Buildings (430),(03) Interior Alterations,3279.1,120000,MU,0,53.57066474144521,-113.53643689013897,,1,
2017-09-13T00:00:00.000,2017,9,2017-09-13T00:00:00.000,Commercial Final,"2573, 8882 - 170 STREET NW",Plan 8421891 Blk 28 Lot 5,SUMMERLEA,4520,To construct interior alterations in an existing shopping mall CRU space for INFINITY DENTAL.  Unit 2573 at West Edmonton Mall,Office Buildings (520),(03) Interior Alterations,1617,50000,"DC2, DC",0,53.522713555201165,-113.62494764625916,,1,
2017-08-31T00:00:00.000,2017,8,2017-08-31T00:00:00.000,Commercial Final,"402, 7609 - 109 STREET NW","Condo Common Area (Plan 1720082,1423850)",QUEEN ALEXANDRA,5330,"To construct interior & exterior alterations to United Health Centres (""Alberta Dental Association and College"").",Office Buildings (520),(03) Interior Alterations,12405,512964,MU,0,53.512612758212185,-113.51150911137242,,1,
2017-08-30T00:00:00.000,2017,8,2017-08-30T00:00:00.000,Commercial Final,"200, 12220 - STONY PLAIN ROAD NW",Plan 7721247 Blk 9 Lot 14,WESTMOUNT,3440,"To construct interior alterations in the McLennan Ross Building (""Dr. Roberta Grynoch Clinic""; Unit 200).",Office Buildings (520),(03) Interior Alterations,1796.48,165000,MU,0,53.54700197723729,-113.53361787554933,,1,
2017-08-29T00:00:00.000,2017,8,2017-08-29T00:00:00.000,Commercial Final,1756 - 34 AVENUE NW,Plan 1125688 Blk 62 Lot 2B,WILD ROSE,6790,To construct interior alterations to an existing medical clinic and pharmacy.,Office Buildings (520),(03) Interior Alterations,2504,6000,CN,0,53.468013233629584,-113.37065119380625,,1,
2017-08-28T00:00:00.000,2017,8,2017-08-28T00:00:00.000,Commercial Final,2451 - 17 STREET NW,Plan 1425070 Blk 8 Lot 78,TAMARACK,6443,To construct an interior fit up (Dental Clinic) in an existing shell building.  First tenant,Office Buildings (520),(03) Interior Alterations,2183,350000,CG,0,53.45677527295122,-113.367375775548,,1,
2017-08-23T00:00:00.000,2017,8,2017-08-23T00:00:00.000,Commercial Final,9662 - 107A AVENUE NW,Plan ND Blk 26 Lots 25-27,MCCAULEY,1140,To construct interior alterations to Chinatown iPharmacy. Scope of work is to open up three openings in an existing loadbearing wall.,Retail and Shops (510),(03) Interior Alterations,4400,20700,MU,0,53.553088382377055,-113.48953019359367,,1,
2017-08-23T00:00:00.000,2017,8,2017-08-23T00:00:00.000,Commercial Final,"106, 10430 - 61 AVENUE NW",Plan 4976KS Blk 40 Lot 2,ALLENDALE,5010,"To construct original tenant fit-up to a tenancy at Allendale Medical Building (""Capital City Audiology & Hearing Centre"").",Office Buildings (520),(03) Interior Alterations,1054,95000,CG,0,53.49862827252241,-113.49950807483255,,1,
2017-08-22T00:00:00.000,2017,8,2017-08-22T00:00:00.000,Commercial Final,"903, 8215 - 112 STREET NW",Plan 5384RS Blk 158 Lot 1A,GARNEAU,5200,"To construct interior alterations to an existing medical office, tenant fit up for a new medical office. (Caroline Jeffery ENT)",Office Buildings (520),(03) Interior Alterations,1393,139300,DC2,0,53.51860391214073,-113.52021095968786,,1,
2017-08-16T00:00:00.000,2017,8,2017-08-16T00:00:00.000,Commercial Final,10712 - 82 AVENUE NW,Condo Common Area (Plan 9624473),GARNEAU,5200,To construct interior alterations in an existing dental office floor space.  Expanding into adjacent CRU space.  Dental Choice - Whyte Ave.,Office Buildings (520),(03) Interior Alterations,2610,140000,DC1,0,53.51840231326766,-113.50662331165205,,1,
2017-08-14T00:00:00.000,2017,8,2017-08-14T00:00:00.000,Commercial Final,6279 - ANDREWS LOOP SW,Condo Common Area (Plan 1623758),AMBLESIDE,5505,To construct interior alterations to a shell CRU to fit up a chiropractic clinic.,Office Buildings (520),(03) Interior Alterations,940,68000,DC,0,53.426694466273275,-113.58972968298244,,1,
2017-08-11T00:00:00.000,2017,8,2017-08-11T00:00:00.000,Commercial Final,"103A, 11910 - 111 AVENUE NW",Plan 9122204 Blk 191 Lot 1A,PRINCE RUPERT,1170,"To construct interior alterations at MIRA Health Centre (""Lung Lab Services"").",Office Buildings (520),(03) Interior Alterations,330,16700,DC2,0,53.559838642986406,-113.528122942416,,1,
2017-08-09T00:00:00.000,2017,8,2017-08-09T00:00:00.000,Commercial Final,13635 - 66 STREET NW,"Plan 3031RS Blk 2 Lots 10A,41U",BELVEDERE,2080,To construct interior alterations at the Encore Centre (pharmacy and medical clinic; constructing demising wall to split single existing tenancy into two and doing minor architectural work for the pharmacy and medical clinic).,Office Buildings (520),(03) Interior Alterations,3000,60000,CN,0,53.59910464122561,-113.44237913831698,,1,
2017-08-02T00:00:00.000,2017,8,2017-08-02T00:00:00.000,Commercial Final,"104, 6104 - 104 STREET NW",Plan 1720842 Blk 40 Lot 5,ALLENDALE,5010,To add the Acessory Use of a Health Services to an existing General Retail Store and to construct an interior alterations (OPT Clinic),Retail and Shops (510),(03) Interior Alterations,1824,195000,CO,0,,,,1,
2017-08-02T00:00:00.000,2017,8,2017-08-02T00:00:00.000,Commercial Final,7240 - 118 AVENUE NW,Plan RN98 Blk 2 Lots 1-4,MONTROSE,2550,To change the occupancy classification from assembly to business and personal services use and to construct interior alterations. Includes tenant improvement for a pharmacy. Basement & not in use elevator are not included in this building permit application.,Office Buildings (520),(03) Interior Alterations,3500,40000,MU,0,,,,1,
2017-07-24T00:00:00.000,2017,7,2017-07-24T00:00:00.000,Commercial Final,"208, 5540 - WINDERMERE BOULEVARD NW",Plan 1520610 Unit 194,WINDERMERE,5570,To construct interior alterations to an existing medical office for expansion to adjacent (2) tenant spaces units 214 & 216. (Windermere Plaza Medical Clinic),Office Buildings (520),(03) Interior Alterations,2113,250000,DC2,0,53.439899408543816,-113.6197030559702,,1,
2017-07-21T00:00:00.000,2017,7,2017-07-21T00:00:00.000,Commercial Final,12118 - 161 AVENUE NW,Plan 7820085 Blk 56 Lot 62,DUNLUCE,3180,To change the occupancy classification of a tenancy in an existing multi-use commercial building - Dunluce Pharmacy.,Retail and Shops (510),(03) Interior Alterations,1700,10000,CN,0,53.622385752492406,-113.53415304319435,,1,
2017-07-21T00:00:00.000,2017,7,2017-07-21T00:00:00.000,Commercial Final,13703 - 93 STREET NW,Plan 9023412 Blk 14 Lot 44A,NORTHMOUNT,2580,"To change the occupancy classification from Business andServices to Mercantile, and to construct interior alterations, fit up for a pharmacy. (The Medecine Shoppe)","Clinics, Health Units (642)",(03) Interior Alterations,1150,55000,DC2,0,53.599994144078266,-113.48476019313081,,1,
2017-07-20T00:00:00.000,2017,7,2017-07-20T00:00:00.000,Commercial Final,11912 - JASPER AVENUE NW,Plan 1525535 Unit 2,"OLIVER, WÎHKWÊNTÔWIN","1150, 1151",To construct interior alterations to an exsting care facility (pharmacy with subsidiary doctors office).,"Clinics, Health Units (642)",(03) Interior Alterations,1200,17000,DC2,0,53.54135252965849,-113.52726914465262,,1,
2017-07-20T00:00:00.000,2017,7,2017-07-20T00:00:00.000,Commercial Final,"201, 9080 - 25 AVENUE SW",Plan 1125456 Blk 56 Lot 7,SUMMERSIDE,6213,To change the Use to a Health Services Use and to construct interior alterations to an existing mixed use building for Optimum Wellness Clinic,Office Buildings (520),(01) New,3253,247000,CN,0,53.41074702286354,-113.48158374888779,,1,
2017-07-13T00:00:00.000,2017,7,2017-07-13T00:00:00.000,Commercial Final,13613 - 163 STREET NW,Plan 0821204 Blk 5 Lot 7,MISTATIM INDUSTRIAL,4320,To construct a Health Services Use building - Oasis Health Centre. Scope includes 17 RTUs and 8 w/c on the second floor. NO demising walls included in this permit.,Office Buildings (520),(01) New,8958.01,4000000,BE,0,53.598532197538695,-113.60177924917976,,1,
2017-07-06T00:00:00.000,2017,7,2017-07-06T00:00:00.000,Commercial Final,4230 - 99 STREET NW,Plan 4731TR Blk 1 Lot 6,STRATHCONA INDUSTRIAL PARK,6700,"To construct interior alterations to a mixed use commercial building (""Trinity Home Medical""; renovating tenancy to include a showroom, washroom, change room, finishes and new RTU).",Retail and Shops (510),(03) Interior Alterations,4104,75000,BE,0,53.47937918977416,-113.48752598382777,,1,
2017-06-28T00:00:00.000,2017,6,2017-06-28T00:00:00.000,Commercial Final,1540 - 91 STREET SW,Condo Common Area (Plan 1623793),ELLERSLIE INDUSTRIAL,6214,"To construct interior alterations to a Health Services ""Summerside Chiropractic Clinic"".",Office Buildings (520),(03) Interior Alterations,1818,180000,EIB,0,53.41901888259273,-113.47947159201162,,1,
2017-06-27T00:00:00.000,2017,6,2017-06-27T00:00:00.000,Commercial Final,6275 - ANDREWS LOOP SW,Condo Common Area (Plan 1623758),AMBLESIDE,5505,"To construct interior alterations to an existing commercial CRU, fit-up for an optometry clinic. (Envision Eye Care)",Retail and Shops (510),(03) Interior Alterations,1970,250000,DC1,0,,,,1,
2017-06-27T00:00:00.000,2017,6,2017-06-27T00:00:00.000,Commercial Final,18342 - LESSARD ROAD NW,Plan 9722753 Blk 21 Lot 3,DECHENE,4110,To change the use of a portion of a building (Group E to D) and to construct interior alterations - Donsdale Dental.,Office Buildings (520),(03) Interior Alterations,1800,268800,DC2,0,53.48597770797406,-113.64229383357886,,1,
2017-06-22T00:00:00.000,2017,6,2017-06-22T00:00:00.000,Commercial Final,10665 - JASPER AVENUE NW,Plan 8620900 Blk 6 Lot 60B,DOWNTOWN,1090,To Construct interior alterations in an existing dental clinic.  Upgrades to Periopartners (Suite #890).,Office Buildings (520),(03) Interior Alterations,2000,60000,"JAMSC, CMU",0,53.54056798760067,-113.50408539635224,,1,
2017-06-22T00:00:00.000,2017,6,2017-06-22T00:00:00.000,Commercial Final,"11, 9104 - 179 AVENUE NW",Plan 8122420 Blk 1 Lots 328-329,LAGO LINDO,2450,To change the use from food service to retail (Group A to E) and to construct interior alterations - Lakewood Pharmacy.,Retail and Shops (510),(03) Interior Alterations,953,10000,CN,0,53.64126376699378,-113.47812068865771,,1,
2017-06-22T00:00:00.000,2017,6,2017-06-22T00:00:00.000,Commercial Final,"201, 3514 - ALLAN DRIVE SW",Plan 1524442 Blk 6 Lot 4,AMBLESIDE,5505,To construct interior alterations to a shell health service building to fit up a health clinic. (Body Restoration),Office Buildings (520),(03) Interior Alterations,5400,352000,DC1,0,53.42895595223701,-113.59083586150972,,1,
2017-06-21T00:00:00.000,2017,6,2017-06-21T00:00:00.000,Commercial Final,"104A, 10430 - 61 AVENUE NW",Plan 4976KS Blk 40 Lot 2,ALLENDALE,5010,"To construct interior alterations to an existing mixed use building for Dr. Tarek Algariani Clinic and Pharmacy. Scope of work includes interior partition walls for offices, 1 barrier-free washroom, 1 non-barrier-free washroom, and millwork.",Office Buildings (520),(03) Interior Alterations,3025,57000,CG,0,53.49862827252241,-113.49950807483255,,1,
2017-06-21T00:00:00.000,2017,6,2017-06-21T00:00:00.000,Commercial Final,4121 - 118 AVENUE NW,Plan 7242AH Blk 5 Lots 3-4,BEVERLY HEIGHTS,2100,To construct Interior Alterations to an existing retail space to open a new pharmacy.,Retail and Shops (510),(03) Interior Alterations,1250,20000,MU,0,53.5701119482525,-113.40583405555329,,1,
2017-06-21T00:00:00.000,2017,6,2017-06-21T00:00:00.000,Commercial Final,"204, 7609 - 109 STREET NW","Condo Common Area (Plan 1720082,1423850)",QUEEN ALEXANDRA,5330,"To construct interior alterations (Tenant fit up) to a shell unit in an existing health building. (2nd Floor, United Health Centre)",Office Buildings (520),(03) Interior Alterations,1142,45000,MU,0,53.512612758212185,-113.51150911137242,,1,
2017-06-13T00:00:00.000,2017,6,2017-06-13T00:00:00.000,Commercial Final,1532 - 91 STREET SW,Condo Common Area (Plan 1623793),ELLERSLIE INDUSTRIAL,6214,"To construct interior alterations to a tenant space in an existing 3 storey mixed use commercial building, initial tenant fit-out for a medical clinic with accessory pharmacy (Medicus)",Office Buildings (520),(03) Interior Alterations,2874,280000,EIB,0,53.41901888259273,-113.47947159201162,,1,
2017-06-12T00:00:00.000,2017,6,2017-06-12T00:00:00.000,Commercial Final,13812 - 40 STREET NW,Plan 0022276 Blk 3 Lot 2,CLAREVIEW TOWN CENTRE,2145,"To change the occupancy classification from mercantile to business and personal services, and to construct interior alterations; tenant fit up for a chiropractic center (The Chiropractic Wellness Studio).",Office Buildings (520),(03) Interior Alterations,4100,310000,DC2,0,53.59893485929973,-113.4047622950948,,1,
2017-06-07T00:00:00.000,2017,6,2017-06-07T00:00:00.000,Commercial Final,12147 - 82 STREET NW,Plan RN63 Blk 1 Lot 39,EASTWOOD,1100,To change the Use from General Retail Stores to Convenience Retail Stores and Health Services and to construct interior alterations. (IDEAL MEDICAL CENTER AND PHARMACY),Office Buildings (520),(03) Interior Alterations,6150,300000,CN,0,53.5765467792291,-113.46678451595218,,1,
2017-05-30T00:00:00.000,2017,5,2017-05-30T00:00:00.000,Commercial Final,7910 - 112 AVENUE NW,Plan 0722966 Blk 14 Lot 29,CROMDALE,1070,To construct interior alterations to existing health centre; 4 storage rooms located within parkade (East Edmonton Health Centre),"Clinics, Health Units (642)",(03) Interior Alterations,900,25000,UF,0,53.562011171169786,-113.46326893507315,,1,
2017-05-29T00:00:00.000,2017,5,2017-05-29T00:00:00.000,Commercial Final,9662 - 107A AVENUE NW,Plan ND Blk 26 Lots 25-27,MCCAULEY,1140,"To construct interior alterations to an existing retail floor space for Chinatown iPharmacy. Scope of work is for nonloadbearing interior partition wall and millwork only. No changes to existing washroom, storage or boiler room.",Retail and Shops (510),(03) Interior Alterations,,15000,MU,0,53.553088382377055,-113.48953019359367,,1,
2017-05-18T00:00:00.000,2017,5,2017-05-18T00:00:00.000,Commercial Final,"105A, 1006 - 103A STREET SW",Plan 1324176 Unit 2,CASHMAN,5466,To construct interior alterations to a tenant space in a mixed use commercial building. (Dr Peter Yoo Dental Clinic),Apartments (310),(03) Interior Alterations,2070,270000,DC1,0,,,,1,
2017-05-04T00:00:00.000,2017,5,2017-05-04T00:00:00.000,Commercial Final,"101, 10416 - 95 STREET NW",Condo Common Area (Plan 1421901),BOYLE STREET,1020,To construct interior alterations in an existing shell CRU space - Boyle Renaissance Clinic & Pharmacy.,Office Buildings (520),(03) Interior Alterations,3120,200000,DC1,0,53.549098343303164,-113.4813394123251,,1,
2017-04-27T00:00:00.000,2017,4,2017-04-27T00:00:00.000,Commercial Final,6119 - 28 AVENUE NW,Plan 1021680 Unit 2,MILL WOODS TOWN CENTRE,6520,"To construct interior alterations to an existing persoanal services space (D) occupancy and to develop a retail space(E) occupancy, as a part of the adjacent medical clinic.  (Main Street Pharmacy - Mill Woods Town Centre).",Retail and Shops (510),(03) Interior Alterations,1160,30000,DC2,0,53.45863445403277,-113.42765129439503,,1,
2017-04-26T00:00:00.000,2017,4,2017-04-26T00:00:00.000,Commercial Final,"202, 10430 - 61 AVENUE NW",Plan 4976KS Blk 40 Lot 2,ALLENDALE,5010,"To construct interior alterations suite 202 to a second floor tenant space in a commercial building, initial tenant fit up for pediatric clinic.",Office Buildings (520),(03) Interior Alterations,2640,240000,CG,0,53.49862827252241,-113.49950807483255,,1,
2017-04-21T00:00:00.000,2017,4,2017-04-21T00:00:00.000,Commercial Final,"219, 6650 - 177 STREET NW",Plan 8521170 Blk 10 Lot 4,CALLINGWOOD SOUTH,4080,"To construct interior alterations at Callingwood Professional Centre (""Dr. Linda Xie Callingwood Dental Health""; expansion of existing clinic into neighbouring tenancy).",Office Buildings (520),(03) Interior Alterations,3127,100000,DC2,0,53.501518987757606,-113.6289445881858,,1,
2017-04-21T00:00:00.000,2017,4,2017-04-21T00:00:00.000,Commercial Final,"101, 6040 - ANDREWS WAY SW",Plan 1524442 Blk 20 Lot 89,AMBLESIDE,5505,"To construct a commercial retail/offices use building, Shell only  - Windermere Gate Medical. NO Washrooms, 1 RTU, NO DEMISING WALLS","Malls, Office/Retail (512)",(01) New,16328,4600000,DC1,0,53.4302324470528,-113.59237022945297,,1,
2017-04-20T00:00:00.000,2017,4,2017-04-20T00:00:00.000,Commercial Final,10419 - 102 AVENUE NW,Condo Common Area (Plan 0425177),DOWNTOWN,1090,"To construct interior alterations to an existing mixed use commercial building, expanding existing personal sevices (Medical clinic) tenant space into adjacent CRU and adding a retail space (Pharmacy). (Metro City Medical Clinic)",Office Buildings (520),(03) Interior Alterations,1950,260000,UW,0,53.54276542139098,-113.50054946807741,,1,
2017-04-12T00:00:00.000,2017,4,2017-04-12T00:00:00.000,Commercial Final,8701 - 109 STREET NW,Plan 8722052 Blk 186 Lot 13A,GARNEAU,5200,To change the Use from Veterinary Services to Restaurant to operate as a Takeout/pick up delivery establishment and to construct interior alterations (expanding restaurant in unit 8701 into unit 8703).(Phobulous),Restaurants and Bars (540),(03) Interior Alterations,2100,50000,MU,0,53.52307141479651,-113.51151367703154,,1,
2017-04-11T00:00:00.000,2017,4,2017-04-11T00:00:00.000,Commercial Final,9450 - 17 AVENUE NW,Plan 0221455 Blk 2 Lot 7A,EDMONTON RESEARCH AND DEVELOPMENT PARK,6190,"To construct interior & exterior alterations to ""Schlumberger"" office & laboratory building (adding roof top unit, adding fume hoods to main floor, converting room 79 into walk-in cooler, converting room 73 into walk-in freezer, converting room 74 into drying room, adding drains in main lab and rooms 75 & 77, and adding dust removal system to room 81).",Laboratory/Research Centres (580),(03) Interior Alterations,16191.72,110000,BE,0,53.44878653280719,-113.47494931671213,,1,
2017-04-11T00:00:00.000,2017,4,2017-04-11T00:00:00.000,Commercial Final,"132, 550 - CLAREVIEW ROAD NW",Plan 7621843 Blk 31 Lot 1,KERNOHAN,2390,To Construct interior alterations to an existing medical office space.  Front reception renovation + cosmetic upgrades. (Dr. Sandhar / Sidhu Clinic),Office Buildings (520),(03) Interior Alterations,999.97,14000,CN,0,53.59399507713101,-113.38518857418073,,1,
2017-04-11T00:00:00.000,2017,4,2017-04-11T00:00:00.000,Commercial Final,"105, 9934 - 137 AVENUE NW",Plan 1523747 Blk 27 Lot 5,GRIESBACH,3111,"To construct tenant fit-up at Griesbach Village Building 9 (""Griesbach Dental"").",Office Buildings (520),(03) Interior Alterations,2701,100000,"GVC, RA8g, GVC",0,53.600928122047,-113.49517080209618,,1,
2017-04-07T00:00:00.000,2017,4,2017-04-07T00:00:00.000,Commercial Final,8411 - 91 STREET NW,Plan 7920285 Blk 2 Lot 2,BONNIE DOON,6040,To change the use of a portion of an existing health care into new offices (Group B3 to D) - Covenant Care Headquarters.,Office Buildings (520),(03) Interior Alterations,4700,80000,DC2,0,53.52051974714443,-113.4664556258818,,1,
2017-04-04T00:00:00.000,2017,4,2017-04-04T00:00:00.000,Commercial Final,2358 - 23 AVENUE NW,Plan 0424871 Blk 23 Lot 105,SILVER BERRY,6442,To construct an interior fit up of a health clinic and pharmacy in a CRU in a new shell building. (Existing 2 hour demising walls and RTU's),Office Buildings (520),(03) Interior Alterations,2969,137500,CG,0,53.454699402328785,-113.37600394457529,,1,
2017-03-31T00:00:00.000,2017,3,2017-03-31T00:00:00.000,Commercial Final,15415 - 128 AVENUE NW,Plan 0921731 Blk B Lot 15,MISTATIM INDUSTRIAL,4320,To construct an addition to existing office/laboratory building and construct interior alterations to existing building - Hexion Research and Development.,Laboratory/Research Centres (580),(02) Addition,948,630000,"IH, IM",0,53.582836480120775,-113.58799939003735,,1,
2017-03-31T00:00:00.000,2017,3,2017-03-31T00:00:00.000,Commercial Final,"200, 10924 - 107 AVENUE NW",Plan B4 Blk 9 Lot 179,QUEEN MARY PARK,1180,To construct interior alterations to the 2nd storey of a mixed used commercial building. (Alberta Retina Clinic),Office Buildings (520),(03) Interior Alterations,6800,682500,MU,0,53.55158786259345,-113.50974389865334,,1,
2017-03-27T00:00:00.000,2017,3,2017-03-27T00:00:00.000,Commercial Final,3812 - 53 AVENUE NW,Plan 0628377 Blk 20 Lot 4,PYLYPOW INDUSTRIAL,6590,"To construct interior alterations to an industrial building - Pylypow Industrial Park;  Phase 2, Bldg. B:  3804/3808 (bay #9 and 10 - Mill Log Wilson equipment - see permit #071444185-001);   3812/3816/3820 (bay 6, 7 and 8 - Great Canadian Construction); 3824 - Mechanical Room; 3828/3832 (bay 4 and 5 - Applied Indistrial Technologies); 3836 (bay 3 - Waterflood Office); 3840 (bay 2 - Praxair); 3844 (bay 1 - Sinclair Dental - see permit # 071462904-001).","Storage Buildings, Warehouses (460)",(03) Interior Alterations,13620,400000,IM,0,53.4911825067549,-113.40285443244133,,1,
2017-03-27T00:00:00.000,2017,3,2017-03-27T00:00:00.000,Commercial Final,9509 - 156 STREET NW,Plan 6530ET Blk 7 Lots 3-6,WEST JASPER PLACE,4580,"To construct interior alterations in an existing multi use building (upgrades to main floor lobby, second & third floor washrooms) -  West End Medical & Professional Building.","Clinics, Health Units (642)",(03) Interior Alterations,2350,100000,CSC,0,53.53182581504128,-113.58941879824667,,1,
2017-03-16T00:00:00.000,2017,3,2017-03-16T00:00:00.000,Commercial Final,12712 - 137 AVENUE NW,Plan 8621967 Blk 1 Lot E,PEMBINA,3340,To Construct interior alterations in two existing office spaces.  Expanding existing dental clinic into adjacent bay & updating. (Soft Touch Dentistry),Office Buildings (520),(03) Interior Alterations,2450,250000,CN,0,53.59990845717219,-113.5422594600008,,1,
2017-03-14T00:00:00.000,2017,3,2017-03-14T00:00:00.000,Commercial Final,1090 - YOUVILLE DRIVE WEST NW,Plan 8220154 Blk 4 Lot 1,TAWA,6720,Interior fit up to an existing shelled space (4th floor)  to create a Children's Health Clinic,"Clinics, Health Units (642)",(03) Interior Alterations,1,1300000,UF,0,53.46207164132757,-113.42954068805554,,1,
2017-03-10T00:00:00.000,2017,3,2017-03-10T00:00:00.000,Commercial Final,"300, 10924 - 107 AVENUE NW",Plan B4 Blk 9 Lot 179,QUEEN MARY PARK,1180,"To construct interior alterations to a portion of the 3rd storey of a mixed used commercial building, half floor office fit out. (Harvest Building - Doctors Office)",Office Buildings (520),(03) Interior Alterations,4377.78,367500,MU,0,53.55158786259345,-113.50974389865334,,1,
2017-03-06T00:00:00.000,2017,3,2017-03-06T00:00:00.000,Commercial Final,9116 - 111 AVENUE NW,Condo Common Area (Plan 1723428),MCCAULEY,1140,"To construct a Mixed-Uses building for West Stadium Square. Health Services/General Retail/Veterinary Services, and Specialty Food Services on the main floor; 14 Dwellings of Apartment Housing on the 2nd, and 3rd floors). Includes 21 RTUs and 3 1hr demising walls on main floor. No washrooms provided on main floor. This permit includes interior alterations/tenant improvements for Medical clinic and vet clinic on the main floor. All other tenant improvements require additional permits.",Office Complex (522),(01) New,,3550478,"DC2, DC2, MU",14,53.56044692680106,-113.48136047999586,,1,
2017-03-01T00:00:00.000,2017,3,2017-03-01T00:00:00.000,Commercial Final,14078 - 127 STREET NW,Plan 1221516 Blk B Lot 6,PEMBINA,3340,To Construct interior alterations in an existing commercial floor space.  Beaumaris Medical Clinic.,Office Buildings (520),(03) Interior Alterations,3473,81000,"CN, CN",0,53.60328948688768,-113.5422423415914,,1,
2017-02-28T00:00:00.000,2017,2,2017-02-28T00:00:00.000,Commercial Final,"203, 11808 - ST ALBERT TRAIL NW","Plan 1464KS Blk 1 Lots 54,55U,56U,57U,58U",DOVERCOURT,3170,"To construct interior alterations to an existing office space, remove and replace partitions and millwork to reorganize work spaces. (Faces Medical)",Office Buildings (520),(03) Interior Alterations,585,15000,CG,0,53.570958827460196,-113.55068677110387,,1,
2017-02-27T00:00:00.000,2017,2,2017-02-27T00:00:00.000,Commercial Final,"MNFL, 10350 - 172 STREET NW",Plan 8021656 Blk 10 Lot 12,STONE INDUSTRIAL,4510,"To construct interior alterations to an existing business and personal service building (""i-Pax Clinic""; constructing partitions, finishes, reworking mechanical and electrical, constructing two barrier free washrooms).","Clinics, Health Units (642)",(03) Interior Alterations,2476,125000,BE,0,53.54662402155038,-113.61832961709737,,1,
2017-02-27T00:00:00.000,2017,2,2017-02-27T00:00:00.000,Commercial Final,1508 - 91 STREET SW,Condo Common Area (Plan 1623793),ELLERSLIE INDUSTRIAL,6214,"To construct original tenant fit-up at a shell office building (""Ellerslie Physiotherapy Clinic"").",Office Buildings (520),(03) Interior Alterations,2145,80000,EIB,0,53.41901888259273,-113.47947159201162,,1,
2017-02-22T00:00:00.000,2017,2,2017-02-22T00:00:00.000,Commercial Final,14127 - 23 AVENUE NW,Plan 0625889 Blk 2 Lot 97B,MAGRATH HEIGHTS,5476,"To construct interior alterations to The Market at Magrath (""Alpine Health""; constructing partitions to seperate work areas at a naturopathic clinic).",Office Buildings (520),(03) Interior Alterations,1386.5,26000,"CG, CG",0,53.45312262501477,-113.56287396758091,,1,
2017-02-16T00:00:00.000,2017,2,2017-02-16T00:00:00.000,Commercial Final,11025 - 9 AVENUE NW,Plan 0024386 Lot A,ANTHONY HENDAY SOUTH,4014,To construct interior alterations to fit up a new CRU in an existing Health Services/Retail Commercial Use building. (Running Creek Physical Therapy and Sports Injury Clinic),Office Buildings (520),(03) Interior Alterations,1662,140000,CN,0,53.43894790020626,-113.51712780610765,,1,
2017-02-07T00:00:00.000,2017,2,2017-02-07T00:00:00.000,Commercial Final,"401, 316 - WINDERMERE ROAD NW",Plan 1620168 Unit 283,WINDERMERE,5570,"To construct original tenant fit-up at Windermere Plaza (""Windermere Health Clinic"", suite #401).",Office Buildings (520),(03) Interior Alterations,4666.5,27000,DC2,0,53.44039936696204,-113.61878593611148,,1,
2017-02-06T00:00:00.000,2017,2,2017-02-06T00:00:00.000,Commercial Final,5016 - 106 AVENUE NW,Plan 1821688 Blk 30 Lot 41,CAPILANO,6061,To change the Use of a portion of a Personal Service Shop to Convenience Retail Stores (pharmacy) and to construct interior alterations. (ALL CARE PHARMACY SERVICE),Retail and Shops (510),(03) Interior Alterations,2306,17500,CNC,0,53.55178938927529,-113.41986869933996,,1,
2017-01-31T00:00:00.000,2017,1,2017-01-31T00:00:00.000,Commercial Final,"201, 16114 - 100A AVENUE NW",Plan 2331HW Blk 3 Lot 20,GLENWOOD,4180,"To construct interior alterations at Glenwood Health Centre West (""Lifesaver YEG"", Unit #201; constructing classroom that will change Building Code use from personal services to assembly).",Indoor Recreational Buildings (560),(01) New,1190,2500,MU,0,53.541009650853944,-113.59972140794146,,1,
2017-01-27T00:00:00.000,2017,1,2017-01-27T00:00:00.000,Commercial Final,8740 - 165 STREET NW,Plan 3235NY Blk 3 Lot 4,WEST MEADOWLARK PARK,4590,"To construct a temporary fence hoarding for an existing Extended Medical Treatment Services building (replace stepped sunroom curtain walls on the south, north and east elevations). Effective until Feb 19, 2017. Extending hoarding up to April 30, 2017.",Hoarding (910),(01) New,,300,UF,0,53.521371566786144,-113.60995066935894,,1,
2017-01-25T00:00:00.000,2017,1,2017-01-25T00:00:00.000,Commercial Final,"204, 16028 - 100A AVENUE NW",Plan 1124881 Blk 3 Lot 26,GLENWOOD,4180,To construct interior alterations to create doctors offices/exam rooms. (Unit 204-Glennwood Internal Medicine Clinic),Office Buildings (520),(03) Interior Alterations,1437,93000,"MU, MU",0,53.54077138041618,-113.59860998883583,,1,
2017-01-25T00:00:00.000,2017,1,2017-01-25T00:00:00.000,Commercial Final,"910, 10665 - JASPER AVENUE NW",Plan 8620900 Blk 6 Lot 60B,DOWNTOWN,1090,"To construct interior alterations to an existing medical office, interior finishes, millwork and electrical.  (Dr. Hernandez)",Office Buildings (520),(03) Interior Alterations,250,21000,"JAMSC, CMU",0,53.54056798760067,-113.50408539635224,,1,
2017-01-24T00:00:00.000,2017,1,2017-01-24T00:00:00.000,Commercial Final,2531 - 17 STREET NW,Plan 1425070 Blk 8 Lot 78,TAMARACK,6443,"To change the use from retail to business and personal services (Group E to D) and to construct an interior alterations - Tamarack Vet Clinic (building ""CRU C"").",Animal and Plant Services (410),(03) Interior Alterations,1615,154000,CG,0,53.45677527295122,-113.367375775548,,1,
2017-01-18T00:00:00.000,2017,1,2017-01-18T00:00:00.000,Commercial Final,2939 - ELLWOOD DRIVE SW,Plan 0920863 Unit 19,ELLERSLIE INDUSTRIAL,6214,To change the Use from General Industrial and Indoor Participant Recreation Services to Veterinary Services and to construct interior alterations (adding one interior door on main floor and one interior door on second floor),Animal and Plant Services (410),(03) Interior Alterations,1812.64,3000,EIB,0,53.42882290539042,-113.4784250091174,,1,
2017-01-17T00:00:00.000,2017,1,2017-01-17T00:00:00.000,Commercial Final,9711 - 137 AVENUE NW,Plan 9021630 Blk 10A Lot 7,ROSSLYN,3390,To change the use from a Veterinary Service Use to a Health Service Use and to construct interior alterations.,Retail and Shops (510),(03) Interior Alterations,2512,35000,CG,0,53.59881098450665,-113.4929302038683,,1,
2017-01-12T00:00:00.000,2017,1,2017-01-12T00:00:00.000,Commercial Final,6291 - ANDREWS LOOP SW,Condo Common Area (Plan 1623758),AMBLESIDE,5505,"To construct interior alterations at Windermere Gate Plaza (""ABC Dental"").",Office Buildings (520),(03) Interior Alterations,2029.19,349000,,0,,,,1,
2017-01-12T00:00:00.000,2017,1,2017-01-12T00:00:00.000,Commercial Final,15557 - STONY PLAIN ROAD NW,Plan 5229AD Blk 1 Lots 5-6,WEST JASPER PLACE,4580,"To construct interior alterations at ""Corner Pharmacy"" (expanding pharmacy to include a medical clinic).",Retail and Shops (510),(03) Interior Alterations,3879,55000,CB1,0,53.540995222490544,-113.58990547516586,,1,
2017-01-10T00:00:00.000,2017,1,2017-01-10T00:00:00.000,Commercial Final,9012 - 132 AVENUE NW,Plan 942MC Blk 18 Lot 1,GLENGARRY,2290,"To construct original tenant fit-up at Glengarry Shopping Center (""Northtown Pharmacy"").",Retail and Shops (510),(03) Interior Alterations,590,5000,CN,0,53.59246960256509,-113.48124362890496,,1,
2017-01-10T00:00:00.000,2017,1,2017-01-10T00:00:00.000,Commercial Final,9804 - 165 STREET NW,Plan 1023877 Blk 6 Lot 28,GLENWOOD,4180,To construct an addition to an extended medical treatment building - Villa Marguerite.,"Day Cares, Nursing Homes (650)",(02) Addition,,15000000,UF,0,53.536384275055774,-113.60786921833561,,1,
2017-01-05T00:00:00.000,2017,1,2017-01-05T00:00:00.000,Commercial Final,"109, 10430 - 61 AVENUE NW",Plan 4976KS Blk 40 Lot 2,ALLENDALE,5010,"To construct interior alterations to Allendale Medical Building (""Pearl Denture"").",Retail and Shops (510),(03) Interior Alterations,1052,100000,CG,0,53.49862827252241,-113.49950807483255,,1,
2017-01-05T00:00:00.000,2017,1,2017-01-05T00:00:00.000,Commercial Final,1207 - 91 STREET SW,Condo Common Area (Plan 1021820),SUMMERSIDE,6213,"To construct interior alterations to an existing multi-use commercial building (""Solution Traumatic Stress & Injury Clinic"", suite 306).",Office Buildings (520),(03) Interior Alterations,1026,5000,"EIB, EIB",0,53.42251793816707,-113.47369760429758,,1,
2017-01-03T00:00:00.000,2017,1,2017-01-03T00:00:00.000,Commercial Final,11029 - 9 AVENUE NW,Plan 0024386 Lot A,ANTHONY HENDAY SOUTH,4014,To construct an tenant improvemant to an existing business/personal service and retail building.  Addding a pharmacy and cafe to a vacant CRU.,Retail and Shops (510),(03) Interior Alterations,2665,450000,CN,0,53.43894790020626,-113.51712780610765,,1,
2016-12-22T00:00:00.000,2016,12,2016-12-22T00:00:00.000,Commercial Final,10823 - 23 AVENUE NW,Plan 8120954 Blk 2 Lot 51,KEHEEWIN,5250,"To construct interior alterations, increasing area of dental clinic by taking over space previously used by a dry cleaning business. (Heritage Lane Dental )",Office Buildings (520),(03) Interior Alterations,,285000,DC2,0,53.45311633178198,-113.50784119508867,,1,
2016-12-21T00:00:00.000,2016,12,2016-12-21T00:00:00.000,Commercial Final,10382 - 105 STREET NW,Condo Common Area (Plan 1025042),DOWNTOWN,1090,To change of use from assembly to general retail and to construct interior alterations for tenant fit-up to an existing mixed use commercial building. (Remedy Rx Pharmacy),Retail and Shops (510),(03) Interior Alterations,,35000,UW,0,53.54587317123319,-113.50160130183947,,1,
2016-12-15T00:00:00.000,2016,12,2016-12-15T00:00:00.000,Commercial Final,10003 - 106 AVENUE NW,Plan 9321356 Lot 149A,MCCAULEY,1140,"To construct interior alterations to an existing retail tenant space (interior partitions for consulting rooms, millwork and finishes). (Pharmacy)",Retail and Shops (510),(03) Interior Alterations,,30000,MU,0,53.549550621390445,-113.49236493197357,,1,
2016-12-14T00:00:00.000,2016,12,2016-12-14T00:00:00.000,Commercial Final,6420 - 101 AVENUE NW,Plan 0223183 Blk 4 Lot 5,TERRACE HEIGHTS,6730,"To construct interior alterations to a seniors care faciliity / Nursing Home, ""Hardisty Care Centre"" (Fire Safety Upgrades on all floors)","Day Cares, Nursing Homes (650)",(03) Interior Alterations,,3000000,MU,0,53.54183716935526,-113.43049503117543,,1,
2016-12-13T00:00:00.000,2016,12,2016-12-13T00:00:00.000,Commercial Final,7007 - 116 STREET NW,Plan 4663AK Blk X,UNIVERSITY OF ALBERTA FARM,5530,"To construct exterior alterations to an existing government admin building, replace sloped skylight with curtain wall. (Medical Examiners Building)",Office Buildings (520),(03) Exterior Alterations,,442000,AJ,0,53.50608659308615,-113.52996262838344,,1,
2016-12-12T00:00:00.000,2016,12,2016-12-12T00:00:00.000,Commercial Final,11270 - 82 STREET NW,Plan 2021647 Blk 9 Lot 6,CROMDALE,1070,"Summary of citizen complaint: The journey from car to the sidewalk is through the parking lot is long and unsafe and access into building is not easily accessible. Entry door is heavy and difficult to open and barrier path of travel, sidewalk and building access may be non conforming.    No permits on file for interior alterations to shell building or tenant fit up for Galaxy Medical Clinic.","Malls, Office/Retail (512)",(01) New,,925000,CB1,0,53.562003432756455,-113.46776326154546,,1,
2016-12-07T00:00:00.000,2016,12,2016-12-07T00:00:00.000,Commercial Final,4627 - 118 AVENUE NW,Plan 4874KS Blk 2 Lot 11,BEVERLY HEIGHTS,2100,"To construct interior alterations to a general retail ""JL Pharmacare Pharmacy Ltd"".",Retail and Shops (510),(03) Interior Alterations,1000,5000,MU,0,53.57010418797485,-113.41386798694498,,1,
2016-12-06T00:00:00.000,2016,12,2016-12-06T00:00:00.000,Commercial Final,13222 - 127 STREET NW,Plan 5720RS Blk 33 Lot 25A,WELLINGTON,3430,To change the use of an office to retail (Group D to E) and construct interior alterations - Wellington Pharmacy.,Retail and Shops (510),(03) Interior Alterations,700,200,MU,0,53.59277605904772,-113.5416952626216,,1,
2016-11-30T00:00:00.000,2016,11,2016-11-30T00:00:00.000,Commercial Final,10977 - 50 STREET NW,Plan 0941211 Blk 1 Lot 35,RIVER VALLEY GOLD BAR,6620,To construct interior and exterior alterations (replacing existing chiller at existing Laboratory and removing old chiller unit) to an existing Minor Impact Utility Services building (Gold Bar Wastewater Treatment Plant).,Utility Buildings (480),(03) Interior Alterations,,221000,"PU, PU",0,53.56034441313749,-113.41087962050264,,1,
2016-11-29T00:00:00.000,2016,11,2016-11-29T00:00:00.000,Commercial Final,10473 - 80 AVENUE NW,"Plan 8146ET Blk 44 Lots A,B,C,D,E,F,G,H,J",QUEEN ALEXANDRA,5330,"To construct interior alterations to an existing mixed use commercial building, tenant fit up for a dental clinic with max occupancy 10  (Infinity Dental).",Office Buildings (520),(03) Interior Alterations,2520,55000,MU,0,53.51572157622942,-113.49904200694054,,1,
2016-11-18T00:00:00.000,2016,11,2016-11-18T00:00:00.000,Commercial Final,9707 - 108 AVENUE NW,Plan 1421749 Blk 13 Lot 31,MCCAULEY,1140,"To change the use from a retail to a health service with retail (Medical Clinic 760 sq/ft and Pharmacy 620 sq/ft), Single Occupancy. ""Evergreen Clinic and Pharmacy"".",Retail and Shops (510),(03) Interior Alterations,1380,7548,MU,0,53.553126314231065,-113.49056485122158,,1,
2016-11-17T00:00:00.000,2016,11,2016-11-17T00:00:00.000,Commercial Final,4011 - 106 STREET NW,Plan 4082RS Blk 9 Lot A,DUGGAN,5160,"To construct interior alterations to an existing health services building, office re-fit for a dental clinic. (Duggan Family Dental)",Office Buildings (520),(03) Interior Alterations,2283,419100,CN,0,53.47513974452293,-113.50472609457134,,1,
2016-11-16T00:00:00.000,2016,11,2016-11-16T00:00:00.000,Commercial Final,8610 - JASPER AVENUE NW,"Plan 3552RS Blk 6 Lots 1A,2A,3A,4A,5U","BOYLE STREET, RURAL NORTH EAST HORSE HILL","1020, 2670",To construct exterior alterations to residental building (new tie back anchor system) - North Tower of Riverside Towers.,Apartments (310),(03) Exterior Alterations,,23765,AG,0,53.554439755882505,-113.47311954557118,,1,
2016-11-03T00:00:00.000,2016,11,2016-11-03T00:00:00.000,Commercial Final,16244 - ELLERSLIE ROAD SW,Plan 1321077 Blk 4 Lot 1,AMBLESIDE,5505,To construct interior alterations in an existing shell building - Ambleside Building 2 for TSPC Dental. Includes 2 barrier free washrooms and interior partition walls.,Office Buildings (520),(03) Interior Alterations,1700,100000,CN,0,53.42443529988586,-113.60441659615172,,1,
2016-10-25T00:00:00.000,2016,10,2016-10-25T00:00:00.000,Commercial Final,12775 - 50 STREET NW,Plan 7720215 Lot X,HOMESTEADER,2350,To change the Use from General Retail Use to Health Services Use and to construct an interior alterations to expand the existing Personal & Health Services space. ( Insight Medical Imaging),Office Buildings (520),(03) Interior Alterations,,385000,CG,0,53.58669500709661,-113.41721371014533,,1,
2016-10-25T00:00:00.000,2016,10,2016-10-25T00:00:00.000,Commercial Final,7609 - 109 STREET NW,"Condo Common Area (Plan 1720082,1423850)",QUEEN ALEXANDRA,5330,To Construct interior alterations in an existing commercial building.  Dr. Coe Radiology.,"Clinics, Health Units (642)",(03) Interior Alterations,1410,150000,MU,0,53.512612758212185,-113.51150911137242,,1,
2016-10-24T00:00:00.000,2016,10,2016-10-24T00:00:00.000,Commercial Final,"202, 728 - 91 STREET SW",Plan 1125270 Blk 1 Lot 13,ELLERSLIE INDUSTRIAL,6214,To Construct interior alterations in an existing shell space. (Aspire Physiotherapy Clinic),"Clinics, Health Units (642)",(03) Interior Alterations,,75000,EIB,0,53.426617341434365,-113.47476098787388,,1,
2016-10-11T00:00:00.000,2016,10,2016-10-11T00:00:00.000,Commercial Final,16515 - 88 AVENUE NW,Plan 0726880 Blk 3 Lot 5,WEST MEADOWLARK PARK,4590,To construct exterior alterations (FENCED COURTYARDS on means of egress) to an Extended Medical Treatment Services building (Villa Caritas),Hospitals (640),(03) Exterior Alterations,1000,4999,US,0,53.52173529717909,-113.6120563656399,,1,
2016-10-06T00:00:00.000,2016,10,2016-10-06T00:00:00.000,Commercial Final,10507 - 81 AVENUE NW,Plan 8146ET Blk 48 Lot D,QUEEN ALEXANDRA,5330,To construct interior alterations to an existing D occupancy Tenant space (Partitions for an Therapeutic Massage Clinic),Retail and Shops (510),(03) Interior Alterations,732,6000,MU,0,53.51681694354183,-113.50118345801765,,1,
2016-10-04T00:00:00.000,2016,10,2016-10-04T00:00:00.000,Commercial Final,14072 - 127 STREET NW,Plan 1221516 Blk B Lot 6,PEMBINA,3340,To construct interior alterations in an existing shell commercial space for BP Clinic and Pharmacy. Scope of work includes new 45min demising wall and 2 barrier-free washrooms????,"Clinics, Health Units (642)",(03) Interior Alterations,3627,300000,"CN, CN",0,53.60328948688768,-113.5422423415914,,1,
2016-09-29T00:00:00.000,2016,9,2016-09-29T00:00:00.000,Commercial Final,"201, 8768 - 149 STREET NW",Plan 5572HW Blk 1 Lots 4-10,JASPER PARK,4230,"To construct interior alterations to an existing office space, (Elevation Physiotherapy). Scope of work includes non-rated demising wall between units 200 and 201 (D to D).",Office Buildings (520),(03) Interior Alterations,,63500,CG,0,53.52069258720819,-113.57848917394982,,1,
2016-09-28T00:00:00.000,2016,9,2016-09-28T00:00:00.000,Commercial Final,11051 - 95 STREET NW,Plan 3169ET Lots 3-5,MCCAULEY,1140,"To construct a health service and retail use building SHELL ONLY (0 Demising Walls, 0 WaterClosets, 1 RTU) - Medical Facility on 95th.","Clinics, Health Units (642)",(01) New,11743,2086014,MU,0,53.55954290809028,-113.48631560947719,,1,
2016-09-28T00:00:00.000,2016,9,2016-09-28T00:00:00.000,Commercial Final,10120 - 149 STREET NW,Plan 965AH Blk 61 Lots 19-23,CANORA,4090,"To construct interior alterations to change the use of an existing liquor store to a business services occupancy (""Supreme Health Drug Therapy Management Clinic"").",Retail and Shops (510),(03) Interior Alterations,1470,32500,MU,0,53.5421872844354,-113.57859221910489,,1,
2016-09-22T00:00:00.000,2016,9,2016-09-22T00:00:00.000,Commercial Final,"202, 12020 - 104 AVENUE NW",Plan 1425753 Blk 21 Lot 2,WÎHKWÊNTÔWIN,1151,To construct interior alterations to a commercial building - Oliver Park Dental.,Office Buildings (520),(03) Interior Alterations,3207,300000,DC1,0,53.54712597621243,-113.52826944549822,,1,
2016-09-21T00:00:00.000,2016,9,2016-09-21T00:00:00.000,Commercial Final,3832 - 137 AVENUE NW,Plan 0224472 Blk 2 Lot 2,CLAREVIEW TOWN CENTRE,2145,To construct interior alterations for Smart Centre Pharmacy.,Retail and Shops (510),(03) Interior Alterations,,12000,DC2,0,53.599749991439424,-113.40153525150001,,1,
2016-09-21T00:00:00.000,2016,9,2016-09-21T00:00:00.000,Commercial Final,"101, 5016 - 162 AVENUE NW",Plan 1523990 Unit 2,HOLLICK-KENYON,2340,To add health services use to a retail store and to construct interior alterations - Hollick Kenyon Medical Clinic.,Office Buildings (520),(03) Interior Alterations,,46948,CN,0,53.62281923340593,-113.41453824435857,,1,
2016-09-21T00:00:00.000,2016,9,2016-09-21T00:00:00.000,Commercial Final,11148 - 124 STREET NW,Plan 2531AB Blk 4 Lot 10,INGLEWOOD,3240,To construct interior alterations to an existing Office Building- Medical and Dental Facility- BIGSTONE DENTAL.(2nd floor fit up),Office Buildings (520),(03) Interior Alterations,,451466,CN,0,53.56031223906507,-113.53642927689093,,1,
2016-09-15T00:00:00.000,2016,9,2016-09-15T00:00:00.000,Commercial Final,2771 - HEWES WAY NW,Plan 1021680 Unit 2,MILL WOODS TOWN CENTRE,6520,"To operate a Health Service (walk-in medical clinic), and to construct interior alterations.",Office Buildings (520),(03) Interior Alterations,560,45000,"DC2, DC2",0,53.45863445403277,-113.42765129439503,,1,
2016-09-14T00:00:00.000,2016,9,2016-09-14T00:00:00.000,Commercial Final,11111 - JASPER AVENUE NW,Plan NB Blk 11 Lots 31-56,WÎHKWÊNTÔWIN,1151,"to construct interior alterations to an existing health care space, (water damage restoration, Edmonton General Hospital)",Hospitals (640),(03) Interior Alterations,,2000000,UF,0,53.53987441955332,-113.51303047880194,,1,
2016-09-13T00:00:00.000,2016,9,2016-09-13T00:00:00.000,Commercial Final,8440 - 112 STREET NW,Plan 9826528 Lot 6,UNIVERSITY OF ALBERTA,5520,To construct interior alterations to an existing health care building (water damage restoration) -Walter Mackenzie Hospital.,Hospitals (640),(03) Interior Alterations,20000,2000000,AJ,0,53.5207215065611,-113.52321908985577,,1,
2016-09-13T00:00:00.000,2016,9,2016-09-13T00:00:00.000,Commercial Final,13211 - 132 STREET NW,Plan 4479KS Blk 24 Lot 1,WELLINGTON,3430,To construct an interior alterations for an expansion of Pharmacy Retail space to a portion of adjacent retail space - existing without a building permit. ( Dolar Drugs Pharmacy ),Retail and Shops (510),(03) Interior Alterations,,100000,CN,0,53.59249045966253,-113.54843428402464,,1,
2016-09-07T00:00:00.000,2016,9,2016-09-07T00:00:00.000,Commercial Final,"202, 8768 - 149 STREET NW",Plan 5572HW Blk 1 Lots 4-10,JASPER PARK,4230,To change the Use from Professional Financial and Office Support Service to Health Service and to construct interior alterations (medical clinic).,"Clinics, Health Units (642)",(03) Interior Alterations,1458,128000,CG,0,53.52069258720819,-113.57848917394982,,1,
2016-09-06T00:00:00.000,2016,9,2016-09-06T00:00:00.000,Commercial Final,11033 - 9 AVENUE NW,Plan 0024386 Lot A,ANTHONY HENDAY SOUTH,4014,"To construct interior alterations to an existing shell building (Dr. Salopek Clinic). Scope of work includes 45 min demising wall both sides, exam rooms, 2 barrier-free washrooms, 1hr rated janitor room, 1hr rated mechanical room",Office Buildings (520),(03) Interior Alterations,394.5,636960,CN,0,53.43894790020626,-113.51712780610765,,1,
2016-09-01T00:00:00.000,2016,9,2016-09-01T00:00:00.000,Commercial Final,"103, 4222 - GATEWAY BOULEVARD NW",Plan 9422309 Blk 5 Lot 4,CALGARY TRAIL SOUTH,5120,To construct interior alterations that will change the use of an existing CRU (converting retail store to dental office).,Retail and Shops (510),(03) Interior Alterations,2794.625,350000,CG,0,53.478740780796606,-113.4937153065692,,1,
2016-08-31T00:00:00.000,2016,8,2016-08-31T00:00:00.000,Commercial Final,"201, 625 - PARSONS ROAD SW","Condo Common Area (Plan 1025118,1124188,1222508,1225045)",ELLERSLIE INDUSTRIAL,6214,"to construct interior alterations to an existing medical office, (new partitions, new sinks)",Office Buildings (520),(03) Interior Alterations,,20000,EIB,0,53.42780507616379,-113.47874722351949,,1,
2016-08-29T00:00:00.000,2016,8,2016-08-29T00:00:00.000,Commercial Final,8740 - 165 STREET NW,Plan 3235NY Blk 3 Lot 4,WEST MEADOWLARK PARK,4590,"To construct exterior alterations to an existing Extended Medical Treatment Services building (replace stepped sunroom curtain walls on the south, north and east elevations).","Day Cares, Nursing Homes (650)",(03) Exterior Alterations,,643562,UF,0,53.521371566786144,-113.60995066935894,,1,
2016-08-25T00:00:00.000,2016,8,2016-08-25T00:00:00.000,Commercial Final,8005 - 104 STREET NW,"Plan I Blk 50 Lots 1-13,26-30",STRATHCONA JUNCTION,5151,To construct interior alterations to an existing dental clinic expanding to an existing retail space - Urban Smiles Family Dental Clinic.,Office Buildings (520),(03) Interior Alterations,,175000,MU,0,53.51660221621287,-113.49667713732471,,1,
2016-08-25T00:00:00.000,2016,8,2016-08-25T00:00:00.000,Commercial Final,4345 - 50 STREET NW,Plan 9123322 Blk 1 Lot 56,JACKSON HEIGHTS,6330,To construct interior alterations (pharmacy),Retail and Shops (510),(03) Interior Alterations,953,27300,DC2,0,53.481359549679695,-113.41716300559278,,1,
2016-08-24T00:00:00.000,2016,8,2016-08-24T00:00:00.000,Commercial Final,11051 - 95 STREET NW,Plan 3169ET Lots 3-5,MCCAULEY,1140,To construct a temporary fence hoarding for demo and new construction build (Medical Facility on 95).  Expires April 30/17.,Hoarding (910),(01) New,,0,MU,0,53.55954290809028,-113.48631560947719,,1,
2016-08-24T00:00:00.000,2016,8,2016-08-24T00:00:00.000,Commercial Final,17912 - 107 AVENUE NW,"Condo Common Area (Plan 9524843,8122419,9423803)",WILSON INDUSTRIAL,4640,To construct a 291 sq.m. addition (second floor) and to construct interior alteration to an existing industrial building - Viridis Medical Marijuana.,Animal and Plant Services (410),(03) Interior Alterations,,800000,IM,0,53.553644320399506,-113.62953067090191,,1,
2016-07-27T00:00:00.000,2016,7,2016-07-27T00:00:00.000,Commercial Final,4422 - 17 STREET NW,Plan 0620021 Blk 21 Lot 10,LARKSPUR,6390,To construct interior alterations to an existing commercial building (tenant fit up) - Royal Dental.,Office Buildings (520),(03) Interior Alterations,,320000,"CG, DC2",0,53.480426082502255,-113.37375762246327,,1,
2016-07-22T00:00:00.000,2016,7,2016-07-22T00:00:00.000,Commercial Final,9640 - 149 STREET NW,Plan 6231ET Blk 66 Lot 3,WEST JASPER PLACE,4580,To construct an addition to a Veterinary Services and Health Services Use building and to construct interior and exterior alterations (revised landscaping and parking area),Animal and Plant Services (410),(02) Addition,,350000,CN,0,53.53430976261497,-113.57853744443234,,1,
2016-07-20T00:00:00.000,2016,7,2016-07-20T00:00:00.000,Commercial Final,"3, 5408 - 53 AVENUE NW",Plan 8220320 Blk 4 Lot 21,ROPER INDUSTRIAL,6640,"To construct interior alterations (renovating existing church into ""Reel Doctor"", Unit 3 at Markaz Centre).",Retail and Shops (510),(03) Interior Alterations,983.083,5000,BE,0,53.49099845590688,-113.42177560741469,,1,
2016-07-18T00:00:00.000,2016,7,2016-07-18T00:00:00.000,Commercial Final,1756 - 34 AVENUE NW,Plan 1125688 Blk 62 Lot 2B,WILD ROSE,6790,"To add the Use of a Health Services, tenant fit-up to an existing General Retail Stores. (PHARMACY AND MEDICAL CLINIC)",Retail and Shops (510),(03) Interior Alterations,,130000,CN,0,53.468013233629584,-113.37065119380625,,1,
2016-07-14T00:00:00.000,2016,7,2016-07-14T00:00:00.000,Commercial Final,16522 - 59A STREET NW,Plan 1520615 Blk 17 Lot 130A,MATT BERRY,2500,To construct a new tenant fit up in an shell building.  Deacon Dental.,Office Buildings (520),(03) Interior Alterations,,90000,CN,0,53.62770029215375,-113.43149321575893,,1,
2016-07-12T00:00:00.000,2016,7,2016-07-12T00:00:00.000,Commercial Final,"101, 10620 - 116 STREET NW",Plan 1822340 Blk 16 Lot 364,QUEEN MARY PARK,1180,"To construct a 178-dwelling residental building on an existing underground parkade ""Vibe""",Apartments (310),(01) New,,32151250,"DC1, DC",178,,,,1,
2016-07-05T00:00:00.000,2016,7,2016-07-05T00:00:00.000,Commercial Final,1504 - 91 STREET SW,Condo Common Area (Plan 1623793),ELLERSLIE INDUSTRIAL,6214,"To change the use from a Professional, Financial, and Office Support Service to a Health Services Use (Orchards Dental) and construct interior alterations, tenant fit up.",Retail and Shops (510),(03) Interior Alterations,2741,326000,EIB,0,,,,1,
2016-06-27T00:00:00.000,2016,6,2016-06-27T00:00:00.000,Commercial Final,17314 - 99 AVENUE NW,Plan 9721914 Blk 42 Lot 4,TERRA LOSA,4540,"To construct interior alterations to a general retail store, ""Terralosa Pharmacy"" Edmonton West Building.",Retail and Shops (510),(03) Interior Alterations,645,20000,"DC1, DC1",0,53.536816849741506,-113.62038353198254,,1,
2016-06-23T00:00:00.000,2016,6,2016-06-23T00:00:00.000,Commercial Final,"401, 10154 - 104 STREET NW","Condo Common Area (Plan 1024741,1125068)",DOWNTOWN,1090,To change the Use from Convenience Retail Stores to Health Services and to construct interior alterations (tenant improvements - dental clinic).,Retail and Shops (510),(03) Interior Alterations,2000,250000,HA,0,53.54218739292731,-113.49976930911387,,1,
2016-06-22T00:00:00.000,2016,6,2016-06-22T00:00:00.000,Commercial Final,11206 - JASPER AVENUE NW,Plan 9522442 Blk 12 Lot 167,WÎHKWÊNTÔWIN,1151,To change the use of a bay from retail to dental office (Group E to D) and construct interior alterations - Core Dental.,Retail and Shops (510),(03) Interior Alterations,,246432,MU,0,53.54128203327379,-113.51486640449751,,1,
2016-06-16T00:00:00.000,2016,6,2016-06-16T00:00:00.000,Commercial Final,5021 - ELLERSLIE ROAD SW,Plan 1422177 Blk 30 Lot 3,WALKER,6662,To change the Use of two bays from General Retail Stores to Health Services and to construct interior alterations (Harvest Pointe Dental Clinic),Office Buildings (520),(03) Interior Alterations,,100000,DC1,0,53.42378822326454,-113.42020828770451,,1,
2016-06-16T00:00:00.000,2016,6,2016-06-16T00:00:00.000,Commercial Final,3832 - 137 AVENUE NW,Plan 0224472 Blk 2 Lot 2,CLAREVIEW TOWN CENTRE,2145,To change the use from retail to personal services and to construct interior alterations for Smart Centre North Edm Doctor's Office. Scope of work includes 4 washrooms (2 barrier-free) washrooms and interior partition walls.,Retail and Shops (510),(03) Interior Alterations,,300000,DC2,0,53.599749991439424,-113.40153525150001,,1,
2016-06-15T00:00:00.000,2016,6,2016-06-15T00:00:00.000,Commercial Final,590 - HERMITAGE ROAD NW,Plan 4907TR Blk 15 Lot 80,HOMESTEADER,2350,To construct interior alterations (Pharmacy),Retail and Shops (510),(03) Interior Alterations,1060,7900,DC2,0,53.587180426011905,-113.40612599359713,,1,
2016-06-14T00:00:00.000,2016,6,2016-06-14T00:00:00.000,Commercial Final,13164 - 118 AVENUE NW,Plan 5401KS Blk 17 Lot 62A,SHERBROOKE,3410,To change the Use from Personal Service Shops and General Retail Stores to Health Services and Convenience Retail Stores. (SHERBROOK MEDICAL CLINIC AND PHARMACY) and construct interior alterations,Retail and Shops (510),(03) Interior Alterations,2698,80000,CG,0,53.571249131755316,-113.5490326560372,,1,
2016-06-09T00:00:00.000,2016,6,2016-06-09T00:00:00.000,Commercial Final,"205, 16028 - 100A AVENUE NW",Plan 1124881 Blk 3 Lot 26,GLENWOOD,4180,To construct interior alterations in an existing health services building.  Glennwood Medical Centre.,"Clinics, Health Units (642)",(03) Interior Alterations,,80000,"MU, MU",0,53.54077138041618,-113.59860998883583,,1,
2016-06-07T00:00:00.000,2016,6,2016-06-07T00:00:00.000,Commercial Final,1304 - WEBBER GREENS DRIVE NW,Plan 1121290 Blk 37 Lot 140,WEBBER GREENS,4740,"To change the use from Professional, Financial and Office Support Service to a Health Service use and to construct interior alterations (dental clinic / tenant improvements).",Office Buildings (520),(03) Interior Alterations,2390,289000,DC1,0,53.52910150048903,-113.68705415187483,,1,
2016-06-07T00:00:00.000,2016,6,2016-06-07T00:00:00.000,Commercial Final,10707 - 100 AVENUE NW,Plan NB Blk 7 Lots 57-58,DOWNTOWN,1090,To construct interior alterations (expansion of dental clinic),Office Buildings (520),(03) Interior Alterations,3553,301000,CMU,0,53.53859780242245,-113.50528036979519,,1,
2016-05-27T00:00:00.000,2016,5,2016-05-27T00:00:00.000,Commercial Final,"184, 1 - LONDONDERRY MALL NW","Plan 5119RS Blk 1 Lots 50,53",KILDARE,2400,"To change the use from a General Retail Store to a Health Service Use - (Hearing Care Clinic, Londonderry Mall near The Bay) and construct interior alterations.",Retail and Shops (510),(03) Interior Alterations,,120000,CG,0,53.602268122097875,-113.44571961188608,,1,
2016-05-24T00:00:00.000,2016,5,2016-05-24T00:00:00.000,Commercial Final,10835 - 77 AVENUE NW,Plan 1423850 Unit 106,QUEEN ALEXANDRA,5330,To construct interior alterations to an existing Health Services space. (United Health Centre),Office Buildings (520),(03) Interior Alterations,605,25000,MU,0,53.512612758212185,-113.51150911137242,,1,
2016-05-20T00:00:00.000,2016,5,2016-05-20T00:00:00.000,Commercial Final,"206, 12222 - 137 AVENUE NW",Plan 7922542 Blk 35 Lot 29,BARANOW,3020,"To construct interior alterations to an existing dental office (""Yu Dental Clinic"").","Clinics, Health Units (642)",(03) Interior Alterations,2532,403000,"CG, RM",0,53.60075205803242,-113.53283164288216,,1,
2016-05-19T00:00:00.000,2016,5,2016-05-19T00:00:00.000,Commercial Final,1752 - 34 AVENUE NW,Plan 1125688 Blk 62 Lot 2B,WILD ROSE,6790,"To construct interior alterations to a health service, Dental Clinic, Sector 17 Plaza.",Office Buildings (520),(03) Interior Alterations,,175000,CN,0,53.468013233629584,-113.37065119380625,,1,
2016-05-19T00:00:00.000,2016,5,2016-05-19T00:00:00.000,Commercial Final,8770 - 149 STREET NW,Plan 5572HW Blk 1 Lots 4-10,JASPER PARK,4230,"To construct interior alterations (""Lynnwood Audiology Clinic"").",Office Buildings (520),(03) Interior Alterations,1075.25,53000,CG,0,53.52069258720819,-113.57848917394982,,1,
2016-05-12T00:00:00.000,2016,5,2016-05-12T00:00:00.000,Commercial Final,"202, 16028 - 100A AVENUE NW",Plan 1124881 Blk 3 Lot 26,GLENWOOD,4180,"To construct interior alterations to an Glenwood Health Centre (""Echolab"", expanding into adjacent suite #202.  Glenwood Health Centre.","Clinics, Health Units (642)",(03) Interior Alterations,1058.75,75000,"MU, MU",0,53.54077138041618,-113.59860998883583,,1,
2016-04-28T00:00:00.000,2016,4,2016-04-28T00:00:00.000,Commercial Final,"114, 12222 - 137 AVENUE NW",Plan 7922542 Blk 35 Lot 29,BARANOW,3020,To construct interior alterations to a Medical Clinic,"Clinics, Health Units (642)",(03) Interior Alterations,1000,18000,"CG, RM",0,53.60075205803242,-113.53283164288216,,1,
2016-04-27T00:00:00.000,2016,4,2016-04-27T00:00:00.000,Commercial Final,11153 - ELLERSLIE ROAD SW,Plan 0627887 Blk 10 Lot 91,RUTHERFORD,5454,To construct interior alterations to an existing office building (Rutherford Cummunity Health Center). Interior alterations for AHS - Addiction and Mental Health Clinic.,Office Buildings (520),(03) Interior Alterations,,768000,CN,0,53.42438295095561,-113.51939602564495,,1,
2016-04-27T00:00:00.000,2016,4,2016-04-27T00:00:00.000,Commercial Final,7709 - 85 STREET NW,Plan 2105HW Blk 11 Lot 8,KING EDWARD PARK,6360,"To construct interior and exterior alterations ""Aloha Spa"". Work includes tenant and facade improvements. This space and adjacent medical clinic for one tenant only.",Retail and Shops (510),(03) Interior Alterations,2575,135000,CN,0,53.51379500920764,-113.45779201149021,,1,
2016-04-27T00:00:00.000,2016,4,2016-04-27T00:00:00.000,Commercial Final,6610 - 132 AVENUE NW,Plan 5587MC Blk 3 Lot 25,DELWOOD,2230,To construct interior alterations to a Pharmacy.,Retail and Shops (510),(03) Interior Alterations,1054,20990,CN,0,53.5925185895757,-113.44346917717776,,1,
2016-04-25T00:00:00.000,2016,4,2016-04-25T00:00:00.000,Commercial Final,12825 - 52 STREET NW,Plan 4983AM Blk D,KENNEDALE INDUSTRIAL,2380,"To change the Use from General Retail Store, Personal Service Shop and Animal Hospital and Shelter to Religious Assembly (40 seats). (Divine Restoration Ministries)",Religious Buildings (660),(03) Interior Alterations,,7698,CB,0,53.58694757702295,-113.42067235646535,,1,
2016-04-22T00:00:00.000,2016,4,2016-04-22T00:00:00.000,Commercial Final,"103, 11910 - 111 AVENUE NW",Plan 9122204 Blk 191 Lot 1A,PRINCE RUPERT,1170,"to construct interior alterations to an existing clinic, (Canada Diagnostic Centres) interior renovations","Clinics, Health Units (642)",(03) Interior Alterations,,400000,DC2,0,53.559838642986406,-113.528122942416,,1,
2016-04-21T00:00:00.000,2016,4,2016-04-21T00:00:00.000,Commercial Final,"201, 11936 - 104 AVENUE NW",Plan 1425753 Blk 21 Lot 2,WÎHKWÊNTÔWIN,1151,"To construct tenant fit-up to an existing shell building in the Brewery District (""Pivotal Physiotherapy"").",Retail and Shops (510),(03) Interior Alterations,4131,365000,DC1,0,53.54712597621243,-113.52826944549822,,1,
2016-04-15T00:00:00.000,2016,4,2016-04-15T00:00:00.000,Commercial Final,6905 - 172 STREET NW,Plan 7922454 Blk 4 Lot 64,CALLINGWOOD NORTH,4070,To Construct interior alterations in an existing medical CRU space.  Expanding into adjacent CRU space.  Callingwood Crossing Medical Clinic.,"Clinics, Health Units (642)",(03) Interior Alterations,4471,400000,DC2,0,53.50509172937147,-113.61886029084518,,1,
2016-03-31T00:00:00.000,2016,3,2016-03-31T00:00:00.000,Commercial Final,15373 - 37 STREET NW,Plan 1223987 Blk 3 Lot 5,GORMAN,2311,To change the use from General Retail Store to Health Services and to construct interior alterations (Orthodontic Clinic - tenant improvements).,"Clinics, Health Units (642)",(03) Interior Alterations,3044,150000,DC1,0,53.615991632757165,-113.39635516670408,,1,
2016-03-29T00:00:00.000,2016,3,2016-03-29T00:00:00.000,Commercial Final,15218 - STONY PLAIN ROAD NW,Plan 2028AO Blk 40 Lot 3,CANORA,4090,To construct interior alterations (Stony Plain Clinic). Work includes interior walls and new barrier-free washroom and shower.,Office Buildings (520),(03) Interior Alterations,,33800,MU,0,53.54158239695781,-113.58427812378756,,1,
2016-03-24T00:00:00.000,2016,3,2016-03-24T00:00:00.000,Commercial Final,6913 - 172 STREET NW,Plan 7922454 Blk 4 Lot 64,CALLINGWOOD NORTH,4070,"To construct interior alterations in an existing CRU at Callingwood Crossing (construct new demising wall and partitions in ""Callingwood Pharmacy"").",Retail and Shops (510),(03) Interior Alterations,957.5,45000,DC2,0,53.50509172937147,-113.61886029084518,,1,
2016-03-18T00:00:00.000,2016,3,2016-03-18T00:00:00.000,Commercial Final,"104, 1103 - 95 STREET SW",Plan 0521382 Blk 9 Lot 1,ELLERSLIE INDUSTRIAL,6214,To construct interior alterations in an existing Shell space. (Resolve Physio & Wellness.),Office Buildings (520),(03) Interior Alterations,,130000,"EIB, EIB",0,53.42031199234728,-113.4795788936807,,1,
2016-03-17T00:00:00.000,2016,3,2016-03-17T00:00:00.000,Commercial Final,103 - MILLBOURNE ROAD EAST NW,Plan 2544TR Blk 24 Lot 63,LEE RIDGE,6400,To construct interior & exterior alterations to an existing CRU space.  Interior alterations & new window and door).  Dr. Parveen Walia Dental.,"Clinics, Health Units (642)",(03) Interior Alterations,2800,125000,CN,0,53.46786657081878,-113.44960120164919,,1,
2016-03-11T00:00:00.000,2016,3,2016-03-11T00:00:00.000,Commercial Final,17318 - 99 AVENUE NW,Plan 9721914 Blk 42 Lot 4,TERRA LOSA,4540,"To construct tenant fit-up in an existing CRU (""Capstone Medical Clinic"").",Retail and Shops (510),(03) Interior Alterations,3150,300000,"DC1, DC1",0,53.536816849741506,-113.62038353198254,,1,
2016-03-08T00:00:00.000,2016,3,2016-03-08T00:00:00.000,Commercial Final,"204, 11808 - ST ALBERT TRAIL NW","Plan 1464KS Blk 1 Lots 54,55U,56U,57U,58U",DOVERCOURT,3170,"To Construct interior alterations in an existing medical use space.  Expanding ""Children's Dental Centre"" into adjacent space.","Clinics, Health Units (642)",(03) Interior Alterations,,115000,CG,0,53.570958827460196,-113.55068677110387,,1,
2016-03-08T00:00:00.000,2016,3,2016-03-08T00:00:00.000,Commercial Final,"202, 7019 - 104 STREET NW",Plan 3900R Blk 39 Lots 5-9,STRATHCONA JUNCTION,5151,"To construct interior alterations to a dental office for unit 202 (Dr. Matthew Saper, Endodontist) New 45min wall to public corridor.","Clinics, Health Units (642)",(03) Interior Alterations,,300000,DC,0,53.50706763122414,-113.49719193167601,,1,
2016-03-08T00:00:00.000,2016,3,2016-03-08T00:00:00.000,Commercial Final,"201, 7019 - 104 STREET NW",Plan 3900R Blk 39 Lots 5-9,STRATHCONA JUNCTION,5151,"To construct a interior alterations to a dental office to suite 201 (for Dr. Cornell Lee, Prosthodontist). New 45min wall for public corridor.","Clinics, Health Units (642)",(03) Interior Alterations,2300,300000,DC,0,53.50706763122414,-113.49719193167601,,1,
2016-03-04T00:00:00.000,2016,3,2016-03-04T00:00:00.000,Commercial Final,5720 - 111 STREET NW,Plan 9720491 Blk 15 Lot 2B,LENDRUM PLACE,5270,To add a Health Service Use to an existing General Retail Store (Lendrum Clinic & Pharmacy) and construct interior alterations.,Retail and Shops (510),(03) Interior Alterations,1629,150000,CG,0,53.495207521255374,-113.51777233027487,,1,
2016-03-03T00:00:00.000,2016,3,2016-03-03T00:00:00.000,Commercial Final,8508 - JASPER AVENUE NW,Plan 1322077 Blk 9 Lot 11,BOYLE STREET,1020,To construct interior alterations in a shell building space. (Edgewater Clinic & Pharmacy),"Clinics, Health Units (642)",(03) Interior Alterations,,250000,DC2,0,53.555383769055304,-113.47180541905452,,1,
2016-03-02T00:00:00.000,2016,3,2016-03-02T00:00:00.000,Commercial Final,"900, 8215 - 112 STREET NW",Plan 5384RS Blk 158 Lot 1A,GARNEAU,5200,"to construct interior alterations to an existing medical services space, (9th floor, College Plaza)","Clinics, Health Units (642)",(03) Interior Alterations,,92000,DC2,0,53.51860391214073,-113.52021095968786,,1,
2016-03-01T00:00:00.000,2016,3,2016-03-01T00:00:00.000,Commercial Final,4324 - 76 AVENUE NW,Plan 7520086 Blk 5 Lot 5,WEIR INDUSTRIAL,6780,"To construct interior alterations to an existing industrial building (pharmaceutical packaging & bottling operation,""Medical Pharmacies"").",Manufacturing Buildings (430),(03) Interior Alterations,5635,280000,IM,0,53.51307582768283,-113.40786220935746,,1,
2016-02-29T00:00:00.000,2016,2,2016-02-29T00:00:00.000,Commercial Final,11423 - 104 AVENUE NW,Plan 1282RS Blk 14D Lot 1,WÎHKWÊNTÔWIN,1151,To add the Use of Health Services to an existing General Retail Store and to construct interior alterations (health clinic and pharmacy).  Oliver Medical Clinic.,"Clinics, Health Units (642)",(03) Interior Alterations,1775,92750,DC1,0,53.54593443501965,-113.51726218005074,,1,
2016-02-29T00:00:00.000,2016,2,2016-02-29T00:00:00.000,Commercial Final,8619 - 109 STREET NW,Plan 3901AJ Blk 186 Lots 21-22,GARNEAU,5200,To add a Health Services Use to an existing General Retail Store and to construct interior alterations (health clinic and pharmacy).  Garneau Medical Clinic.,"Clinics, Health Units (642)",(03) Interior Alterations,1210,46125,MU,0,53.522439569390635,-113.51150965274296,,1,
2016-02-24T00:00:00.000,2016,2,2016-02-24T00:00:00.000,Commercial Final,12407 - 112 AVENUE NW,Plan 2531AB Blk 4 Lot 10,INGLEWOOD,3240,To change the use of a portion of a building from office to retail (main floor) tenant improviements on main and 2nd floor not in contract) and construct interior and exterior alterations - Bigstone Medical Centre.,Office Buildings (520),(03) Interior Alterations,12474,1000000,CN,0,53.56031223906507,-113.53642927689093,,1,
2016-02-17T00:00:00.000,2016,2,2016-02-17T00:00:00.000,Commercial Final,"201, 728 - 91 STREET SW",Plan 1125270 Blk 1 Lot 13,ELLERSLIE INDUSTRIAL,6214,"To construct interior alterations to an existing medical services space, (tenant improvement Nebula Dental Clinic)",Office Buildings (520),(03) Interior Alterations,3200,300000,EIB,0,53.426617341434365,-113.47476098787388,,1,
2016-02-10T00:00:00.000,2016,2,2016-02-10T00:00:00.000,Commercial Final,1 - MEADOWLARK PARK SHOPPING CENTRE NW,Plan 9924575 Blk 10 Lot 2,MEADOWLARK PARK,4310,To Construct interior alterations to the basement of an exising personal service space. (Insite Medical Imaging at Meadolark Mall) (CRU 1001A),Retail and Shops (510),(03) Interior Alterations,,250000,CSC,0,53.520756762483856,-113.59331780244844,,1,
2016-02-04T00:00:00.000,2016,2,2016-02-04T00:00:00.000,Commercial Final,"102, 10430 - 61 AVENUE NW",Plan 4976KS Blk 40 Lot 2,ALLENDALE,5010,"To Change the Use from Retail to Health Services Use, and To Construct interior alterations (dental office).",Office Buildings (520),(03) Interior Alterations,,422000,CG,0,53.498628272507005,-113.49950807487171,,1,
2016-02-02T00:00:00.000,2016,2,2016-02-02T00:00:00.000,Commercial Final,11950 - 17 STREET NW,Plan 1323811 Blk 1 Lot 1,CLOVER BAR AREA,2160,To construct an addition to the existing General Industrial Use building Gilead (Phase 2); laboratory addition.,Laboratory/Research Centres (580),(02) Addition,,14822720,IM,0,53.57223300604654,-113.3631925633019,,1,
2016-01-26T00:00:00.000,2016,1,2016-01-26T00:00:00.000,Commercial Final,"1, 12406 - 118 AVENUE NW",Plan RN64 Blk 4 Lot 1,PRINCE CHARLES,3350,To construct interior alterations in an existing commerical building for a new Dental Clinic,Office Buildings (520),(03) Interior Alterations,2408,130000,MU,0,53.571075604826675,-113.53643779517999,,1,
2016-01-26T00:00:00.000,2016,1,2016-01-26T00:00:00.000,Commercial Final,4351 - SAVARYN DRIVE SW,Condo Common Area (Plan 1620625),SUMMERSIDE,6213,To construct interior alterations to a Veterinary Services (new 130 sq. m. interior 2nd floor and tenant improvements). Lakeview Animal Hospital.,Animal and Plant Services (410),(03) Interior Alterations,3305,298000,EIB,0,,,,1,
2016-01-25T00:00:00.000,2016,1,2016-01-25T00:00:00.000,Commercial Final,3010 - GRANVILLE DRIVE NW,Plan 1322016 Blk A Lot 1,GRANVILLE,4551,To construct interior alterations in an existing Shell CRU space.  Pure Health Clinics @ Shops at Granville.,"Clinics, Health Units (642)",(03) Interior Alterations,,125000,DC1,0,53.51085130642956,-113.67927820544497,,1,
2016-01-19T00:00:00.000,2016,1,2016-01-19T00:00:00.000,Commercial Final,11460 - 17 AVENUE SW,Plan 1221499 Blk 9 Lot 98,RUTHERFORD,5454,To Construct interior alterations in two existing CRU spaces.  Constructing an opening in a demising wall between a pharmacy & a doctor's office.  Opening to be protected with a fire roll-shutter.,Office Buildings (520),(03) Interior Alterations,21,4000,CN,0,53.41508508412786,-113.52427355225349,,1,
2016-01-19T00:00:00.000,2016,1,2016-01-19T00:00:00.000,Commercial Final,11804 - 124 STREET NW,Plan RN64 Blk 4 Lot 1,PRINCE CHARLES,3350,To construct interior alterations (Inglewood Clinic and Pharmacy).,"Clinics, Health Units (642)",(03) Interior Alterations,2900,50000,MU,0,53.571075604826675,-113.53643779517999,,1,
2016-01-14T00:00:00.000,2016,1,2016-01-14T00:00:00.000,Commercial Final,"205, 10430 - 61 AVENUE NW",Plan 4976KS Blk 40 Lot 2,ALLENDALE,5010,To construct interior alterations to a Commercial Building (Second Floor - Medical Clinic).,Office Buildings (520),(03) Interior Alterations,,73867,CG,0,53.498628272507005,-113.49950807487171,,1,
2016-01-12T00:00:00.000,2016,1,2016-01-12T00:00:00.000,Commercial Final,10417 - 79 AVENUE NW,Plan 8146ET Blk 31 Lot E,QUEEN ALEXANDRA,5330,"To change the use from an Automotive and Equipment Repair Shop to an Animal Hospital and Shelter, and construct interior alterations (dog indoor play park).",Animal and Plant Services (410),(03) Interior Alterations,,7000,MU,0,53.514915798858624,-113.49897942860284,,1,
2016-01-12T00:00:00.000,2016,1,2016-01-12T00:00:00.000,Commercial Final,10240 - KINGSWAY NW,Plan 1619KS Blk 2 Lot 313,CENTRAL MCDOUGALL,1030,To Construct interior alterations in an existing Health Care Building.  NICU Renovations @ Royal Alex Hospital rooms 5060 & 5060-1.,Hospitals (640),(03) Interior Alterations,,340000,UF,0,53.5576021800969,-113.49789453631885,,1,
2016-01-08T00:00:00.000,2016,1,2016-01-08T00:00:00.000,Commercial Final,1729 - TOWNE CENTRE BOULEVARD NW,Plan 1123021 Blk 97 Lot 5,TERWILLEGAR TOWNE,5640,To construct interior alterations to a shell space.  New Medical Clinic.,"Clinics, Health Units (642)",(03) Interior Alterations,,48500,MU,0,53.44536493109949,-113.57710459241841,,1,
2016-01-05T00:00:00.000,2016,1,2016-01-05T00:00:00.000,Commercial Final,"2062, 9499 - 137 AVENUE NW",Plan 6594MC Blk 27,GLENGARRY,2290,To Construct interior alterations and expanding an existing CRU (Northgate X-Ray Clinic),"Clinics, Health Units (642)",(03) Interior Alterations,,197000,CG,0,53.59802467936922,-113.48824992320903,,1,
2015-12-15T00:00:00.000,2015,12,2015-12-15T00:00:00.000,Commercial Final,14127 - 23 AVENUE NW,Plan 0625889 Blk 2 Lot 97B,MAGRATH HEIGHTS,5476,To construct interior alterations (Ravine Medical Clinic),"Clinics, Health Units (642)",(03) Interior Alterations,,250000,"CG, CG",0,53.45312262501477,-113.56287396758091,,1,
2015-12-03T00:00:00.000,2015,12,2015-12-03T00:00:00.000,Commercial Final,10530 - 101 STREET NW,Plan B3 Blk 1 Lots 270-272,CENTRAL MCDOUGALL,1030,"To change the Use from Professional, Financial, and Office Support Services to General Retail Stores and to construct interior alterations (tenant improvements for pharmacy).",Retail and Shops (510),(03) Interior Alterations,1380,25000,CG,0,53.548548921331346,-113.49424826643431,,1,
2015-12-02T00:00:00.000,2015,12,2015-12-02T00:00:00.000,Commercial Final,4371 - SAVARYN DRIVE SW,Plan 1522660 Blk 42 Lot 47A,SUMMERSIDE,6213,To construct an Industrial Building containing Office's and Laboratory (Fluid Life Technologies).,Laboratory/Research Centres (580),(01) New,,10230000,EIB,0,,,,1,
2015-11-25T00:00:00.000,2015,11,2015-11-25T00:00:00.000,Commercial Final,5904 - 153 AVENUE NW,Plan 9022396 Blk 26 Lot 1,HOLLICK-KENYON,2340,To construct interior and exterior alterations to a dental clinic (Cloudnine Dental - expanding from one CRU bay to two CRU bays and changing exterior door into window).,Office Buildings (520),(03) Interior Alterations,4843,120000,DC2,0,53.61628362443494,-113.43161648021221,,1,
2015-11-24T00:00:00.000,2015,11,2015-11-24T00:00:00.000,Commercial Final,726 - 91 STREET SW,Plan 1125270 Blk 1 Lot 13,ELLERSLIE INDUSTRIAL,6214,To construct interior alterations to an existing CRU space (Ellwood Pharmacy).,"Clinics, Health Units (642)",(03) Interior Alterations,1290,25000,EIB,0,53.426617341434365,-113.47476098787388,,1,
2015-11-24T00:00:00.000,2015,11,2015-11-24T00:00:00.000,Commercial Final,14030 - 23 AVENUE NW,Plan 0421742 Blk 165 Lot 100,HODGSON,5620,To add General Retail Stores to an existing medical clininc (Rabbit Hill MedicaL Clinic) and to construct interior alterations (Rabbit Hill Pharmacy in medical clinic).,Retail and Shops (510),(03) Interior Alterations,455,14000,CG,0,53.454988556456286,-113.56374388081353,,1,
2015-11-19T00:00:00.000,2015,11,2015-11-19T00:00:00.000,Commercial Final,8944 - 182 STREET NW,Plan 7820298 Blk 17 Lot 2A,BELMEAD,4040,"To construct interior alterations -  new offices and reception area - Infusion Clinic - CBI Health, Suite 222",Office Buildings (520),(03) Interior Alterations,1001,30000,CN,0,53.5245499986922,-113.63924097345966,,1,
2015-11-18T00:00:00.000,2015,11,2015-11-18T00:00:00.000,Commercial Final,"3FL, 9888 - JASPER AVENUE NW",Plan 7820103 Blk H Lot 4,DOWNTOWN,1090,To construct interior alterations to an existing office space (medical clinic) -  Pacific Centre for Reproductive,Office Buildings (520),(03) Interior Alterations,,1500000,CCA,0,53.541709103180395,-113.48817280599928,,1,
2015-11-05T00:00:00.000,2015,11,2015-11-05T00:00:00.000,Commercial Final,"210, 10430 - 61 AVENUE NW",Plan 4976KS Blk 40 Lot 2,ALLENDALE,5010,"To construct interior alterations to a Medical Office, ""McConnell Pediatrics"" (Allendale Medical Building).","Clinics, Health Units (642)",(03) Interior Alterations,2035,223840,CG,0,53.498628272507005,-113.49950807487171,,1,
2015-11-04T00:00:00.000,2015,11,2015-11-04T00:00:00.000,Commercial Final,"159, 1 - MILLBOURNE SHOPPING CENTRE NW",Plan 7720553 Blk 18 Lots 58-59,LEE RIDGE,6400,To construct interior alterations in an existing CRU space.  Sharshar Dental Group (Millbourne Mall).,Office Buildings (520),(03) Interior Alterations,,155000,CG,0,53.472302187920356,-113.45015184936845,,1,
2015-11-04T00:00:00.000,2015,11,2015-11-04T00:00:00.000,Commercial Final,"207, 10430 - 61 AVENUE NW",Plan 4976KS Blk 40 Lot 2,ALLENDALE,5010,"To construct interior alterations in an existing Medical center - second floor. (Pediatric Allergy, Asthma & Immunology)","Clinics, Health Units (642)",(03) Interior Alterations,3200,146500,CG,0,53.498628272507005,-113.49950807487171,,1,
2015-11-02T00:00:00.000,2015,11,2015-11-02T00:00:00.000,Commercial Final,12230 - 106 AVENUE NW,Plan RN22 Blk 7 Lot 10,WESTMOUNT,3440,To construct interior alterations to an existing office building (renovate washrooms) for Alberta Medical  Association Main Floor,Office Buildings (520),(03) Interior Alterations,240,26320,MU,0,53.549554147108225,-113.53363157695115,,1,
2015-10-23T00:00:00.000,2015,10,2015-10-23T00:00:00.000,Commercial Final,3017 - 66 STREET NW,Plan 8220154 Blk 5 Lots 1-2,TAWA,6720,To construct interior alteration to an existing office building (Woman's Health Centre suite 120) (separate exisitng storage room to storage room/office space),Office Buildings (520),(03) Interior Alterations,240,15000,DC2,0,53.461672084717335,-113.43301978773039,,1,
2015-10-21T00:00:00.000,2015,10,2015-10-21T00:00:00.000,Commercial Final,"116, 6655 - 178 STREET NW",Plan 8521170 Blk 10 Lot 5,CALLINGWOOD SOUTH,4080,"To change the Use from Professional, Financial and Office Support Services to Health Services and to construct interior alterations (massage therapy clinic).",Office Buildings (520),(03) Interior Alterations,,30000,CG,0,53.5000041944021,-113.62974061277832,,1,
2015-10-21T00:00:00.000,2015,10,2015-10-21T00:00:00.000,Commercial Final,"204, 5540 - WINDERMERE BOULEVARD NW",Plan 1520610 Unit 194,WINDERMERE,5570,"To construct interior alterations and to operate a Health Services use,  ""Dr Gilbert Enenajor Medical Office"".",Office Buildings (520),(03) Interior Alterations,,150000,DC2,0,53.439899408543816,-113.6197030559702,,1,
2015-10-16T00:00:00.000,2015,10,2015-10-16T00:00:00.000,Commercial Final,9726 - 170 STREET NW,Plan 0123668 Blk 41 Lot 2A,TERRA LOSA,4540,To construct interior alterations to Terra Losa Shopping Centre - Terra Losa Dental Clinic (Dr Rick Mah).,Office Buildings (520),(03) Interior Alterations,2820,350000,DC1,0,53.53373667038287,-113.61738981518923,,1,
2015-10-15T00:00:00.000,2015,10,2015-10-15T00:00:00.000,Commercial Final,15616 - 95 AVENUE NW,Plan 6077KS Blk 23 Lot 3,GLENWOOD,4180,"To construct interior alterations, consisting of the construction of a chiropractic clinic (Parkview Chiropractic)",Office Buildings (520),(03) Interior Alterations,1494,50000,MU,0,53.53193245434737,-113.59154639878048,,1,
2015-10-13T00:00:00.000,2015,10,2015-10-13T00:00:00.000,Commercial Final,"208, 5540 - WINDERMERE BOULEVARD NW",Plan 1520610 Unit 194,WINDERMERE,5570,To construct interior alterations to an existing office building - Windermere Medical Clinic.,Office Buildings (520),(03) Interior Alterations,,250000,"US, RF4, RSL, RA7, DC2",0,,,,1,
2015-10-07T00:00:00.000,2015,10,2015-10-07T00:00:00.000,Commercial Final,8882 - 170 STREET NW,Plan 8421891 Blk 28 Lot 5,SUMMERLEA,4520,To construct interior alteration to CRU #F-157 (Dental FX) in West Edmonton Mall. (first floor beside old Target store),Retail and Shops (510),(03) Interior Alterations,2842,250000,"DC2, DC",0,53.522713555201165,-113.62494764625916,,1,
2015-10-01T00:00:00.000,2015,10,2015-10-01T00:00:00.000,Commercial Final,2949 - 66 STREET NW,Condo Common Area (Plan 9021440),TAWA,6720,To construct interior and exterior alterations for a medical office (replacing garage door with windows; converting garage to waiting area).,Office Buildings (520),(03) Interior Alterations,,125000,DC2,0,53.460821363849874,-113.43292331150933,,1,
2015-09-25T00:00:00.000,2015,9,2015-09-25T00:00:00.000,Commercial Final,13042 - 50 STREET NW,Plan 8820283 Blk 25 Lot 3,KENNEDALE INDUSTRIAL,2380,"To construct interior alterations and change of use from Mercantile (E)  occupancey to a Health Services, ""East Edmonton Medical Clinic"" (D occupancy), Kennedale Plaza.",Retail and Shops (510),(03) Interior Alterations,3814,72000,DC2,0,53.59196759871041,-113.41752939350982,,1,
2015-09-18T00:00:00.000,2015,9,2015-09-18T00:00:00.000,Commercial Final,10004 - JASPER AVENUE NW,Plan F Lot 11,DOWNTOWN,1090,To construct interior alterations in a Commercial School. Fourth floor of CDI College (Dental School).,Post-secondary Institutions (624),(03) Interior Alterations,1690,85000,CCA,0,53.541473644387544,-113.4906897062049,,1,
2015-09-15T00:00:00.000,2015,9,2015-09-15T00:00:00.000,Commercial Final,"8, 1109 - SUMMERSIDE DRIVE SW",Condo Common Area (Plan 0721898),SUMMERSIDE,6213,To change the Use from General Retail to Dental office (expansion of Summerside Dental into adjacent bay) and to construct interior alterations.,Retail and Shops (510),(03) Interior Alterations,,100000,CN,0,53.423922771804286,-113.46219450092515,,1,
2015-09-11T00:00:00.000,2015,9,2015-09-11T00:00:00.000,Commercial Final,15148 - 127 STREET NW,Plan 0625614 Blk 16 Lot 5,CUMBERLAND,3150,To change of use from Retail to Medical Clinic and to construct interior alterations,Retail and Shops (510),(03) Interior Alterations,,70000,CG,0,53.61485617277388,-113.54273561578759,,1,
2015-09-09T00:00:00.000,2015,9,2015-09-09T00:00:00.000,Commercial Final,"204, 8768 - 149 STREET NW",Plan 5572HW Blk 1 Lots 4-10,JASPER PARK,4230,"To construct interior alteration, 2nd floor of a 2 storey medical building Lynnwood Medical Centre / Shopping Centre. Tenant improvement to suite 204.",Office Buildings (520),(03) Interior Alterations,3962,266600,CG,0,53.52069258720819,-113.57848917394982,,1,
2015-09-09T00:00:00.000,2015,9,2015-09-09T00:00:00.000,Commercial Final,"201, 16028 - 100A AVENUE NW",Plan 1124881 Blk 3 Lot 26,GLENWOOD,4180,"To Construct interior alterations to an existing Health Services building, Suite 201. Edmonton Echolab. Dr Alkurtass - Glenwood Health Centre","Clinics, Health Units (642)",(03) Interior Alterations,946,100000,"MU, MU",0,53.54077138041618,-113.59860998883583,,1,
2015-08-31T00:00:00.000,2015,8,2015-08-31T00:00:00.000,Commercial Final,11720 - JASPER AVENUE NW,Plan 5349NY Blk 17 Lot 28A,WÎHKWÊNTÔWIN,1151,To construct interior alterations - Medical Clinc.,"Clinics, Health Units (642)",(03) Interior Alterations,,250000,MU,0,53.54142141740948,-113.52405916099832,,1,
2015-08-21T00:00:00.000,2015,8,2015-08-21T00:00:00.000,Commercial Final,11400 - UNIVERSITY AVENUE NW,Plan 8821049 Blk Q,UNIVERSITY OF ALBERTA,5520,To construct interior alterations to Kaye Edmonton Clinic (7th floor and associated tie-ins at level 0),Office Buildings (520),(03) Interior Alterations,,17000000,AJ,0,53.51896086540338,-113.52614489033581,,1,
2015-08-20T00:00:00.000,2015,8,2015-08-20T00:00:00.000,Commercial Final,13718 - CASTLE DOWNS ROAD NW,Plan 7721921 Blk C Lot 1,CARLISLE,3090,To construct interior alterations to an existing medical clinic,"Clinics, Health Units (642)",(03) Interior Alterations,,150000,MU,0,53.60009446077985,-113.51752466724821,,1,
2015-08-18T00:00:00.000,2015,8,2015-08-18T00:00:00.000,Commercial Final,11407 - 40 AVENUE NW,Plan 3614NY Blk 63 Lot 24A,GREENFIELD,5220,To change the Use from General Retail Stores to Health Services with Accessory General Retail and to construct interior alterations (Health Clinic / Pharmacy).,Retail and Shops (510),(03) Interior Alterations,,100000,CG,0,,,,1,
2015-08-17T00:00:00.000,2015,8,2015-08-17T00:00:00.000,Commercial Final,11822 - 160 STREET NW,Plan 0121900 Blk 4 Lot 1B,HAWIN PARK ESTATE INDUSTRIAL,4190,To construct interior alteration to an Medical office (Sure Hire),Office Buildings (520),(03) Interior Alterations,,61750,BE,0,53.57149198157465,-113.59763138956865,,1,
2015-08-13T00:00:00.000,2015,8,2015-08-13T00:00:00.000,Commercial Final,"164, 1 - MEADOWLARK PARK SHOPPING CENTRE NW",Plan 9924575 Blk 10 Lot 2,MEADOWLARK PARK,4310,"To construct interior alterations to an existing health service, cru 164 ""Meadowlark Dental"", Meadowlark Health Centre.",Retail and Shops (510),(03) Interior Alterations,,180000,CSC,0,53.520756762483856,-113.59331780244844,,1,
2015-08-06T00:00:00.000,2015,8,2015-08-06T00:00:00.000,Commercial Final,"208, 10430 - 61 AVENUE NW",Plan 4976KS Blk 40 Lot 2,ALLENDALE,5010,"To construct interior alteration to an existing office building (Peak Medical Specialty Centre, Unit 208)",Office Buildings (520),(03) Interior Alterations,,388630,CG,0,53.498628272507005,-113.49950807487171,,1,
2015-08-05T00:00:00.000,2015,8,2015-08-05T00:00:00.000,Commercial Final,"168, 17010 - 90 AVENUE NW",Plan 0928218 Blk 30 Lot 10,SUMMERLEA,4520,"To construct interior and exterior alterations to a Health Services, medical office,  ""Westgate Pharmacy"".",Retail and Shops (510),(03) Interior Alterations,,30000,CG,0,53.52589864874137,-113.61744731083935,,1,
2015-07-28T00:00:00.000,2015,7,2015-07-28T00:00:00.000,Commercial Final,8028 - 118 AVENUE NW,Plan 3066KS Blk 2 Lots 1-2,EASTWOOD,1100,To change of use from a Pesonal serive shop (Hair salon) to Medical office (Audiology and hearing diagnostics) and to construct interior alterations,Office Buildings (520),(03) Interior Alterations,,70000,DC2,0,53.57111538510288,-113.46471108391522,,1,
2015-07-28T00:00:00.000,2015,7,2015-07-28T00:00:00.000,Commercial Final,3761 - 17 STREET NW,Plan 0829569 Blk 1 Lot 68,TAMARACK,6443,To construct interior alteration - (Dental Clinic),Retail and Shops (510),(03) Interior Alterations,1640,295000,CG,0,53.47589278453866,-113.36680567274252,,1,
2015-07-24T00:00:00.000,2015,7,2015-07-24T00:00:00.000,Commercial Final,3416 - 43 AVENUE NW,Plan 8223108 Blk 21 Lot 3,KINISKI GARDENS,6370,"To change the use of a Convenience Retail Store to a Health Services with accessory Convenience Retail, and construct interior alterations. (Burnewood Medical Center)",Retail and Shops (510),(03) Interior Alterations,,185000,CN,0,53.48092100943694,-113.39468105260848,,1,
2015-07-16T00:00:00.000,2015,7,2015-07-16T00:00:00.000,Commercial Final,"401, 7609 - 109 STREET NW","Condo Common Area (Plan 1720082,1423850)",QUEEN ALEXANDRA,5330,To construction interior alteration to an existing office building (Suite 401 - foot and ankle clinic),Office Buildings (520),(03) Interior Alterations,,200000,MU,0,53.512612758212185,-113.51150911137242,,1,
2015-07-13T00:00:00.000,2015,7,2015-07-13T00:00:00.000,Commercial Final,9448 - 118 AVENUE NW,Plan 4041X Lots 1-2,ALBERTA AVENUE,1010,To construct interior alterations (medical clinic and pharmacy).,Office Buildings (520),(03) Interior Alterations,,100000,MU,0,53.57063401579446,-113.48705839097397,,1,
2015-07-09T00:00:00.000,2015,7,2015-07-09T00:00:00.000,Commercial Final,"206, 236 - 91 STREET SW",Plan 1122206 Unit 2,ELLERSLIE INDUSTRIAL,6214,To construct interior alterations to General Industrial with accessory sales (Dental Laboratory).,"Storage Buildings, Warehouses (460)",(03) Interior Alterations,,38000,CG,0,53.43149018993753,-113.46934610960153,,1,
2015-07-09T00:00:00.000,2015,7,2015-07-09T00:00:00.000,Commercial Final,5544 - WINDERMERE BOULEVARD NW,Plan 1520610 Unit 194,WINDERMERE,5570,To construct interior alterations to an existing office building (Sphinx Medical Clinic - 5548 and Windermere Pharmacy - 5544).,Office Buildings (520),(03) Interior Alterations,4620,400000,"US, RF4, RSL, RA7, DC2, DC2",0,,,,1,
2015-07-08T00:00:00.000,2015,7,2015-07-08T00:00:00.000,Commercial Final,4211 - CALGARY TRAIL NW,Plan 9422309 Blk 5 Lot 4,CALGARY TRAIL SOUTH,5120,To change the use of a Retail Store to an Eye Clinic (The Eye Clinic) and construct interior alterations.,Retail and Shops (510),(03) Interior Alterations,1300,195000,CG,0,53.478740780796606,-113.4937153065692,,1,
2015-06-29T00:00:00.000,2015,6,2015-06-29T00:00:00.000,Commercial Final,"26, 3110 - 51 AVENUE NW",Plan 1520631 Blk 1 Lot 1,SOUTHEAST INDUSTRIAL,6690,"To construct interior alterations to a general Industrial use,  ""Patterson Dental/Dentaire"" (Phase 2). Mezzanine, conveyor system and new roof tops in warehouse ONLY","Storage Buildings, Warehouses (460)",(03) Interior Alterations,,350000,"PU, IL, IM, IM",0,53.48927806184818,-113.3888175064082,,1,
2015-06-10T00:00:00.000,2015,6,2015-06-10T00:00:00.000,Commercial Final,"26, 3110 - 51 AVENUE NW",Plan 1520631 Blk 1 Lot 1,SOUTHEAST INDUSTRIAL,6690,"To construct interior alterations to a general Industrial use, Warehouse Racking  ""Patterson Dental/Dentaire"" .","Storage Buildings, Warehouses (460)",(03) Interior Alterations,,300000,"PU, IL, IM, IM",0,53.48927806184818,-113.3888175064082,,1,
2015-06-09T00:00:00.000,2015,6,2015-06-09T00:00:00.000,Commercial Final,6119 - 28 AVENUE NW,Plan 1021680 Unit 2,MILL WOODS TOWN CENTRE,6520,To change use and construct interior alterations in a Retail Space - TI for Main Street Family Clinic.,Retail and Shops (510),(03) Interior Alterations,1833,60000,DC2,0,53.45863445403277,-113.42765129439503,,1,
2015-06-09T00:00:00.000,2015,6,2015-06-09T00:00:00.000,Commercial Final,16940 - 87 AVENUE NW,Plan 0726880 Blk 3 Lot 5,WEST MEADOWLARK PARK,4590,"To construct interior alterations to an existing medical treatement services building, flood restoration 2nd floor, Unit 2W & 2N and 3rd floor Unit 3W  ""Misericordia Hospital"".",Hospitals (640),(03) Interior Alterations,,5000000,US,0,53.52173529717909,-113.6120563656399,,1,
2015-06-01T00:00:00.000,2015,6,2015-06-01T00:00:00.000,Commercial Final,9539 - 102A AVENUE NW,Plan 0227867 Blk 5 Lot 16A,BOYLE STREET,1020,To construct an addition to an existing Extended Medical Treatment Services Use building (32.14 sq. m. sunroom addition underneath existing balcony).,"Day Cares, Nursing Homes (650)",(02) Addition,,110000,MU,0,53.545512857008276,-113.48151681156801,,1,
2015-05-26T00:00:00.000,2015,5,2015-05-26T00:00:00.000,Commercial Final,7183 - WINTERBURN ROAD NW,Plan 2522068 Blk 1 Lot 124,GRANVILLE,4551,"To construct interior alterations, add medical gas lines   ""Granville Veterinary Clinic"".",Animal and Plant Services (410),(03) Interior Alterations,,2200,DC,0,53.50706634197067,-113.68713548360495,,1,
2015-05-11T00:00:00.000,2015,5,2015-05-11T00:00:00.000,Commercial Final,"26, 3110 - 51 AVENUE NW",Plan 1520631 Blk 1 Lot 1,SOUTHEAST INDUSTRIAL,6690,"To construct interior and exterior alterations to a general Industrial use, main floor office improvements and new exterior entry door, ""Patterson Dental/Dentaire"" (Phase I).",Office Buildings (520),(03) Interior Alterations,,700000,"PU, IL, IM, IM",0,53.48927806184818,-113.3888175064082,,1,
2015-05-07T00:00:00.000,2015,5,2015-05-07T00:00:00.000,Commercial Final,9411A - 20 AVENUE NW,Plan 8120859 Blk 2 Lot 1,EDMONTON RESEARCH AND DEVELOPMENT PARK,6190,"To construct interior and exterior alterations to a general industial use, laboratory,  ""Schlumberger"" RC1 Lab.",Laboratory/Research Centres (580),(03) Interior Alterations,,329000,BE,0,53.45023274380265,-113.47399210228535,,1,
2015-04-30T00:00:00.000,2015,4,2015-04-30T00:00:00.000,Commercial Final,3020 - GRANVILLE DRIVE NW,Plan 1322016 Blk A Lot 1,GRANVILLE,4551,"To construct interior alterations to a health service,  ""Comfort Dental"" Shops of Granville, Phase B.   Note: Separate permit shall be obtained for Mezzanine floor.",Office Buildings (520),(03) Interior Alterations,,480000,DC1,0,53.51085130642956,-113.67927820544497,,1,
2015-04-27T00:00:00.000,2015,4,2015-04-27T00:00:00.000,Commercial Final,12831 - 97 STREET NW,Plan 1821951 Blk 35 Lot 31,KILLARNEY,2420,To change the Use from General Retail Stores to Veterinary Services and to construct interior alterations.,Retail and Shops (510),(03) Interior Alterations,7500,150000,CSC,0,53.58675590560213,-113.49145981993856,,1,
2015-04-15T00:00:00.000,2015,4,2015-04-15T00:00:00.000,Commercial Final,5315 - 23 AVENUE NW,Plan 7721180 Blk 3 Lot 33,MEYOKUMIN,6460,To construct interior alterations to a Health Services Use (D & D Dental Clinc Millwoods),Retail and Shops (510),(03) Interior Alterations,1800,290000,DC2,0,53.45370223194418,-113.42205226296943,,1,
2015-04-15T00:00:00.000,2015,4,2015-04-15T00:00:00.000,Commercial Final,"110, 5124 - 122 STREET NW",Plan 2923RS Blk 30 Lot 49B,LANSDOWNE,5260,"To construct interior alterations to a Health Service ""Care Plus Medical Clinic"" Lansdowne Shopping Centre.","Clinics, Health Units (642)",(03) Interior Alterations,1756,60000,"CN, DC",0,53.489648584190576,-113.54221747242629,,1,
2015-04-08T00:00:00.000,2015,4,2015-04-08T00:00:00.000,Commercial Final,16915 - 127 STREET NW,Plan 1321434 Blk 1 Lot 2,RAPPERSWILL,3370,"To construct interior alterations (Deansgate Pharmacy) 1 Barrier Free Washroom, Fire Alarm Alteration and Alteration to the occupancy separation (install a doorway to the medical clinic next door 166137839-002)",Retail and Shops (510),(03) Interior Alterations,,95000,CG,0,53.63056370883696,-113.53950592784368,,1,
2015-04-02T00:00:00.000,2015,4,2015-04-02T00:00:00.000,Commercial Final,16923 - 127 STREET NW,Plan 1321434 Blk 1 Lot 2,RAPPERSWILL,3370,"To construct interior alterations to a Health Service, ""Deansgate Medical Clinic""  New Castle.",Office Buildings (520),(03) Interior Alterations,2676,200000,CG,0,53.63056370883696,-113.53950592784368,,1,
2015-04-02T00:00:00.000,2015,4,2015-04-02T00:00:00.000,Commercial Final,"2111D, 1 - LONDONDERRY MALL NW","Plan 5119RS Blk 1 Lots 50,53",KILDARE,2400,To construct Interior Alterations to unit 2111D Londonderry Mall (Dental Office),Retail and Shops (510),(03) Interior Alterations,5489,490000,CG,0,53.602268122097875,-113.44571961188608,,1,
2015-04-01T00:00:00.000,2015,4,2015-04-01T00:00:00.000,Commercial Final,6835 - ELLERSLIE ROAD SW,Plan 1321104 Blk 4 Lot 1A,SUMMERSIDE,6213,"To change the Use from General Retail Stores to Health Services, and to construct Interior Alterations (physio clinic).",Retail and Shops (510),(03) Interior Alterations,,85000,DC2,0,53.42423309487762,-113.44477631452892,,1,
2015-03-19T00:00:00.000,2015,3,2015-03-19T00:00:00.000,Commercial Final,10620 - 116 STREET NW,Plan 1822340 Blk 16 Lot 364,QUEEN MARY PARK,1180,"To construct TEMPORARY HOARDING (closure and covered way)  01 DEC 01, 2014 to MAY 31, 2015; EXTEND Jun 01, 2015 to Nov 30, 2015: EXTEND Dec 01, 2015 to May 31, 2016; EXTEND to Aug 31/16; EXTEND to Nov 30/16; EXTEND to Feb 28, 2017; EXTEND to Mar 31, 2017; EXTEND to April 30, 2017; EXTENDED to May 31, 2017; EXTENDED to June 30, 2017 ; EXTENDED to August 31, 2017for a 178-dwelling residental building on an underground parkade ""Vibe"".",Hoarding (910),(01) New,,9999,"DC1, DC1, DC",0,,,,1,
2015-03-18T00:00:00.000,2015,3,2015-03-18T00:00:00.000,Commercial Final,5540 - WINDERMERE BOULEVARD NW,Plan 1520610 Unit 194,WINDERMERE,5570,To construct interior alterations (dental office),Retail and Shops (510),(03) Interior Alterations,1161,410000,"US, RF4, RSL, RA7, DC2, DC2",0,,,,1,
2015-03-18T00:00:00.000,2015,3,2015-03-18T00:00:00.000,Commercial Final,10527 - KINGSWAY NW,Plan 1420932 Blk V Lot 1,CENTRAL MCDOUGALL,1030,To construct interior alterations (Lifemark Physiotherpy).,"Clinics, Health Units (642)",(03) Interior Alterations,,130000,MU,0,53.55731501788528,-113.50197424466643,,1,
2015-03-13T00:00:00.000,2015,3,2015-03-13T00:00:00.000,Commercial Final,7615 - 109 STREET NW,"Condo Common Area (Plan 1720082,1423850)",QUEEN ALEXANDRA,5330,To construct interior alterations for a medical office.(University Professional Centre),"Clinics, Health Units (642)",(03) Interior Alterations,,500000,"CB1, RA7",0,,,,1,
2015-03-13T00:00:00.000,2015,3,2015-03-13T00:00:00.000,Commercial Final,18011 - 111 AVENUE NW,SW-9-53-25-4,WILSON INDUSTRIAL,4640,To construct interior alterations and to change the use from an Industrial to Personal Service (Private Physiotherapy Clinic with track and gym area -  D Occupancy with minor A2) River Valley Health - BUILT WITHOUT PERMITS,"Clinics, Health Units (642)",(03) Interior Alterations,15418,552300,"IM, BE",0,53.558426029627235,-113.63251391850261,,1,
2015-03-12T00:00:00.000,2015,3,2015-03-12T00:00:00.000,Commercial Final,6941 - ELLERSLIE ROAD SW,Plan 1321104 Blk 4 Lot 1A,SUMMERSIDE,6213,To construct interior alterations to a Veterinary Service,Animal and Plant Services (410),(03) Interior Alterations,1373,75000,DC2,0,53.42423309487762,-113.44477631452892,,1,
2015-03-11T00:00:00.000,2015,3,2015-03-11T00:00:00.000,Commercial Final,8744 - 149 STREET NW,Plan 5572HW Blk 1 Lots 4-10,JASPER PARK,4230,To construct internal alterations to a Veterinary Clinic (Lynnwood Veterinary Hospital),Animal and Plant Services (410),(03) Interior Alterations,,87000,CG,0,53.52069258720819,-113.57848917394982,,1,
2015-03-09T00:00:00.000,2015,3,2015-03-09T00:00:00.000,Commercial Final,11730 - 34 STREET NW,Plan 2408AY Blk X,BEVERLY HEIGHTS,2100,To construct interior alterations (Beverly Towne Pharmacy and Medical Clinic).,"Clinics, Health Units (642)",(03) Interior Alterations,5252,450000,MU,0,53.569800105719445,-113.39544952352509,,1,
2015-03-06T00:00:00.000,2015,3,2015-03-06T00:00:00.000,Commercial Final,9797 - JASPER AVENUE NW,Plan 8222789 Lot A,"RIVERDALE, DOWNTOWN","1210, 1090","To erect a TEMPORARY special events facility (tents, ancillary structures, Ice race track and associated temporary infrastructure, staging areas for event operations and TV Broadcasting, designated spectator areas, and ancillary services for the event and spectators (portable toilets, generators, lighting, visual equipment, medical stations etc.)  (Location: Louise McKinney Park and Shaw Conference Center) Permit valid to March 28, 2015 - Red Bull Crashed Ice.",Temporary Structures (999),(01) New,,100000,"AN, CCA, CCA",0,,,,1,
2015-02-26T00:00:00.000,2015,2,2015-02-26T00:00:00.000,Commercial Final,15614 - 95 AVENUE NW,Plan 6077KS Blk 23 Lot 3,GLENWOOD,4180,"To construct interior alterations to a veterinary service, ""Sandy Lane Pet Clinic"".",Animal and Plant Services (410),(03) Interior Alterations,,120000,MU,0,53.53193245434737,-113.59154639878048,,1,
2015-02-26T00:00:00.000,2015,2,2015-02-26T00:00:00.000,Commercial Final,"201, 16640 - 71 STREET NW",Condo Common Area (Plan 1424117),OZERNA,2600,"To change the Use from Professional, Financial, and Office Support Services to Health Services and to contsruct interior alterations (physiotherapy clinic - tenant improvements).",Office Buildings (520),(03) Interior Alterations,167,40000,"CNC, CN",0,53.62823254133289,-113.4519624503463,,1,
2015-02-26T00:00:00.000,2015,2,2015-02-26T00:00:00.000,Commercial Final,11468 - 17 AVENUE SW,Plan 1221499 Blk 9 Lot 98,RUTHERFORD,5454,"To change the use of two bays from a Convenience Retail/ Health Services to a Veterinary Service, and to construct interior alterations. (Rutherford Veterinary Clinic)",Animal and Plant Services (410),(03) Interior Alterations,,260000,CN,0,53.41508508412786,-113.52427355225349,,1,
2015-02-26T00:00:00.000,2015,2,2015-02-26T00:00:00.000,Commercial Final,8249 - 114 STREET NW,Plan 8420815 Blk G,UNIVERSITY OF ALBERTA,5520,To construct interior alterations to a Medical Treatment Facility (Canadian Red Cross Building) - Add components to Fire Alarm System in the elevator/corridor areas on each floor.,"Clinics, Health Units (642)",(03) Interior Alterations,,27895,AJ,0,53.51897472257887,-113.52460964782821,,1,
2015-02-25T00:00:00.000,2015,2,2015-02-25T00:00:00.000,Commercial Final,10214 - 142 STREET NW,Plan 1920195 Blk A,GROVENOR,3210,"To construct interior alterations to a Professional, Finanacial and Office Support Service building for a Veterinary Clinic.",Animal and Plant Services (410),(03) Interior Alterations,,25000,CSC,0,53.54333937542096,-113.56620729262359,,1,
2015-02-24T00:00:00.000,2015,2,2015-02-24T00:00:00.000,Commercial Final,"101, 1356 - WINDERMERE WAY SW",Condo Common Area (Plan 1421329),WINDERMERE,5570,"To construct interior alterations to a health service ""Windermere Mansions Medical Office"" Windermere Mansions.",Office Buildings (520),(03) Interior Alterations,5000,550000,DC1,0,53.43386384517797,-113.61818614617927,,1,
2015-02-20T00:00:00.000,2015,2,2015-02-20T00:00:00.000,Commercial Final,4905 - GATEWAY BOULEVARD NW,Plan 9120128 Lot F,CALGARY TRAIL NORTH,5110,To construct Interior Alterations to an Office Building - Gateway Medical Clinic (main floor).,Office Buildings (520),(03) Interior Alterations,884,100000,CG,0,53.48694677956814,-113.49107099269894,,1,
2015-02-17T00:00:00.000,2015,2,2015-02-17T00:00:00.000,Commercial Final,6126 - 90 AVENUE NW,Plan 6307MC Blk 46 Lot 20,OTTEWELL,6550,To construct interior alterations to an Optometry Clinic.,Retail and Shops (510),(03) Interior Alterations,2115,150000,MU,0,53.5252492409431,-113.42744384918014,,1,
2015-02-06T00:00:00.000,2015,2,2015-02-06T00:00:00.000,Commercial Final,12514 - 118 AVENUE NW,"Plan 1025HW Blk 5 Lots 1-3,3A",PRINCE CHARLES,3350,To construct interior alterations (Complete Care Pharmacy).,Retail and Shops (510),(03) Interior Alterations,,5000,MU,0,53.57063574174727,-113.53821420557585,,1,
2015-02-03T00:00:00.000,2015,2,2015-02-03T00:00:00.000,Commercial Final,7183 - WINTERBURN ROAD NW,Plan 2522068 Blk 1 Lot 124,GRANVILLE,4551,To construct interior alterations and change to a Health Services (Dental Clinic ),Office Buildings (520),(03) Interior Alterations,2131,421400,DC,0,53.50706634197067,-113.68713548360495,,1,
2015-01-28T00:00:00.000,2015,1,2015-01-28T00:00:00.000,Commercial Final,8215 - 112 STREET NW,Plan 5384RS Blk 158 Lot 1A,GARNEAU,5200,"To construct interior alterations for Homewood Clinic. Suite 1800 (Remove all wall, celing and construct new layout - elevator and washroom core NIC)",Office Buildings (520),(03) Interior Alterations,,500000,DC2,0,53.51860391214073,-113.52021095968786,,1,
2015-01-27T00:00:00.000,2015,1,2015-01-27T00:00:00.000,Commercial Final,"202, 16640 - 71 STREET NW",Condo Common Area (Plan 1424117),OZERNA,2600,"To construct interior alterations to Retail Building, Suite# 202, Dental Office, Dr. Matthew Danchuk, Royal Centre North.",Retail and Shops (510),(03) Interior Alterations,1528,295000,CN,0,53.62823254133289,-113.4519624503463,,1,
2015-01-27T00:00:00.000,2015,1,2015-01-27T00:00:00.000,Commercial Final,17317 - 105 AVENUE NW,"Plan 7720926 Blk 10 Lots 1,11",STONE INDUSTRIAL,4510,"To construct interior alterations to an Indoor Participant Recreation Services / Health Services Use ""Crossfit Gym & Optimize Physiotherapy.",Indoor Recreational Buildings (560),(03) Interior Alterations,,60000,BE,0,53.54812817174295,-113.6191280744479,,1,
2015-01-21T00:00:00.000,2015,1,2015-01-21T00:00:00.000,Commercial Final,6713 - ELLERSLIE ROAD SW,Plan 1321104 Blk 4 Lot 1A,SUMMERSIDE,6213,New CRU to construct interior alterations (tenant improvements). Health Services (Dental Office),Retail and Shops (510),(03) Interior Alterations,1243,200000,DC2,0,53.42423309487762,-113.44477631452892,,1,
2015-01-19T00:00:00.000,2015,1,2015-01-19T00:00:00.000,Commercial Final,"221, 5540 - WINDERMERE BOULEVARD NW",Plan 1520610 Unit 194,WINDERMERE,5570,To construct interior alterations for Physiotherapy second floor ( #221),Office Buildings (520),(03) Interior Alterations,,160000,"US, RF4, RSL, RA7, DC2, DC2",0,,,,1,
2015-01-15T00:00:00.000,2015,1,2015-01-15T00:00:00.000,Commercial Final,6131 - CURRENTS DRIVE NW,Plan 0822223 Blk 14 Lot 2,AMBLESIDE,5505,To construct interior alteration to an existing medical building - 2nd floor (unit 206).,"Clinics, Health Units (642)",(03) Interior Alterations,,1280952,AUVC,0,53.43594013351339,-113.60331718390782,,1,
2015-01-15T00:00:00.000,2015,1,2015-01-15T00:00:00.000,Commercial Final,17010 - 90 AVENUE NW,Plan 0928218 Blk 30 Lot 10,SUMMERLEA,4520,"To construct interior alteration to a general retail, ""Westgate Pharmacy"",  Westgate Centre.",Retail and Shops (510),(03) Interior Alterations,1600,59000,CG,0,53.52589864874137,-113.61744731083935,,1,
2015-01-13T00:00:00.000,2015,1,2015-01-13T00:00:00.000,Commercial Final,12204 - 48 AVENUE NW,Plan 1800NY Blk 24 Lot 18,LANSDOWNE,5260,To change the Use of a Single Detached House to a Health Service (Landsdowne Dental Office) and construct interior alterations.,Office Buildings (520),(10) Convert Residential to Non-Res,1500,15000,DC2,-1,53.48580698787876,-113.54178921206953,,1,
2015-01-06T00:00:00.000,2015,1,2015-01-06T00:00:00.000,Commercial Final,"102, 236 - 91 STREET SW",Plan 1122206 Unit 2,ELLERSLIE INDUSTRIAL,6214,"To change use (retail to personal services) and to construct interior alterations (""Procare Denture Clinic"")",Retail and Shops (510),(03) Interior Alterations,2072,75000,CG,0,53.43149018993753,-113.46934610960153,,1,
2015-01-05T00:00:00.000,2015,1,2015-01-05T00:00:00.000,Commercial Final,9267 - 34 AVENUE NW,Plan 9624284 Blk 3 Lot 2,PARSONS INDUSTRIAL,6570,"To construct interior alterations to an existing health services, (Dental / Optometry Clinic),  reconfigure ""Pretest Room"" and construct new ""Exam Room # 3"", Smiles / Eyes on 34th.",Office Buildings (520),(03) Interior Alterations,100,20000,CG,0,53.465404145691565,-113.47475147521519,,1,
2014-12-18T00:00:00.000,2014,12,2014-12-18T00:00:00.000,Commercial Final,6203 - 28 AVENUE NW,Plan 0022000 Blk 6 Lot 3,MILL WOODS TOWN CENTRE,6520,"To Construct interior alteration to an Office Building, 2nd floor (partial demolition of office space, new demising wall with new interior walls and a new public corridor) - TAWA PHYSIO & LANDLORD WORK.",Office Buildings (520),(03) Interior Alterations,5350,110000,CSC,0,53.4558373514203,-113.43023137236618,,1,
2014-12-18T00:00:00.000,2014,12,2014-12-18T00:00:00.000,Commercial Final,11560 - 104 AVENUE NW,Plan 9121905 Blk 9D Lot 1,"OLIVER, WÎHKWÊNTÔWIN","1150, 1151",To change the use from a Restaurant to Health Services and to construct interior alterations (Insight Medical Imaging).,Office Buildings (520),(03) Interior Alterations,,1250000,DC1,0,53.5470906722294,-113.51924541815043,,1,
2014-12-12T00:00:00.000,2014,12,2014-12-12T00:00:00.000,Commercial Final,"101, 8130 - 82 AVENUE NW",Plan 3515NY Blk 34 Lot 2A,IDYLWYLDE,6320,To change the Use from General Retail Stores to Health Services and to construct interior alterations (Bonnie Doon Medical Clinic - tenant improvements - main floor),Retail and Shops (510),(03) Interior Alterations,,480000,MU,0,53.51835497651155,-113.45351798294932,,1,
2014-12-12T00:00:00.000,2014,12,2014-12-12T00:00:00.000,Commercial Final,15152 - 127 STREET NW,Plan 0625614 Blk 16 Lot 5,CUMBERLAND,3150,"To construct interior alterations to a Veterinary Service ""Oxford Animal Hospital"".",Animal and Plant Services (410),(03) Interior Alterations,1200,140000,CG,0,53.61485617277388,-113.54273561578759,,1,
2014-12-10T00:00:00.000,2014,12,2014-12-10T00:00:00.000,Commercial Final,"300, 7609 - 109 STREET NW","Condo Common Area (Plan 1720082,1423850)",QUEEN ALEXANDRA,5330,"To construct interior alterations to a medical office, Suite 300,  ""Alberta Laser & Dermatology Centre"",  University Professional Centre.",Office Buildings (520),(03) Interior Alterations,6070,860000,MU,0,53.512612758212185,-113.51150911137242,,1,
2014-12-02T00:00:00.000,2014,12,2014-12-02T00:00:00.000,Commercial Final,7809 - 109 STREET NW,Plan 7734AM Blk 174 Lot 16,QUEEN ALEXANDRA,5330,"Comfort Denture Clinic.  Interior alterations, (reception area, 2 work stations, adding 5 sinks).",Office Buildings (520),(03) Interior Alterations,970,5000,MU,0,53.51457296823754,-113.51153781599031,,1,
2014-11-27T00:00:00.000,2014,11,2014-11-27T00:00:00.000,Commercial Final,6131 - CURRENTS DRIVE NW,Plan 0822223 Blk 14 Lot 2,AMBLESIDE,5505,"To change use (retail to personal services) and construct interior alterations for a dental office  ""Dr. Phan Dental Office"" (Building 19).",Office Buildings (520),(03) Interior Alterations,3641,250000,AUVC,0,53.43594013351339,-113.60331718390782,,1,
2014-11-24T00:00:00.000,2014,11,2014-11-24T00:00:00.000,Commercial Final,17819 - 111 AVENUE NW,SW-9-53-25-4,WILSON INDUSTRIAL,4640,To change the Use from Industrial to Office (group F to D) and to construct interior alterations (office for dental supply company with accessory warehouse/showroom; tenant improvements - combining two bays into one).,Office Complex (522),(03) Interior Alterations,6000,250000,"IM, BE",0,53.558426029627235,-113.63251391850261,,1,
2014-11-18T00:00:00.000,2014,11,2014-11-18T00:00:00.000,Commercial Final,1643 - TOWNE CENTRE BOULEVARD NW,Condo Common Area (Plan 1023683),SOUTH TERWILLEGAR,5642,To convert the main floor of an existing Row Housing unit to Health Services and to construct interior alterations (tenant improvements). Accupuncture and Massage clinic.,Row House Condos (335),(03) Interior Alterations,,7500,MU,0,53.443866675511096,-113.57636528452939,,1,
2014-11-18T00:00:00.000,2014,11,2014-11-18T00:00:00.000,Commercial Final,8440 - 112 STREET NW,Plan 9826528 Lot 6,UNIVERSITY OF ALBERTA,5520,To construct interior alterations to U of A Hospital (Dental Clinic) (2nd floor SW),Hospitals (640),(03) Interior Alterations,,750000,AJ,0,53.5207215065611,-113.52321908985577,,1,
2014-11-18T00:00:00.000,2014,11,2014-11-18T00:00:00.000,Commercial Final,8440 - 112 STREET NW,Plan 9826528 Lot 6,UNIVERSITY OF ALBERTA,5520,To construct interior alterations to U of A Hospital (Pediatric Opthamology Clinic) (2F2 Area - level2),Hospitals (640),(03) Interior Alterations,,433000,AJ,0,53.5207215065611,-113.52321908985577,,1,
2014-11-13T00:00:00.000,2014,11,2014-11-13T00:00:00.000,Commercial Final,15154 - 127 STREET NW,Plan 0625614 Blk 16 Lot 5,CUMBERLAND,3150,"To construct interior alterations to a retail building, ""Oxford Physical Wellness Clinic"" Oxford Park Landing, Building 2.","Clinics, Health Units (642)",(03) Interior Alterations,1200,42000,CG,0,53.61485617277388,-113.54273561578759,,1,
2014-11-13T00:00:00.000,2014,11,2014-11-13T00:00:00.000,Commercial Final,15140 - 127 STREET NW,Plan 0625614 Blk 16 Lot 5,CUMBERLAND,3150,"To construct interior alterations to a Retail building - dental clinic ""Skyline Dental"", Oxford Landing Building #2.",Office Buildings (520),(03) Interior Alterations,2362,188800,CG,0,53.61485617277388,-113.54273561578759,,1,
2014-11-05T00:00:00.000,2014,11,2014-11-05T00:00:00.000,Commercial Final,1 - LONDONDERRY MALL NW,"Plan 5119RS Blk 1 Lots 50,53",KILDARE,2400,To construct interior alterations at Londonderry Mall - Unit 238 - Hearing Clinic,Retail and Shops (510),(03) Interior Alterations,1561,30000,CG,0,53.602268122097875,-113.44571961188608,,1,
2014-10-29T00:00:00.000,2014,10,2014-10-29T00:00:00.000,Commercial Final,"300, 12420 - 104 AVENUE NW",Plan 9723862 Blk 31 Lot 4,WESTMOUNT,3440,"To construct interior alterations to a professional office, Suite 300 ""MD Physician Services, 124 Business Park, South Building.",Office Buildings (520),(03) Interior Alterations,9802,700000,"DC2, MU",0,53.54649166671419,-113.53706641207769,,1,
2014-10-29T00:00:00.000,2014,10,2014-10-29T00:00:00.000,Commercial Final,"201, 728 - 91 STREET SW",Plan 1125270 Blk 1 Lot 13,ELLERSLIE INDUSTRIAL,6214,"To construct interior alterations to a health services,  Suite 201 & 203 ""Ellwood Medical Centre"".","Clinics, Health Units (642)",(03) Interior Alterations,8438,625000,EIB,0,53.426617341434365,-113.47476098787388,,1,
2014-10-27T00:00:00.000,2014,10,2014-10-27T00:00:00.000,Commercial Final,6827 - ELLERSLIE ROAD SW,Plan 1321104 Blk 4 Lot 1A,SUMMERSIDE,6213,"To change the use from retail to health services and to construct interior alterations - SUMMERSIDE MEDICAL CLINIC - tenant improvements, first tenant, CRU 2.","Clinics, Health Units (642)",(03) Interior Alterations,2574,400000,DC2,0,53.42423309487762,-113.44477631452892,,1,
2014-10-23T00:00:00.000,2014,10,2014-10-23T00:00:00.000,Commercial Final,3013 - 66 STREET NW,Plan 8220154 Blk 5 Lots 1-2,TAWA,6720,To Construct interior alteration to a common demising wall separating a Retail space and a Dr's office - Pharmasave - Tawa Centre  (opening a six foot portion of the northeast side interior demising wall to access the pharmacy from the Dr's office).,Retail and Shops (510),(03) Interior Alterations,6,2500,DC2,0,53.461672084717335,-113.43301978773039,,1,
2014-10-21T00:00:00.000,2014,10,2014-10-21T00:00:00.000,Commercial Final,7183 - WINTERBURN ROAD NW,Plan 2522068 Blk 1 Lot 124,GRANVILLE,4551,"To construct interior alterations to a Veterinary Services,  ""Granville Veterinary Clinic"". Maximum occupancy 10 people.",Animal and Plant Services (410),(03) Interior Alterations,2000,125000,DC,0,53.5070663419062,-113.68713548361629,,1,
2014-10-17T00:00:00.000,2014,10,2014-10-17T00:00:00.000,Commercial Final,1717 - TOWNE CENTRE BOULEVARD NW,Plan 1123021 Blk 97 Lot 5,TERWILLEGAR TOWNE,5640,"To construct interior alterations to a general retail, main floor cru 7, pharmacy, ""Towne Square Station""",Retail and Shops (510),(03) Interior Alterations,1481,19850,MU,0,53.44536493109949,-113.57710459241841,,1,
2014-10-17T00:00:00.000,2014,10,2014-10-17T00:00:00.000,Commercial Final,1719 - TOWNE CENTRE BOULEVARD NW,Plan 1123021 Blk 97 Lot 5,TERWILLEGAR TOWNE,5640,"To change the Use from General Retail Stores to Health Services and to construct interior alterations (CRU#6 - tenant improvements - dental clinic  ""Towne Square Station"")",Retail and Shops (510),(03) Interior Alterations,1525,227000,MU,0,53.44536493109949,-113.57710459241841,,1,
2014-10-10T00:00:00.000,2014,10,2014-10-10T00:00:00.000,Commercial Final,14437 - MILLER BOULEVARD NW,Plan 0024700 Blk 9 Lot 1,MILLER,2541,"To construct interior alterations (expansion of existing Health Services in 14437 into 14435; tenant improvements) for ""Miller Crossing Dental."" Work includes 2 washrooms and partition walls. 2 Barrier-free washrooms existing. No changes to RTUs or structure.",Retail and Shops (510),(03) Interior Alterations,4154,200000,CN,0,53.60759354427093,-113.41369727767638,,1,
2014-10-09T00:00:00.000,2014,10,2014-10-09T00:00:00.000,Commercial Final,6104 - 172 STREET NW,Plan 7722037 Blk 12 Lot 46,GARIEPY,4160,Construct Interior Alterations to operate a Pharmacy (44 m2) and to remove door in demising wall to adjoining tenant,Retail and Shops (510),(03) Interior Alterations,255,9500,"DC2, DC",0,53.49655976937703,-113.62206994331315,,1,
2014-09-30T00:00:00.000,2014,9,2014-09-30T00:00:00.000,Commercial Final,"610, 11010 - 101 STREET NW","Plan 8222283 Blk 1 Lots 319B,319C",CENTRAL MCDOUGALL,1030,To construct interior alterations to the 6th floor of a Doctors Office - Suite 604,Office Buildings (520),(03) Interior Alterations,,119000,"DC2, MU, MU",0,53.55753988764228,-113.4945432528676,,1,
2014-09-25T00:00:00.000,2014,9,2014-09-25T00:00:00.000,Commercial Final,15753 - 97 STREET NW,Plan 1124524 Blk 2 Lot 14,EAUX CLAIRES,2241,"To construct interior alterations to a personal service shop, ""Smiles & Beyond Denture Clinic."" Maximum occupancy 10 people. No structural changes permitted under this washroom. No changes to washrom",Retail and Shops (510),(03) Interior Alterations,,30000,DC1,0,53.61899465602494,-113.48994764909905,,1,
2014-09-19T00:00:00.000,2014,9,2014-09-19T00:00:00.000,Commercial Final,6142 - 90 AVENUE NW,Plan 6307MC Blk 46 Lot 20,OTTEWELL,6550,"To change the Use from General Retail to a Health Services and to construct interior alterations to a Veterinary Services Use ""Ottewell Animal Clinic"".",Animal and Plant Services (410),(03) Interior Alterations,2960,197000,MU,0,53.5252492409431,-113.42744384918014,,1,
2014-09-03T00:00:00.000,2014,9,2014-09-03T00:00:00.000,Commercial Final,8003 - 104 STREET NW,"Plan I Blk 50 Lots 1-13,26-30",STRATHCONA JUNCTION,5151,To construct Interior Alterations to an existing personal services suite in a commercial building - URBAN SMILES FAMILY DENTAL.,Retail and Shops (510),(03) Interior Alterations,1758,350000,MU,0,53.51660221621287,-113.49667713732471,,1,
2014-08-13T00:00:00.000,2014,8,2014-08-13T00:00:00.000,Commercial Final,"105, 6104 - 172 STREET NW",Plan 7722037 Blk 12 Lot 46,GARIEPY,4160,"To change the Use of a Restaurant to a Health Services and construct interior alterations to optometrist office ""Hamdam Optometry"". Maximum occupant load 10 ppl.",Retail and Shops (510),(03) Interior Alterations,1652,9500,"DC2, DC",0,53.49655976937703,-113.62206994331315,,1,
2014-07-30T00:00:00.000,2014,7,2014-07-30T00:00:00.000,Commercial Final,"101, 625 - PARSONS ROAD SW","Condo Common Area (Plan 1025118,1124188,1222508,1225045)",ELLERSLIE INDUSTRIAL,6214,"Interior Alterations  to a Health Service (397.6m2, ) VEYRON - PARKWOOD MEDICAL CENTRE.",Office Buildings (520),(03) Interior Alterations,,140000,EIB,0,53.42780507616379,-113.47874722351949,,1,
2014-07-21T00:00:00.000,2014,7,2014-07-21T00:00:00.000,Commercial Final,6138 - 90 AVENUE NW,Plan 6307MC Blk 46 Lot 20,OTTEWELL,6550,"To construct interior alterations to an existing medical clinic, Ottewell Medical Office. Pases 1, 2 and 3.",Office Buildings (520),(03) Interior Alterations,2300,48000,MU,0,53.5252492409431,-113.42744384918014,,1,
2014-07-17T00:00:00.000,2014,7,2014-07-17T00:00:00.000,Commercial Final,14433 - MILLER BOULEVARD NW,Plan 0024700 Blk 9 Lot 1,MILLER,2541,"To change the Use from General Retail Stores to Health Services and to construct interior alterations (tenant improvements for H Clinic). 3 offices, 10exam rooms, 1 storage room, 1 electric room, 1 barrier free washroom, 1 BF relaxed washroom, reception/waiting area.",Office Buildings (520),(03) Interior Alterations,2814,180000,CN,0,53.60759354427093,-113.41369727767638,,1,
2014-07-10T00:00:00.000,2014,7,2014-07-10T00:00:00.000,Commercial Final,1535 - LAKEWOOD ROAD WEST NW,Plan 7621055 Blk 23 Lot 1,MEYONOHK,6470,"To construct interior alterations for a personal services shop (""Dr Fatech Clinic""), new offices, staffroom, 4 exam rooms, 2 B.F wc and reception",Retail and Shops (510),(03) Interior Alterations,1532,74000,DC2,0,53.45824122124035,-113.46082523511545,,1,
2014-07-08T00:00:00.000,2014,7,2014-07-08T00:00:00.000,Commercial Final,4208 - 118 AVENUE NW,Plan 8119AH Blk 1 Lots 6-7,BEACON HEIGHTS,2040,To change the Use from Personal Service Shops to Health Services and to construct exterior and Interior alterations (for Dr. Darryl Tkachyk Clinic).,Office Buildings (520),(03) Exterior Alterations,2000,74000,MU,0,53.57062827165843,-113.4067470533406,,1,
2014-07-07T00:00:00.000,2014,7,2014-07-07T00:00:00.000,Commercial Final,228 - MANNING CROSSING NW,Plan 9522940 Blk 54 Lot 52A,YORK,2720,"To change the use from retail to health service (Group E to D), and construct interior alterations - Manning Crossing medical center & pharma.","Clinics, Health Units (642)",(03) Interior Alterations,4483,125000,DC2,0,53.600275543078766,-113.4233020063582,,1,
2014-07-02T00:00:00.000,2014,7,2014-07-02T00:00:00.000,Commercial Final,11044 - 82 AVENUE NW,"Condo Common Area (Plan 2222338,2420374)",GARNEAU,5200,"To construct interior alterations to Suite 205 - Doctors Offices/Examination rooms. Expand existing doctors office by 506sf. No structural work, no new washroooms.",Office Buildings (520),(03) Interior Alterations,506,62000,CO,0,53.5184237992903,-113.51721295477353,,1,
2014-07-02T00:00:00.000,2014,7,2014-07-02T00:00:00.000,Commercial Final,8440 - 112 STREET NW,Plan 9826528 Lot 6,UNIVERSITY OF ALBERTA,5520,"To construct Interior Alterations, Walter C. Mackenzie  Health Centre. (Stollery Pediatric Emergency)",Hospitals (640),(03) Interior Alterations,24757,14671500,AJ,0,53.5207215065611,-113.52321908985577,,1,
2014-06-27T00:00:00.000,2014,6,2014-06-27T00:00:00.000,Commercial Final,16028 - 100A AVENUE NW,Plan 1124881 Blk 3 Lot 26,GLENWOOD,4180,"To construct interior alterations to a medical office, Suite 103, Glenwood Health Centre.",Office Buildings (520),(03) Interior Alterations,1300,81000,"MU, MU",0,53.54077138041618,-113.59860998883583,,1,
2014-06-24T00:00:00.000,2014,6,2014-06-24T00:00:00.000,Commercial Final,110 - WATT COMMON SW,Plan 1422177 Blk 30 Lot 4,WALKER,6662,To construct a retail building - Wal-Mart. Permit includes McDonald's restaurant and medical office.,Retail and Shops (510),(01) New,133074,12000000,"DC1, DC1",0,53.4221708401198,-113.4202528446673,,1,
2014-06-24T00:00:00.000,2014,6,2014-06-24T00:00:00.000,Commercial Final,1113 - WINDERMERE WAY SW,Plan 1425164 Blk 1 Lot 5,WINDERMERE,5570,To construct an addition (mezzanine) to a Health Service (Dental Clinic).,Office Buildings (520),(03) Interior Alterations,125,4000,CSC,0,,,,1,
2014-06-23T00:00:00.000,2014,6,2014-06-23T00:00:00.000,Commercial Final,11400 - UNIVERSITY AVENUE NW,Plan 8821049 Blk Q,UNIVERSITY OF ALBERTA,5520,To construct interior alterations for Kaye Edmonton Clinic.,Office Buildings (520),(03) Interior Alterations,3000,440000,AJ,0,53.51896086540338,-113.52614489033581,,1,
2014-06-17T00:00:00.000,2014,6,2014-06-17T00:00:00.000,Commercial Final,15508 - 87 AVENUE NW,Plan 2786RS Blk 1 Lot 14A,JASPER PARK,4230,"To construct interior alterations to an existing health service "" Sinai Dental office"", suite 112",Office Buildings (520),(03) Interior Alterations,840,50000,CG,0,53.51993509849632,-113.58907093621535,,1,
2014-06-12T00:00:00.000,2014,6,2014-06-12T00:00:00.000,Commercial Final,11460 - 17 AVENUE SW,Plan 1221499 Blk 9 Lot 98,RUTHERFORD,5454,To change portion of a Health Service to a Convenience Retail Store and to construct interior alterations (tenant improvements for Alchemists Pharmacy).,Office Buildings (520),(03) Interior Alterations,1087,36000,CN,0,53.41508508412786,-113.52427355225349,,1,
2014-06-11T00:00:00.000,2014,6,2014-06-11T00:00:00.000,Commercial Final,12315 - STONY PLAIN ROAD NW,Plan 4116AK Blk 22 Lots 1-4,WÎHKWÊNTÔWIN,1151,To construct interior alterations for Alberta Medical Association- 2nd floor,Office Buildings (520),(03) Interior Alterations,14500,1050000,MU,0,53.54646400000128,-113.53463596349962,,1,
2014-06-09T00:00:00.000,2014,6,2014-06-09T00:00:00.000,Commercial Final,7711 - 85 STREET NW,Plan 2105HW Blk 11 Lot 8,KING EDWARD PARK,6360,To construct interior and exterior alterations to a medical clinic. Work includes tenant and facade improvements. This space and adjacent space for one (1) tenant only.,Office Buildings (520),(03) Exterior Alterations,,250000,CN,0,53.51379500920764,-113.45779201149021,,1,
2014-06-05T00:00:00.000,2014,6,2014-06-05T00:00:00.000,Commercial Final,"420, 6655 - 178 STREET NW",Plan 8521170 Blk 10 Lot 4,CALLINGWOOD SOUTH,4080,"Interior alterations for optometry clinic / optical store, Sarah Keep, Vision by Design, (Office, break room, supply room, 2 exam rooms, 2 test rooms, work room).",Retail and Shops (510),(03) Interior Alterations,1411,175000,DC2,0,53.501518987757606,-113.6289445881858,,1,
2014-05-21T00:00:00.000,2014,5,2014-05-21T00:00:00.000,Commercial Final,10155 - 120 STREET NW,Plan 4423AJ Blk 19 Lots 36-39,WÎHKWÊNTÔWIN,1151,"To construct interior alterations to an existing Health Services Building,   2nd floor renovations, ""Allin Clinic"".","Clinics, Health Units (642)",(03) Interior Alterations,5672,750000,RL,0,53.542640766752754,-113.52812955269896,,1,
2014-05-21T00:00:00.000,2014,5,2014-05-21T00:00:00.000,Commercial Final,11010 - 101 STREET NW,"Plan 8222283 Blk 1 Lots 319B,319C",CENTRAL MCDOUGALL,1030,To construct interior alterations to Suite 101 - Hy's Centre Medical Clinic,Office Buildings (520),(03) Interior Alterations,2852,155000,"DC2, MU, MU",0,53.55753988764228,-113.4945432528676,,1,
2014-05-15T00:00:00.000,2014,5,2014-05-15T00:00:00.000,Commercial Final,1 - KINGSWAY GARDEN MALL NW,Plan 1620578 Blk 7 Lot 277,SPRUCE AVENUE,1230,"To construct interior alterations to a health services, Unit 108, ""Affinity Dental"", Kingsway Mall. New staff room, staff washroom, and reception millwork.",Office Buildings (520),(03) Interior Alterations,600,75000,"CSC, CB2",0,,,,1,
2014-05-05T00:00:00.000,2014,5,2014-05-05T00:00:00.000,Commercial Final,1113 - WINDERMERE WAY SW,Plan 1425164 Blk 1 Lot 5,WINDERMERE,5570,"To Construct interior alteration to an existing Commercial Use Building - Building C, ""Dental Office""",Retail and Shops (510),(03) Interior Alterations,2220,250000,CSC,0,,,,1,
2014-05-02T00:00:00.000,2014,5,2014-05-02T00:00:00.000,Commercial Final,10427 - 80 AVENUE NW,"Plan I26 Blk 44 Lots 9-12,25-32,OT",QUEEN ALEXANDRA,5330,"To Construct interior alteration to an Office Support Service (medical clinic, Dr. Office, new washrooms and new wall partition for new offices)",Office Buildings (520),(03) Interior Alterations,5136,80000,MU,0,53.51572157622942,-113.49904200694054,,1,
2014-04-29T00:00:00.000,2014,4,2014-04-29T00:00:00.000,Commercial Final,11950 - 17 STREET NW,Plan 1323811 Blk 1 Lot 1,CLOVER BAR AREA,2160,"To construct an industrial building (Phase 1) ""Gilead Laboratory, Pharmaceutical Research"".",Laboratory/Research Centres (580),(01) New,67360,10521011,IM,0,53.57223300600867,-113.36319256311702,,1,
2014-04-25T00:00:00.000,2014,4,2014-04-25T00:00:00.000,Commercial Final,"140, 15277 - CASTLE DOWNS ROAD NW",NW-29-53-24-4,GRIESBACH,3111,"To construct interior alterations to a Health Service, expansion of existing Health Service, ""NG Dental"", Castle Downs Village.","Clinics, Health Units (642)",(03) Interior Alterations,980,110000,MU,0,53.613456200902824,-113.51573644548817,,1,
2014-04-16T00:00:00.000,2014,4,2014-04-16T00:00:00.000,Commercial Final,294 - SADDLEBACK ROAD NW,Plan 1523167 Unit 2,BLUE QUILL,5060,"To change the Use from an Indoor Participant Recreation Services Use to Health Services Use, and to construct interior alterations (expansion of existing Dental Clinic in Suite 294 into Suite 292 and tenant improvements for Blue Quill Dental).","Clinics, Health Units (642)",(03) Interior Alterations,1712,82439,CNC,0,53.461024828009265,-113.53011449792979,,1,
2014-04-14T00:00:00.000,2014,4,2014-04-14T00:00:00.000,Commercial Final,"201, 728 - 91 STREET SW",Plan 1125270 Blk 1 Lot 13,ELLERSLIE INDUSTRIAL,6214,"To construct a Health Services Use building, Building One, Ellwood Medical Centre (with cru's on the main floor).","Malls, Office/Retail (512)",(01) New,21240,2700000,EIB,0,53.426617341434365,-113.47476098787388,,1,
2014-04-02T00:00:00.000,2014,4,2014-04-02T00:00:00.000,Commercial Final,9452 - 51 AVENUE NW,Condo Common Area (Plan 1023472),CORONET INDUSTRIAL,6100,"To construct TI's for Alberta Verterinary Medical Association - Unit 104, Building 3",Office Complex (522),(03) Interior Alterations,7190,285000,IL,0,,,,1,
2014-04-01T00:00:00.000,2014,4,2014-04-01T00:00:00.000,Commercial Final,10393 - 51 AVENUE NW,Plan 0424375 Blk 1 Lot 11,EMPIRE PARK,5170,"To change the use of a General Retail Store to a Health Service occupancy and construct Interior Alterations (expansion of existing Health Service: CSA Physiotherapy, adding BF shower, therapy tub, existing BF wc).","Clinics, Health Units (642)",(03) Interior Alterations,1309,13000,DC2,0,53.487501280709154,-113.49769254852211,,1,
2014-04-01T00:00:00.000,2014,4,2014-04-01T00:00:00.000,Commercial Final,10230 - 142 STREET NW,Plan 7921350 Blk D Lot A,GROVENOR,3210,"To construct interior alterations to an existing professional office,  Suite 300, ""Westgrove Infusion Clinic"".",Office Buildings (520),(03) Interior Alterations,1772,104341,MU,0,53.543727236958354,-113.56663018924425,,1,
2014-03-26T00:00:00.000,2014,3,2014-03-26T00:00:00.000,Commercial Final,15506 - STONY PLAIN ROAD NW,Plan 2521115 Blk 2 Lot 1A,CANORA,4090,"To change the Use from Professional, Financial, and Office Support Services to Health Services with Accessory General Retail and to construct interior alterations (tenant improvements for medical clinic and pharmacy).",Retail and Shops (510),(03) Interior Alterations,800,70000,MU,0,53.541589034096646,-113.58942967814103,,1,
2014-03-26T00:00:00.000,2014,3,2014-03-26T00:00:00.000,Commercial Final,6420 - 101 AVENUE NW,Plan 0223183 Blk 4 Lot 5,TERRACE HEIGHTS,6730,"To construct interior alterations to a seniors care faciliity / Nursing Home, ""Hardisty Care Centre""","Day Cares, Nursing Homes (650)",(03) Interior Alterations,,32000,MU,0,53.54183716935526,-113.43049503117543,,1,
2014-03-26T00:00:00.000,2014,3,2014-03-26T00:00:00.000,Commercial Final,5138 - WINDERMERE BOULEVARD NW,Plan 0822223 Blk 14 Lot 2,AMBLESIDE,5505,To change the Use from General Retail Stores to Veterinary Services Use and to construct interior alterations (tenant improvements for Windermere Veterinary Clinic).,Animal and Plant Services (410),(03) Interior Alterations,2131,250000,AUVC,0,53.43594013351339,-113.60331718390782,,1,
2014-03-25T00:00:00.000,2014,3,2014-03-25T00:00:00.000,Commercial Final,"226, 3210 - 118 AVENUE NW",Plan 8820078 Blk 12 Lot 3,ABBOTTSFIELD,2010,To construct interior alterationas to Unit 226 at Abbotsfield Mall - Dental Clinic,Office Buildings (520),(03) Interior Alterations,3100,247000,"RA8, CSC, MU",0,,,,1,
2014-03-21T00:00:00.000,2014,3,2014-03-21T00:00:00.000,Commercial Final,"207, 16028 - 100A AVENUE NW",Plan 1124881 Blk 3 Lot 26,GLENWOOD,4180,"To construct interior alterations to a medical office. Suite 207, Northern Lung Function.","Clinics, Health Units (642)",(03) Interior Alterations,1040,83000,"MU, MU",0,53.54077138041618,-113.59860998883583,,1,
2014-03-19T00:00:00.000,2014,3,2014-03-19T00:00:00.000,Commercial Final,16028 - 100A AVENUE NW,Plan 1124881 Blk 3 Lot 26,GLENWOOD,4180,"To construct interior alterations to a health service, Suite # 203 ""Rejuvenation Health Services"", Glenwood Health Centre. (remove one demising wall)",Office Buildings (520),(03) Interior Alterations,2447,41500,"MU, MU",0,53.54077138041618,-113.59860998883583,,1,
2014-03-05T00:00:00.000,2014,3,2014-03-05T00:00:00.000,Commercial Final,"201, 12904 - 50 STREET NW",Plan 8267ET Blk Z Lot 1,KENNEDALE INDUSTRIAL,2380,"To expand the existing Health Services Use by changing the Use of suite 201 and 202A from Professional, Financial, and Office Support Services to Health Services and to construct interior alterations (2 new combined WC, 1 barrier free),  (Sana Dental).",Office Buildings (520),(03) Interior Alterations,2039,220000,CB,0,53.58788700013949,-113.4192111637179,,1,
2014-03-05T00:00:00.000,2014,3,2014-03-05T00:00:00.000,Commercial Final,7117 - 77 AVENUE NW,Plan 0725714 Blk 3 Lot 36,KING EDWARD PARK,6360,"To construct exterior alterations to an Animal Hospital/Shelter  (moving existing door to make it level with exterior concrete ""Dog's Life"")",Animal and Plant Services (410),(03) Exterior Alterations,100,15000,IM,0,53.51298349602358,-113.43759991863168,,1,
2014-03-03T00:00:00.000,2014,3,2014-03-03T00:00:00.000,Commercial Final,"202, 4212 - GATEWAY BOULEVARD NW",Plan 9422309 Blk 5 Lot 4,CALGARY TRAIL SOUTH,5120,"To change the Use from Professional, Financial, and Office Support Services to Health Services and to construct interior alterations (tenant improvements for Aria Sleep Clinic).",Office Complex (522),(03) Interior Alterations,1726,110000,CG,0,53.478740780796606,-113.4937153065692,,1,
2014-02-25T00:00:00.000,2014,2,2014-02-25T00:00:00.000,Commercial Final,10410 - 111 AVENUE NW,Plan 9720909 Blk 2,SPRUCE AVENUE,1230,"To construct exterior and interior alterations (foundation underpinning, exterior finish repairs and interior structural and finish repairs) to an extended medical treatment service building, ""Norwood Continuing Care Campus"" West Wing (B2 occ.) - Alberta Health Services.","Day Cares, Nursing Homes (650)",(03) Exterior Alterations,2268,442000,DC2,0,53.559978938583676,-113.49831109643385,,1,
2014-02-24T00:00:00.000,2014,2,2014-02-24T00:00:00.000,Commercial Final,15825 - 97 STREET NW,Plan 1124524 Blk 2 Lot 14,EAUX CLAIRES,2241,To construct interior alterations - North Edmonton Veterinary Clinic,Animal and Plant Services (410),(03) Interior Alterations,1550,125000,DC1,0,53.61899465602494,-113.48994764909905,,1,
2014-02-20T00:00:00.000,2014,2,2014-02-20T00:00:00.000,Commercial Final,1117 - WINDERMERE WAY SW,Plan 1425164 Blk 1 Lot 5,WINDERMERE,5570,"To construct interior alterations to a vet clinic, ""Windermere Veterinary Clinic""  Windermere Crossing.  Vet suite in CRU C Building (1 hour demising walls provided, existing base building RTUs provided, 1 new BF WC).",Animal and Plant Services (410),(03) Interior Alterations,1941,194500,CSC,0,,,,1,
2014-02-18T00:00:00.000,2014,2,2014-02-18T00:00:00.000,Commercial Final,12728 - 167 AVENUE NW,Plan 1620811 Blk 1 Lot 13,ALBANY,3460,To change the use froma General Retail Use to a Health Services Use and to construct Interior Alterations (Dental Office),Retail and Shops (510),(03) Interior Alterations,2436,280000,CSC,0,,,,1,
2014-02-07T00:00:00.000,2014,2,2014-02-07T00:00:00.000,Commercial Final,8440 - 112 STREET NW,Plan 9826528 Lot 6,UNIVERSITY OF ALBERTA,5520,To construct interior alterations to an existing medical treatment facility - 3rd floor - Cariovascular Intensive Care unit. Mazanjowski Alberta Heart Institute. Including Non Flamable Medical Gas.,Hospitals (640),(03) Interior Alterations,,413104,AJ,0,53.5207215065611,-113.52321908985577,,1,
2014-02-03T00:00:00.000,2014,2,2014-02-03T00:00:00.000,Commercial Final,11444 - 17 AVENUE SW,Plan 1221499 Blk 9 Lot 98,RUTHERFORD,5454,"To construct interior alterations (tenant improvements to ""Rutherford Medical Office"" on main floor only).",Office Buildings (520),(03) Interior Alterations,3622,400000,CN,0,53.41508508412786,-113.52427355225349,,1,
2014-01-29T00:00:00.000,2014,1,2014-01-29T00:00:00.000,Commercial Final,8225 - 105 STREET NW,Plan I Blk 67 Lots 19-20,STRATHCONA,5480,To construct interior alterations to B1 - Amiha Diagnostic Imaging -Strathcona,Office Complex (522),(03) Interior Alterations,1480,15000,MU,0,53.5188039441932,-113.5001477553405,,1,
2014-01-02T00:00:00.000,2014,1,2014-01-02T00:00:00.000,Commercial Final,12620A - 132 AVENUE NW,Plan 5772KS Blk 12 Lot 2,KENSINGTON,3250,To  construct interior alterations (expansion of medical clinic into adjacent bay) - Kensington Medical Clinic.,Office Complex (522),(03) Interior Alterations,1115,70000,CG,0,53.592854224486324,-113.53981066292394,,1,
2014-01-02T00:00:00.000,2014,1,2014-01-02T00:00:00.000,Commercial Final,4220 - GATEWAY BOULEVARD NW,Plan 9422309 Blk 5 Lot 4,CALGARY TRAIL SOUTH,5120,To construct Tenant Improvements  on the main floor. Pharmacy,Retail and Shops (510),(02) Addition,1776,80000,CG,0,53.478740780796606,-113.4937153065692,,1,
2013-12-18T00:00:00.000,2013,12,2013-12-18T00:00:00.000,Commercial Final,967 - JAMES MOWATT TRAIL SW,Plan 0325828 Blk 3 Lot 51,BLACKMUD CREEK,5453,"To construct interior alterations to a Health Services ""Azrako Dental Group"".","Clinics, Health Units (642)",(03) Interior Alterations,1307,150000,CG,0,53.423833138222264,-113.51413745507004,,1,
2013-12-16T00:00:00.000,2013,12,2013-12-16T00:00:00.000,Commercial Final,"105, 10301 - 109 STREET NW","Condo Common Area (Plan 0023403,1021279)",DOWNTOWN,1090,"To change the use from a Professional, Financial, and Office Support Services use to a Health Service and to construct Interior Alterations (Focus on Smile Dental Clinic) (1 shared washroom )",Office Buildings (520),(03) Interior Alterations,1950,255384,UW,0,53.54485200458062,-113.50787233896624,,1,
2013-12-13T00:00:00.000,2013,12,2013-12-13T00:00:00.000,Commercial Final,6023 - 199 STREET NW,Plan 0424510 Blk 1 Lot Y,THE HAMPTONS,4461,To change the use from General Retail to Veterinary Services (Spay/ Neuter Clinic). and construct interior alterations,Animal and Plant Services (410),(03) Interior Alterations,1200,132000,CN,0,53.49269906929266,-113.66465782286848,,1,
2013-12-10T00:00:00.000,2013,12,2013-12-10T00:00:00.000,Commercial Final,"G1, 10250 - 101 STREET NW",Plan 2137RS Blk 1 Lot F,DOWNTOWN,1090,"To change the Use from Professional, Financial, and Office Support Services to a Health Services, and to construct interior alterations (tenant improvements for Dr. Yu Dental).",Office Buildings (520),(03) Interior Alterations,3300,200000,CCA,0,53.54417765778658,-113.4942291685596,,1,
2013-12-09T00:00:00.000,2013,12,2013-12-09T00:00:00.000,Commercial Final,10349 - 105 STREET NW,Plan NB1 Blk 4 Lots 158-159,DOWNTOWN,1090,To construct interior alterations to an existing Office - Dental Lab.,Office Complex (522),(03) Interior Alterations,850,30000,UW,0,53.545531824933605,-113.50054060478811,,1,
2013-12-05T00:00:00.000,2013,12,2013-12-05T00:00:00.000,Commercial Final,4620 - 99 STREET NW,Plan 9924302 Blk 1 Lot 10,PAPASCHASE INDUSTRIAL,6560,"To construct interior alterations to general retail,  ""Lidia's Pharmacy"", Letour Centre.",Retail and Shops (510),(03) Interior Alterations,2709,35000,BE,0,53.48464364834106,-113.48717538559163,,1,
2013-12-03T00:00:00.000,2013,12,2013-12-03T00:00:00.000,Commercial Final,10447 - 124 STREET NW,Plan RN22 Blk 22 Lots 2-3,WESTMOUNT,3440,To change of use from a Minor Veterinary Services to a Minor Secondhand Store.,Retail and Shops (510),(03) Interior Alterations,997,10000,MU,0,53.5474026206255,-113.53539183757108,,1,
2013-11-29T00:00:00.000,2013,11,2013-11-29T00:00:00.000,Commercial Final,1111 - WINDERMERE WAY SW,Plan 1425164 Blk 1 Lot 5,WINDERMERE,5570,"To construct a Commerical Use building; CRU C;(Shell Only and Demising Walls) 7 bays (drive-through window): Personal Service Shop, Restaurant, Specialty Food Service, Health Service, Veterinary Service, other Commercial Uses requiring 2.5 parking spaces per 100 sq.m. of Public Space.",Retail and Shops (510),(01) New,13627,2108000,CSC,0,53.43697091356215,-113.61674571219302,,1,
2013-11-14T00:00:00.000,2013,11,2013-11-14T00:00:00.000,Commercial Final,11440 - 17 AVENUE SW,Plan 1221499 Blk 9 Lot 98,RUTHERFORD,5454,"To construct interior alterations to a dental office,  ""Spearmint Dental"", Rutherford Gate.",Retail and Shops (510),(03) Interior Alterations,2365,241000,CN,0,53.41508508412786,-113.52427355225349,,1,
2013-11-13T00:00:00.000,2013,11,2013-11-13T00:00:00.000,Commercial Final,10240 - KINGSWAY NW,Plan 1619KS Blk 2 Lot 313,CENTRAL MCDOUGALL,1030,To continue to operate an Extended Medical Treatment Services building and To Construct Interior Alterations on Level 1 (two cardiac catherterization labs),Hospitals (640),(03) Interior Alterations,1880,752000,US,0,,,,1,
2013-11-08T00:00:00.000,2013,11,2013-11-08T00:00:00.000,Commercial Final,1014 - WEBBER GREENS DRIVE NW,Plan 1222426 Blk 60 Lot 6,SUDER GREENS,4730,To construct Interior Alterations for Health Services - Pure 3 Orthodonic Clinic .,Office Buildings (520),(03) Interior Alterations,5132,400000,DC1,0,53.5249686948542,-113.66908072940454,,1,
2013-11-08T00:00:00.000,2013,11,2013-11-08T00:00:00.000,Commercial Final,16028 - 100A AVENUE NW,Plan 1124881 Blk 3 Lot 26,GLENWOOD,4180,"To construct interior alterations to a health services,  ""Glenwood Radiology"", Glenwood Health Centre.","Clinics, Health Units (642)",(03) Interior Alterations,4736,585000,"MU, MU",0,53.54077138041618,-113.59860998883583,,1,
2013-11-01T00:00:00.000,2013,11,2013-11-01T00:00:00.000,Commercial Final,"206, 16028 - 100A AVENUE NW",Plan 1124881 Blk 3 Lot 26,GLENWOOD,4180,"To construct interior alterations to a professional office building,  Unit #206, ""Doctors Lounge"",  Glenwood Medical Clinic.",Office Buildings (520),(03) Interior Alterations,1260,90000,"MU, MU",0,53.54077138041618,-113.59860998883583,,1,
2013-10-31T00:00:00.000,2013,10,2013-10-31T00:00:00.000,Commercial Final,14608 - 50 STREET NW,Plan 8820708 Blk 51 Lot 8B,CASSELMAN,2130,To operate a Health Services Use (Casselwood Medical Clinic) and to construct interior alterations (tenant improvements).,"Clinics, Health Units (642)",(03) Interior Alterations,1400,40000,CG,0,53.60916185649568,-113.41823789053231,,1,
2013-10-22T00:00:00.000,2013,10,2013-10-22T00:00:00.000,Commercial Final,9719 - 137 AVENUE NW,Plan 9021630 Blk 10A Lot 7,ROSSLYN,3390,To construct interior alterations to a Veterinary Service.,Animal and Plant Services (410),(03) Interior Alterations,1800,60000,CG,0,53.59881098450665,-113.4929302038683,,1,
2013-10-11T00:00:00.000,2013,10,2013-10-11T00:00:00.000,Commercial Final,9116 - 82 AVENUE NW,Plan 3737AI Blk 9 Lots 5-9,BONNIE DOON,6040,"To construct interior alterations to an existing professional office, ""Mediclinic, a Partnership"".",Office Buildings (520),(03) Interior Alterations,140,23500,"RM, MU",0,53.518342781580394,-113.46852330156602,,1,
2013-10-09T00:00:00.000,2013,10,2013-10-09T00:00:00.000,Commercial Final,123 - HADDOW CLOSE NW,Condo Common Area (Plan 0524641),HADDOW,5610,"To construct interior alterations to a personal sevice,  ""Animal Care Clinic"".",Animal and Plant Services (410),(03) Interior Alterations,1756,120000,DC2,0,53.45871560640364,-113.59093680524634,,1,
2013-10-08T00:00:00.000,2013,10,2013-10-08T00:00:00.000,Commercial Final,8702 - MEADOWLARK ROAD NW,Plan 6151KS Blk 8 Lot 109,MEADOWLARK PARK,4310,"To construct interior alterations to a personal service shop,  ""Integrity Denture Clinic"", Meadowlark Professional Building.",Retail and Shops (510),(03) Interior Alterations,1367,5000,CNC,0,53.51985875268949,-113.59729836327159,,1,
2013-10-01T00:00:00.000,2013,10,2013-10-01T00:00:00.000,Commercial Final,10935 - 23 AVENUE NW,Plan 8821766 Blk 1 Lot 13,KEHEEWIN,5250,To change the use from General Retail to a Health Service (Heritage Square Denture Clinic),Retail and Shops (510),(03) Interior Alterations,820,60000,CG,0,53.453196079165394,-113.51108611516644,,1,
2013-09-27T00:00:00.000,2013,9,2013-09-27T00:00:00.000,Commercial Final,2331 - 66 STREET NW,Plan 0022000 Blk 6 Lot 3,MILL WOODS TOWN CENTRE,6520,Interior alterations to an existing CRU 510 Dental Office - Millwoods Towne Centre Dental Clinic.,Office Complex (522),(03) Interior Alterations,3500,250000,CSC,0,53.4558373514203,-113.43023137236618,,1,
2013-09-25T00:00:00.000,2013,9,2013-09-25T00:00:00.000,Commercial Final,10112 - 119 STREET NW,Plan 1525535 Unit 2,"OLIVER, WÎHKWÊNTÔWIN","1150, 1151","To construct a multi use high building ""Our Parents' Home"" (Apartment House (80 Dwellings)/Extended Medical Treatment Service (50 units) with main floor retail and an underground parkade","Clinics, Health Units (642)",(01) New,174510,27273000,DC2,80,,,,1,
2013-09-24T00:00:00.000,2013,9,2013-09-24T00:00:00.000,Commercial Final,11400 - UNIVERSITY AVENUE NW,Plan 8821049 Blk Q,UNIVERSITY OF ALBERTA,5520,"To construct interior alterations to a commercial/health service/medical treatment building   (Rexall Drug retail; main floor  ""Edmonton Clinic"")","Clinics, Health Units (642)",(03) Interior Alterations,1280,200000,AJ,0,53.51896086540338,-113.52614489033581,,1,
2013-09-20T00:00:00.000,2013,9,2013-09-20T00:00:00.000,Commercial Final,16526 - 50 STREET NW,Plan 0829853 Blk 63 Lot 101,HOLLICK-KENYON,2340,"To construct interior alterations to a Health Services Use, ""Hollick Kenyon Dental.",Retail and Shops (510),(03) Interior Alterations,2897,364560,CG,0,53.62778704437329,-113.41484004709184,,1,
2013-09-17T00:00:00.000,2013,9,2013-09-17T00:00:00.000,Commercial Final,16821 - 127 STREET NW,Plan 1321434 Blk 1 Lot 2,RAPPERSWILL,3370,To construct Interior Alterations to a space (CRU 6) - Oasis Dental,Office Buildings (520),(03) Interior Alterations,3072,320000,"CSC, AG",0,,,,1,
2013-09-12T00:00:00.000,2013,9,2013-09-12T00:00:00.000,Commercial Final,8440 - 112 STREET NW,Plan 9826528 Lot 6,UNIVERSITY OF ALBERTA,5520,To construct Interior Alterations to  Walter C. Mackenzie  Health Centre.  Pediatric Ambulatory Clinic - 2nd. floor,Hospitals (640),(03) Interior Alterations,17846,8179030,AJ,0,53.5207215065611,-113.52321908985577,,1,
2013-09-11T00:00:00.000,2013,9,2013-09-11T00:00:00.000,Commercial Final,10665 - JASPER AVENUE NW,Plan 8620900 Blk 6 Lot 60B,DOWNTOWN,1090,"To construct interior alterations to an existing dental office, suite # 1170 ""Layton Endontics"" First Edmonton Place.",Office Buildings (520),(03) Interior Alterations,2000,180000,"JAMSC, CMU",0,53.54056798760067,-113.50408539635224,,1,
2013-09-03T00:00:00.000,2013,9,2013-09-03T00:00:00.000,Commercial Final,12764 - 167 AVENUE NW,Plan 1620811 Blk 1 Lot 13,ALBANY,3460,"To construct interior alterations to a professional office,  ""Albany Veterinary Clinic"".",Animal and Plant Services (410),(03) Interior Alterations,1416,132000,CSC,0,53.630630632573286,-113.54457844515139,,1,
2013-08-29T00:00:00.000,2013,8,2013-08-29T00:00:00.000,Commercial Final,8204 - 144 AVENUE NW,Plan 4136RS Blk 43 Lot 1,EVANSDALE,2260,To change the use from Group E to Group D (retail to veterinary office) and to construct an interior alterations (removing interior demising wall) - Sunrise Animal Hospital.,Animal and Plant Services (410),(03) Interior Alterations,1830,130000,CN,0,53.60723412341224,-113.46817611515837,,1,
2013-08-28T00:00:00.000,2013,8,2013-08-28T00:00:00.000,Commercial Final,12004 - 111 AVENUE NW,Plan 9020622 Lot 1,PRINCE RUPERT,1170,To construct exterior and interior alterations to to a Animal Hospital and Shelter(Tailz Services Inc.)( New Mezzanine 74.4 sq m and New Exterior Door),Animal and Plant Services (410),(03) Interior Alterations,4625,50000,BE,0,53.55945405416213,-113.53010201604933,,1,
2013-08-28T00:00:00.000,2013,8,2013-08-28T00:00:00.000,Commercial Final,"913, 7720 - 108 STREET NW",Plan 7521719 Blk 2 Lot 9,QUEEN ALEXANDRA,5330,To change the Use from an Apartment Suite to Health Services Use (Imagine Health Centres) and to construct interior alterations.,Apartment Condos (315),(10) Convert Residential to Non-Res,440,12000,"PSN, RL",-1,53.51338861485734,-113.51023277084248,,1,
2013-08-27T00:00:00.000,2013,8,2013-08-27T00:00:00.000,Commercial Final,8008 - 95 AVENUE NW,Plan 2276NY Blk 12 Lot 12A,HOLYROOD,6310,"To construct interior alterations to an extended medical services treatnent services bldg,  Nursing Station, ""Holyrood Extendicare"".","Day Cares, Nursing Homes (650)",(03) Interior Alterations,475,52000,UF,0,53.53280726780028,-113.4517020292386,,1,
2013-08-22T00:00:00.000,2013,8,2013-08-22T00:00:00.000,Commercial Final,10393 - 51 AVENUE NW,Plan 0424375 Blk 1 Lot 11,EMPIRE PARK,5170,To construct interior alterations to a personal services shop (CSA Physiotherapy),Office Buildings (520),(03) Interior Alterations,2285,30000,DC2,0,53.487501280709154,-113.49769254852211,,1,
2013-08-22T00:00:00.000,2013,8,2013-08-22T00:00:00.000,Commercial Final,16012 - 100A AVENUE NW,Plan 1124881 Blk 3 Lot 26,GLENWOOD,4180,To construct interior alteration for a the Medicine Shoppe Pharmacy,Retail and Shops (510),(03) Interior Alterations,1465,47000,"MU, MU",0,53.54077138041618,-113.59860998883583,,1,
2013-08-13T00:00:00.000,2013,8,2013-08-13T00:00:00.000,Commercial Final,6215 - 124 STREET NW,Plan 600MC Blk 11 Lot 6,GRANDVIEW HEIGHTS,5210,To construct an accessory building (storage shed) for an existing extended medical treatment services use,"Storage Buildings, Warehouses (460)",(01) New,399,8000,UF,0,53.498703841103236,-113.5425096320157,,1,
2013-07-24T00:00:00.000,2013,7,2013-07-24T00:00:00.000,Commercial Final,"300, 8225 - 105 STREET NW",Plan I Blk 67 Lots 19-20,STRATHCONA,5480,"To construct interior alterations to a health service,  unit # 300,  ""Dr. Nsair/Dental Lab"" Strathcona Medical Dental Building.","Clinics, Health Units (642)",(03) Interior Alterations,1772,123000,MU,0,53.51880306435472,-113.4996168715799,,1,
2013-07-18T00:00:00.000,2013,7,2013-07-18T00:00:00.000,Commercial Final,5620 - 99 STREET NW,Plan 6712KS Blk 14 Lot 1,CORONET INDUSTRIAL,6100,To construct a mezzaine (500 sq ft) addition and interior alterations to an existing Animal Hospital and Shelter/General Industrial Uses building,Animal and Plant Services (410),(03) Interior Alterations,,64000,IM,0,53.492159007764,-113.48720218845367,,1,
2013-07-05T00:00:00.000,2013,7,2013-07-05T00:00:00.000,Commercial Final,11140 - ELLERSLIE ROAD SW,Plan 0227247 Blk 6 Lot 111,MACEWAN,5452,"To change the Use of an existing General Retail Use building (CRU A, Unit 11140) to a Health Services Use (Ellerslie Medical Centre) and to construct interior alterations (tenant improvements).",Office Buildings (520),(03) Interior Alterations,2800,70000,CG,0,53.42587220918599,-113.51857523309626,,1,
2013-05-20T00:00:00.000,2013,5,2013-05-20T00:00:00.000,Commercial Final,10150 - 122 STREET NW,Plan 4044AC Blk 1 Lots 12-14,WÎHKWÊNTÔWIN,1151,"To change use (main floor of single detached house to personal service shop) and to continue to operate a Single Detached House (second floor and basement), and to construct interior and exterior alterations (""Ross Chiropractic Clinic"")","Clinics, Health Units (642)",(03) Interior Alterations,3390,77000,RL,0,53.542769661324435,-113.53264957824891,,1,
2013-05-16T00:00:00.000,2013,5,2013-05-16T00:00:00.000,Commercial Final,9304 - 137 AVENUE NW,Plan 7520659 Blk 15 Lot 6,NORTHMOUNT,2580,"To construct interior alterations--Northown Shopping Centre--CRU 140 (""A Mohamed Physician""--between London Drug and T+T Market)",Retail and Shops (510),(03) Interior Alterations,4500,100000,DC2,0,53.6006244180385,-113.4882466872302,,1,
2013-05-08T00:00:00.000,2013,5,2013-05-08T00:00:00.000,Commercial Final,"144, 550 - CLAREVIEW ROAD NW",Plan 7621843 Blk 31 Lot 1,KERNOHAN,2390,"To construct interior alterations to a Convenience Retail Store, ""AND Pharmacy"".",Retail and Shops (510),(03) Interior Alterations,836,40000,CN,0,53.59399507713101,-113.38518857418073,,1,
2013-04-18T00:00:00.000,2013,4,2013-04-18T00:00:00.000,Commercial Final,10240 - KINGSWAY NW,Plan 1619KS Blk 2 Lot 313,CENTRAL MCDOUGALL,1030,To construct interior alterations - Royal Alex Hospital - Basement level - Medical treatment,Hospitals (640),(03) Interior Alterations,1000,266399,UF,0,53.5576021800969,-113.49789453631885,,1,
2013-04-11T00:00:00.000,2013,4,2013-04-11T00:00:00.000,Commercial Final,10813 - 82 AVENUE NW,Plan 4400R Blk 171 Lot 4,QUEEN ALEXANDRA,5330,"To construct interor alterations to a professional office,  2nd & 3rd floor, ""Impressions Dental Professionals"".",Retail and Shops (510),(03) Interior Alterations,5744,480000,MU,0,53.51777933148959,-113.51002583026658,,1,
2013-04-03T00:00:00.000,2013,4,2013-04-03T00:00:00.000,Commercial Final,11010 - 101 STREET NW,"Plan 8222283 Blk 1 Lots 319B,319C",CENTRAL MCDOUGALL,1030,"To construct interior alterations to an existing general retail,  ""Royal Pharmacy"",  Hys Centre.",Retail and Shops (510),(03) Interior Alterations,1030,154900,"DC2, MU, MU",0,53.55753988764228,-113.4945432528676,,1,
2013-03-27T00:00:00.000,2013,3,2013-03-27T00:00:00.000,Commercial Final,10709 - 107 STREET NW,Plan B4 Blk 6 Lot 219,CENTRAL MCDOUGALL,1030,"To construct interior alterations to a professional office,  suite# 201  ""First Dental Studio"".",Office Buildings (520),(03) Interior Alterations,3355,150000,MU,0,53.55158808526929,-113.50422554752252,,1,
2013-03-26T00:00:00.000,2013,3,2013-03-26T00:00:00.000,Commercial Final,10150 - 150 STREET NW,"Condo Common Area (Plan 1224061,1221835,1223386)",CANORA,4090,"To construct interior alterations to a Health Service, medical office, "" Dr. Duncan"".",Office Buildings (520),(03) Interior Alterations,2700,300000,"CB1, RM",0,53.54252369854893,-113.58027008665485,,1,
2013-03-22T00:00:00.000,2013,3,2013-03-22T00:00:00.000,Commercial Final,"1, 17480 - FORT ROAD NW",Plan 8620880 Blk 1,RURAL NORTH EAST HORSE HILL,2670,"To construct interior alterations to an existing extended medical treatment facility,.  ""Alberta Hospital"". ( new doors etc and security upgrade)",Hospitals (640),(03) Interior Alterations,3200,500000,DC2,0,53.63667913548326,-113.37529850198062,,1,
2013-03-14T00:00:00.000,2013,3,2013-03-14T00:00:00.000,Commercial Final,10038 - 164 STREET NW,Plan 9723193 Unit 4,GLENWOOD,4180,To change the use(retail to personal service) and construct interior alterations  (Great Smiles Dental),Office Complex (522),(03) Interior Alterations,1516,175000,DC2,0,53.54003680524783,-113.60534915174246,,1,
2013-03-12T00:00:00.000,2013,3,2013-03-12T00:00:00.000,Commercial Final,10107 - 107 AVENUE NW,Plan B3 Blk 1 Lot 253,CENTRAL MCDOUGALL,1030,To change the use from a office use to a retail use and construction interior alterations - Retail Pharmacy.,Retail and Shops (510),(03) Interior Alterations,1200,4500,MU,0,53.551231330811746,-113.49425734111436,,1,
2013-03-11T00:00:00.000,2013,3,2013-03-11T00:00:00.000,Commercial Final,6034 - CURRENTS DRIVE NW,Plan 1124080 Blk 14 Lot 21,AMBLESIDE,5505,To construct a personal service building  - Building F1 - Medical Centre - Optometrist,Office Complex (522),(03) Interior Alterations,1725,169000,"CSCa, ASC",0,53.43744500666942,-113.60323379137137,,1,
2013-03-04T00:00:00.000,2013,3,2013-03-04T00:00:00.000,Commercial Final,4905 - GATEWAY BOULEVARD NW,Plan 9120128 Lot F,CALGARY TRAIL NORTH,5110,To construct interior alterations to an existing office space - Dental Office Unit 202  (Dr. Sileikyte),Office Complex (522),(03) Interior Alterations,2000,250000,CG,0,53.48694677956814,-113.49107099269894,,1,
2013-02-22T00:00:00.000,2013,2,2013-02-22T00:00:00.000,Commercial Final,8216 - 144 AVENUE NW,Plan 4136RS Blk 43 Lot 1,EVANSDALE,2260,To construct interior alterations - Evansdale Pharmacy & Medical Clinic.,"Clinics, Health Units (642)",(01) New,4000,125000,CN,0,53.60723412341224,-113.46817611515837,,1,
2013-02-15T00:00:00.000,2013,2,2013-02-15T00:00:00.000,Commercial Final,12724 - 167 AVENUE NW,Plan 1620811 Blk 1 Lot 13,ALBANY,3460,"To Change of Use from E (General Retial) to D (Health Services, Albany Chiropractic), and Construct Interior Alterations to Health Services use",Office Complex (522),(03) Interior Alterations,1091,40000,CSC,0,53.630630632573286,-113.54457844515139,,1,
2013-02-08T00:00:00.000,2013,2,2013-02-08T00:00:00.000,Commercial Final,8705 - 109 STREET NW,Plan 8722052 Blk 186 Lot 13A,GARNEAU,5200,"To change the Use from a Veterinary Service to a Specialty Food Services Use (67 sq.m. of Public Space with 25 seats in unit #8705) and to construct interior alterations (construct a demising wall to separate one bay into two) and exterior alterations (widening front sidewalk on private property, re-configuring the parking layout and landscaping upgrades). (Menchies)",Restaurants and Bars (540),(03) Interior Alterations,1686,165000,MU,0,53.52307141479651,-113.51151367703154,,1,
2013-02-08T00:00:00.000,2013,2,2013-02-08T00:00:00.000,Commercial Final,3017 - 66 STREET NW,Plan 8220154 Blk 5 Lots 1-2,TAWA,6720,To construct interior alterations to an existing office building - GP Medical clinic,Office Complex (522),(03) Interior Alterations,3566,175000,DC2,0,53.461672084717335,-113.43301978773039,,1,
2013-02-06T00:00:00.000,2013,2,2013-02-06T00:00:00.000,Commercial Final,829 - SADDLEBACK ROAD NW,Plan 7822821 Blk 26 Lot 83,SKYRATTLER,5460,"To construct interior alterations, (Mezzanine 14ft X 21ft), serving existing Retail ""Medicine Shoppe"" and interior alterations to adjacent medical clinic ""Yellowbird Clinic"".",Retail and Shops (510),(03) Interior Alterations,4120,350000,CN,0,53.453190616034924,-113.52478372713789,,1,
2013-02-04T00:00:00.000,2013,2,2013-02-04T00:00:00.000,Commercial Final,5120 - MULLEN ROAD NW,Plan 0729861 Blk 19 Lot 1,MACTAGGART,5477,"To change the use from General Retail to a Veterinary Service, and to construct interior alterations.",Office Complex (522),(03) Interior Alterations,1848,148000,CG,0,53.43513326351073,-113.57248327824159,,1,
2013-01-14T00:00:00.000,2013,1,2013-01-14T00:00:00.000,Commercial Final,2927 - 137 AVENUE NW,Plan 0320655 Blk 150 Lot 2E,BELMONT,2070,To construct interior alterations to a bay in a strip mall - Dr Khder Clinic.,Office Buildings (520),(03) Interior Alterations,1449,117800,CG,0,53.599084636240114,-113.38769550727834,,1,
2013-01-10T00:00:00.000,2013,1,2013-01-10T00:00:00.000,Commercial Final,2731 - HEWES WAY NW,Condo Common Area (Plan 0024308),MILL WOODS TOWN CENTRE,6520,".To construct interior alterations to a professional office,  ""Drs Kassiri & Dorey Eye Clinic""","Clinics, Health Units (642)",(03) Interior Alterations,888,155000,DC2,0,53.45780052484422,-113.42702098998753,,1,
2013-01-03T00:00:00.000,2013,1,2013-01-03T00:00:00.000,Commercial Final,4225 - 118 AVENUE NW,Plan 7242AH Blk 4 Lots 9-17,BEVERLY HEIGHTS,2100,To change the use (retail to personal service) and construct interior alterations - Physiotherapy Clinic.,Office Complex (522),(03) Interior Alterations,1970,58000,MU,0,53.570110297911135,-113.40758372617393,,1,
2012-12-21T00:00:00.000,2012,12,2012-12-21T00:00:00.000,Commercial Final,"103, 2551 - HEWES WAY NW",Plan 9622445 Blk 7 Lot 13,MILL WOODS TOWN CENTRE,6520,"To change the use from Convenience Retail Store to Health Services Use (Sparkling Smile Dental Hygiene, #103) and construct interior alterations.",Retail and Shops (510),(03) Interior Alterations,883,15000,DC2,0,53.456729279786636,-113.42517988777472,,1,
2012-12-03T00:00:00.000,2012,12,2012-12-03T00:00:00.000,Commercial Final,"201, 8754 - 50 AVENUE NW",Plan 2421077 Blk 6 Lot 7,MCINTYRE INDUSTRIAL,6430,"To change the use from a Professional Office to a Personal Service Shop and to construct inteiror alterations,  suite # 201, ""Asian Health Centre"".",Office Complex (522),(03) Interior Alterations,1250,6000,BE,0,53.48740868849564,-113.45968687847349,,1,
2012-12-03T00:00:00.000,2012,12,2012-12-03T00:00:00.000,Commercial Final,10060 - JASPER AVENUE NW,Plan 8221723 Lot C,DOWNTOWN,1090,"To construct interior alterations to a professional office, 5th floor ""Scotia Place Dental Office""  Scotia Place.",Office Buildings (520),(03) Interior Alterations,3411,315000,CCA,0,53.541787315265,-113.49295720102421,,1,
2012-11-27T00:00:00.000,2012,11,2012-11-27T00:00:00.000,Commercial Final,"30, 12981 - 50 STREET NW",Plan 4313TR Blk 1 Lot 13,HOMESTEADER,2350,"To construct interior alterations to office/personal services tenant space ""D"" - Physio Therapy.",Office Buildings (520),(03) Interior Alterations,2100,5000,CN,0,53.58893717378209,-113.41706563473652,,1,
2012-11-26T00:00:00.000,2012,11,2012-11-26T00:00:00.000,Commercial Final,"201, 15961 - 97 STREET NW",Plan 1023505 Blk 2 Lot 5A,EAUX CLAIRES,2241,To construct interior alterations for a Dental Office,Office Complex (522),(03) Interior Alterations,1934,190000,DC1,0,53.62037124821109,-113.49031422341115,,1,
2012-11-22T00:00:00.000,2012,11,2012-11-22T00:00:00.000,Commercial Final,9942 - 108 STREET NW,Plan NB Blk 8 Lots 57-60,DOWNTOWN,1090,"To construct interior alterations to a professional office, ""Capital Health - Mental Health Care"", and Exterior Door Alterations.",Office Buildings (520),(03) Interior Alterations,2800,180000,CMU,0,53.53846263387023,-113.50712092379617,,1,
2012-11-20T00:00:00.000,2012,11,2012-11-20T00:00:00.000,Commercial Final,6042 - CURRENTS DRIVE NW,Plan 1124080 Blk 14 Lot 21,AMBLESIDE,5505,"To construct interior alterations to a professional office, cru#103 ""Windermere  Dental"", Building F1.","Clinics, Health Units (642)",(03) Interior Alterations,1736,200000,ASC,0,53.43744500666942,-113.60323379137137,,1,
2012-11-15T00:00:00.000,2012,11,2012-11-15T00:00:00.000,Commercial Final,16028 - 100A AVENUE NW,Plan 1124881 Blk 3 Lot 26,GLENWOOD,4180,"To construct a  interior alterations to health services / professional office, 3rd floor QSMM  ""Glenwood Health Centre"".","Clinics, Health Units (642)",(03) Interior Alterations,10060,900000,"MU, MU",0,53.54077138041618,-113.59860998883583,,1,
2012-11-14T00:00:00.000,2012,11,2012-11-14T00:00:00.000,Commercial Final,5848 - 111 STREET NW,Plan 9720491 Blk 15 Lot 2B,LENDRUM PLACE,5270,To Change of Use form General Retail Store to a Veterinary Sevices Use and to construct interior alterations.,Office Complex (522),(03) Interior Alterations,3800,200000,CG,0,53.495207521255374,-113.51777233027487,,1,
2012-11-14T00:00:00.000,2012,11,2012-11-14T00:00:00.000,Commercial Final,"518, 6655 - 178 STREET NW",Plan 8521170 Blk 10 Lot 4,CALLINGWOOD SOUTH,4080,"(To construct interior alterations to a veterinary service, ""Ramana Veterinary Services"".)",Animal and Plant Services (410),(03) Interior Alterations,1525,52000,DC2,0,53.5015189774394,-113.62894463801662,,1,
2012-11-06T00:00:00.000,2012,11,2012-11-06T00:00:00.000,Commercial Final,4810 - 93 STREET NW,Plan 1026188 Blk 3 Lot 19B,PAPASCHASE INDUSTRIAL,6560,"To construct interior alterations to a professional office, ""Coatings Office / Coatings Laboratory,  Rooms 108 / 109  ""Rae Engineering and Inspection.","Storage Buildings, Warehouses (460)",(03) Interior Alterations,2129,100000,BE,0,53.48560353661472,-113.47125591695567,,1,
2012-10-31T00:00:00.000,2012,10,2012-10-31T00:00:00.000,Commercial Final,11560 - UNIVERSITY AVENUE NW,Plan 968RS Blk F Lot 2,UNIVERSITY OF ALBERTA,5520,To construct interior alterations to an existing Medical Treatment Centre - Cross Cancer Institute) - Vault 5 on Level 0,Hospitals (640),(03) Interior Alterations,1774,600000,AJ,0,53.51819323936249,-113.531187690958,,1,
2012-10-30T00:00:00.000,2012,10,2012-10-30T00:00:00.000,Commercial Final,11111 - JASPER AVENUE NW,Plan NB Blk 11 Lots 31-56,WÎHKWÊNTÔWIN,1151,To construct interior alterations to offices in a existing extended medical treatment service facility. (Edmonton General) Main Floor(EGH Aides),Hospitals (640),(03) Interior Alterations,154,100000,UF,0,53.53987441955332,-113.51303047880194,,1,
2012-10-24T00:00:00.000,2012,10,2012-10-24T00:00:00.000,Commercial Final,6007 - 199 STREET NW,Plan 0424510 Blk 1 Lot Y,THE HAMPTONS,4461,"To change the use from a General Retail space to a Health Service, and construct interior alterations (Dental Clinic).","Clinics, Health Units (642)",(03) Interior Alterations,2400,287000,CNC,0,53.49241597795734,-113.66456194267339,,1,
2012-10-22T00:00:00.000,2012,10,2012-10-22T00:00:00.000,Commercial Final,2053 - 111 STREET NW,Plan 8720395 Blk 1 Lot 4,KEHEEWIN,5250,To construct interior alterations to an existing office complex - Insight Medical Imaging,Office Complex (522),(03) Interior Alterations,2683,200000,DC2,0,53.45233431540742,-113.51367268614939,,1,
2012-10-18T00:00:00.000,2012,10,2012-10-18T00:00:00.000,Commercial Final,10707 - 29 AVENUE NW,Plan 9020272 Blk 27 Lot 45,ERMINESKIN,5180,To construct interior alterations to an existing Extended Medical facility. St. Joseph's - 3rd floor - Palliative Care.,Hospitals (640),(03) Interior Alterations,5834,1422448,DC2,0,53.459828547139836,-113.50605228089472,,1,
2012-10-18T00:00:00.000,2012,10,2012-10-18T00:00:00.000,Commercial Final,10240 - KINGSWAY NW,Plan 1619KS Blk 2 Lot 313,CENTRAL MCDOUGALL,1030,To construct interior alterations to an existing Extended Medical Treatment Services building (Royal Alexandra Hospital) Cardiac Clinic,Hospitals (640),(03) Interior Alterations,5250,384000,US,0,,,,1,
2012-10-03T00:00:00.000,2012,10,2012-10-03T00:00:00.000,Commercial Final,"102, 10534 - 124 STREET NW",Plan RN22 Blk 30 Lot Z,WESTMOUNT,3440,To change the use from a Personal Service Shop to Health Services with an accessory General Retail (Pharmacy).,Office Complex (522),(03) Interior Alterations,3430,300000,MU,0,53.54871681165007,-113.5364091607205,,1,
2012-10-03T00:00:00.000,2012,10,2012-10-03T00:00:00.000,Commercial Final,9136 - 23 AVENUE NW,"Condo Common Area (Plan 0822030,1220720,0921139)",PARSONS INDUSTRIAL,6570,"To construct tenant fit up to an office (9136 --  ""Ramlall Med Clinic"")","Clinics, Health Units (642)",(03) Interior Alterations,5313,346000,BE,0,53.452664119364584,-113.47015606349375,,1,
2012-09-25T00:00:00.000,2012,9,2012-09-25T00:00:00.000,Commercial Final,7007 - 116 STREET NW,Plan 4663AK Blk X,UNIVERSITY OF ALBERTA FARM,5530,"To construct interior and exterior alterations (addition)  to an existing medical examiner building, ""Edmonton - Medical Examiner Building"".",Laboratory/Research Centres (580),(02) Addition,37297,12020000,AJ,0,53.506086541589376,-113.52996246699615,,1,
2012-09-18T00:00:00.000,2012,9,2012-09-18T00:00:00.000,Commercial Final,"B1, 10155 - 120 STREET NW",Plan 4423AJ Blk 19 Lots 36-39,WÎHKWÊNTÔWIN,1151,To construct interior alterations to an existing X ray clinic - CRU B-1,Office Complex (522),(03) Interior Alterations,900,158346,RL,0,53.542640766752754,-113.52812955269896,,1,
2012-09-17T00:00:00.000,2012,9,2012-09-17T00:00:00.000,Commercial Final,10515 - 109 STREET NW,Plan B4 Blk 8 Lots 159-163,CENTRAL MCDOUGALL,1030,To change the use (retail to business/personal service use) and construct interior alteration to portion of a retail/business building (Optometrist). Entryway 10511-109st,Retail and Shops (510),(03) Interior Alterations,,60000,MU,0,53.548688191435254,-113.50787790768051,,1,
2012-09-11T00:00:00.000,2012,9,2012-09-11T00:00:00.000,Commercial Final,10515 - PRINCESS ELIZABETH AVENUE NW,Plan 5426KS Blk 5C Lot 12,SPRUCE AVENUE,1230,To construct interior alterations to a Personal Services Office (Dental office).,"Clinics, Health Units (642)",(03) Interior Alterations,8000,400000,CN,0,53.56661649415242,-113.50153608329735,,1,
2012-09-11T00:00:00.000,2012,9,2012-09-11T00:00:00.000,Commercial Final,466 - RIVERBEND SQUARE NW,Plan 9824766 Blk 101 Lot 39,FALCONER HEIGHTS,5190,To construct interior alterations - Dental Office,Office Complex (522),(03) Interior Alterations,3172,480000,DC2,0,53.46852917244138,-113.58407751082754,,1,
2012-09-10T00:00:00.000,2012,9,2012-09-10T00:00:00.000,Commercial Final,4245 - 118 AVENUE NW,Plan 7242AH Blk 4 Lots 9-17,BEVERLY HEIGHTS,2100,To Add the Use of Health Service into an existing General Retail Store (Medical Clinic with Pharmacy) and To Construct Interior Alterations.,"Clinics, Health Units (642)",(03) Interior Alterations,3960,80000,MU,0,53.570110297911135,-113.40758372617393,,1,
2012-08-29T00:00:00.000,2012,8,2012-08-29T00:00:00.000,Commercial Final,10700 - 104 AVENUE NW,Plan 2121375 Blk 20 Lot 102,DOWNTOWN,1090,"To Construct interior alteration  MacEwan College "" BSc Laboratory - Bldg 5 basement",Post-secondary Institutions (624),(03) Interior Alterations,18890.66,2310000,"DC2, AJ, UI, UI",0,53.54704200107624,-113.50762386182102,,1,
2012-08-21T00:00:00.000,2012,8,2012-08-21T00:00:00.000,Commercial Final,12350 - 137 AVENUE NW,Plan 8522444 Blk 35 Lot 34,BARANOW,3020,To add the Accessory Use of a Health Services to a General Retail Store (Real Canadian Superstore) and to construct exterior and interior alterations (Primacy Medical Clinic),Retail and Shops (510),(03) Interior Alterations,1722,375000,CG,0,53.600853899934854,-113.53672707964859,,1,
2012-07-27T00:00:00.000,2012,7,2012-07-27T00:00:00.000,Commercial Final,9711 - 23 AVENUE NW,Plan 0020087 Blk 6 Lot 3,SOUTH EDMONTON COMMON,6195,"To construct  Interior Alterations to a Retail Store (Real Canadian Superstore, 9711 - 23 Ave ) (Joe Apparel and Pharmacy areas)",Retail and Shops (510),(03) Interior Alterations,2000,400000,DC,0,53.45234929374723,-113.48215417205955,,1,
2012-07-18T00:00:00.000,2012,7,2012-07-18T00:00:00.000,Commercial Final,11830 - 109 STREET NW,Plan 9220135 Blk 6A Lot 2,BLATCHFORD AREA,1111,"To operate a Spectator Sports Establishment having Accessory structures / surface parking lots for the 2012 Edmonton Indy Auto Race (July 20 - 22, 2012) as a Temporary Development with track hours of operating from 7:00 am to 7:30 pm. Accessory structures include tents and booths (merchants, sponsors, beer gardents, admissions, medical services etc.), grandstands, pit lane suites, race padocks, media centtre, operations centre, TV compound, large screen displays, washrooms, waste / recycling management. Acessory parking lots are for passenger / delivery vehicles and RVs. Setup is between June 11 and July 19, 2012. Removal is between July 23  to August 11, 2012.",Temporary Structures (999),(12) Move Building OnSite,,528000,"MA3, MA2, MA1",0,53.572987999542924,-113.51734862683843,,1,
2012-06-29T00:00:00.000,2012,6,2012-06-29T00:00:00.000,Commercial Final,3380 - GATEWAY BOULEVARD NW,Plan 9222277 Blk 36 Lot 1B,CALGARY TRAIL SOUTH,5120,To construct interior alteration to a medical office (Yellowbird Family Medical),"Clinics, Health Units (642)",(03) Interior Alterations,3477,400000,"DC2, DC",0,53.46615008836049,-113.49390654989656,,1,
2012-06-26T00:00:00.000,2012,6,2012-06-26T00:00:00.000,Commercial Final,"2FL, 8104 - 82 AVENUE NW",Plan 5036S Blk 34 Lots 16-18,IDYLWYLDE,6320,To construct Interior Alteration to an existing Dental Office. (Dr.Wittneier Dental Clinic),Restaurants and Bars (540),(03) Interior Alterations,2993,100000,CN,0,53.51835649508913,-113.45245861549127,,1,
2012-06-21T00:00:00.000,2012,6,2012-06-21T00:00:00.000,Commercial Final,9509 - 156 STREET NW,Plan 6530ET Blk 7 Lots 3-6,WEST JASPER PLACE,4580,To construct interior alterastions to a General Retail Store - Pharmacy,Office Complex (522),(03) Interior Alterations,2460,50000,CSC,0,53.53182581561477,-113.58941879946019,,1,
2012-06-19T00:00:00.000,2012,6,2012-06-19T00:00:00.000,Commercial Final,"224B, 6655 - 178 STREET NW",Plan 8521170 Blk 10 Lot 4,CALLINGWOOD SOUTH,4080,To change the use of an existing retail space to a Professional office space & to construct interior alterations (Insight Medical Imaging - Marketplace @ Callingwood),"Malls, Office/Retail (512)",(03) Interior Alterations,1226,200000,DC2,0,53.5015189774394,-113.62894463801662,,1,
2012-06-18T00:00:00.000,2012,6,2012-06-18T00:00:00.000,Commercial Final,15115 - 121 STREET NW,Plan 4886TR Blk 12 Lot 13,CAERNARVON,3060,"To Change the Use from Personal Service Shop, Specialty Food Service, General Retail, and Convenience Retail to Health Services with Accessory General Retail (Pharmacy) and construct Interior Alterations (Renovations and Remove Demising Walls)","Malls, Office/Retail (512)",(03) Interior Alterations,4450,151000,CN,0,53.61357563503867,-113.52966535166128,,1,
2012-06-13T00:00:00.000,2012,6,2012-06-13T00:00:00.000,Commercial Final,15508 - 87 AVENUE NW,Plan 2786RS Blk 1 Lot 14A,JASPER PARK,4230,To construct interior alterations to an existing Health Service space. GL16 Live Well Chiropractic,Office Buildings (520),(03) Interior Alterations,1550,20000,CG,0,53.51993509849632,-113.58907093621535,,1,
2012-06-07T00:00:00.000,2012,6,2012-06-07T00:00:00.000,Commercial Final,17032 - 90 AVENUE NW,Plan 0928218 Blk 30 Lot 10,SUMMERLEA,4520,To Change the Use of an existing retail space to a health services medical clinic (CURA) & a smaller retail space & to construct interior/exterior alterations.,Retail and Shops (510),(03) Interior Alterations,,150000,CG,0,53.52589864874137,-113.61744731083935,,1,
2012-06-05T00:00:00.000,2012,6,2012-06-05T00:00:00.000,Commercial Final,11560 - UNIVERSITY AVENUE NW,Plan 968RS Blk F Lot 2,UNIVERSITY OF ALBERTA,5520,To construct interior alterations to an extended medical care treatment facility - CBIAR Tomovault - Levels 0 & 1 ogf the Cross Cancer Institute,Hospitals (640),(03) Interior Alterations,689,360000,AJ,0,53.51819323936249,-113.531187690958,,1,
2012-06-04T00:00:00.000,2012,6,2012-06-04T00:00:00.000,Commercial Final,8 - BLACKBURN DRIVE WEST SW,Plan 0423595 Blk 7 Lot 9,BLACKBURNE,5590,"To construct Interior Alterations and operate a Health Services, Convenience Retail Stores and Personal Service Shops Use building.- Vet Clinic",Office Complex (522),(03) Interior Alterations,2500,162500,CN,0,53.42970866116136,-113.51583795633152,,1,
2012-05-29T00:00:00.000,2012,5,2012-05-29T00:00:00.000,Commercial Final,15270 - 127 STREET NW,Plan 0625614 Blk 16 Lot 4,CUMBERLAND,3150,"To Construct interior alterations for a Dental Clinic "" Oxford Park Dental""  - new Development within a Bldg Shell",Office Buildings (520),(03) Interior Alterations,1840,250000,CG,0,53.61598654925808,-113.54281964862128,,1,
2012-05-11T00:00:00.000,2012,5,2012-05-11T00:00:00.000,Commercial Final,18415 - 127 STREET NW,Plan 0023376 Lot 1,GOODRIDGE CORNERS,3490,"To construct Edmonton Remand Centre, Health Care Pod, part of an eight  building (five permits) project.",Law Enforcement/Emergency Svcs. (612),(01) New,166689,0,AG,0,53.64714851925836,-113.53845445827159,,1,
2012-05-08T00:00:00.000,2012,5,2012-05-08T00:00:00.000,Commercial Final,5966 - MULLEN WAY NW,Plan 0729861 Blk 19 Lot 1,MACTAGGART,5477,To construct interior alteration tenant fit-up to a health services space (Dominion Medical Centre),Retail and Shops (510),(03) Interior Alterations,5597,422300,CG,0,53.43513326351073,-113.57248327824159,,1,
2012-05-08T00:00:00.000,2012,5,2012-05-08T00:00:00.000,Commercial Final,2704 - 48 STREET NW,Plan 8021673 Blk 29 Lot 25,WEINLOS,6770,To Construct Interior Alterations to aHealth Services with Accessory retail Store ( Medical Clinic with Pharmacy Store),"Clinics, Health Units (642)",(03) Interior Alterations,2700,140000,CN,0,53.4589107510849,-113.41743419403656,,1,
2012-04-30T00:00:00.000,2012,4,2012-04-30T00:00:00.000,Commercial Final,11208 - 104 AVENUE NW,Plan 0020365 Blk 9D Lot 6,"OLIVER, WÎHKWÊNTÔWIN","1150, 1151",To construct interior alterations - VisionMed (eye clinic),"Clinics, Health Units (642)",(03) Interior Alterations,8343,500000,DC1,0,53.546766957664715,-113.51575022833559,,1,
2012-04-30T00:00:00.000,2012,4,2012-04-30T00:00:00.000,Commercial Final,10611 - 101 STREET NW,"Plan 2633AI Lots C,D",MCCAULEY,1140,To change the use from a Limited Contractor Service to a General Retail Store use and to construct an interior alterations.(Pharmacy),Office Complex (522),(03) Interior Alterations,1568,77000,MU,0,53.55022699060349,-113.49332806355999,,1,
2012-04-24T00:00:00.000,2012,4,2012-04-24T00:00:00.000,Commercial Final,8440 - 112 STREET NW,Plan 9826528 Lot 6,UNIVERSITY OF ALBERTA,5520,To construct Interior Alterations to an Extended Care Medical Treatment Facility - Area 2G - New Endoscope Suites,Hospitals (640),(03) Interior Alterations,12777,5400000,AJ,0,53.5207215065611,-113.52321908985577,,1,
2012-04-24T00:00:00.000,2012,4,2012-04-24T00:00:00.000,Commercial Final,2316 - 96 STREET NW,Plan 8120859 Blk 14 Lot 2,PARSONS INDUSTRIAL,6570,"To construct interior alterations to a Health Services building (demo walls to create exercise area, demo and rebuild office walls for new exam rooms and pharmacy area)",Office Complex (522),(03) Interior Alterations,4236,250000,BE,0,53.45290644093477,-113.4761764071922,,1,
2012-04-16T00:00:00.000,2012,4,2012-04-16T00:00:00.000,Commercial Final,10707 - 29 AVENUE NW,Plan 9020272 Blk 27 Lot 45,ERMINESKIN,5180,To construct Interior Alterations to an Extended Medical Treatment Services building (Fire Alarm upgrade).,Hospitals (640),(03) Interior Alterations,61076,165000,DC2,0,53.459828547139836,-113.50605228089472,,1,
2012-04-11T00:00:00.000,2012,4,2012-04-11T00:00:00.000,Commercial Final,13667 - 66 STREET NW,"Plan 3031RS Blk 2 Lots 10A,41U",BELVEDERE,2080,To change the use from a Personal Service Shop to a Veterinary Services and to construct interior alterations.,Office Buildings (520),(03) Interior Alterations,895,30000,CN,0,53.59910464122561,-113.44237913831698,,1,
2012-03-30T00:00:00.000,2012,3,2012-03-30T00:00:00.000,Commercial Final,8440 - 112 STREET NW,Plan 9826528 Lot 6,UNIVERSITY OF ALBERTA,5520,Demolition of Interior partitions only to an Extended Care Medical Treatment Facility - Area 2G,Hospitals (640),(03) Interior Alterations,12764,5000,AJ,0,53.5207215065611,-113.52321908985577,,1,
2012-03-21T00:00:00.000,2012,3,2012-03-21T00:00:00.000,Commercial Final,10230 - 111 AVENUE NW,Plan 9720909 Blk 2,SPRUCE AVENUE,1230,"To construct interior alterations to an existing health services, ""Glenrose Dental Clinic"" expansion,  Alberta Health Services.",Hospitals (640),(03) Interior Alterations,3226,492189,"US, DC2",0,53.559978938583676,-113.49831109643385,,1,
2012-03-14T00:00:00.000,2012,3,2012-03-14T00:00:00.000,Commercial Final,6274 - 199 STREET NW,Plan 0125798 Blk 8 Lot 85,GLASTONBURY,4720,To change of use from a General Retail Store to a Health Service (MEDICAL OFFICE) HAMPTONS MEDICAL,Office Buildings (520),(03) Interior Alterations,2072,169000,CG,0,53.49504584266878,-113.66715185304272,,1,
2012-03-07T00:00:00.000,2012,3,2012-03-07T00:00:00.000,Commercial Final,16114 - 100A AVENUE NW,Plan 2331HW Blk 3 Lot 20,GLENWOOD,4180,"To construct a Health Services / Professional, Financial and Office Support Services use building - 'Glenwood Health Centre - West' (RTU's and shell only)",Office Buildings (520),(02) Addition,,1200000,MU,0,53.541009650853944,-113.59972140794146,,1,
2012-02-27T00:00:00.000,2012,2,2012-02-27T00:00:00.000,Commercial Final,15313 - 97 STREET NW,Plan 1420713 Blk 90 Lot 2A,EAUX CLAIRES,2241,To change the use of a Minor Eating and Drinking Establishment to a Health Service and to construct an interior alterations.( Physiotherapy),"Malls, Office/Retail (512)",(03) Interior Alterations,1439,34000,DC2,0,53.61482629817064,-113.49018554549282,,1,
2012-02-15T00:00:00.000,2012,2,2012-02-15T00:00:00.000,Commercial Final,9505 - 163 STREET NW,Plan 6077KS Blk 26 Lot 25,GLENWOOD,4180,To change the use from a Major Home Based Business to an Extended Medical Treatment Service and to construct minor interior alterations  - 'Lucina Centre - Birthing & Family Wellness'.,"Clinics, Health Units (642)",(03) Interior Alterations,,20000,UF,0,53.532126500329205,-113.60217381856503,,1,
2012-02-15T00:00:00.000,2012,2,2012-02-15T00:00:00.000,Commercial Final,8440 - 112 STREET NW,Plan 9826528 Lot 6,UNIVERSITY OF ALBERTA,5520,To construct interior alterations to an Extended Medical Treatment Facility (University of Alberta Hospital),Hospitals (640),(03) Interior Alterations,6286,2636500,AJ,0,53.5207215065611,-113.52321908985577,,1,
2012-02-13T00:00:00.000,2012,2,2012-02-13T00:00:00.000,Commercial Final,10160 - 109 STREET NW,Plan 9921554 Blk 9B Lot 5,DOWNTOWN,1090,"To construct interior alterations, includes new demising wall. for a health service Shop.( Dental Choice).",Office Buildings (520),(03) Interior Alterations,1800,200000,DC2,0,53.542001969837315,-113.50937051736148,,1,
2012-02-08T00:00:00.000,2012,2,2012-02-08T00:00:00.000,Commercial Final,12620A - 132 AVENUE NW,Plan 5772KS Blk 12 Lot 2,KENSINGTON,3250,To operate a Health Service with accessory General Retail (doctors offices and pharmacy) and to construct an Interior Alterations.( Adding a extra floor space within the Building.),Office Complex (522),(03) Interior Alterations,887,18000,CG,0,53.592854224486324,-113.53981066292394,,1,
2012-02-02T00:00:00.000,2012,2,2012-02-02T00:00:00.000,Commercial Final,7323 - ROPER ROAD NW,Condo Common Area (Plan 0822577),ROPER INDUSTRIAL,6640,To construct interior alterations. (Fine Arts Dental).,"Clinics, Health Units (642)",(03) Interior Alterations,4843,340000,BE,0,53.49195403574573,-113.44069197885558,,1,
2012-01-20T00:00:00.000,2012,1,2012-01-20T00:00:00.000,Commercial Final,"160, 8930 - JASPER AVENUE NW",Plan 155HW Blk 5,BOYLE STREET,1020,To construct Interior Alterations to a commercial building. - Highlands Dental.,"Clinics, Health Units (642)",(03) Interior Alterations,1830,180000,DC2,0,53.55272346429436,-113.4738503543472,,1,
2012-01-18T00:00:00.000,2012,1,2012-01-18T00:00:00.000,Commercial Final,11464 - JASPER AVENUE NW,Plan B3 Blk 14 Lot 83,WÎHKWÊNTÔWIN,1151,To construct Interior Alterations to an existing Medical Centre (Health Service) (Washroom Renovation),Office Complex (522),(03) Interior Alterations,2720,90000,"DC2, DC",0,53.54128222025954,-113.51915706118706,,1,
2012-01-18T00:00:00.000,2012,1,2012-01-18T00:00:00.000,Commercial Final,6030 - CURRENTS DRIVE NW,Plan 1124080 Blk 14 Lot 21,AMBLESIDE,5505,"To construct a Health Services Building (SHELL ONLY - 4 RTU'S, TWO DEMISING WALLS), (Building F1 - Medical Centre)","Clinics, Health Units (642)",(01) New,7218,816000,"CSCa, ASC",0,53.43744500666942,-113.60323379137137,,1,
2012-01-06T00:00:00.000,2012,1,2012-01-06T00:00:00.000,Commercial Final,13322 - 114 AVENUE NW,Plan 1322505 Blk 19 Lot 17,WOODCROFT,3450,To continue to operate a Heath Service (Medical Clinic) and Construct Interior Alterations,"Clinics, Health Units (642)",(03) Interior Alterations,1765,90000,"RA9, CSC",0,53.56468621763982,-113.55271397748064,,1,
2012-01-05T00:00:00.000,2012,1,2012-01-05T00:00:00.000,Commercial Final,11004 - 190 STREET NW,Plan 0928382 Blk 3 Lot 25,WHITE INDUSTRIAL,4630,"To construct a Professional, Financial, and Office Support Services / General Industrial Use Building on a portion of the Site. (Engineering Services Office and Laboratory Facility).",Laboratory/Research Centres (580),(01) New,44734,12200000,"IM, IM, BE",0,53.556606180791555,-113.65078647809354,,1,
2012-01-04T00:00:00.000,2012,1,2012-01-04T00:00:00.000,Commercial Final,6034 - CURRENTS DRIVE NW,Plan 1124080 Blk 14 Lot 21,AMBLESIDE,5505,To construct interior alterations to a Health Services Use building (cru #2) - Building F1 - Medical Centre.,"Clinics, Health Units (642)",(03) Interior Alterations,3576,500000,"CSCa, ASC",0,53.43744500666942,-113.60323379137137,,1,
2011-12-20T00:00:00.000,2011,12,2011-12-20T00:00:00.000,Commercial Final,6019 - 199 STREET NW,Plan 0424510 Blk 1 Lot Y,THE HAMPTONS,4461,To construct interior alterations to a chiropractic clinic,"Clinics, Health Units (642)",(03) Interior Alterations,1200,25000,CNC,0,53.49241597795734,-113.66456194267339,,1,
2011-12-14T00:00:00.000,2011,12,2011-12-14T00:00:00.000,Commercial Final,10245 - 111 AVENUE NW,Plan 1619KS Blk 2 Lot 313,CENTRAL MCDOUGALL,1030,To construct interior alterations to an extended medical treatment sevices building - Basement level - 'Robbins Pavilion Learning Centre' @ Royal Alexandra Hospital.,Hospitals (640),(03) Interior Alterations,8568,1226560,US,0,53.55760481079216,-113.49790303847999,,1,
2011-12-13T00:00:00.000,2011,12,2011-12-13T00:00:00.000,Commercial Final,14225 - 94 STREET NW,Plan 2547RS Blk 12 Lot 5,NORTHMOUNT,2580,To construct interior alterations to a Extended Medical Treatment Services Building. Renovation to 3 bathing room,"Clinics, Health Units (642)",(03) Interior Alterations,900,397200,UF,0,53.60519759163877,-113.48467958244274,,1,
2011-12-13T00:00:00.000,2011,12,2011-12-13T00:00:00.000,Commercial Final,5818 - TERRACE ROAD NW,Plan 9220704 Blk 2A Lot 5,TERRACE HEIGHTS,6730,Construct interior alterations for a Mediclinic and Pharmacy ( Medigroup),"Clinics, Health Units (642)",(03) Interior Alterations,5483,50000,MU,0,53.540657337149945,-113.42548965438648,,1,
2011-12-12T00:00:00.000,2011,12,2011-12-12T00:00:00.000,Commercial Final,9122 - 82 AVENUE NW,Plan 3737AI Blk 9 Lots 5-9,BONNIE DOON,6040,To change the use from a Veterinary Service to a General Retail Store (Medicine Shop) and to construct interior alterations.,Retail and Shops (510),(03) Interior Alterations,1226,40000,"RM, MU",0,53.518342781580394,-113.46852330156602,,1,
2011-12-09T00:00:00.000,2011,12,2011-12-09T00:00:00.000,Commercial Final,16720 - 113 AVENUE NW,Plan 2477KS Blk 2 Lot 14,WEST SHEFFIELD INDUSTRIAL,4600,To change the use from General Industrial use to an Animal Hospitals & Shelters facility (Fur & Feathers).,"Storage Buildings, Warehouses (460)",(03) Interior Alterations,1840,1000,IM,0,53.56176279755801,-113.6107492378993,,1,
2011-12-08T00:00:00.000,2011,12,2011-12-08T00:00:00.000,Commercial Final,1091 - KNOTTWOOD ROAD EAST NW,Plan 7621268 Blk 27 Lot 1,MENISA,6450,To operate a Health Service Use (optometrist) with Accessory General Retail (sale of eyeglasses).,"Malls, Office/Retail (512)",(03) Interior Alterations,880,13000,DC2,0,53.4448530952076,-113.44378726347226,,1,
2011-11-30T00:00:00.000,2011,11,2011-11-30T00:00:00.000,Commercial Final,10216 - 124 STREET NW,Plan RN22 Blk 33 Lots 14-16,WESTMOUNT,3440,To Construct Interior Alterations to an Office Building (7th Floor) and to continue to Operate a Health Service ( Copeman Health Clinic),"Clinics, Health Units (642)",(03) Interior Alterations,7800,400000,DC2,0,53.543747069175254,-113.53640140212278,,1,
2011-11-30T00:00:00.000,2011,11,2011-11-30T00:00:00.000,Commercial Final,6215 - 124 STREET NW,Plan 600MC Blk 11 Lot 6,GRANDVIEW HEIGHTS,5210,to construct interior alterations to an existing extended medical treatment services building (existing dinning room improvements and commercial kitchen),"Day Cares, Nursing Homes (650)",(03) Interior Alterations,3600,600000,UF,0,53.498703841103236,-113.5425096320157,,1,
2011-11-29T00:00:00.000,2011,11,2011-11-29T00:00:00.000,Commercial Final,1021 - HAYTER ROAD NW,Plan 1220538 Blk 1 Lot 2,CLOVER BAR AREA,2160,"To construct interior alterations to a general industrial use, ""Gilead Alberta""- QC Laboratory Expansion"" 3rd floor.","Storage Buildings, Warehouses (460)",(03) Interior Alterations,2000,50000,"IM, IM",0,,,,1,
2011-11-28T00:00:00.000,2011,11,2011-11-28T00:00:00.000,Commercial Final,10050 - 112 STREET NW,Condo Common Area (Plan 2520702),WÎHKWÊNTÔWIN,1151,"To operate a Health Service (Crown Dental Lab), and construct interior alterations).",Office Buildings (520),(03) Interior Alterations,2315,120000,DC2,0,53.54021893358858,-113.51447787812799,,1,
2011-11-18T00:00:00.000,2011,11,2011-11-18T00:00:00.000,Commercial Final,10381 - 51 AVENUE NW,Plan 0424375 Blk 1 Lot 11,EMPIRE PARK,5170,"To construct interior alterations to a Health Service ""Insite Medical Imaging"".","Clinics, Health Units (642)",(03) Interior Alterations,5613,600000,DC2,0,53.487501280709154,-113.49769254852211,,1,
2011-11-17T00:00:00.000,2011,11,2011-11-17T00:00:00.000,Commercial Final,14030 - 23 AVENUE NW,Plan 0421742 Blk 165 Lot 100,HODGSON,5620,To Construct Interior Alterations (central offices and washrooms) to a Health Service Clinic (Rabbit HIll Medical Clinic).,Retail and Shops (510),(03) Interior Alterations,2300,50000,CG,0,53.454988556456286,-113.56374388081353,,1,
2011-11-14T00:00:00.000,2011,11,2011-11-14T00:00:00.000,Commercial Final,"204, 8944 - 182 STREET NW",Plan 7820298 Blk 17 Lot 2A,BELMEAD,4040,Interior Alterations for a dental office. Suite 204,Office Buildings (520),(03) Interior Alterations,1850,150000,CN,0,53.5245499986922,-113.63924097345966,,1,
2011-11-07T00:00:00.000,2011,11,2011-11-07T00:00:00.000,Commercial Final,"48A, 9703 - 41 AVENUE NW",Plan 9621123 Unit 76,STRATHCONA INDUSTRIAL PARK,6700,"To change the use from a Professional, Financial Office Support Use to Business Support Service (Dental Lab), and construct interior alterations.","Clinics, Health Units (642)",(03) Interior Alterations,1600,10000,BE,0,53.47610735437516,-113.48048292112821,,1,
2011-11-03T00:00:00.000,2011,11,2011-11-03T00:00:00.000,Commercial Final,11560 - UNIVERSITY AVENUE NW,Plan 968RS Blk F Lot 2,UNIVERSITY OF ALBERTA,5520,"To construct an addition to an Extended Medical Treatment Services building (MRI vaults, Cross Cancer Institute).( Vault Renovations)","Clinics, Health Units (642)",(03) Interior Alterations,620,395000,AJ,0,53.51819323936249,-113.531187690958,,1,
2011-11-02T00:00:00.000,2011,11,2011-11-02T00:00:00.000,Commercial Final,16515 - 88 AVENUE NW,Plan 0726880 Blk 3 Lot 5,WEST MEADOWLARK PARK,4590,"To construct interior alterations to an existing medical treatement services building (Rm 1303-1308 ""Laundry Fit Out.""+""C1528 new exterior door"", Villa Caritas)",Hospitals (640),(03) Interior Alterations,1260,167172,US,0,53.52173529717909,-113.6120563656399,,1,
2011-11-01T00:00:00.000,2011,11,2011-11-01T00:00:00.000,Commercial Final,"128, 17010 - 90 AVENUE NW",Plan 0928218 Blk 30 Lot 10,SUMMERLEA,4520,To construct interior alterations to an office.( Associated Fopot Clinic),Office Buildings (520),(03) Interior Alterations,3118,275000,CG,0,53.52589864874137,-113.61744731083935,,1,
2011-10-26T00:00:00.000,2011,10,2011-10-26T00:00:00.000,Commercial Final,9945 - 50 STREET NW,Plan 6903AP Blk W,EASTGATE BUSINESS PARK,6180,To operate a Health Service Dynalife clinic) and construct interior alterations.,Office Buildings (520),(03) Interior Alterations,2570,120000,CG,0,53.54017061967245,-113.41734250282705,,1,
2011-10-18T00:00:00.000,2011,10,2011-10-18T00:00:00.000,Commercial Final,6147 - 101 AVENUE NW,Plan 6591KS Blk 2A Lot 1,TERRACE HEIGHTS,6730,"To construct interior alterations to a health service, ""Capilano Optometrist's Clinic"".","Clinics, Health Units (642)",(03) Interior Alterations,3558,302580,MU,0,53.54046285159484,-113.42692057704362,,1,
2011-10-07T00:00:00.000,2011,10,2011-10-07T00:00:00.000,Commercial Final,13650 - 50 STREET NW,Plan 9320792 Blk 25 Lot 5,KENNEDALE INDUSTRIAL,2380,"To construct interior alterations to an existing warehouse sales,  new Pharmacy ungrade, ""Costco Wholesale"".",Retail and Shops (510),(03) Interior Alterations,946,214000,BE,0,53.5961125181207,-113.4165279586032,,1,
2011-10-06T00:00:00.000,2011,10,2011-10-06T00:00:00.000,Commercial Final,2393 - 111 STREET NW,Plan 0523447 Blk 32 Lot 12,ERMINESKIN,5180,To construct interoir alterations to an office building (Neck and Back Chiropractic Clinic) Pad 7.,Office Buildings (520),(03) Interior Alterations,2535,80000,"DC2, DC2, DC2, PU",0,53.4550327775717,-113.51443519119627,,1,
2011-10-06T00:00:00.000,2011,10,2011-10-06T00:00:00.000,Commercial Final,5227 - 167 AVENUE NW,Plan 0829853 Blk 63 Lot 101,HOLLICK-KENYON,2340,"To construct Interior alterations to a veterinary service, ""Hollick Kenyon Veterinary Clinic"".",Retail and Shops (510),(03) Interior Alterations,2960,300000,CG,0,53.62778704444669,-113.41484004705012,,1,
2011-10-05T00:00:00.000,2011,10,2011-10-05T00:00:00.000,Commercial Final,8223 - ROPER ROAD NW,Plan 0121618 Blk 10 Lot 8,MCINTYRE INDUSTRIAL,6430,To Construct Interior Alterations (Renovations) to a General Industrial Use (CYTOVAC Laboratory).,Laboratory/Research Centres (580),(03) Interior Alterations,13024,30000,DC2,0,53.49007854486396,-113.44443495271688,,1,
2011-10-04T00:00:00.000,2011,10,2011-10-04T00:00:00.000,Commercial Final,15957 - 97 STREET NW,Plan 1023505 Blk 2 Lot 5A,EAUX CLAIRES,2241,"To construct interior alterations to a health service/ retail,  ""Urban Optics"" Building G, Namao Center Medical Building.","Malls, Office/Retail (512)",(03) Interior Alterations,2000,244760,DC1,0,53.62037124821109,-113.49031422341115,,1,
2011-09-30T00:00:00.000,2011,9,2011-09-30T00:00:00.000,Commercial Final,11560 - UNIVERSITY AVENUE NW,Plan 968RS Blk F Lot 2,UNIVERSITY OF ALBERTA,5520,"To construct a interior alterations to a Health Care Facility (modification to existing Valut 2, room #0236, level 0) - Cross Cancer Institute.",Hospitals (640),(03) Interior Alterations,340,450800,AJ,0,53.51819323936249,-113.531187690958,,1,
2011-09-21T00:00:00.000,2011,9,2011-09-21T00:00:00.000,Commercial Final,"1022, 9499 - 137 AVENUE NW",Plan 6594MC Blk 27,GLENGARRY,2290,To construct interior alterations to a Dental office. @ NorthGate Shoping Centre,"Malls, Office/Retail (512)",(03) Interior Alterations,3800,500000,"CSC, CG",0,,,,1,
2011-08-31T00:00:00.000,2011,8,2011-08-31T00:00:00.000,Commercial Final,14407 - MCQUEEN ROAD NW,Plan 2599KS Blk 10 Lot 32,MCQUEEN,3300,To construst interior alterations to an extended medical treatment service use,"Day Cares, Nursing Homes (650)",(03) Interior Alterations,120,6500,RM,0,53.552615213193626,-113.57066164078577,,1,
2011-08-29T00:00:00.000,2011,8,2011-08-29T00:00:00.000,Commercial Final,11560 - UNIVERSITY AVENUE NW,Plan 968RS Blk F Lot 2,UNIVERSITY OF ALBERTA,5520,"To construct interior alterations to an existing extended medical treatment service building,  ""Level  3 PDR"" Cross Cancer Institute.",Hospitals (640),(03) Interior Alterations,301,100000,AJ,0,53.51819323936249,-113.531187690958,,1,
2011-08-26T00:00:00.000,2011,8,2011-08-26T00:00:00.000,Commercial Final,4225 - 107 STREET NW,Plan 759TR Blk 13 Lot 81,RIDEAU PARK,5360,"To construct interior alterations to an existing health care facility (bath area renovations - main, 2nd & 3rd floors) Southgate Care Centre.","Clinics, Health Units (642)",(03) Interior Alterations,,180000,UF,0,53.48036197628478,-113.50674612805659,,1,
2011-08-22T00:00:00.000,2011,8,2011-08-22T00:00:00.000,Commercial Final,13221 - BUENA VISTA ROAD NW,Plan 1223199 Blk 1 Lot 1,RIVER VALLEY LAURIER,3382,To move on an accessory storage shed - Animal Care Supply Shed @ Edmonotn Valley Zoo.,"Storage Buildings, Warehouses (460)",(01) New,192,6000,"AN, A",0,53.512604227176695,-113.55513804022672,,1,
2011-08-18T00:00:00.000,2011,8,2011-08-18T00:00:00.000,Commercial Final,11937 - JASPER AVENUE NW,Condo Common Area (Plan 0822875),WÎHKWÊNTÔWIN,1151,To change the Use from a General Retail Store to a Business Support Service (Capital Ceramics Ltd.; dental lab),"Clinics, Health Units (642)",(03) Interior Alterations,2792,50000,MU,0,53.54063425389223,-113.52796762144993,,1,
2011-08-18T00:00:00.000,2011,8,2011-08-18T00:00:00.000,Commercial Final,"6FL, 4445 - CALGARY TRAIL NW",Condo Common Area (Plan 0321729),CALGARY TRAIL NORTH,5110,To construct interior alterations (medical office),Office Buildings (520),(03) Interior Alterations,3003,150000,DC2,0,53.48251888465075,-113.4935965505012,,1,
2011-08-17T00:00:00.000,2011,8,2011-08-17T00:00:00.000,Commercial Final,14604 - 50 STREET NW,Plan 8820708 Blk 51 Lot 8B,CASSELMAN,2130,To Constuct Interior Alertations  - Veterinary Services Use.,Animal and Plant Services (410),(03) Interior Alterations,1400,100000,CG,0,53.60916185649568,-113.41823789053231,,1,
2011-08-05T00:00:00.000,2011,8,2011-08-05T00:00:00.000,Commercial Final,16940 - 87 AVENUE NW,Plan 0726880 Blk 3 Lot 5,WEST MEADOWLARK PARK,4590,"To construct interior alterations to an extended medical treatment service, ""Dumbwaiter Conversion (Elevator# 12) and Sterile Storage (BS-012)"",  Misericordia Hospital.",Hospitals (640),(03) Interior Alterations,1560,152400,US,0,53.52173529717909,-113.6120563656399,,1,
2011-07-29T00:00:00.000,2011,7,2011-07-29T00:00:00.000,Commercial Final,12230 - 107 AVENUE NW,Plan RN22 Blk 6 Lot 9,WESTMOUNT,3440,To change the use from Retail to personal service (Veterinary) and to construct interior alterations  ( Glenora Cat Clinic),Retail and Shops (510),(03) Interior Alterations,980,3000,MU,0,53.551141514302365,-113.53363325998245,,1,
2011-07-29T00:00:00.000,2011,7,2011-07-29T00:00:00.000,Commercial Final,2322 - 24 STREET NW,Plan 0424871 Blk 28 Lot 1,SILVER BERRY,6442,To change the use from a general retail space to a veterinary services space and to construct interior alterations - Millwood East Veterinary Clinic.,Retail and Shops (510),(03) Interior Alterations,2355,170680,CG,0,53.454961441252124,-113.37961979155254,,1,
2011-07-14T00:00:00.000,2011,7,2011-07-14T00:00:00.000,Commercial Final,10139 - 50 STREET NW,"Plan 6098KS Blk 89 Lots 11U,12U,13",GOLD BAR,6270,To construct interior alterations to two bays of an existing strip mall (chiropractic clinic) - CBI Health Group Clinic.,"Clinics, Health Units (642)",(03) Interior Alterations,3118,200000,DC2,0,53.54204633951435,-113.41745417029426,,1,
2011-07-11T00:00:00.000,2011,7,2011-07-11T00:00:00.000,Commercial Final,5970 - MULLEN WAY NW,Plan 0729861 Blk 19 Lot 1,MACTAGGART,5477,"To construct A SHELL BUILDING addition (Phase 2) to an existing strip CRU building ----A MEDICAL OFFICE (CRU C)---3 RTU, NO DEMISING WALLS, NO WASHROOMS.",Retail and Shops (510),(02) Addition,5640,770564,CG,0,53.43513326351073,-113.57248327824159,,1,
2011-07-07T00:00:00.000,2011,7,2011-07-07T00:00:00.000,Commercial Final,14437 - MILLER BOULEVARD NW,Plan 0024700 Blk 9 Lot 1,MILLER,2541,To operate a Health Service (Dental) and construct interior alterations.,Office Buildings (520),(03) Interior Alterations,3000,450000,CN,0,53.60759354427093,-113.41369727767638,,1,
2011-06-13T00:00:00.000,2011,6,2011-06-13T00:00:00.000,Commercial Final,"101, 11541 - KINGSWAY NW",Plan 4259TR Blk 21 Lot 1R,PRINCE RUPERT,1170,To change the Use in a portion of a General Retail Store (Real Canadian Superstore) to a Health Service (medical clinic) and construct interior alterations.,Retail and Shops (510),(03) Interior Alterations,2132,225000,CG,0,53.56470992807813,-113.51935700087887,,1,
2011-06-08T00:00:00.000,2011,6,2011-06-08T00:00:00.000,Commercial Final,23 - LEWIS ESTATES BOULEVARD NW,Plan 9222251 Blk 2 Lot 104,POTTER GREENS,4710,To change the Use from General Retail to a Minor Veterinary Service and construct interior alterations (Charwick Hill Animal Hospital).,Office Buildings (520),(03) Interior Alterations,2082,125000,DC2,0,53.51384980884862,-113.67704475209369,,1,
2011-06-01T00:00:00.000,2011,6,2011-06-01T00:00:00.000,Commercial Final,2383 - 111 STREET NW,Plan 0523447 Blk 32 Lot 12,ERMINESKIN,5180,"To construct interior alterations to an existing health services, ""Dominion Medical Centre"", Century Park.","Clinics, Health Units (642)",(03) Interior Alterations,500,150000,DC2,0,53.4550327775717,-113.51443519119627,,1,
2011-05-26T00:00:00.000,2011,5,2011-05-26T00:00:00.000,Commercial Final,8215 - 112 STREET NW,Plan 5384RS Blk 158 Lot 1A,GARNEAU,5200,To construct interior alterations to an existing office building for a Health Service - Lifesense Chiropractic College Plaza.,"Clinics, Health Units (642)",(03) Interior Alterations,1800,60000,DC2,0,53.51860391214073,-113.52021095968786,,1,
2011-05-26T00:00:00.000,2011,5,2011-05-26T00:00:00.000,Commercial Final,10063 - 118 STREET NW,"Condo Common Area (Plan 1321593,1023350,0927089)",WÎHKWÊNTÔWIN,1151,"To change from a General Retail Use to Health Service,  and construct interior alterations  in a Dental Clinic .",Apartments (310),(03) Interior Alterations,2438,182000,MU,0,53.54059956572296,-113.52456578797242,,1,
2011-05-26T00:00:00.000,2011,5,2011-05-26T00:00:00.000,Commercial Final,"205, 9148 - 23 AVENUE NW","Condo Common Area (Plan 0822030,1220720,0921139)",PARSONS INDUSTRIAL,6570,"To construct interior alterations and to change the use from a Professional, Financial and Office support tp a Health Services (Medical Office).","Clinics, Health Units (642)",(03) Interior Alterations,3214,210000,BE,0,53.452664119364584,-113.47015606349375,,1,
2011-05-26T00:00:00.000,2011,5,2011-05-26T00:00:00.000,Commercial Final,4125 - 139 AVENUE NW,Plan 0022276 Blk 3 Lot 1,CLAREVIEW TOWN CENTRE,2145,To change the use from Business Support Services to Health Services (Chiropractic Office) and construct interior alterations.,"Clinics, Health Units (642)",(03) Interior Alterations,1152,31123,DC2,0,53.599602423246566,-113.40611801687406,,1,
2011-05-25T00:00:00.000,2011,5,2011-05-25T00:00:00.000,Commercial Final,6710 - 101 AVENUE NW,Plan 5312HW Blk 1 Lots 10-12,TERRACE HEIGHTS,6730,"To construct Interior alterations / selective demolition to an exist veterinary clinic and to expand into adjacent cru ""Greenbank Vet Clinic"".",Office Buildings (520),(03) Interior Alterations,3863,100000,MU,0,53.54172945766372,-113.43278782828311,,1,
2011-05-24T00:00:00.000,2011,5,2011-05-24T00:00:00.000,Commercial Final,5124 - 122 STREET NW,Plan 2923RS Blk 30 Lot 49B,LANSDOWNE,5260,To construct interior alterations to a health service -  Landsdowne Medical Clinic. (Moving from CRU 110 to CRU 108 ),"Malls, Office/Retail (512)",(03) Interior Alterations,1500,72000,"CN, DC",0,53.489648584190576,-113.54221747242629,,1,
2011-05-13T00:00:00.000,2011,5,2011-05-13T00:00:00.000,Commercial Final,12607 - 148 AVENUE NW,Plan 0627508 Blk 64 Lot 15,BARANOW,3020,"To construct interior alterations (basement renovation) to an existing boarding & lodging House, extended medical treatment, religious assembly building for senior citizens, ""Tuoi Hac Golden Age Manor"".","Day Cares, Nursing Homes (650)",(03) Interior Alterations,9806,456100,UF,0,53.61000647430909,-113.53948888204306,,1,
2011-05-05T00:00:00.000,2011,5,2011-05-05T00:00:00.000,Commercial Final,123 - HADDOW CLOSE NW,Condo Common Area (Plan 0524641),HADDOW,5610,"To construct interior alterations to a personal sevice,  ""Animal Care Clinic"".",Animal and Plant Services (410),(03) Interior Alterations,1938,20000,DC2,0,53.45871560640364,-113.59093680524634,,1,
2011-05-04T00:00:00.000,2011,5,2011-05-04T00:00:00.000,Commercial Final,14417 - MILLER BOULEVARD NW,Plan 0024700 Blk 9 Lot 1,MILLER,2541,"To construct interior alterations to a health service, ""Orthodontic Clinic / Dr. Leong"".","Malls, Office/Retail (512)",(03) Interior Alterations,2528,240000,CN,0,53.60759354427093,-113.41369727767638,,1,
2011-04-26T00:00:00.000,2011,4,2011-04-26T00:00:00.000,Commercial Final,"MNFL, 10125 - 157 STREET NW",Plan 1924AM Blk 1 Lot 18,BRITANNIA YOUNGSTOWN,4060,To construct interior alterations to a Pharmacyl Store (River City Pharmacy).,Retail and Shops (510),(03) Interior Alterations,506,40000,RM,0,53.54219152796218,-113.59159116769652,,1,
2011-04-20T00:00:00.000,2011,4,2011-04-20T00:00:00.000,Commercial Final,8882 - 170 STREET NW,Plan 8421891 Blk 28 Lot 5,SUMMERLEA,4520,"To construct interior alterations to an existing retail space, C.R.U.# 2496- FYi doctors - West Edmonton Mall.","Malls, Office/Retail (512)",(03) Interior Alterations,4112,550000,"DC2, DC",0,53.52227000956676,-113.61830345538627,,1,
2011-04-20T00:00:00.000,2011,4,2011-04-20T00:00:00.000,Commercial Final,17010 - 90 AVENUE NW,Plan 0928218 Blk 30 Lot 10,SUMMERLEA,4520,"To construct Interior Alterations to a Professional, Financial and Office Support Use (Westgate Medical).",Office Buildings (520),(03) Interior Alterations,4200,225000,CG,0,53.52589864874137,-113.61744731083935,,1,
2011-03-30T00:00:00.000,2011,3,2011-03-30T00:00:00.000,Commercial Final,8440 - 112 STREET NW,Plan 9826528 Lot 6,UNIVERSITY OF ALBERTA,5520,To construct an Addition to an Extended Medical cTreatment Service building. (Stollery Pediatric Emergency),"Clinics, Health Units (642)",(02) Addition,13444,13200000,AJ,0,53.5207215065611,-113.52321908985577,,1,
2011-03-25T00:00:00.000,2011,3,2011-03-25T00:00:00.000,Commercial Final,8440 - 112 STREET NW,Plan 9826528 Lot 6,UNIVERSITY OF ALBERTA,5520,"To construct interior alterations to an extended medical treatement facility, Level 2, ""Mazankowski Alberta Heart Institute Cardiac MRI"".",Hospitals (640),(03) Interior Alterations,3200,1200000,AJ,0,53.5207215065611,-113.52321908985577,,1,
2011-03-21T00:00:00.000,2011,3,2011-03-21T00:00:00.000,Commercial Final,7007 - 116 STREET NW,Plan 4663AK Blk X,UNIVERSITY OF ALBERTA FARM,5530,"To construct interior alterations to a government service, ""Edmonton - Medical Examiner""  Government of Alberta.",Office Buildings (520),(03) Interior Alterations,2200,0,AJ,0,53.506086541589376,-113.52996246699615,,1,
2011-03-08T00:00:00.000,2011,3,2011-03-08T00:00:00.000,Commercial Final,"505, 8215 - 112 STREET NW",Plan 5384RS Blk 158 Lot 1A,GARNEAU,5200,To continue to operate a Health Service. (Interior Alterations to an existing medical office).,Office Complex (522),(03) Interior Alterations,1400,40000,DC2,0,53.51860391214073,-113.52021095968786,,1,
2011-02-15T00:00:00.000,2011,2,2011-02-15T00:00:00.000,Commercial Final,10311 - 122 AVENUE NW,Plan 1026278 Unit 1,WESTWOOD,1250,To construct an Extended Medical Treatment Services Building (115 Unit Assisted Living Facility).,"Day Cares, Nursing Homes (650)",(01) New,95255,20000000,"US, UF",115,53.57623252650296,-113.49865268213603,,1,
2011-02-14T00:00:00.000,2011,2,2011-02-14T00:00:00.000,Commercial Final,39 - LEWIS ESTATES BOULEVARD NW,Plan 9222251 Blk 2 Lot 104,POTTER GREENS,4710,To Construct Interior Alterations to a  Health Services (Dental Clinic) Building.,Office Buildings (520),(03) Interior Alterations,1978,175000,DC2,0,53.51384980884862,-113.67704475209369,,1,
2011-02-03T00:00:00.000,2011,2,2011-02-03T00:00:00.000,Commercial Final,10155 - 120 STREET NW,Plan 4423AJ Blk 19 Lots 36-39,WÎHKWÊNTÔWIN,1151,"To construct interior alterations to a health services building,  Fire alarm upgrade   ""Allin Medical Clinic"".",Office Buildings (520),(03) Interior Alterations,23800,55000,RL,0,53.542640766752754,-113.52812955269896,,1,
2011-02-02T00:00:00.000,2011,2,2011-02-02T00:00:00.000,Commercial Final,8657 - 51 AVENUE NW,Plan 0720183 Blk 5 Lot 6,MCINTYRE INDUSTRIAL,6430,"To construct interior alterations to a professional office, suite # 302 ""College of Registered Dental Hygienists of Alberta"".",Office Buildings (520),(03) Interior Alterations,3600,125000,BE,0,53.486512343755486,-113.4555554640057,,1,
2011-01-24T00:00:00.000,2011,1,2011-01-24T00:00:00.000,Commercial Final,"202, 15961 - 97 STREET NW",Plan 1023505 Blk 2 Lot 5A,EAUX CLAIRES,2241,To operate a Health Services Building and construct interior alterations (Dental Services).,"Malls, Office/Retail (512)",(03) Interior Alterations,4376,485000,DC1,0,53.62037124821109,-113.49031422341115,,1,
2011-01-14T00:00:00.000,2011,1,2011-01-14T00:00:00.000,Commercial Final,"810, 3803 - CALGARY TRAIL NW",Plan 0021129 Blk 32 Lot 5,CALGARY TRAIL SOUTH,5120,"To change the use from a general retail to a Veterinary Service & to construct interior &  exterior (new window 10' x 9 1/2' on south elevation, right corner) alterations.","Malls, Office/Retail (512)",(03) Interior Alterations,4747.42,300000,"DC2, DC2",0,53.4727497892944,-113.4939755161471,,1,
2011-01-10T00:00:00.000,2011,1,2011-01-10T00:00:00.000,Commercial Final,18924 - 87 AVENUE NW,Plan 9322378 Blk 83 Lot 126,BELMEAD,4040,To operte a Veterinary Services Building and to Construct Interior Alterations.,Animal and Plant Services (410),(03) Interior Alterations,2045,60000,DC2,0,53.5217595241366,-113.65016626174767,,1,
2011-01-10T00:00:00.000,2011,1,2011-01-10T00:00:00.000,Commercial Final,8882 - 170 STREET NW,Plan 8421891 Blk 28 Lot 5,SUMMERLEA,4520,"To construct interior alterations to an existing health service space, CRU 1421 / ""Laser Sheer Clinic""  @ West Edmonton Mall.","Malls, Office/Retail (512)",(03) Interior Alterations,2065,50000,"DC2, DC",0,53.52227000956676,-113.61830345538627,,1,
2011-01-05T00:00:00.000,2011,1,2011-01-05T00:00:00.000,Commercial Final,8115 - 160 AVENUE NW,Plan 8422616 Blk 51 Lot 183,MAYLIEWAN,2511,"To construct interior alterations to a health service/medical office, ""John Kachope and Jane Nawusuuba Professional Corporation"".","Clinics, Health Units (642)",(03) Interior Alterations,,39000,DC2,0,53.62047959755404,-113.46648371198738,,1,
2010-12-24T00:00:00.000,2010,12,2010-12-24T00:00:00.000,Commercial Final,10007 - 106 AVENUE NW,Plan 9321356 Lot 149A,MCCAULEY,1140,To construct interior alterations to an existing office space - A1 TCM and Massage Therapy Clinic.,Office Buildings (520),(03) Interior Alterations,864,10000,MU,0,53.549550621390445,-113.49236493197357,,1,
2010-12-07T00:00:00.000,2010,12,2010-12-07T00:00:00.000,Commercial Final,"101, 5677 - 99 STREET NW",Condo Common Area (Plan 1024965),CORONET INDUSTRIAL,6100,To construct interior alterations (tenant improvements) to an existing shell CRU (Active Chiropractic @ Corporate Business Centre).,Office Buildings (520),(03) Interior Alterations,1920,97300,"IB, BE",0,53.49188926330535,-113.48467517813452,,1,
2010-12-03T00:00:00.000,2010,12,2010-12-03T00:00:00.000,Commercial Final,9810 - 165 STREET NW,Plan 1023877 Blk 6 Lot 28,GLENWOOD,4180,To construct an addition to an existing Extended Medical Treatment Facility for Adult Assisted Living.,"Day Cares, Nursing Homes (650)",(02) Addition,16071,7200000,US,77,,,,1,
2010-11-24T00:00:00.000,2010,11,2010-11-24T00:00:00.000,Commercial Final,1913 - 105 STREET NW,Plan 7921953 Blk 9 Lot 57,KEHEEWIN,5250,To change the use from Specialty Food Service to General Retail (Pharmacy) and To construct Interior Alterations.,Retail and Shops (510),(03) Interior Alterations,1615,30000,CG,0,53.4484804230001,-113.50045794528555,,1,
2010-11-19T00:00:00.000,2010,11,2010-11-19T00:00:00.000,Commercial Final,2308 - PARSONS ROAD NW,Plan 8522101 Blk 16 Lot 1,PARSONS INDUSTRIAL,6570,To Construct an Addition (24 unit kennel area & storage garage) to an existing Veterinary Clinic Hospital (Millwoods Animal Clinic Hospital Addition).,Animal and Plant Services (410),(02) Addition,1389,300000,DC2,0,53.45385502512367,-113.48091239060115,,1,
2010-11-15T00:00:00.000,2010,11,2010-11-15T00:00:00.000,Commercial Final,"1, 2051 - LEGER ROAD NW",Plan 0922485 Blk 163 Lot 54,LEGER,5630,To add the use of Health Services (Rejuvenation Health Services Facility / Physio Therapy Practice) (CRF #1) to an Indoor Participant Recreation Services Building and to construct interior alterations.,"Clinics, Health Units (642)",(03) Interior Alterations,2500,80000,PS,0,53.45833460636958,-113.58268375876105,,1,
2010-11-15T00:00:00.000,2010,11,2010-11-15T00:00:00.000,Commercial Final,10155 - 120 STREET NW,Plan 4423AJ Blk 19 Lots 36-39,WÎHKWÊNTÔWIN,1151,To construct Interior Alterations (New Partition Walls) to a Health Services Building (Allin Clinic).,Office Buildings (520),(03) Interior Alterations,420,20000,RL,0,53.542640766752754,-113.52812955269896,,1,
2010-11-10T00:00:00.000,2010,11,2010-11-10T00:00:00.000,Commercial Final,5624 - 99 STREET NW,Plan 6712KS Blk 14 Lot 1,CORONET INDUSTRIAL,6100,To construct an Animal Hospital and Shelter and Industrial Use Building.,Animal and Plant Services (410),(01) New,15980,5800000,IM,0,53.492159007764,-113.48720218845367,,1,
2010-10-25T00:00:00.000,2010,10,2010-10-25T00:00:00.000,Commercial Final,8249 - 114 STREET NW,Plan 8420815 Blk G,UNIVERSITY OF ALBERTA,5520,To construct exterior alterations to an exented Medical Treatment Facility (Canadian Red Cross Building),"Clinics, Health Units (642)",(03) Exterior Alterations,3488,320000,AJ,0,53.51897472257887,-113.52460964782821,,1,
2010-10-25T00:00:00.000,2010,10,2010-10-25T00:00:00.000,Commercial Final,"172, 17010 - 90 AVENUE NW",Plan 0928218 Blk 30 Lot 10,SUMMERLEA,4520,To Change the use from a retail space to a Health Services Use (Canada Diagnostic Centres) and to construct interior alterations.,"Malls, Office/Retail (512)",(03) Interior Alterations,7000,811000,CG,0,53.52589864874137,-113.61744731083935,,1,
2010-09-30T00:00:00.000,2010,9,2010-09-30T00:00:00.000,Commercial Final,10415 - 83 AVENUE NW,Condo Common Area (Plan 0822029),STRATHCONA,5480,To Change the Use from General Retail to a Health Services Space (Dental Choice) and to Construct Interior Alterations.,Retail and Shops (510),(03) Interior Alterations,1320,170000,"DC, DC",0,53.51893251024741,-113.49809411793873,,1,
2010-09-30T00:00:00.000,2010,9,2010-09-30T00:00:00.000,Commercial Final,10020 - 100 STREET NW,Plan 384TR Lot 12A,DOWNTOWN,1090,"To construct interior alterations to a professional office,  expansion into adjacent space,  28th floor  ""College of Physicians & Surgeons of Alberta""  Telus Plaza.",Office Buildings (520),(03) Interior Alterations,3450,127239,CCA,0,53.53993637343808,-113.49125577673311,,1,
2010-09-28T00:00:00.000,2010,9,2010-09-28T00:00:00.000,Commercial Final,7408 - 139 AVENUE NW,Plan 8922635 Blk 13 Lot 69,KILDARE,2400,To install several telecommunication antennae and an accessory structure (equipment cabinet) atop an extended medical treatment building,Apartments (310),(03) Exterior Alterations,,30000,UF,0,53.60200883637457,-113.45721710719458,,1,
2010-09-20T00:00:00.000,2010,9,2010-09-20T00:00:00.000,Commercial Final,"D105, 10200 - 102 AVENUE NW",Plan 0221698 Blk 1 Lots 1;Plan 9920847 Blks A,DOWNTOWN,1090,"To change the use from General Retail to a Health Service and to construct interior alterations (""Infinity Dental"")",Retail and Shops (510),(03) Interior Alterations,2120,275000,CCA,0,53.54357556922821,-113.49570453982393,,1,
2010-09-15T00:00:00.000,2010,9,2010-09-15T00:00:00.000,Commercial Final,"6, 1109 - SUMMERSIDE DRIVE SW",Condo Common Area (Plan 0721898),SUMMERSIDE,6213,"To change the use from a General Retail store to a Health Service space (Summerside Medical Clinic) & to add a second floor (above unit only, not entire building) & to construct interior alterations.","Day Cares, Nursing Homes (650)",(02) Addition,1988,60000,CN,0,53.423922771804286,-113.46219450092515,,1,
2010-09-08T00:00:00.000,2010,9,2010-09-08T00:00:00.000,Commercial Final,11160 - RIVER VALLEY ROAD NW,"Plan 445MC Blks B,C",RIVER VALLEY VICTORIA,1200,To construct interior alterations at an existing indoor participant recreational facility - Physiotherapy area at The Royal Glenora Club.,Indoor Recreational Buildings (560),(03) Interior Alterations,1400,80000,A,0,53.53304290210497,-113.5143810632881,,1,
2010-09-03T00:00:00.000,2010,9,2010-09-03T00:00:00.000,Commercial Final,4484 - 97 STREET NW,Plan 7721481 Blk 7 Lot 18,PAPASCHASE INDUSTRIAL,6560,To construct interior alterations & new R.T.U. to an existing office / warehouse building (Rexall  - Great West Life Specialty Pharmacy).,"Storage Buildings, Warehouses (460)",(03) Interior Alterations,7276,270000,BE,0,53.48211161878985,-113.48142278788289,,1,
2010-09-02T00:00:00.000,2010,9,2010-09-02T00:00:00.000,Commercial Final,14729 - 87 AVENUE NW,Plan 3451KS Blk 5 Lot 8,LAURIER HEIGHTS,3270,"To construct interior alterations to an existing Health Service, renovations to dental clinic,  ""Dr. Ross Donison"".",Office Buildings (520),(03) Interior Alterations,1890,200000,CNC,0,53.519040826204595,-113.57725364265902,,1,
2010-09-02T00:00:00.000,2010,9,2010-09-02T00:00:00.000,Commercial Final,9312 - 137 AVENUE NW,Plan 7520659 Blk 15 Lot 6,NORTHMOUNT,2580,To change the use from an existing retail space to a medical office space & to construct interior alterations (Northtown Medical Offices - Building B).,"Malls, Office/Retail (512)",(03) Interior Alterations,1512,50000,DC2,0,53.6006244180385,-113.4882466872302,,1,
2010-08-30T00:00:00.000,2010,8,2010-08-30T00:00:00.000,Commercial Final,13620 - 163 STREET NW,Plan 0221954 Blk 8 Lot 1,MISTATIM INDUSTRIAL,4320,To construct an addition to an existing Animal Hospital and Shelter Use building - Kennel Wash Addition @ Edmonton Humane Society - Campus for Animal Care.,Animal and Plant Services (410),(02) Addition,990,216000,IM,0,53.59783962800734,-113.60448978765439,,1,
2010-08-19T00:00:00.000,2010,8,2010-08-19T00:00:00.000,Commercial Final,12140 - 103 STREET NW,Plan 1823528 Unit 5,WESTWOOD,1250,To construct a hoarding for the construction of an Extended Medical Treatment Services Building (115 Unit Assisted Living Facility).,Hoarding (910),(01) New,3200,5000,US,0,,,,1,
2010-08-19T00:00:00.000,2010,8,2010-08-19T00:00:00.000,Commercial Final,"4FL, 10924 - 107 AVENUE NW",Plan B4 Blk 9 Lot 179,QUEEN MARY PARK,1180,To construct interior alterations in an existing office space.  Alberta Retina Clinic.,"Clinics, Health Units (642)",(03) Interior Alterations,5942,720000,MU,0,53.55158786259345,-113.50974389865334,,1,
2010-08-13T00:00:00.000,2010,8,2010-08-13T00:00:00.000,Commercial Final,4470 - MCCRAE AVENUE NW,Plan 0425078 Blk 9 Lot 3,GRIESBACH,3111,To construct a sunroom addition to the second floor roof patio of an Extended Medical Treatment Services building (Capital Care Kipnes Centre for Veterans).,Hospitals (640),(02) Addition,1320,73000,DC2,0,53.613352302936185,-113.51396962383622,,1,
2010-07-27T00:00:00.000,2010,7,2010-07-27T00:00:00.000,Commercial Final,1050 - 91 STREET SW,Plan 0728307 Blk 1 Lot 7,ELLERSLIE INDUSTRIAL,6214,To construct interior alterations to a health service  (Summerside Medical).,Retail and Shops (510),(03) Interior Alterations,2497,165000,CSC,0,,,,1,
2010-07-23T00:00:00.000,2010,7,2010-07-23T00:00:00.000,Commercial Final,1048 - 91 STREET SW,Plan 0728307 Blk 1 Lot 7,ELLERSLIE INDUSTRIAL,6214,"To construct interior alterations to a health service, dental clinic for ""Dr Amer Hussain""","Clinics, Health Units (642)",(03) Interior Alterations,3518,300000,CSC,0,,,,1,
2010-07-23T00:00:00.000,2010,7,2010-07-23T00:00:00.000,Commercial Final,1038 - 91 STREET SW,Plan 0728307 Blk 1 Lot 7,ELLERSLIE INDUSTRIAL,6214,To to construct interior alterations to a Health Service (dentist office) Reliance Dental.,Office Complex (522),(03) Interior Alterations,2350,215000,CSC,0,,,,1,
2010-07-14T00:00:00.000,2010,7,2010-07-14T00:00:00.000,Commercial Final,"200, 10150 - 102 STREET NW",Plan 8720596 Blk 2 Lot A,DOWNTOWN,1090,To Construct Interior Alterations to a PFO (Medical Laboratory). unit #200,Office Buildings (520),(03) Interior Alterations,2500,83000,CCA,0,53.54222122578252,-113.49644402762898,,1,
2010-07-07T00:00:00.000,2010,7,2010-07-07T00:00:00.000,Commercial Final,10575 - 111 STREET NW,Plan B4 Blk 10 Lot 166,QUEEN MARY PARK,1180,To Construct interior alterations to a veterinary service (The Spay Clinic),Animal and Plant Services (410),(03) Interior Alterations,3228,90000,DC,0,53.54936961563755,-113.51158291973307,,1,
2010-07-06T00:00:00.000,2010,7,2010-07-06T00:00:00.000,Commercial Final,7404 - 139 AVENUE NW,Plan 7521109 Blk 13 Lot 60,KILDARE,2400,"To construct minor interior alterations to an existing medical treatement service buildng (flooring, ceilings, millwork, new railings, elec. & mech. upgrades),""Residential Rooms Renovation - Phase 2 - St. Michael's Assisted Living"".","Day Cares, Nursing Homes (650)",(03) Interior Alterations,50031,3800000,UF,0,53.602126522623216,-113.45640857026561,,1,
2010-07-06T00:00:00.000,2010,7,2010-07-06T00:00:00.000,Commercial Final,"1, 9977 - 178 STREET NW",Plan 9723089 Blk 1 Lot 1,TERRA LOSA,4540,"To construct interior alterations in an existing dental office, ""Dr Manji Noor-Allah,  Todays Dental"" West Point Centre.","Clinics, Health Units (642)",(03) Interior Alterations,2520,105000,DC2,0,53.53707329842139,-113.62564993371637,,1,
2010-06-24T00:00:00.000,2010,6,2010-06-24T00:00:00.000,Commercial Final,16703 - 82 STREET NW,Plan 1722889 Blk 1 Lot 47,SCHONSEE,2700,To construct interior alterations to an existing building shell (retail & doctors office/health clinic) - Rexall / Medicenter.,"Clinics, Health Units (642)",(03) Interior Alterations,14392,630000,CSC,0,53.6294907307826,-113.46653457252184,,1,
2010-06-04T00:00:00.000,2010,6,2010-06-04T00:00:00.000,Commercial Final,11010 - 101 STREET NW,"Plan 8222283 Blk 1 Lots 319B,319C",CENTRAL MCDOUGALL,1030,"To construct interior alterations to a medical office,  suite # 303 ""Dr Struck"", Hys Centre.","Clinics, Health Units (642)",(03) Interior Alterations,1400,84000,"DC2, MU, MU",0,53.55753988764228,-113.4945432528676,,1,
2010-06-04T00:00:00.000,2010,6,2010-06-04T00:00:00.000,Commercial Final,9810 - 165 STREET NW,Plan 1023877 Blk 6 Lot 28,GLENWOOD,4180,To construct an interior addition (mezz storage space) to an Extended Medical Treatment Service building (Villa Marguerite - Innovative Housing Society of Canada).,"Day Cares, Nursing Homes (650)",(03) Interior Alterations,689,70000,US,0,,,,1,
2010-05-28T00:00:00.000,2010,5,2010-05-28T00:00:00.000,Commercial Final,"401, 10138 - 104 STREET NW","Condo Common Area (Plan 1024646,1025682,1320413,0828363)",DOWNTOWN,1090,To operate a Health Service Use (Dr. Vincentia Aung Dental Clinic) and construct interior alterations.,Office Buildings (520),(03) Interior Alterations,2170,200000,HA,0,53.54184510383917,-113.49976969517945,,1,
2010-05-19T00:00:00.000,2010,5,2010-05-19T00:00:00.000,Commercial Final,11157 - ELLERSLIE ROAD SW,Plan 0627887 Blk 10 Lot 91,RUTHERFORD,5454,To Change the use from General Retail to a Health Services Building & Interior Alterations. (ELLERSLIE CHIROPRACTIC),"Malls, Office/Retail (512)",(03) Interior Alterations,1264,20000,CN,0,53.42438294750981,-113.51939602202185,,1,
2010-05-05T00:00:00.000,2010,5,2010-05-05T00:00:00.000,Commercial Final,9720 - 182 STREET NW,Plan 7821059 Blk 46 Lot 3,LA PERLE,4240,"To construct interior alterations to an existing Health Service "" West Jasper Place Health Clinic"".",Office Buildings (520),(03) Interior Alterations,,165000,DC2,0,53.53281049995534,-113.63854843938938,,1,
2010-05-03T00:00:00.000,2010,5,2010-05-03T00:00:00.000,Commercial Final,10240 - KINGSWAY NW,Plan 1619KS Blk 2 Lot 313,CENTRAL MCDOUGALL,1030,"To construct Exterior alterations to an Extended Medical Treatment Facility (Royal Alexander Hospital North Treatment Centre).  Roof top ""Ted & Lois Hole Healing Garden"".",Hospitals (640),(03) Exterior Alterations,26910.65,683455,"US, UF",0,53.55831847710625,-113.49598573551584,,1,
2010-03-31T00:00:00.000,2010,3,2010-03-31T00:00:00.000,Commercial Final,"230, 9450 - 137 AVENUE NW",Plan 7520659 Blk 15 Lot 6,NORTHMOUNT,2580,To construct interior alterations in an existing accupuncture clinic.  Minor partition layout changes.,"Malls, Office/Retail (512)",(03) Interior Alterations,652,10000,DC2,0,53.6006244180385,-113.4882466872302,,1,
2010-03-22T00:00:00.000,2010,3,2010-03-22T00:00:00.000,Commercial Final,11765 - JASPER AVENUE NW,"Condo Common Area (Plan 1321593,1023350,0927089)",WÎHKWÊNTÔWIN,1151,"To construct Interior alterations to a portion of a General Retail Store on the 2nd floor of a 12 storey Apartment House/Commercial building for a Custom Manufacturing Establishment ""The Veneer House"" (dental services).",Apartment Condos (315),(03) Interior Alterations,1650,140000,MU,0,53.54059956572296,-113.52456578797242,,1,
2010-03-02T00:00:00.000,2010,3,2010-03-02T00:00:00.000,Commercial Final,"210, 596 - RIVERBEND SQUARE NW",Plan 9023003 Blk 101 Lot 35,FALCONER HEIGHTS,5190,To construct interior alterations to Riverbend Square Dental Centre. CRU# 210.,Office Buildings (520),(03) Interior Alterations,2285,128000,DC2,0,53.46881322566176,-113.5880673212766,,1,
2010-02-09T00:00:00.000,2010,2,2010-02-09T00:00:00.000,Commercial Final,4108 - CALGARY TRAIL NW,Plan 9423426 Blk 35 Lot 5B,RIDEAU PARK,5360,"To change the use from a PFO to a Health service/ general retail store ""FYiDoctors& to construct Interior & Exterior alterations.",Office Buildings (520),(03) Exterior Alterations,3595,500000,,0,,,,1,
2010-02-02T00:00:00.000,2010,2,2010-02-02T00:00:00.000,Commercial Final,"2709, 10088 - 102 AVENUE NW",Plan 1194TR Lot A,DOWNTOWN,1090,"To operate a Health Service and to construct interior alterations - Eric Dionne Dental Office (Suite 2709, TD Tower).",Office Buildings (520),(03) Interior Alterations,1173,150000,CCA,0,53.543758324789714,-113.49276732482107,,1,
2010-01-14T00:00:00.000,2010,1,2010-01-14T00:00:00.000,Commercial Final,16503 - 95 STREET NW,Plan 9923660 Blk 112 Lot 2,EAUX CLAIRES,2241,"To construct  an impeded-egress Extended Medical Treatment Services / Boarding and Lodging facility for Senior Citizens  (180 beds ""Extendicare Eaux Claires) (changed B2 to B1 per largely impeded-egress building for dementia patients)","Day Cares, Nursing Homes (650)",(01) New,143000,25201000,"DC2, DC2",180,53.62702503284187,-113.48590876383682,,1,
2010-01-12T00:00:00.000,2010,1,2010-01-12T00:00:00.000,Commercial Final,12319 - 112 AVENUE NW,Plan RN39D Blk 3 Lot 11,INGLEWOOD,3240,"To construct a health services building "" Inglewood Dental Centre"".",Office Buildings (520),(01) New,2112,650000,CN,0,53.560312833827936,-113.53541296647712,,1,
2010-01-07T00:00:00.000,2010,1,2010-01-07T00:00:00.000,Commercial Final,"1060, 9499 - 137 AVENUE NW",Plan 6594MC Blk 27,GLENGARRY,2290,"To construct interior and exterior Alterations to a New CRU unit 1058 ( OSI Veterans Affair Clinic, Northgate Mall )","Malls, Office/Retail (512)",(03) Interior Alterations,9867,275000,CSC,0,53.59802147185506,-113.48826597206222,,1,
2010-01-07T00:00:00.000,2010,1,2010-01-07T00:00:00.000,Commercial Final,9499 - 137 AVENUE NW,Plan 6594MC Blk 27,GLENGARRY,2290,To Construct interior alterations to OSI Medical Clinic  cru # 1058 @ Northgate Mall,"Malls, Office/Retail (512)",(03) Interior Alterations,9867,790000,CSC,0,53.59884212793654,-113.490884664604,,1,
2009-12-22T00:00:00.000,2009,12,2009-12-22T00:00:00.000,Commercial Final,8602 - 99 STREET NW,Plan I9 Blk 107 Lots 13-15,STRATHCONA,5480,"To construct interior alterations to a personal service shop (new partitions, new BF W/R) @ ""Alberta Momentum Massage Therapy & Wellness Clinic"".","Clinics, Health Units (642)",(03) Interior Alterations,1000,3000,MU,0,53.522050126163236,-113.48648585372534,,1,
2009-12-15T00:00:00.000,2009,12,2009-12-15T00:00:00.000,Commercial Final,9152 - 23 AVENUE NW,"Condo Common Area (Plan 0822030,1220720,0921139)",PARSONS INDUSTRIAL,6570,To Construct interior alterations to an office building - Dental Clinic.,Office Complex (522),(03) Interior Alterations,2100,200000,BE,0,53.452664119364584,-113.47015606349375,,1,
2009-12-09T00:00:00.000,2009,12,2009-12-09T00:00:00.000,Commercial Final,280 - MAYFIELD COMMON NW,Plan 9022549 Blk A,BRITANNIA YOUNGSTOWN,4060,To Construct minor interior alterations for Mayfield Optometrists. ( unit # 280 Mayfield Common ),Office Buildings (520),(03) Interior Alterations,,200000,CG,0,53.54329519351592,-113.61183417778187,,1,
2009-12-04T00:00:00.000,2009,12,2009-12-04T00:00:00.000,Commercial Final,4619 - 91 AVENUE NW,Plan 3597NY Blk 2 Lot 3,LAMBTON INDUSTRIAL,6380,"To construct interior and exterior alterations to a retail store (additional barrier-free washroom, showroom entry door installation for display of one vehicle  ""Shoppers Home Health Care"")",Manufacturing Buildings (430),(03) Interior Alterations,200,30000,BE,0,53.5242126140979,-113.4142342724751,,1,
2009-12-02T00:00:00.000,2009,12,2009-12-02T00:00:00.000,Commercial Final,10340 - KINGSWAY NW,Plan 1619KS Blk 2 Lot 313,CENTRAL MCDOUGALL,1030,"To construct exterior alterations to an extended medical treatment service facility (art installation - ""Bird's Nest"" on roof @ Royal Alex)",Hospitals (640),(03) Exterior Alterations,,70000,US,0,53.55760481079216,-113.49790303847999,,1,
2009-12-01T00:00:00.000,2009,12,2009-12-01T00:00:00.000,Commercial Final,12313 - 63 AVENUE NW,Plan 8922175 Blk 11 Lot 11,GRANDVIEW HEIGHTS,5210,To Construct interior alterations to a doctor's office.(adding second CRU # 12309 to existing office # 12313),"Clinics, Health Units (642)",(03) Interior Alterations,1000,15000,CN,0,53.500026329958345,-113.54240942765982,,1,
2009-11-26T00:00:00.000,2009,11,2009-11-26T00:00:00.000,Commercial Final,12745 - 149 STREET NW,Plan 2119NY Blk 1 Lot 20,BONAVENTURE INDUSTRIAL,4050,"To construct interior alterations ""Health Canada Drug Distribution Centre"" Pharmacy expansion / renovation, (Bonaventure Warehouse).","Storage Buildings, Warehouses (460)",(03) Interior Alterations,600,175000,IM,0,53.584559017345846,-113.57663331270018,,1,
2009-11-25T00:00:00.000,2009,11,2009-11-25T00:00:00.000,Commercial Final,9810 - 165 STREET NW,Plan 1023877 Blk 6 Lot 28,GLENWOOD,4180,"To construct interior alterations to an existing medical treatment facility, infill existing indoor pool on main floor.","Day Cares, Nursing Homes (650)",(03) Interior Alterations,1000,26000,US,0,53.53637942282276,-113.60783296169355,,1,
2009-11-24T00:00:00.000,2009,11,2009-11-24T00:00:00.000,Commercial Final,9499 - 137 AVENUE NW,Plan 6594MC Blk 27,GLENGARRY,2290,"To construct interior alterations to a professional office,  ""Diagnostic Imaging Centre"" 2nd floor Northgate Centre.","Clinics, Health Units (642)",(03) Interior Alterations,3040,300000,CSC,0,53.59802147185506,-113.48826597206222,,1,
2009-11-20T00:00:00.000,2009,11,2009-11-20T00:00:00.000,Commercial Final,"MNFL, 10155 - 120 STREET NW",Plan 4423AJ Blk 19 Lots 36-39,WÎHKWÊNTÔWIN,1151,"To construct interior alterations to an Existing Health Services Building, (The Allin Clinic 1st and 3rd floors.)","Clinics, Health Units (642)",(03) Interior Alterations,474,20000,RL,0,53.542640766752754,-113.52812955269896,,1,
2009-11-18T00:00:00.000,2009,11,2009-11-18T00:00:00.000,Commercial Final,10450 - 105 AVENUE NW,Plan B3 Blk 4 Lot 198,CENTRAL MCDOUGALL,1030,"To operate a temporary Health Service facility (emergency health care drop-in facility ""Hope Mission"")","Clinics, Health Units (642)",(03) Interior Alterations,,1,DC1,0,53.548082996377545,-113.50077247428419,,1,
2009-11-13T00:00:00.000,2009,11,2009-11-13T00:00:00.000,Commercial Final,2969 - ELLWOOD DRIVE SW,Plan 0920843 Unit 6,ELLERSLIE INDUSTRIAL,6214,To construct interior alterations to an existing office space (Ellerslie Chiropractic).,Office Buildings (520),(03) Interior Alterations,1068,65373,EIB,0,53.42913076191038,-113.47928217768752,,1,
2009-10-28T00:00:00.000,2009,10,2009-10-28T00:00:00.000,Commercial Final,"308, 14127 - 23 AVENUE NW",Plan 0625889 Blk 2 Lot 97B,MAGRATH HEIGHTS,5476,To construct Interior Alterations SUITE 308 - BROOKVIEW MEDICAL CLINIC,"Clinics, Health Units (642)",(03) Interior Alterations,3140,270000,"CG, CG",0,53.453122620674016,-113.56287397020027,,1,
2009-10-27T00:00:00.000,2009,10,2009-10-27T00:00:00.000,Commercial Final,"201, 8119 - 160 AVENUE NW",Plan 8422616 Blk 51 Lot 183,MAYLIEWAN,2511,"To construct interior alterations to a health service,  Dr. Clara Kwak, Dental Clinic.",Retail and Shops (510),(03) Interior Alterations,2000,95000,DC2,0,53.62047959755404,-113.46648371198738,,1,
2009-10-27T00:00:00.000,2009,10,2009-10-27T00:00:00.000,Commercial Final,10405 - 111 AVENUE NW,Plan 1619KS Blk 2 Lot 313,CENTRAL MCDOUGALL,1030,"To construct interior alterations to an existing medical treatment facility,  ""Bariatrics Phase 2, Community Services Centre renovations Basement, Levels 4 & 5"" , Royal Alexandra Hospital.",Hospitals (640),(03) Interior Alterations,753,214903,US,0,53.55760481079216,-113.49790303847999,,1,
2009-10-23T00:00:00.000,2009,10,2009-10-23T00:00:00.000,Commercial Final,"1034, 9499 - 137 AVENUE NW",Plan 6594MC Blk 27,GLENGARRY,2290,"To change use (retail to office) and to construct interior alterations (1500sf additional clinic area ""Edmonton North PrimaryCare Network"")",Office Buildings (520),(03) Interior Alterations,1500,140000,CSC,0,53.59884212793654,-113.490884664604,,1,
2009-10-23T00:00:00.000,2009,10,2009-10-23T00:00:00.000,Commercial Final,"301, 14127 - 23 AVENUE NW",Plan 0625889 Blk 2 Lot 97B,MAGRATH HEIGHTS,5476,To construct interior alterations (Magrath Dental Office),"Malls, Office/Retail (512)",(03) Interior Alterations,2200,275000,"CG, CG",0,53.453122620674016,-113.56287397020027,,1,
2009-10-06T00:00:00.000,2009,10,2009-10-06T00:00:00.000,Commercial Final,15411 - 93 AVENUE NW,Condo Common Area (Plan 0923209),SHERWOOD,4500,To construct interior alterations to a doctors office. ( Dr Anne Fong ),"Clinics, Health Units (642)",(03) Interior Alterations,800,15000,CN,0,53.52823562249238,-113.58730836614752,,1,
2009-10-05T00:00:00.000,2009,10,2009-10-05T00:00:00.000,Commercial Final,6920 - 128 AVENUE NW,Plan 1323025 Blk 11 Lot 34,BALWIN,2020,"To construct interior and exterior alterations (Building ""B"") including an enclosed walkway to Building A&C, and to change the use from Public Education Services to Extended Medical Treatment Services as part of a three building project.","Day Cares, Nursing Homes (650)",(03) Interior Alterations,13293.8,3563987,US,0,53.58686379752289,-113.44797001673147,,1,
2009-10-05T00:00:00.000,2009,10,2009-10-05T00:00:00.000,Commercial Final,6920 - 128 AVENUE NW,Plan 1323025 Blk 11 Lot 34,BALWIN,2020,"To construct an Extended Medical Treatment Service building (Building A), as part of a three building project.","Day Cares, Nursing Homes (650)",(01) New,24348.76,8172409,US,0,53.58686379752289,-113.44797001673147,,1,
2009-10-01T00:00:00.000,2009,10,2009-10-01T00:00:00.000,Commercial Final,6920 - 128 AVENUE NW,Plan 1323025 Blk 11 Lot 34,BALWIN,2020,"To construct interior and exterior alterations (Building ""C"")including an enclosed walkway to Building A&B) and to change the use from Public Education Serviice buildings to Extended Medical Treatment Services as part of a three building project.","Day Cares, Nursing Homes (650)",(03) Interior Alterations,6103,2731980,US,0,53.58686379752289,-113.44797001673147,,1,
2009-09-23T00:00:00.000,2009,9,2009-09-23T00:00:00.000,Commercial Final,8440 - 112 STREET NW,Plan 9826528 Lot 6,UNIVERSITY OF ALBERTA,5520,"To construct interior alterations to an extended medical treatment facility ""Shaw Auditorium"", Mazankowski Heart Institute, Univerisity of Alberta Hospital.","Clinics, Health Units (642)",(03) Interior Alterations,7186,5000000,AJ,0,53.5207215065611,-113.52321908985577,,1,
2009-09-15T00:00:00.000,2009,9,2009-09-15T00:00:00.000,Commercial Final,13550 - 163 STREET NW,Plan 0824072 Blk 8 Lot 2,MISTATIM INDUSTRIAL,4320,To construct an Animal Hospital and Shelter Building.,Animal and Plant Services (410),(01) New,26400,7900000,IM,0,53.59765221675825,-113.60346881965225,,1,
2009-09-15T00:00:00.000,2009,9,2009-09-15T00:00:00.000,Commercial Final,6245 - 199 STREET NW,Plan 0323954 Blk 8 Lot 90,GLASTONBURY,4720,"To construct an office building (354 sq m ""McCormack Optometric Centre"")",Office Buildings (520),(01) New,7628,1500000,"UF, CN",0,53.49612097648729,-113.66432636760247,,1,
2009-09-10T00:00:00.000,2009,9,2009-09-10T00:00:00.000,Commercial Final,7727 - 127 AVENUE NW,Plan 4983KS Blk A Lot 7,YELLOWHEAD CORRIDOR EAST,1270,"To construct interior alterations to a general industrial use,  new corporate office /  microbiology laboratory, ""Lilydale Inc""","Storage Buildings, Warehouses (460)",(03) Interior Alterations,21947,300000,IM,0,53.584273996447926,-113.45941233901834,,1,
2009-08-11T00:00:00.000,2009,8,2009-08-11T00:00:00.000,Commercial Final,11204 - 186 STREET NW,Plan 0524864 Blk 2 Lot 6,WHITE INDUSTRIAL,4630,"To erect a Temporary Special Events tent for Kane Veterinary Supplies Ltd from August 29 to August 31, 2009.",Temporary Structures (999),(01) New,2700,5000,IM,0,,,,1,
2009-08-11T00:00:00.000,2009,8,2009-08-11T00:00:00.000,Commercial Final,1936 - 38 AVENUE NW,Plan 0620021 Blk 21 Lot 9,LARKSPUR,6390,"To construct interior alterations to a General Retail Building, (CRU# E4 Total Health Dental.)",Retail and Shops (510),(03) Interior Alterations,2245,340000,"CG, DC2",0,53.47836562150681,-113.37373118315612,,1,
2009-07-31T00:00:00.000,2009,7,2009-07-31T00:00:00.000,Commercial Final,12305 - 63 AVENUE NW,Plan 8922175 Blk 11 Lot 11,GRANDVIEW HEIGHTS,5210,"To Construct interior alterations to an existing health service unit "" Denture Clinic"".","Clinics, Health Units (642)",(03) Interior Alterations,980,150000,CN,0,53.500026329958345,-113.54240942765982,,1,
2009-07-30T00:00:00.000,2009,7,2009-07-30T00:00:00.000,Commercial Final,9146 - 23 AVENUE NW,"Condo Common Area (Plan 0822030,1220720,0921139)",PARSONS INDUSTRIAL,6570,"To change the use from Professional, Financial, and Office Support Services to a Health Service (Dental Office - Dr. A.J. Leung), and construct interior alterations main & new second floor within existing building).",Office Buildings (520),(03) Interior Alterations,1722,200000,BE,0,53.452664119364584,-113.47015606349375,,1,
2009-07-28T00:00:00.000,2009,7,2009-07-28T00:00:00.000,Commercial Final,4410 - 17 STREET NW,Plan 0620021 Blk 21 Lot 10,LARKSPUR,6390,"To construct a General Retail Store  - SUPERSTORE  (11,720 sq.m.)  and to construct interior alterations on the second floor level for an accessory medical clinic.",Retail and Shops (510),(01) New,126157.15,13116407,"DC2, CSC, CG, DC2",0,53.48042608083119,-113.37375761431133,,1,
2009-06-18T00:00:00.000,2009,6,2009-06-18T00:00:00.000,Commercial Final,1090 - YOUVILLE DRIVE WEST NW,Plan 8220154 Blk 4 Lot 1,TAWA,6720,To install 2nd elevator to an addition of the  Extended Medical Treatment Facility (Grey Nuns Hospital).(reports shaft existing??),Hospitals (640),(03) Interior Alterations,1600,250000,UF,0,53.46207165643732,-113.42954068689724,,1,
2009-06-10T00:00:00.000,2009,6,2009-06-10T00:00:00.000,Commercial Final,10135 - 50 STREET NW,"Plan 6098KS Blk 89 Lots 11U,12U,13",GOLD BAR,6270,"To construct interior alterations, new development for a Dental Clinic within a bldg shell",Office Buildings (520),(03) Interior Alterations,1492,160000,DC2,0,53.54204633951435,-113.41745417029426,,1,
2009-06-03T00:00:00.000,2009,6,2009-06-03T00:00:00.000,Commercial Final,"185, 1 - LONDONDERRY MALL NW","Plan 5119RS Blk 1 Lots 50,53",KILDARE,2400,To construct interior alterations Orthodontic/Dental Clinic  in Londonderry Mall and to construct interior alterations.,"Malls, Office/Retail (512)",(03) Interior Alterations,2948,350000,CG,0,53.602268122097875,-113.44571961188608,,1,
2009-05-28T00:00:00.000,2009,5,2009-05-28T00:00:00.000,Commercial Final,1221 - 91 STREET SW,Plan 0321073 Blk 2 Lot 95,SUMMERSIDE,6213,To construct interior alterations - Summerside Children's & Sport Physiotherapy,Office Buildings (520),(03) Interior Alterations,1620,60000,EIB,0,53.422119533981665,-113.47399562399497,,1,
2009-03-17T00:00:00.000,2009,3,2009-03-17T00:00:00.000,Commercial Final,2943 - ELLWOOD DRIVE SW,Plan 0920863 Unit 19,ELLERSLIE INDUSTRIAL,6214,To change the use from General Industrial to Veterinary Services and to construct interior and exterior alterations.,Office Buildings (520),(03) Interior Alterations,2827,150000,EIB,0,53.42882290539042,-113.4784250091174,,1,
2009-03-09T00:00:00.000,2009,3,2009-03-09T00:00:00.000,Commercial Final,"215, 2920 - CALGARY TRAIL NW",Condo Common Area (Plan 1021247),CALGARY TRAIL SOUTH,5120,To construct interior alteration to an Office Building. Gateway Village II  ( DP #82120926) - DENTAL CLINIC,Office Buildings (520),(03) Interior Alterations,3696,400000,"DC2, DC2",0,,,,1,
2009-02-24T00:00:00.000,2009,2,2009-02-24T00:00:00.000,Commercial Final,4121 - 139 AVENUE NW,Plan 0022276 Blk 3 Lot 1,CLAREVIEW TOWN CENTRE,2145,"To construct interior alterations to CRU ""B"" to built a Medical office (Dr.Bernstein - Diet & Health Clinics), 3(total on building) new RTU`s are included on shell permit","Malls, Office/Retail (512)",(03) Interior Alterations,1921,60000,DC2,0,53.599602423246566,-113.40611801687406,,1,
2009-02-17T00:00:00.000,2009,2,2009-02-17T00:00:00.000,Commercial Final,5424 - 97 STREET NW,Condo Common Area (Plan 0223435),CORONET INDUSTRIAL,6100,To construct interior alterations and change the use to a Testing Lab w/1 new R.T.U. (ALS Laboratory),Laboratory/Research Centres (580),(03) Interior Alterations,17985,1800000,DC,0,,,,1,
2009-02-13T00:00:00.000,2009,2,2009-02-13T00:00:00.000,Commercial Final,5236 - 199 STREET NW,Plan 0226719 Blk 1 Lot 2,THE HAMPTONS,4461,"To change the use of a Retail Store to a Veterinary Services, and To Construct interior alterations.","Clinics, Health Units (642)",(03) Interior Alterations,2454,90000,CN,0,53.48844546081463,-113.66522229946897,,1,
2009-02-04T00:00:00.000,2009,2,2009-02-04T00:00:00.000,Commercial Final,"140, 1 - MEADOWLARK PARK SHOPPING CENTRE NW",Plan 9924575 Blk 10 Lot 2,MEADOWLARK PARK,4310,"To construct interior alterations, selective demolition and reconstruction of interior partition walls, carpet and new paint, cru #140  ""Jasper Place Medical Clinic"", Meadowlark Mall.","Malls, Office/Retail (512)",(03) Interior Alterations,1800,15000,CSC,0,53.520756762483856,-113.59331780244844,,1,
2009-02-04T00:00:00.000,2009,2,2009-02-04T00:00:00.000,Commercial Final,9660 - 104 AVENUE NW,Plan 1421737 Blk 11 Lot 1D,BOYLE STREET,1020,"To construct interior alterations to a corrections facility (30 sq m relocate pharmacy/dispensary ""Edmonton Remand Centre"")",Law Enforcement/Emergency Svcs. (612),(03) Interior Alterations,330,56850,AJ,0,53.547573323215836,-113.48652423994406,,1,
2009-02-03T00:00:00.000,2009,2,2009-02-03T00:00:00.000,Commercial Final,16503 - 95 STREET NW,Plan 9923660 Blk 112 Lot 2,EAUX CLAIRES,2241,To construct footings and foundation for an Extended Medical Treatment Services / Boarding and Lodging facility for Senior Citizens,"Day Cares, Nursing Homes (650)",(04) Footing & Foundation,,600000,"DC2, DC2",0,53.62702503284187,-113.48590876383682,,1,
2009-01-22T00:00:00.000,2009,1,2009-01-22T00:00:00.000,Commercial Final,18521 - STONY PLAIN ROAD NW,Plan 0324226 Blk 1 Lot 5,PLACE LARUE,4400,To Construct a Pharmacy Consultation room in a General Retail Building (Wal*Mart).  (Changing a portion of  the storage room),Retail and Shops (510),(03) Interior Alterations,64,15000,DC,0,53.539584921501216,-113.64374993979897,,1,
2009-01-22T00:00:00.000,2009,1,2009-01-22T00:00:00.000,Commercial Final,1203 - PARSONS ROAD NW,Plan 0721311 Blk 4 Lot 1A,SOUTH EDMONTON COMMON,6195,To construct INTERIOR ALTERATIONS a General Retail Store (Walmart).  (changing portion of a storage area into a pharmacy consult room),Retail and Shops (510),(03) Interior Alterations,64,15000,"DC2, DC2, DC2, DC2",0,,,,1,
2009-01-22T00:00:00.000,2009,1,2009-01-22T00:00:00.000,Commercial Final,1 - CAPILANO MALL SHOPPING CENTRE NW,Plan 2542NY Blk 3 Lot 1,OTTEWELL,6550,To Construct interior alteration to Capilanio Mall - Wal*Mart - new Pharmacy partition for consulting room. (replacement of existing),"Malls, Office/Retail (512)",(03) Interior Alterations,64,15000,MU,0,53.53946106514676,-113.42147506257464,,1,
2009-01-07T00:00:00.000,2009,1,2009-01-07T00:00:00.000,Commercial Final,9267 - 34 AVENUE NW,Plan 9624284 Blk 3 Lot 2,PARSONS INDUSTRIAL,6570,To construct Interior Alterations for a Dental / Optiometry Clinic  (change the use of a portion of Retail buidling from Restaurant to Health Service),Retail and Shops (510),(03) Interior Alterations,3878,250000,CG,0,53.465404145691565,-113.47475147521519,,1,
2009-01-05T00:00:00.000,2009,1,2009-01-05T00:00:00.000,Commercial Final,14824 - STONY PLAIN ROAD NW,Plan 7601AE Blk 12 Lots 37-39,GROVENOR,3210,To change the use from a retail to a health service and to construct interior alterations. ( Braun Denture Clinic),Retail and Shops (510),(03) Interior Alterations,1240,20000,MU,0,53.5423090406029,-113.5774111944904,,1,
