city_file_number,permit_type,permit_class,status,description_of_development,address,legal_description,neighbourhood_id,neighbourhood,ward,bia,land_parcel_count,latitude,longitude,location,geometry_point,neighbourhood_classification,zoning,permit_date
449137282-002,Sign Permit,Not Available,Other,To install (3) Fascia On-Premises Sign (DOWNTOWN PRO CARE PHARMACY AND CLINIC LTD),10667 - 113 STREET NW,Plan B4 Blk 12 Lots 191-192,1180,QUEEN MARY PARK,O-day'min Ward,North Edge,3,53.5511635169634,-113.5152619517601,,"{'type': 'Point', 'coordinates': [-113.5152619517601, 53.5511635169634]}",,,
263120189-007,Major Development Permit,No Development Permit Required,Other,To construct exterior alterations to an existing Extended Medical Treatment Services (constructing an accessibility ramp for west entrance) (George Spady Detoxification Centre).,10015 - 105A AVENUE NW,Plan 8322708 Lot 135A,1140,MCCAULEY,O-day'min Ward,Chinatown and Area,3,53.548435715154696,-113.49257669116477,,"{'type': 'Point', 'coordinates': [-113.49257669116477, 53.548435715154696]}",Redeveloping,UF,
172786609-001,Major Development Permit,Not Available,Other,To construct an addition and exterior alterations to an existing Veterinary Services Use building (Addition on the north east portion of the building: 10.36m X 1.82m),12831 - 97 STREET NW,Plan 1821951 Blk 35 Lot 31,2420,KILLARNEY,Ward 7,,3,53.586756980777494,-113.49146270731181,,"{'type': 'Point', 'coordinates': [-113.49146270731181, 53.586756980777494]}",Redeveloping,CSC,
464316581-002,Major Development Permit,Not Available,Other,To continue to operate a Health Service and General Retail Store (optometrist office with eyewear retail) and to construct interior alterations,4371 - 167 AVENUE NW,"Condo Common Area (Plan 1823461,1823198,1823199,2321186)",2110,BRINTNELL,Dene Ward,,6,53.62793265847463,-113.40720065649303,,"{'type': 'Point', 'coordinates': [-113.40720065649303, 53.62793265847463]}",Developing,"CG,CB2",
414138635-002,Major Development Permit,Not Available,Other,To continue to operate a Health Service and to construct interior alterations (physiotherapy clinic with indoor pool),2531 - 103A STREET SW,Plan 2021467 Blk 1 Lot 1,5466,CASHMAN,Ipiihkoohkanipiaohtsi Ward,,3,53.413322088776056,-113.50012962163123,,"{'type': 'Point', 'coordinates': [-113.50012962163123, 53.413322088776056]}",Developing,BE,
452814226-002,Major Development Permit,Not Available,Other,To Change the Use from a General Retail Store to a Health Service (Hearing Clinic),12846 - 97 STREET NW,Condo Common Area (Plan 2221739),3260,LAUDERDALE,Anirniq Ward,,3,53.58720784426612,-113.49260827305545,,"{'type': 'Point', 'coordinates': [-113.49260827305545, 53.58720784426612]}",Redeveloping,CSC,
453436618-001,Major Development Permit,Not Available,In Progress,To continue to operate a Health Service (Central Dental Family Dentistry),10705 - 107 STREET NW,Plan B4 Blk 6 Lot 219,1030,CENTRAL MCDOUGALL,O-day'min Ward,North Edge,3,53.551587069262794,-113.50422659579633,,"{'type': 'Point', 'coordinates': [-113.50422659579633, 53.551587069262794]}",Redeveloping,MU,
414456173-002,Major Development Permit,Not Available,Other,To change the use from General Retail Store to Health Service and to construct interior alterations (physiotherapy and massage therapy clinic),1468 - MCCONACHIE BOULEVARD NW,Plan 1821486 Blk 24 Lot 118,2522,MCCONACHIE,Dene Ward,,3,53.639692080146645,-113.441561945808,,"{'type': 'Point', 'coordinates': [-113.441561945808, 53.639692080146645]}",Developing,CN,
663448669-002,Sign Permit,Not Available,In Progress,To install (1) Projecting Sign not in the form of a Roof Sign limited to On-premises Advertising (BEAUTIOQUE MEDICAL ASTHETICS),779 - 75 STREET SW,Plan 9321197 Blk 1 Lot 2,6211,ELLERSLIE,Karhiio Ward,,3,53.42596617329275,-113.44983078710192,,"{'type': 'Point', 'coordinates': [-113.44983078710192, 53.42596617329275]}",,,
420202696-002,Major Development Permit,Not Available,Other,To operate a Health Service and to construct interior alterations (aesthetics injectionist clinic),"104, 10111 - 104 AVENUE NW",Plan 8021480 Blk 1 Lot A,1090,DOWNTOWN,O-day'min Ward,Downtown,3,53.54570554720887,-113.4946367339841,,"{'type': 'Point', 'coordinates': [-113.4946367339841, 53.54570554720887]}",Redeveloping,CCA,
516489514-002,Major Development Permit,Not Available,Other,To Continue to Operate a Health Service (Medical Clinic) (NDPR),120 - WATT COMMON SW,Plan 1422177 Blk 30 Lot 5,6662,WALKER,Karhiio Ward,,3,53.42254530644787,-113.42375467216169,,"{'type': 'Point', 'coordinates': [-113.42375467216169, 53.42254530644787]}",Developing,DC1,
463397156-002,Major Development Permit,Not Available,Other,"To change the use from Professional, Financial, Office Support Service to Health Service (physiotherapy clinic) and to construct interior alterations","201, 10950 - 23 AVENUE NW",Plan 0323339 Blk 32 Lot 11,5180,ERMINESKIN,Ipiihkoohkanipiaohtsi Ward,,3,53.454941136863944,-113.5123042806553,,"{'type': 'Point', 'coordinates': [-113.5123042806553, 53.454941136863944]}",Redeveloping,CG,
464007187-002,Sign Permit,Not Available,Other,To install a Fascia On-Premises Sign (MYO HEALING CLINIC LTD.).,10836 - 61 AVENUE NW,Plan 2958HW Blk 27 Lot 9,5010,ALLENDALE,papastew Ward,,3,53.49856307278418,-113.51131443126539,,"{'type': 'Point', 'coordinates': [-113.51131443126539, 53.49856307278418]}",,,
524973112-002,Major Development Permit,Not Available,Other,To change the use from General Retail Store to a Health Service and Indoor Sales and Service (medical clinic with pharmacy) and to construct interior alterations,787 - 75 STREET SW,Plan 9321197 Blk 1 Lot 2,6211,ELLERSLIE,Karhiio Ward,,3,53.42596617329275,-113.44983078710192,,"{'type': 'Point', 'coordinates': [-113.44983078710192, 53.42596617329275]}",Developing,CN,
410521729-002,Major Development Permit,Not Available,Other,To construct interior alterations to a General Retail Store (pharmacy).,723 - DANIELS WAY SW,Plan 2121567 Blk 18 Lot 4,5463,DESROCHERS AREA,Ipiihkoohkanipiaohtsi Ward,,3,53.40074388738519,-113.54231887415861,,"{'type': 'Point', 'coordinates': [-113.54231887415861, 53.40074388738519]}",Developing,MU,
661100856-002,Major Development Permit,Not Available,Other,"To change the use from Indoor Sales and Service to Health Service and to construct interior alterations (medical clinic attached to existing pharmacy, total floor area is 308 m2)",2627 - 151 AVENUE NW,Plan 0823678 Unit 3,2280,FRASER,Dene Ward,,3,53.61258047858996,-113.37916426611997,,"{'type': 'Point', 'coordinates': [-113.37916426611997, 53.61258047858996]}",Developing,CN,
177237467-052,Major Development Permit,Not Available,In Progress,To change the Use from a Restaurant to a Health Service and construct interior alterations (Dental clinic).,"105, 9934 - 137 AVENUE NW",Plan 1523747 Blk 27 Lot 5,3111,GRIESBACH,Ward 2,,3,53.6008416936922,-113.49506314066738,,"{'type': 'Point', 'coordinates': [-113.49506314066738, 53.6008416936922]}",Redeveloping,"GVC,RA8g",
384126954-004,Sign Permit,Not Available,Other,To install (6) Fascia On-premises Signs (Window Signs) ( MEDICINE PLACE | PHARMACY | OPTOMETRY | MEDICAL CLINIC | IV CLINIC | MEDISPA).,9943 - 109 STREET NW,Condo Common Area (Plan 0628335),1090,DOWNTOWN,O-day'min Ward,Downtown,3,53.53839336771695,-113.50788093755689,,"{'type': 'Point', 'coordinates': [-113.50788093755689, 53.53839336771695]}",,,
374592044-001,Sign Permit,Not Available,Other,To install (5) Fascia On-premises Signs (HOME OF SMILES DENTAL CLINIC),2408 - RABBIT HILL ROAD NW,Plan 9823652 Blk 154 Lot 3,5630,LEGER,pihêsiwin Ward,,3,53.45566639257608,-113.56682048405372,,"{'type': 'Point', 'coordinates': [-113.56682048405372, 53.45566639257608]}",,,
514820771-002,Major Development Permit,Not Available,Other,To continue to operate a Health Service (dental clinic) and to construct interior alterations,"203, 5364 - ADMIRAL GIROUARD STREET NW",Condo Common Area (Plan 2321252),3111,GRIESBACH,Anirniq Ward,,4,53.60030303,-113.513461578,,"{'type': 'Point', 'coordinates': [-113.513461578, 53.60030303]}",Redeveloping,CG,
520999067-002,Major Development Permit,Not Available,Other,To continue to operate a Health Service (dental office) and to construct interior alterations,2923 - 119A STREET SW,Plan 2020566 Blk 3 Lot 3,5472,HERITAGE VALLEY TOWN CENTRE,Ipiihkoohkanipiaohtsi Ward,,3,53.4064442389607,-113.53811860824868,,"{'type': 'Point', 'coordinates': [-113.53811860824868, 53.4064442389607]}",Developing,TC-C,
439801946-002,Major Development Permit,Not Available,Other,To construct interior alterations to an Extended Medical Treatment Service building (Fire Alarm Panel Replacement),"103, 16815 - 88 AVENUE NW",Plan 0726880 Blk 3 Lot 5,4590,WEST MEADOWLARK PARK,sipiwiyiniwak Ward,,3,53.52173895987102,-113.61182476886974,,"{'type': 'Point', 'coordinates': [-113.61182476886974, 53.52173895987102]}",Redeveloping,US,
656195192-002,Major Development Permit,Not Available,Other,To change the use from Food and Drink Service to a 126 m2 Health Service (medical and aesthetic clinic),2051 - 163 STREET SW,Condo Common Area (Plan 2120918),5578,GLENRIDDING HEIGHTS,pihêsiwin Ward,,3,53.41561047505044,-113.60131796078458,,"{'type': 'Point', 'coordinates': [-113.60131796078458, 53.41561047505044]}",Developing,CN,
639226424-002,Major Development Permit,Not Available,Other,To Change the Use of a Building from Indoor Sales and Service and Office to a Health Service (Medical Office Building) (No Development Permit Required),"BSMT, 11303 - 95 STREET NW",Plan RN43 Blk 29 Lot 1,1010,ALBERTA AVENUE,Métis Ward,Alberta Avenue,3,53.56286156191477,-113.4867179855408,,"{'type': 'Point', 'coordinates': [-113.4867179855408, 53.56286156191477]}",Redeveloping,CN,
645069850-002,Major Development Permit,Not Available,Other,To continue to operate a Health Service (medical clinic) and to construct interior alterations,5356 - ADMIRAL GIROUARD STREET NW,Condo Common Area (Plan 2321252),3111,GRIESBACH,Anirniq Ward,,4,53.60030303,-113.513461578,,"{'type': 'Point', 'coordinates': [-113.513461578, 53.60030303]}",Redeveloping,CG,
647893376-002,Major Development Permit,No Development Permit Required,Other,To change the Use from Veterinary Services to Restaurant and to construct interior alterations to the building.,6941 - ELLERSLIE ROAD SW,Plan 1321104 Blk 4 Lot 1A,6213,SUMMERSIDE,Karhiio Ward,,3,53.424248285188725,-113.44475757539979,,"{'type': 'Point', 'coordinates': [-113.44475757539979, 53.424248285188725]}",Developing,DC2,
289653809-001,Major Development Permit,Not Available,Other,To change the use from a Veterinary Service to a Restaurant (53 sq.m. public space),8232 - 175 STREET NW,Plan 7620073 Blk 12 Lot 1B,4560,THORNCLIFF,sipiwiyiniwak Ward,,3,53.515600938441665,-113.62444688424964,,"{'type': 'Point', 'coordinates': [-113.62444688424964, 53.515600938441665]}",Redeveloping,MU,
542379376-002,Major Development Permit,Not Available,Other,To change the use from Veterinary Service to Health Service (chiropractic clinic) and to construct interior alterations,12764 - 167 AVENUE NW,Plan 1620811 Blk 1 Lot 13,3460,ALBANY,Anirniq Ward,,3,53.629638290948364,-113.54463693942125,,"{'type': 'Point', 'coordinates': [-113.54463693942125, 53.629638290948364]}",Developing,CG,
397143729-002,Major Development Permit,Not Available,Other,To change the use from Personal Service Shop to a Convenience Retail Store (pharmacy) and to construct interior alterations [signage requires separate Sign Permit],16534 - 59A STREET NW,Plan 1520615 Blk 17 Lot 130A,2500,MATT BERRY,Dene Ward,,3,53.62769351692489,-113.43148918227176,,"{'type': 'Point', 'coordinates': [-113.43148918227176, 53.62769351692489]}",Developing,CN,
384792085-002,Sign Permit,Not Available,Other,To install (1) Fascia On-Premises Sign(s) To install (1) Freestanding On-Premises Sign(s)  (THE MEDICINE SHOPPE PHARMACY 377),6610 - 132 AVENUE NW,Plan 5587MC Blk 3 Lot 25,2230,DELWOOD,tastawiyiniwak Ward,,3,53.592517320978004,-113.44346705266159,,"{'type': 'Point', 'coordinates': [-113.44346705266159, 53.592517320978004]}",,,
262665378-001,Sign Permit,Not Available,Other,To install (1) Freestanding On-premises Sign (TruMed Naturopathic Clinic),14620 - STONY PLAIN ROAD NW,Plan 9323194 Blk 7A Lot 35A,3210,GROVENOR,Nakota Isga Ward,Stony Plain Road and Area,3,53.542309131199815,-113.57356218367266,,"{'type': 'Point', 'coordinates': [-113.57356218367266, 53.542309131199815]}",,RF3,
534352986-002,Major Development Permit,Not Available,Other,To change the use from General Retail Store to an Indoor Sales and Service in the form of a Minor Veterinary Service and to construct interior alterations,10730 - 142 STREET NW,Plan 2599KS Blk 12 Lot 1,3300,MCQUEEN,Nakota Isga Ward,,3,53.55177601898066,-113.566985454146,,"{'type': 'Point', 'coordinates': [-113.566985454146, 53.55177601898066]}",Redeveloping,DC2,
665460263-002,Major Development Permit,Not Available,Other,To change the use from Office to a 232 m2 Indoor Sales and Service (wellness clinic) and to construct interior alterations,"202, 16723 - 71 STREET NW",Plan 2322452 Blk 9 Lot 14,2700,SCHONSEE,tastawiyiniwak Ward,,3,53.62935111696817,-113.45004076758846,,"{'type': 'Point', 'coordinates': [-113.45004076758846, 53.62935111696817]}",Developing,CN,
475542976-002,Major Development Permit,Not Available,Other,To construct interior alterations to an Extended Medical Treatment Service building (modernization of elevators in the atrium of the Royal Alexandra Hospital),10240 - KINGSWAY NW,Plan 1619KS Blk 2 Lot 313,1030,CENTRAL MCDOUGALL,O-day'min Ward,Kingsway,3,53.55740028240453,-113.49815574329435,,"{'type': 'Point', 'coordinates': [-113.49815574329435, 53.55740028240453]}",Redeveloping,UF,
341197550-002,Major Development Permit,Not Available,Other,To construct interior alterations for a General Retail Store (pharmacy),627 - CAMERON HEIGHTS DRIVE NW,Plan 0024559 Lot A,4466,CAMERON HEIGHTS,sipiwiyiniwak Ward,,3,53.47043187873645,-113.63110999401437,,"{'type': 'Point', 'coordinates': [-113.63110999401437, 53.47043187873645]}",Developing,DC2,
397600675-002,Major Development Permit,Not Available,Other,"To change the use from General Retail Store to Health Service (chiropractic office), and to construct interior alterations",16440 - ELLERSLIE ROAD SW,Plan 1321077 Blk 1 Lot 1,5505,AMBLESIDE,pihêsiwin Ward,,3,53.42368129195273,-113.60684770509488,,"{'type': 'Point', 'coordinates': [-113.60684770509488, 53.42368129195273]}",Developing,CG,
407421821-002,Major Development Permit,Not Available,Other,To continue to operate a Health Service and to construct interior alterations (dental office),20910 - 62 AVENUE NW,Plan 1125045 Blk 1 Lot 2,4551,GRANVILLE,sipiwiyiniwak Ward,,3,53.498125869010494,-113.68241691792957,,"{'type': 'Point', 'coordinates': [-113.68241691792957, 53.498125869010494]}",Developing,DC2,
448674018-002,Sign Permit,Not Available,Other,To install (30) Fascia On-Premises Sign(s)  (PRO CARE PHARMACY& CLINIC),8906 - 149 STREET NW,Plan 9621254 Blk 2 Lot 25,4230,JASPER PARK,sipiwiyiniwak Ward,,3,53.521434130337724,-113.57850025072378,,"{'type': 'Point', 'coordinates': [-113.57850025072378, 53.521434130337724]}",,,
397535113-002,Major Development Permit,Not Available,Other,To continue to operate a Health Service and to construct interior alterations (remove two walls to reduce number of rooms in a hearing clinic),9116 - 82 AVENUE NW,Plan 3737AI Blk 9 Lots 5-9,6040,BONNIE DOON,Métis Ward,French Quarter,3,53.518341406556175,-113.46852396104826,,"{'type': 'Point', 'coordinates': [-113.46852396104826, 53.518341406556175]}",Redeveloping,"RM,MU",
406121331-002,Major Development Permit,Not Available,Other,To change the Use from a Personal Service Shop to a Health Service and to construct interior alterations (expanding adjacent medical clinic).,9720 - 106 AVENUE NW,Plan NA Blk 12 Lots 29-30,1140,MCCAULEY,O-day'min Ward,Chinatown and Area,3,53.550289945691034,-113.48970260360062,,"{'type': 'Point', 'coordinates': [-113.48970260360062, 53.550289945691034]}",Redeveloping,MU,
447477262-002,Major Development Permit,Not Available,Other,To operate a Health Service (medical laboratory) and to construct interior alterations,10150 - 102 STREET NW,Plan 8720596 Blk 2 Lot A,1090,DOWNTOWN,O-day'min Ward,Downtown,3,53.54223553602907,-113.49646162455184,,"{'type': 'Point', 'coordinates': [-113.49646162455184, 53.54223553602907]}",Redeveloping,CCA,
257315106-001,Sign Permit,Not Available,Other,To install a Fascia On-premises Sign (PHYSIO-MASSAGE - United Health Centres),7609 - 109 STREET NW,"Condo Common Area (Plan 1720082,1423850)",5330,QUEEN ALEXANDRA,papastew Ward,,3,53.51261413845252,-113.51150893491945,,"{'type': 'Point', 'coordinates': [-113.51150893491945, 53.51261413845252]}",,,
532756592-002,Sign Permit,Not Available,Other,To install (4) Fascia Sign(s) limited to On-premises Advertising (Family Health Medical Centre),301 - PARSONS ROAD SW,Condo Common Area (Plan 2420498),6214,ELLERSLIE INDUSTRIAL,Karhiio Ward,,4,53.431157036,-113.478820642,,"{'type': 'Point', 'coordinates': [-113.478820642, 53.431157036]}",,,
627105724-002,Major Development Permit,Not Available,Other,To Operate a Health Service (Optometry Clinic),16727 - 71 STREET NW,Plan 2322452 Blk 9 Lot 14,2700,SCHONSEE,tastawiyiniwak Ward,,3,53.62935111696817,-113.45004076758846,,"{'type': 'Point', 'coordinates': [-113.45004076758846, 53.62935111696817]}",Developing,CN,
598265347-002,Sign Permit,Not Available,Other,To establish a Comprehensive Sign Design Plan for (Rabah Clinic),9943 - 82 AVENUE NW,Plan 2321406 Blk 58 Lot 5A,6610,RITCHIE,papastew Ward,Old Strathcona,3,53.51773802302251,-113.48772625620697,,"{'type': 'Point', 'coordinates': [-113.48772625620697, 53.51773802302251]}",,,
489196443-002,Sign Permit,Not Available,Other,To install a Fascia On-Premises Sign (CHINATOWN IPHARMACY).,9656 - 107A AVENUE NW,Plan ND Blk 26 Lots 25-27,1140,MCCAULEY,O-day'min Ward,Chinatown and Area,3,53.553090225890585,-113.4895308373667,,"{'type': 'Point', 'coordinates': [-113.4895308373667, 53.553090225890585]}",,,
405018691-002,Major Development Permit,Not Available,Other,To change the Use from Warehouse Sales to a Health Service and to construct interior alterations (Summerside Children's & Sport Physiotherapy Ltd.).,10607 - 172 STREET NW,Plan 0426838 Blk 3 Lot 2A,4300,MCNAMARA INDUSTRIAL,Nakota Isga Ward,,3,53.55146821430912,-113.61668735592613,,"{'type': 'Point', 'coordinates': [-113.61668735592613, 53.55146821430912]}",Industrial,CB,
492541967-002,Sign Permit,Not Available,Other,To install a Fascia On-Premises Sign (ALBANY VETERINARY CLINIC).,16759 - 127 STREET NW,Plan 1321434 Blk 1 Lot 2,3370,RAPPERSWILL,Anirniq Ward,,3,53.63055646767096,-113.53953642176356,,"{'type': 'Point', 'coordinates': [-113.53953642176356, 53.63055646767096]}",,,
405862704-002,Sign Permit,Not Available,Other,To install (2) Fascia On-Premises Signs (FIRE & FLOWER | SKIN PHYSICIANS | COSMEDICS),11516 - JASPER AVENUE NW,Plan B3 Blk 15 Lot 79,1151,WÎHKWÊNTÔWIN,O-day'min Ward,,3,53.54128183320575,-113.52001399334021,,"{'type': 'Point', 'coordinates': [-113.52001399334021, 53.54128183320575]}",,,
616747513-002,Major Development Permit,Not Available,Other,To change the use from Food and Drink Service to Health Service (dental clinic) and to construct interior alterations,8137 - 97 STREET NW,Plan 4575S Blk 12 Lots 1-7,6610,RITCHIE,papastew Ward,French Quarter,3,53.517726035394816,-113.47902241464489,,"{'type': 'Point', 'coordinates': [-113.47902241464489, 53.517726035394816]}",Redeveloping,MU,
349588941-002,Major Development Permit,Not Available,Other,To construct exterior alterations to a Health Services and Extended Medical Treatment Services site (parking area reconfiguration - NORTHEAST COMMUNITY HEALTH CENTRE).,14007 - 50 STREET NW,Plan 9724257 Blk 6 Lot 1,2541,MILLER,Dene Ward,,3,53.604036889581934,-113.4172208929906,,"{'type': 'Point', 'coordinates': [-113.4172208929906, 53.604036889581934]}",Redeveloping,UF,
516289934-002,Sign Permit,Permitted Development,Other,To install (2) Fascia Sign(s) limited to On-premises Advertising (Prime Health Physiotherapy),"11, 9228 - 144 AVENUE NW",Plan 2547RS Blk 35 Lot 3,2260,EVANSDALE,tastawiyiniwak Ward,,3,53.606670929007805,-113.48277278235503,,"{'type': 'Point', 'coordinates': [-113.48277278235503, 53.606670929007805]}",,MUN,
327622014-002,Major Development Permit,Not Available,Other,Change of Use from Personal Service Shop to Health Services (dental office),7179 - WINTERBURN ROAD NW,Plan 2522068 Blk 1 Lot 124,4551,GRANVILLE,sipiwiyiniwak Ward,,3,53.5070314355508,-113.68699737576611,,"{'type': 'Point', 'coordinates': [-113.68699737576611, 53.5070314355508]}",Developing,DC,
384800147-002,Sign Permit,Not Available,In Progress,To install (1) Fascia On-Premises Sign(s) To install (1) Freestanding Off-Premises Sign(s) To install (1) replacement panel(s)on an Existing Sign  (THE MEDICINE SHOPPE PHARMACY 377),6604 - 132 AVENUE NW,Plan 5587MC Blk 3 Lot 25,2230,DELWOOD,tastawiyiniwak Ward,,3,53.592517320978004,-113.44346705266159,,"{'type': 'Point', 'coordinates': [-113.44346705266159, 53.592517320978004]}",,,
627393841-002,Major Development Permit,Not Available,Other,To Change the Use from a Food and Drink Service to a Health Service (Sleep  Apnea Clinic),6636 - 178 AVENUE NW,Plan 2120695 Blk 1 Lot 178,2462,CRYSTALLINA NERA EAST,tastawiyiniwak Ward,,3,53.64119446023738,-113.44340817292648,,"{'type': 'Point', 'coordinates': [-113.44340817292648, 53.64119446023738]}",Developing,CN,
567580126-002,Major Development Permit,Not Available,Other,To change the use from General Retail Store to a Health Service (dental office) and to construct interior alterations,20079 - LESSARD ROAD NW,Plan 2420692 Blk 1 Lot 64,4462,EDGEMONT,sipiwiyiniwak Ward,,4,53.476418056,-113.673283584,,"{'type': 'Point', 'coordinates': [-113.673283584, 53.476418056]}",Developing,CG,
611191677-002,Sign Permit,Not Available,Other,To install (19) Fascia Sign(s) limited to On-premises Advertising (109 St Pharmacy Clinic),10705 - 109 STREET NW,Plan 3942MC Blk 8 Lot 179,1030,CENTRAL MCDOUGALL,O-day'min Ward,North Edge,3,53.551727610206825,-113.50787348202599,,"{'type': 'Point', 'coordinates': [-113.50787348202599, 53.551727610206825]}",,,
498285601-002,Sign Permit,Not Available,Other,To install (3) Fascia Sign(s) limited to On-premises Advertising (Movenetics Physiotherapy),5302 - ADMIRAL GIROUARD STREET NW,Condo Common Area (Plan 2321252),3111,GRIESBACH,Anirniq Ward,,4,53.60030303,-113.513461578,,"{'type': 'Point', 'coordinates': [-113.513461578, 53.60030303]}",,,
514260510-002,Major Development Permit,Not Available,Other,To change the use from General Retail Store to a Health Service (dental clinic) and to construct interior alterations,21612 - 92 AVENUE NW,Plan 2322103 Blk 2 Lot 68,4487,SECORD,Nakota Isga Ward,,3,53.52874830368964,-113.69131257109356,,"{'type': 'Point', 'coordinates': [-113.69131257109356, 53.52874830368964]}",Developing,DC2,
398744990-002,Major Development Permit,Not Available,Other,To change the Use from General Retail to a Health Service (denture clinic) and construct interior alterations.,6471 - CARTMELL PLACE SW,Condo Common Area (Plan 2021910),5471,CHAPPELLE,Ipiihkoohkanipiaohtsi Ward,,3,53.396495626987154,-113.56991524510971,,"{'type': 'Point', 'coordinates': [-113.56991524510971, 53.396495626987154]}",Developing,CG,
259279211-001,Major Development Permit,Not Available,Other,To change the use from Professional Financial and Office Support Services to Health Services and to construct interior alterations (expansion of Westmount Dental to adjacent bay),"423, 1 - WESTMOUNT SHOPPING CENTRE NW",Plan 5079HW Blk 20,3450,WOODCROFT,Anirniq Ward,The Crossroads,3,53.561333004254976,-113.55353918436984,,"{'type': 'Point', 'coordinates': [-113.55353918436984, 53.561333004254976]}",Redeveloping,MU,
626358856-002,Major Development Permit,Not Available,Other,To change the use from Indoor Sales and Service to a 227 m2 Health Service and Indoor Sales and Service (medical clinic and pharmacy) and to construct interior alterations,1131 - 103A STREET SW,Plan 2420113 Blk 1 Lot 1B,5466,CASHMAN,Ipiihkoohkanipiaohtsi Ward,,3,53.4227825703799,-113.49503757353187,,"{'type': 'Point', 'coordinates': [-113.49503757353187, 53.4227825703799]}",Developing,CN,
548846287-002,Major Development Permit,Not Available,Other,To Operate a Health Service/ General Retail Store (Optometrist with Optical Retail Sales) within an existing General Retail Store,2950 - CALGARY TRAIL NW,Plan 8522461 Blk 23 Lot A,5120,CALGARY TRAIL SOUTH,papastew Ward,,3,53.460709715269566,-113.49424891405604,,"{'type': 'Point', 'coordinates': [-113.49424891405604, 53.460709715269566]}",Industrial,DC2,
324989283-001,Major Development Permit,Discretionary Development,Other,To change the use of a General Industrial bay to a Animal Hospitals and Shelters (dog grooming) and to construct interior alterations.,"3, 5408 - 53 AVENUE NW",Plan 8220320 Blk 4 Lot 21,6640,ROPER INDUSTRIAL,Karhiio Ward,,3,53.49100386086573,-113.4217675468042,,"{'type': 'Point', 'coordinates': [-113.4217675468042, 53.49100386086573]}",Industrial,BE,
515882988-002,Major Development Permit,Not Available,Other,To change the Use from a Personal Service (dog grooming) to an Animal Hospital and Shelters (dog daycare).,10508 - 105 STREET NW,Plan B3 Blk 5 Lots 236-238,1030,CENTRAL MCDOUGALL,O-day'min Ward,North Edge,3,53.5484804847219,-113.50160816815011,,"{'type': 'Point', 'coordinates': [-113.50160816815011, 53.5484804847219]}",Redeveloping,DC,
441074254-002,Major Development Permit,Not Available,Other,To change the Use from a Specialty Food Service to a Health Service (Prime Physiotherapy and Massage).,"11, 9228 - 144 AVENUE NW",Plan 2547RS Blk 35 Lot 3,2260,EVANSDALE,tastawiyiniwak Ward,,3,53.606670930576996,-113.4827727815804,,"{'type': 'Point', 'coordinates': [-113.4827727815804, 53.606670930576996]}",Redeveloping,MUN,
566441836-002,Major Development Permit,Not Available,Other,To change the use from General Retail Store to Health Service (physio clinic) and to construct interior alterations,453 - HAWKS RIDGE BOULEVARD NW,Plan 1221444 Blk 7 Lot 1,4473,HAWKS RIDGE,Nakota Isga Ward,,3,53.588909355808156,-113.69060231120062,,"{'type': 'Point', 'coordinates': [-113.69060231120062, 53.588909355808156]}",Developing,DC,
324339876-001,Sign Permit,Not Available,Other,To install (1) Fascia On-premises Sign (ALBERTA DENTAL ASSOCIATION AND COLLEGE | UNITED HEALTH CENTRES),7609 - 109 STREET NW,"Condo Common Area (Plan 1720082,1423850)",5330,QUEEN ALEXANDRA,papastew Ward,,3,53.51261413845252,-113.51150893491945,,"{'type': 'Point', 'coordinates': [-113.51150893491945, 53.51261413845252]}",,CB1,
183788274-001,Major Development Permit,Not Available,Other,To change the Use from Convenience Retail Stores to Health Services and to construct interior alterations (massage clinic).,8114 - 82 AVENUE NW,Plan 3515NY Blk 34 Lot 2A,6320,IDYLWYLDE,Métis Ward,,3,53.518356472722516,-113.45351793102424,,"{'type': 'Point', 'coordinates': [-113.45351793102424, 53.518356472722516]}",Redeveloping,MU,
587152381-002,Major Development Permit,Not Available,Other,To continue to operate a Health Service and to construct interior alterations (medical clinic and pharmacy),11951 - 82 STREET NW,Plan RN63 Blk 1 Lots 18-20,1100,EASTWOOD,Métis Ward,,3,53.573232827227024,-113.4667877638754,,"{'type': 'Point', 'coordinates': [-113.4667877638754, 53.573232827227024]}",Redeveloping,CN,
433702553-002,Major Development Permit,Not Available,Other,"To construct an Animal Hospital and Shelter, and Multi-unit Residential building.",11231 - 199 STREET NW,Plan 9322709 Lot 4,4650,WINTERBURN INDUSTRIAL AREA EAST,Nakota Isga Ward,,3,53.560593027669256,-113.6632792900877,,"{'type': 'Point', 'coordinates': [-113.6632792900877, 53.560593027669256]}",Industrial,IM,
569215587-002,Major Development Permit,Not Available,Other,To change the use from General Retail Store and Health Service to Indoor Sales and Service in the form of a Personal Service Shop (massage and wellness clinic) and to construct interior alterations,600 - RIVERBEND SQUARE NW,Plan 9023003 Blk 101 Lot 35,5190,FALCONER HEIGHTS,pihêsiwin Ward,,3,53.46875560296266,-113.58789237556161,,"{'type': 'Point', 'coordinates': [-113.58789237556161, 53.46875560296266]}",Redeveloping,DC2,
494764516-002,Major Development Permit,Not Available,Other,To operate a Health Service and Convenience Retail Store (medical clinic with pharmacy) and to construct interior alterations,10024 - 82 AVENUE NW,Plan I Blk 70 Lot 10,5480,STRATHCONA,papastew Ward,Old Strathcona,3,53.51837604325755,-113.48969281841846,,"{'type': 'Point', 'coordinates': [-113.48969281841846, 53.51837604325755]}",Redeveloping,MU,
646621030-002,Major Development Permit,Not Available,Other,To change the use from General Retail Store to a 130 m2 Health Service (dental clinic) and to construct interior alterations,129 - CHARLESWORTH DRIVE SW,Condo Common Area (Plan 2621170),6661,CHARLESWORTH,Karhiio Ward,,3,53.42971660023558,-113.39447694671898,,"{'type': 'Point', 'coordinates': [-113.39447694671898, 53.42971660023558]}",Developing,CN,
565197049-002,Major Development Permit,Not Available,Other,To continue operate a Health Service (denture clinic) and to construct interior alterations,"205, 12970 - 97 STREET NW",Plan 1424543 Blk 11 Lot 7,3260,LAUDERDALE,Anirniq Ward,,3,53.58916726292023,-113.49257365134315,,"{'type': 'Point', 'coordinates': [-113.49257365134315, 53.58916726292023]}",Redeveloping,MU,
591927929-002,Sign Permit,Not Available,Other,To install a Minor Digital Sign in the form of a Ground Sign limited to On-premises Advertising (Ellwood Medical Centre),620 - 91 STREET SW,Plan 1125270 Blk 1 Lot 13,6214,ELLERSLIE INDUSTRIAL,Karhiio Ward,,3,53.42662980096955,-113.47475689043353,,"{'type': 'Point', 'coordinates': [-113.47475689043353, 53.42662980096955]}",,,
483876366-002,Major Development Permit,Not Available,Other,To Continue to Operate a Legally Non Conforming Veterinary Clinic (NDPR),11403 - 143 STREET NW,Plan 4990HW Blk 5 Lot 1,3230,HUFF BREMNER ESTATE INDUSTRIAL,Anirniq Ward,,3,53.56322191535466,-113.56705794397968,,"{'type': 'Point', 'coordinates': [-113.56705794397968, 53.56322191535466]}",Industrial,IM,
451655679-002,Major Development Permit,Not Available,Refused,To operate an Animal Hospital and Shelter and construct interior alterations.,10933A - 166A STREET NW,"Plan 3413NY Blk 4 Lots 8A,9A",4600,WEST SHEFFIELD INDUSTRIAL,Nakota Isga Ward,,3,53.55701325997241,-113.60703009555328,,"{'type': 'Point', 'coordinates': [-113.60703009555328, 53.55701325997241]}",Industrial,IM,
542314947-002,Sign Permit,Not Available,Other,To install (2) Fascia Sign(s) limited to On-premises Advertising (RJB MEDICAL CENTER),7004 - 98 AVENUE NW,Plan 6408MC Blk 20A Lots 51-52,6730,TERRACE HEIGHTS,Métis Ward,,3,53.537844281916946,-113.43616187461856,,"{'type': 'Point', 'coordinates': [-113.43616187461856, 53.537844281916946]}",,,
420801209-002,Major Development Permit,Not Available,Other,To change the use of a portion of a Health Service building to a General Retail Store and to construct interior alterations (retail pharmacy),11230 - 110 STREET NW,Plan 4733KS Blk 9 Lot 275,1230,SPRUCE AVENUE,O-day'min Ward,Kingsway,3,53.56258433779736,-113.5105721563639,,"{'type': 'Point', 'coordinates': [-113.5105721563639, 53.56258433779736]}",Redeveloping,CG,
221652115-001,Sign Permit,Permitted Development,Other,To install a Fascia On-premises Sign (Garneau Medical Clinic).,8619 - 109 STREET NW,Plan 3901AJ Blk 186 Lots 21-22,5200,GARNEAU,papastew Ward,,3,53.522441812544216,-113.51150916505487,,"{'type': 'Point', 'coordinates': [-113.51150916505487, 53.522441812544216]}",,CB1,
507536434-002,Major Development Permit,Not Available,Other,"Duplicate Application (reference DP# 441364507-002) --
To construct an addition and interior and exterior alterations to a Health Care Facility (Mechanical Penthouse addition at level 6 of Walter C. Mackenzie Health Science Centre building)",8440 - 112 STREET NW,Plan 9826528 Lot 6,5520,UNIVERSITY OF ALBERTA,papastew Ward,,3,53.52076421198325,-113.52318680055302,,"{'type': 'Point', 'coordinates': [-113.52318680055302, 53.52076421198325]}",Redeveloping,AJ,
634025476-002,Major Development Permit,Not Available,Other,To continue to operate a Minor Industrial use and to construct interior alterations (Congdon medical supplies store),10203 - 184 STREET NW,Plan 9923740 Lot 1D,4340,MORIN INDUSTRIAL,Nakota Isga Ward,,3,53.543933697426674,-113.63866644778733,,"{'type': 'Point', 'coordinates': [-113.63866644778733, 53.543933697426674]}",Industrial,DC2,
395346630-002,Sign Permit,Not Available,Other,To install (1) Fascia On-Premises Sign(s)  (HEALTH SQUARE PHARMACY),11045 - 124 STREET NW,Plan RN39B Blk 45 Lot 11,3440,WESTMOUNT,O-day'min Ward,124 Street and Area,3,53.558723772343804,-113.5354089512416,,"{'type': 'Point', 'coordinates': [-113.5354089512416, 53.558723772343804]}",,,
377449472-002,Major Development Permit,Not Available,Other,To change the use from Health Service to a Veterinary Service and to construct interior alterations,4213 - CALGARY TRAIL NW,Plan 9422309 Blk 5 Lot 4,5120,CALGARY TRAIL SOUTH,papastew Ward,,3,53.47874567065362,-113.49375130692682,,"{'type': 'Point', 'coordinates': [-113.49375130692682, 53.47874567065362]}",Industrial,CG,
476073729-002,Major Development Permit,Not Available,Other,To continue to operate a General Retail Store and to construct interior alterations (adding consultation rooms to a pharmacy),250 - WATT COMMON SW,Plan 1422177 Blk 30 Lot 5,6662,WALKER,Karhiio Ward,,3,53.42254530644787,-113.42375467216169,,"{'type': 'Point', 'coordinates': [-113.42375467216169, 53.42254530644787]}",Developing,DC1,
612055839-002,Major Development Permit,Not Available,Other,To Change the Use from an Indoor Sales and Service to a Health Service (Physiotherapy Clinic),"8, 109 - KINGLET BOULEVARD NW",Plan 2220074 Blk 1 Lot 1,4477,KINGLET GARDENS,Nakota Isga Ward,,3,53.57386840251041,-113.69049190980908,,"{'type': 'Point', 'coordinates': [-113.69049190980908, 53.57386840251041]}",Developing,CG,
501857315-002,Major Development Permit,Not Available,Other,To change the use from General Retail Store to Health Service and Convenience Retail Store [Indoor Sales and Service] (medical clinic and pharmacy) and to construct interior alterations,138 - EDGEMONT ROAD NW,Plan 2222438 Blk 1 Lot 59,4462,EDGEMONT,sipiwiyiniwak Ward,,3,53.47689116049036,-113.67017304269677,,"{'type': 'Point', 'coordinates': [-113.67017304269677, 53.47689116049036]}",Developing,DC2,
377937180-002,Major Development Permit,Not Available,Other,To continue to operate a General Retail Store and to construct interior alterations (pharmacy),"120, 10216 - 124 STREET NW",Plan RN22 Blk 33 Lots 14-16,3440,WESTMOUNT,O-day'min Ward,124 Street and Area,3,53.543747054170595,-113.53640199621461,,"{'type': 'Point', 'coordinates': [-113.53640199621461, 53.543747054170595]}",Redeveloping,DC2,
273266754-001,Major Development Permit,Not Available,Other,To change the use from General Retail Stores to Health Services (Cannabis Clinic).,12451 - 97 STREET NW,Plan 5701HW Blk 11 Lot A,1080,DELTON,Métis Ward,,3,53.580848870601905,-113.49151020993524,,"{'type': 'Point', 'coordinates': [-113.49151020993524, 53.580848870601905]}",Redeveloping,CG,
457861740-002,Major Development Permit,Not Available,Other,"To change the use from Professional, Financial, Office Support Service to a Health Service (dental office)","202, 12850 - 97 STREET NW",Condo Common Area (Plan 2221739),3260,LAUDERDALE,Anirniq Ward,,3,53.58720784426612,-113.49260827305545,,"{'type': 'Point', 'coordinates': [-113.49260827305545, 53.58720784426612]}",Redeveloping,CSC,
624236890-002,Major Development Permit,Not Available,Other,To operate a Health Service and to add an Accessory Indoor Sales and Services limited to Convenience Retail Store (pharmacy) and Food and Drink Services limited to Specialty Food Service (coffee shop) and to construct interior alterations.,6070 - ANDREWS WAY SW,Condo Common Area (Plan 2522543),5505,AMBLESIDE,pihêsiwin Ward,,4,53.428898049,-113.592207118,,"{'type': 'Point', 'coordinates': [-113.592207118, 53.428898049]}",Developing,DC1,
666670059-002,Major Development Permit,Not Available,Other,To add a Health Service use to a General Retail Store (pharmacy) and to construct interior alterations,"101, 5586 - WINDERMERE BOULEVARD NW",Plan 1722192 Unit 318,5570,WINDERMERE,pihêsiwin Ward,,3,53.43990919933184,-113.62085600212657,,"{'type': 'Point', 'coordinates': [-113.62085600212657, 53.43990919933184]}",Developing,DC2,
520994613-002,Major Development Permit,Not Available,Other,To continue to operate a Health Service (physio office) and to construct interior alterations,2927 - 119A STREET SW,Plan 2020566 Blk 3 Lot 3,5472,HERITAGE VALLEY TOWN CENTRE,Ipiihkoohkanipiaohtsi Ward,,3,53.4064442389607,-113.53811860824868,,"{'type': 'Point', 'coordinates': [-113.53811860824868, 53.4064442389607]}",Developing,TC-C,
429617425-002,Major Development Permit,Not Available,Other,To Operate a Health Service (Physiotherapy Clinic),6605 - 25 AVENUE SW,Plan 2120387 Blk 21 Lot 205,6216,THE ORCHARDS AT ELLERSLIE,Karhiio Ward,,3,53.409341401375784,-113.44442499056149,,"{'type': 'Point', 'coordinates': [-113.44442499056149, 53.409341401375784]}",Developing,CG,
384123430-002,Sign Permit,Not Available,In Progress,To install (2) Fascia On-Premises Sign(s)  (EMERALD MEDICAL & WELLNESS CENTRE       ),"200, 9943 - 109 STREET NW",Condo Common Area (Plan 0628335),1090,DOWNTOWN,O-day'min Ward,Downtown,3,53.53839336771695,-113.50788093755689,,"{'type': 'Point', 'coordinates': [-113.50788093755689, 53.53839336771695]}",,,
386327829-002,Major Development Permit,Not Available,Other,"To change the use from General Retail Store to a Health Service and Convenience Retail Store (medical clinic and pharmacy), and to construct interior alterations",9722 - 106 AVENUE NW,Plan NA Blk 12 Lots 29-30,1140,MCCAULEY,O-day'min Ward,Chinatown and Area,3,53.550289945691034,-113.48970260360062,,"{'type': 'Point', 'coordinates': [-113.48970260360062, 53.550289945691034]}",Redeveloping,MU,
384802828-002,Sign Permit,Not Available,Other,To install (1) Fascia On-Premises Sign(s) To install (1) replacement panel(s)on an Existing Sign  (THE MEDICINE SHOPPE PHARMACY 377),6604 - 132 AVENUE NW,Plan 5587MC Blk 3 Lot 25,2230,DELWOOD,tastawiyiniwak Ward,,3,53.592517320978004,-113.44346705266159,,"{'type': 'Point', 'coordinates': [-113.44346705266159, 53.592517320978004]}",,,
476683499-002,Major Development Permit,Not Available,Other,"To change the use from Professional, Financial, Office Support Service to Health Service/Convenience Retail Store (pharmacy) and to construct interior alterations",3016 - 106 STREET NW,Plan 4884TR Blk 9 Lot 4,5470,STEINHAUER,Ipiihkoohkanipiaohtsi Ward,,3,53.46248556450075,-113.50303212592132,,"{'type': 'Point', 'coordinates': [-113.50303212592132, 53.46248556450075]}",Redeveloping,CG,
458096400-002,Major Development Permit,Not Available,Other,To change the use from a General Retail Store to a Health Service and Convenience Retail Store (medical clinic and pharmacy) and to construct exterior and interior alterations (rear accessibility ramp and parking lot reconfiguration),10620 - 100 STREET NW,Plan EF Lots 160-163,1140,MCCAULEY,O-day'min Ward,Chinatown and Area,3,53.55063341605789,-113.49266792230901,,"{'type': 'Point', 'coordinates': [-113.49266792230901, 53.55063341605789]}",Redeveloping,MU,
529188842-002,Major Development Permit,Not Available,Other,To change the use from Restaurant to a 327 m2 Health Service (dental clinic) and to construct interior alterations,3363 - 153 AVENUE NW,Condo Common Area (Plan 2421328),2251,EBBERS,Dene Ward,,4,53.614946014,-113.3920876,,"{'type': 'Point', 'coordinates': [-113.3920876, 53.614946014]}",Developing,DC2,
661414260-002,Major Development Permit,Not Available,Other,To Change the Use from an Indoor Sales and Service to a Health Service (Dental Clinic),1349 - ROSENTHAL BOULEVARD NW,Plan 2221031 Blk 10 Lot 1,4750,ROSENTHAL,Nakota Isga Ward,,3,53.517225612774226,-113.71241851766891,,"{'type': 'Point', 'coordinates': [-113.71241851766891, 53.517225612774226]}",Developing,CN,
432081832-002,Major Development Permit,Not Available,Other,To change the use from Personal Service Shop to a Convenience Retail Store (pharmacy) and to construct interior alterations,11823 - 40 AVENUE NW,Plan 1210NY Blk 44 Lot 25,5220,GREENFIELD,papastew Ward,,3,53.47604881584329,-113.53787308100657,,"{'type': 'Point', 'coordinates': [-113.53787308100657, 53.47604881584329]}",Redeveloping,CN,
167669933-001,Major Development Permit,Discretionary Development,Other,To change the Use from Convenience Retail Stores and Specialty Food Services to Personal Service Shops and Veterinary Services.,8744 - 149 STREET NW,Plan 5572HW Blk 1 Lots 4-10,4230,JASPER PARK,sipiwiyiniwak Ward,,3,53.520690932738894,-113.57849018159061,,"{'type': 'Point', 'coordinates': [-113.57849018159061, 53.520690932738894]}",Redeveloping,CG,
651771972-002,Sign Permit,Not Available,Other,To install (1) Projecting Sign(s) not in the form of a Roof Sign limited to On-premises Advertising (Ellerslie Gate Medical Clinic),787 - 75 STREET SW,Plan 9321197 Blk 1 Lot 2,6211,ELLERSLIE,Karhiio Ward,,3,53.42596617329275,-113.44983078710192,,"{'type': 'Point', 'coordinates': [-113.44983078710192, 53.42596617329275]}",,,
375338005-002,Sign Permit,Permitted Development,Approved,To install (2) Fascia On-Premises Sign(s) (URBAN SMILES DENTAL | FAMILY DENTAL CENTRE).,8003 - 104 STREET NW,"Plan I Blk 50 Lots 1-13,26-30",5151,STRATHCONA JUNCTION,papastew Ward,Old Strathcona,3,53.516604399734675,-113.49667033568517,,"{'type': 'Point', 'coordinates': [-113.49667033568517, 53.516604399734675]}",,CB2,
439393227-002,Major Development Permit,Not Available,Other,To continue to operate a Health Service and to construct interior alterations (physiotherapy clinic),"207, 4363 - 167 AVENUE NW","Condo Common Area (Plan 1823461,1823198,1823199,2321186)",2110,BRINTNELL,Dene Ward,,3,53.62793109103365,-113.4072016174051,,"{'type': 'Point', 'coordinates': [-113.4072016174051, 53.62793109103365]}",Developing,CB2,
624336562-002,Major Development Permit,Not Available,Other,To change the use from General Retail Store to a Health Service (physiotherapy clinic) and to construct interior alterations,16537 - RABBIT HILL ROAD SW,Plan 2320929 Blk A Lot 3,5579,GLENRIDDING RAVINE,pihêsiwin Ward,,3,53.4096038872508,-113.60906625783711,,"{'type': 'Point', 'coordinates': [-113.60906625783711, 53.4096038872508]}",Developing,DC2,
442667302-002,Major Development Permit,Not Available,Other,"To operate a Health Service and General Retail Store from a General Retail Store building (Medical clinic with pharmacy), and to construct interior alterations",1223 - ASTER BOULEVARD NW,Plan 2022819 Blk 9 Lot 1,6445,ASTER,Sspomitapi Ward,,3,53.450060978527006,-113.36725000531322,,"{'type': 'Point', 'coordinates': [-113.36725000531322, 53.450060978527006]}",Developing,CN,
448497889-002,Major Development Permit,Not Available,Other,To change the use from General Retail Store to Convenience Retail Store/Health Service (pharmacy),12852 - 97 STREET NW,Condo Common Area (Plan 2221739),3260,LAUDERDALE,Anirniq Ward,,3,53.58720784426612,-113.49260827305545,,"{'type': 'Point', 'coordinates': [-113.49260827305545, 53.58720784426612]}",Redeveloping,CSC,
508423291-002,Sign Permit,Not Available,Other,To install (3) Fascia Sign(s) limited to On-premises Advertising (RITE CHOICE PHARMACY),4273 - 23 AVENUE NW,Condo Common Area (Plan 1321238),6150,DALY GROVE,Sspomitapi Ward,,3,53.45474465711577,-113.40836503191065,,"{'type': 'Point', 'coordinates': [-113.40836503191065, 53.45474465711577]}",,,
538593040-002,Major Development Permit,Not Available,Other,To Change the Use from a General Retail Store to a Health Service (Stride Physiotherapy Clinic),21632 - 92 AVENUE NW,Plan 2322103 Blk 2 Lot 68,4487,SECORD,Nakota Isga Ward,,3,53.52874830368964,-113.69131257109356,,"{'type': 'Point', 'coordinates': [-113.69131257109356, 53.52874830368964]}",Developing,DC2,
667943274-002,Sign Permit,Permitted Development,In Progress,To install (1) Fascia On-premises Sign (TODAY'S DENTAL),"1, 9977 - 178 STREET NW",Plan 9723089 Blk 1 Lot 1,4540,TERRA LOSA,Nakota Isga Ward,,3,53.53714674956114,-113.62575973090301,,"{'type': 'Point', 'coordinates': [-113.62575973090301, 53.53714674956114]}",,DC2,
398752726-002,Major Development Permit,Not Available,Other,To change the use from General Retail Store to a Health Service and Convenience Retail Store (medical clinic and pharmacy) and to construct interior alterations.,13008 - 82 STREET NW,Plan 4651KS Blk 24 Lots 35-39,2420,KILLARNEY,tastawiyiniwak Ward,,3,53.58957618022515,-113.46783989275369,,"{'type': 'Point', 'coordinates': [-113.46783989275369, 53.58957618022515]}",Redeveloping,MU,
510187407-002,Sign Permit,Permitted Development,Other,To install (1) Fascia Sign(s) limited to On-premises Advertising (REEMAKE SKIN MEDICAL SPA AND LASER CLINIC),6858 - 178 AVENUE NW,Condo Common Area (Plan 2221981),2462,CRYSTALLINA NERA EAST,tastawiyiniwak Ward,,3,53.64175017574951,-113.44402001868147,,"{'type': 'Point', 'coordinates': [-113.44402001868147, 53.64175017574951]}",,CN,
369873521-002,Major Development Permit,Not Available,Other,"To change the Use of an Animal Hospital and Shelter to a Creation and Production Establishment, and General Retail Store.",10417 - 79 AVENUE NW,Plan 8146ET Blk 31 Lot E,5330,QUEEN ALEXANDRA,papastew Ward,Old Strathcona,3,53.51491791025326,-113.49898002251223,,"{'type': 'Point', 'coordinates': [-113.49898002251223, 53.51491791025326]}",Redeveloping,MU,
535679751-002,Major Development Permit,Not Available,Other,To change the use from General Retail Store to a Health Service (dental clinic),10954 - 23 AVENUE NW,Plan 0323339 Blk 32 Lot 11,5180,ERMINESKIN,Ipiihkoohkanipiaohtsi Ward,,3,53.4549411357438,-113.51230428142088,,"{'type': 'Point', 'coordinates': [-113.51230428142088, 53.4549411357438]}",Redeveloping,CG,
500616015-002,Sign Permit,Not Available,Other,To install (1) Fascia Sign(s) limited to On-premises Advertising (Parhar Sharma & Pawan Dental Group),"10, 13750 - 50 STREET NW",Plan 0520351 Unit 4,2145,CLAREVIEW TOWN CENTRE,Dene Ward,,3,53.59860526977485,-113.41448044633171,,"{'type': 'Point', 'coordinates': [-113.41448044633171, 53.59860526977485]}",,,
441689506-002,Sign Permit,Not Available,Other,To install (2) Fascia On-Premises Sign(s) To install (1) Projecting On-Premises Sign(s)  (CHARLESWORTH PHARMACY ),3719 - 8 AVENUE SW,Plan 1623687 Blk 6 Lot 1,6661,CHARLESWORTH,Karhiio Ward,,3,53.42541827681588,-113.39854738618453,,"{'type': 'Point', 'coordinates': [-113.39854738618453, 53.42541827681588]}",,,
386721170-002,Major Development Permit,Not Available,Other,To change the use from Personal Service Shop with Accessory General Retail Store to a Health Service and Convenience Retail Store and construct interior alterations (medical clinic and pharmacy),15012 - 107 AVENUE NW,Condo Common Area (Plan 9724369),4200,HIGH PARK,Nakota Isga Ward,,3,53.55141340054396,-113.58033122924789,,"{'type': 'Point', 'coordinates': [-113.58033122924789, 53.55141340054396]}",Redeveloping,CN,
418061532-002,Major Development Permit,Not Available,Other,Interior Alteration Terwillegar Clinic,14912 - 45 AVENUE NW,Plan 8221928 Blk 35 Lot 70,5340,RAMSAY HEIGHTS,pihêsiwin Ward,,3,53.48412308240009,-113.57944463153947,,"{'type': 'Point', 'coordinates': [-113.57944463153947, 53.48412308240009]}",Redeveloping,CN,
634344126-002,Major Development Permit,Not Available,Other,To change the use from Business Support Service to a Health Service and Indoor Sales and Service (medical clinic and pharmacy) and to construct interior alterations,10872 - 97 STREET NW,Plan NA Blk 17 Lot 7,1140,MCCAULEY,O-day'min Ward,Chinatown and Area,3,53.55538464240354,-113.49127665270288,,"{'type': 'Point', 'coordinates': [-113.49127665270288, 53.55538464240354]}",Redeveloping,MU,
371761874-001,Sign Permit,Not Available,Other,To install (8) Fascia On-premises Signs (107 PLAZA | KINDER CARE MEDICAL | DEBIS MART | CALLE MEXICO | LIQUOR ON 107TH),11125 - 107 AVENUE NW,"Plan 8877AH Blk 11 Lots A,B",1180,QUEEN MARY PARK,O-day'min Ward,North Edge,6,53.55117377355308,-113.51350072545587,,"{'type': 'Point', 'coordinates': [-113.51350072545587, 53.55117377355308]}",,,
364533113-001,Sign Permit,Not Available,Other,To install a Fascia On-premises Sign (LAKEWOOD PHYSIOTHERAPY).,9129 - 35 AVENUE NW,Condo Common Area (Plan 1721435),6700,STRATHCONA INDUSTRIAL PARK,Karhiio Ward,,3,53.46821929580699,-113.46893838270168,,"{'type': 'Point', 'coordinates': [-113.46893838270168, 53.46821929580699]}",,,
670587199-002,Sign Permit,Not Available,In Progress,To install (2) Fascia Sign(s) limited to On-premises Advertising (Alberta Avenue Medical Clinic),9448 - 118 AVENUE NW,Plan 4041X Lots 1-2,1010,ALBERTA AVENUE,Métis Ward,Alberta Avenue,3,53.57063202174408,-113.48705924248799,,"{'type': 'Point', 'coordinates': [-113.48705924248799, 53.57063202174408]}",,,
412610003-002,Major Development Permit,Not Available,Other,To continue to operate a Health Service with Accessory General Retail Store (optical clinic) and to construct interior alterations,11208 - 104 AVENUE NW,Plan 0020365 Blk 9D Lot 6,"1150, 1151",OLIVER,O-day'min Ward,,3,53.546782598515136,-113.51574281913042,,"{'type': 'Point', 'coordinates': [-113.51574281913042, 53.546782598515136]}",Redeveloping,DC1,
602057459-002,Major Development Permit,Not Available,Other,To change the use from General Retail Store to Health Service and Indoor Sales and Service (optometrist clinic) and to construct interior alterations,8628 - 175 STREET NW,Plan 2321051 Blk 9 Lot 76,4560,THORNCLIFF,sipiwiyiniwak Ward,,3,53.51994276128502,-113.6244230553026,,"{'type': 'Point', 'coordinates': [-113.6244230553026, 53.51994276128502]}",Redeveloping,MU,
506483416-002,Sign Permit,Not Available,Other,To install (1) Projecting Sign(s) not in the form of a Roof Sign limited to On-premises Advertising (Bloom Dental ),1071 - KESWICK DRIVE SW,Plan 1920717 Blk 16 Lots 47;Plan 2121333 Blk 16 Lots 2,5574,KESWICK,pihêsiwin Ward,,6,53.41999744605753,-113.61958057276324,,"{'type': 'Point', 'coordinates': [-113.61958057276324, 53.41999744605753]}",,,
518692458-002,Major Development Permit,Not Available,Other,To change the use from Food and Drink Service to Health Service and Indoor Sales and Service (medical clinic and pharmacy) and to construct interior alterations,580 - GRIESBACH PARADE NW,Plan 1322652 Blk 22 Lot 35,3111,GRIESBACH,Anirniq Ward,,3,53.602827055328355,-113.49306602303906,,"{'type': 'Point', 'coordinates': [-113.49306602303906, 53.602827055328355]}",Redeveloping,GVC,
503354253-002,Sign Permit,Not Available,Other,To install (1) Fascia Sign(s) (Summerside Veterinary ),6941 - ELLERSLIE ROAD SW,Plan 1321104 Blk 4 Lot 1A,6213,SUMMERSIDE,Karhiio Ward,,3,53.424248285188725,-113.44475757539979,,"{'type': 'Point', 'coordinates': [-113.44475757539979, 53.424248285188725]}",,,
132753230-005,Sign Permit,Not Available,Refused,To construct an Minor Digital On-premises Off-premises Freestanding Sign (GLENWOOD HEALTH CENTRE).,16028 - 100A AVENUE NW,Plan 1124881 Blk 3 Lot 26,4180,GLENWOOD,Nakota Isga Ward,Stony Plain Road and Area,3,53.5407747545146,-113.59863198353503,,"{'type': 'Point', 'coordinates': [-113.59863198353503, 53.5407747545146]}",,,
587587391-002,Major Development Permit,Not Available,Other,To construct interior alterations to an Indoor Sales and Service (new consultation room for a pharmacy),2037 - 111 STREET NW,Plan 8720395 Blk 1 Lot 3,5250,KEHEEWIN,Ipiihkoohkanipiaohtsi Ward,,3,53.45280521032289,-113.51476891404772,,"{'type': 'Point', 'coordinates': [-113.51476891404772, 53.45280521032289]}",Redeveloping,DC2,
162566438-036,Major Development Permit,Permitted Development,Other,To change the Use from a General Retail Store to a Health Service (Lynnwood Audiology Clinic).,8770 - 149 STREET NW,Plan 5572HW Blk 1 Lots 4-10,4230,JASPER PARK,sipiwiyiniwak Ward,,3,53.520690932738894,-113.57849018159061,,"{'type': 'Point', 'coordinates': [-113.57849018159061, 53.520690932738894]}",Redeveloping,CG,
179334402-001,Major Development Permit,Discretionary Development,Other,To change the Use from General Retail Stores to Health Services Use and to construct interior alterations (Dental Office).,"102, 10430 - 61 AVENUE NW",Plan 4976KS Blk 40 Lot 2,5010,ALLENDALE,papastew Ward,,3,53.4986900698367,-113.49961137237008,,"{'type': 'Point', 'coordinates': [-113.49961137237008, 53.4986900698367]}",Redeveloping,CG,
639361277-002,Major Development Permit,Not Available,Other,To Change the Use from Offices to a Health Service (Physiotherapy Clinic),"101, 5673 - 99 STREET NW",Condo Common Area (Plan 1024965),6100,CORONET INDUSTRIAL,papastew Ward,,3,53.49193988819147,-113.48460736663989,,"{'type': 'Point', 'coordinates': [-113.48460736663989, 53.49193988819147]}",Industrial,BE,
494968531-002,Major Development Permit,Not Available,Other,To change the use from Child Care Service a Health Service (children's dental clinic) and to construct interior alterations,421 - MISTATIM WAY NW,Condo Common Area (Plan 2120827),4320,MISTATIM INDUSTRIAL,Anirniq Ward,,3,53.60009628493573,-113.58098857577036,,"{'type': 'Point', 'coordinates': [-113.58098857577036, 53.60009628493573]}",Industrial,CB,
418767488-002,Sign Permit,Not Available,Other,To install (3) Fascia On-Premises Sign(s)  (DENTAL CHOICE (ZENITH) REPLACEMENT FACE),"201, 12720 - 66 STREET NW",Plan 5435V Blk 1 Lots 5-6,2020,BALWIN,tastawiyiniwak Ward,Fort Road and Area,3,53.58565328324663,-113.4433931616156,,"{'type': 'Point', 'coordinates': [-113.4433931616156, 53.58565328324663]}",,,
387328659-002,Major Development Permit,Not Available,Other,To operate a Health Service and Convenience Retail Store and construct interior alterations (medical clinic and pharmacy).,11322 - 132 AVENUE NW,Plan 4554NY Blk 32 Lot 1A,3250,KENSINGTON,Anirniq Ward,,3,53.59249694970098,-113.5174429884205,,"{'type': 'Point', 'coordinates': [-113.5174429884205, 53.59249694970098]}",Redeveloping,MU,
575675719-002,Major Development Permit,Not Available,Other,To Change the Use from a Specialty Food Service and Creation and Production Establishment to a Health Service (Physiotherapy),847 - SADDLEBACK ROAD NW,Plan 7822821 Blk 26 Lot 83,5460,SKYRATTLER,Ipiihkoohkanipiaohtsi Ward,,3,53.453189088657055,-113.52478521455045,,"{'type': 'Point', 'coordinates': [-113.52478521455045, 53.453189088657055]}",Redeveloping,CN,
655563642-002,Major Development Permit,Not Available,Other,"To change the use from General Retail Store to a Health Service and Indoor Sales and Service in the form of a 33 m2 Convenience Retail Store (pharmacy) with a total floor area of 142 m2, and to construct interior alterations",1095 - KNOTTWOOD ROAD EAST NW,Plan 7621268 Blk 27 Lot 1,6450,MENISA,Karhiio Ward,,3,53.44487285317986,-113.4438288411389,,"{'type': 'Point', 'coordinates': [-113.4438288411389, 53.44487285317986]}",Redeveloping,DC2,
515947306-002,Major Development Permit,No Development Permit Required,Other,To change the Use from a General Retail Store and Restaurant to a Health Service and Indoor Sales and Service (medical clinic and pharmacy).,104 - CHARLESWORTH DRIVE SW,Plan 1922728 Blk 11 Lot 204,6661,CHARLESWORTH,Karhiio Ward,,3,53.4308137785044,-113.39459564662158,,"{'type': 'Point', 'coordinates': [-113.39459564662158, 53.4308137785044]}",Developing,CN,
426085811-002,Major Development Permit,Discretionary Development,Other,"To change the use of a Professional, Financial, Office Support Service a Health Service with Accessory General Retail Store and to construct interior alterations (expand existing optometrist with eyewear sales at 2984-Ellwood Drive SW into 437-Parsons Road)",437 - PARSONS ROAD SW,Condo Common Area (Plan 1124803),6214,ELLERSLIE INDUSTRIAL,Karhiio Ward,,3,53.42995724285758,-113.47874433219854,,"{'type': 'Point', 'coordinates': [-113.47874433219854, 53.42995724285758]}",Industrial,EIB,
497809373-002,Sign Permit,Not Available,Other,To install (1) Fascia Sign(s) limited to On-premises Advertising (PRIMECARE PHARMACY).,5594 - WINDERMERE BOULEVARD NW,Plan 1722192 Unit 318,5570,WINDERMERE,pihêsiwin Ward,,3,53.43990919933184,-113.62085600212657,,"{'type': 'Point', 'coordinates': [-113.62085600212657, 53.43990919933184]}",,,
360157947-002,Major Development Permit,No Development Permit Required,Other,To construct interior alterations to a General Retail Store (pharmacy).,"202, 7927 - 118 AVENUE NW",Condo Common Area (Plan 1224208),1160,PARKDALE,Métis Ward,Alberta Avenue,3,53.570055639783575,-113.4632822673004,,"{'type': 'Point', 'coordinates': [-113.4632822673004, 53.570055639783575]}",Redeveloping,"MU,RL",
608596934-002,Major Development Permit,Not Available,Other,To Change the Use from an Indoor Sales and Service to a Health Service (Psychology Clinic),451 - HAWKS RIDGE BOULEVARD NW,Plan 1221444 Blk 7 Lot 1,4473,HAWKS RIDGE,Nakota Isga Ward,,3,53.588909355808156,-113.69060231120062,,"{'type': 'Point', 'coordinates': [-113.69060231120062, 53.588909355808156]}",Developing,DC,
395553333-002,Major Development Permit,Discretionary Development,Other,"To change the use of a Veterinary Service to a Child Care Service for 71 children, and construct interior and exterior alterations.",12419 - 118 AVENUE NW,Plan RN46 Blk 40 Lot 12,3240,INGLEWOOD,Anirniq Ward,The Crossroads,3,53.5701153481518,-113.53644701463628,,"{'type': 'Point', 'coordinates': [-113.53644701463628, 53.5701153481518]}",Redeveloping,MU,
626182600-002,Sign Permit,Discretionary Development,Other,To install (2) Fascia Sign(s) limited to On-premises Advertising (109 Street Pharmacy),10705 - 109 STREET NW,Plan 3942MC Blk 8 Lot 179,1030,CENTRAL MCDOUGALL,O-day'min Ward,North Edge,3,53.551727610206825,-113.50787348202599,,"{'type': 'Point', 'coordinates': [-113.50787348202599, 53.551727610206825]}",,,
453672334-002,Major Development Permit,Not Available,Other,To Change the Use from a General Retail Store to a Health Service (Medical Clinic),5212 - ELLERSLIE ROAD SW,Plan 1921651 Blk 22 Lot 137,6661,CHARLESWORTH,Karhiio Ward,,3,53.425661890006246,-113.42279887768854,,"{'type': 'Point', 'coordinates': [-113.42279887768854, 53.425661890006246]}",Developing,DC1,
377930239-002,Major Development Permit,Not Available,Other,To continue to operate a General Retail Store and to construct interior alterations (tenant improvements for pharmacy),14723 - 40 AVENUE NW,Plan 8621495 Blk 107 Lot 1,5350,RHATIGAN RIDGE,pihêsiwin Ward,,3,53.476340549643865,-113.57684411929021,,"{'type': 'Point', 'coordinates': [-113.57684411929021, 53.476340549643865]}",Redeveloping,DC2,
655711478-002,Major Development Permit,Not Available,Other,To change the use from General Retail Store to a Health Service (physiotherapy clinic) and to construct interior alterations,134 - WATT COMMON SW,Plan 1422177 Blk 30 Lot 5,6662,WALKER,Karhiio Ward,,3,53.42254530644787,-113.42375467216169,,"{'type': 'Point', 'coordinates': [-113.42375467216169, 53.42254530644787]}",Developing,DC1,
625858670-002,Major Development Permit,Not Available,Other,To continue to operate a Health Service (massage therapy clinic) and to construct interior alterations,7319 - 29 AVENUE NW,Plan 2420878 Blk 7 Lot 4B,6340,KAMEYOSEK,Karhiio Ward,,4,53.45925503,-113.444931141,,"{'type': 'Point', 'coordinates': [-113.444931141, 53.45925503]}",Redeveloping,DC2,
534916717-002,Major Development Permit,Not Available,Other,To change the use from a Personal Service Shop to an Indoor Sales and Service in the form of a 88 m2 General Retail Store and to construct interior alterations (pharmacy),8107 - 99 STREET NW,Plan I Blk 57 Lot 38,6610,RITCHIE,papastew Ward,Old Strathcona,3,53.51733048012271,-113.4856076791263,,"{'type': 'Point', 'coordinates': [-113.4856076791263, 53.51733048012271]}",Redeveloping,DC2,
174178490-001,Sign Permit,Permitted Development,Other,To install (1) Fascia On-premises Sign (WE Physio performance & wellness),11152 - 142 STREET NW,Plan 0022918 Blk 1 Lot 1A,3230,HUFF BREMNER ESTATE INDUSTRIAL,Anirniq Ward,,3,53.559707618088474,-113.5668737938549,,"{'type': 'Point', 'coordinates': [-113.5668737938549, 53.559707618088474]}",,DC2,
295513139-002,Sign Permit,Not Available,Other,To install (3) Fascia On-premises Signs (URBAN SMILES DENTAL | FAMILY DENTAL CENTRE),8003 - 104 STREET NW,"Plan I Blk 50 Lots 1-13,26-30",5151,STRATHCONA JUNCTION,papastew Ward,Old Strathcona,3,53.516604399734675,-113.49667033568517,,"{'type': 'Point', 'coordinates': [-113.49667033568517, 53.516604399734675]}",,,
361427917-001,Sign Permit,Not Available,Other,To install a Fascia On-premises Sign (ELIXIR INTEGRATED MEDICAL CENTRES).,4432 - CALGARY TRAIL NW,Plan 1820228 Blk 30 Lot 16,5170,EMPIRE PARK,papastew Ward,,3,53.483059141235046,-113.49577287167048,,"{'type': 'Point', 'coordinates': [-113.49577287167048, 53.483059141235046]}",,,
658213027-002,Sign Permit,Not Available,In Progress,To install (13) Fascia Sign(s) limited to On-premises Advertising ((2) Walmart | Spark | (2) Pickup | (2) Garden Centre | Save Money Live Better | Pharmacy | Vison | Button | (2) Pick up Panel),3403 - DESROCHERS WAY SW,Plan 2620172 Blk 25 Lot 27,5463,DESROCHERS AREA,Ipiihkoohkanipiaohtsi Ward,,4,53.398955047,-113.561427135,,"{'type': 'Point', 'coordinates': [-113.561427135, 53.398955047]}",,,
654516860-002,Major Development Permit,Not Available,Other,"To change the use from Indoor Sales and Service to Health Service and to construct interior alterations (medical clinic attached to existing pharmacy, total floor area is 308 m2)",2627 - 151 AVENUE NW,Plan 0823678 Unit 3,2280,FRASER,Dene Ward,,6,53.612626491650374,-113.3791295807729,,"{'type': 'Point', 'coordinates': [-113.3791295807729, 53.612626491650374]}",Developing,CN,
518831744-002,Major Development Permit,Not Available,Other,To change the use from a General Retail Stores to a Health Service (Dental clinic).,205 - 36 STREET SW,Plan 1922728 Blk 11 Lot 204,6661,CHARLESWORTH,Karhiio Ward,,3,53.4308137785044,-113.39459564662158,,"{'type': 'Point', 'coordinates': [-113.39459564662158, 53.4308137785044]}",Developing,CN,
521142497-002,Major Development Permit,Not Available,Other,To continue to operate an Indoor Sales and Service in the form of a Convenience Retail Store (pharmacy) and to construct interior alterations,301 - PARSONS ROAD SW,Condo Common Area (Plan 2420498),6214,ELLERSLIE INDUSTRIAL,Karhiio Ward,,4,53.431157036,-113.478820642,,"{'type': 'Point', 'coordinates': [-113.478820642, 53.431157036]}",Industrial,EIB,
442398844-002,Major Development Permit,Not Available,Other,To change the use from a Restaurant to a Convenience Retail Store (pharmacy) and to construct interior alterations,5825 - 132 AVENUE NW,Plan 4800KS Blk 41,2080,BELVEDERE,Dene Ward,Fort Road and Area,3,53.59189874199754,-113.43169409071291,,"{'type': 'Point', 'coordinates': [-113.43169409071291, 53.59189874199754]}",Redeveloping,MU,
494072761-002,Major Development Permit,Not Available,Other,To change the use from Minor Entertainment Establishment to a Health Service (physiotherapy) and to construct interior alterations,"186, 4211 - 106 STREET NW",Plan 8721793 Blk 37 Lot 2,5360,RIDEAU PARK,papastew Ward,,3,53.47967530520262,-113.50243699311645,,"{'type': 'Point', 'coordinates': [-113.50243699311645, 53.47967530520262]}",Redeveloping,CG,
377432235-002,Major Development Permit,Not Available,Other,"To change the Use from Religious Assembly to a Convenience Retail Store and to construct interior alterations (pharmacy, with 105 m2 floor area)",4416 - 36 AVENUE NW,Plan 7922359 Blk 18 Lot 121,6530,MINCHAU,Sspomitapi Ward,,3,53.46720286647009,-113.40963889314133,,"{'type': 'Point', 'coordinates': [-113.40963889314133, 53.46720286647009]}",Redeveloping,CN,
452421944-002,Sign Permit,Discretionary Development,Refused,To install (2) Fascia On-Premises Signs (PRO CARE PHARMACY AND MEDICAL CLINIC),11408 - JASPER AVENUE NW,Plan B3 Blk 14 Lots 78-79,1151,WÎHKWÊNTÔWIN,O-day'min Ward,,3,53.54128144268812,-113.51805500035206,,"{'type': 'Point', 'coordinates': [-113.51805500035206, 53.54128144268812]}",,DC1,
474619446-002,Major Development Permit,Not Available,Other,To change the use from Religious Assembly to Health Service (chest care clinic) and to construct interior alterations,12115 - 107 AVENUE NW,Plan 0023206 Blk 2 Lot 2A,3440,WESTMOUNT,O-day'min Ward,124 Street and Area,3,53.550720495162125,-113.53200348238275,,"{'type': 'Point', 'coordinates': [-113.53200348238275, 53.550720495162125]}",Redeveloping,MU,
515277625-002,Major Development Permit,Not Available,Other,To continue to operate a Health Service (dental clinic) and to construct interior alterations,"203, 5364 - ADMIRAL GIROUARD STREET NW",Condo Common Area (Plan 2321252),3111,GRIESBACH,Anirniq Ward,,4,53.60030303,-113.513461578,,"{'type': 'Point', 'coordinates': [-113.513461578, 53.60030303]}",Redeveloping,CG,
652692420-002,Sign Permit,Not Available,Other,To install (4) Projecting Sign(s) not in the form of a Roof Sign limited to On-premises Advertising (LESSARD MEDICAL CLINIC),4326 - 199 STREET NW,Condo Common Area (Plan 2620244),4461,THE HAMPTONS,sipiwiyiniwak Ward,,4,53.479028056,-113.672514083,,"{'type': 'Point', 'coordinates': [-113.672514083, 53.479028056]}",,,
254836530-001,Sign Permit,Not Available,Other,To install (2) Minor Digital On-premises Fascia Sign (Alberta Avenue Medical Clinic),9452 - 118 AVENUE NW,Plan 4041X Lots 1-2,1010,ALBERTA AVENUE,Métis Ward,Alberta Avenue,3,53.57063202466114,-113.48705924169786,,"{'type': 'Point', 'coordinates': [-113.48705924169786, 53.57063202466114]}",,CB2,
671271080-002,Sign Permit,Not Available,In Progress,To install (1) Fascia Sign(s) limited to On-premises Advertising (Spinal Elements Wellness Clinic),16520 - 118 AVENUE NW,Condo Common Area (Plan 1525451),4100,CARLETON SQUARE INDUSTRIAL,Nakota Isga Ward,,3,53.571316260882426,-113.60703339488867,,"{'type': 'Point', 'coordinates': [-113.60703339488867, 53.571316260882426]}",,,
372369593-002,Major Development Permit,Not Available,Other,To continue to operate a Health Service and to construct interior alterations (Physiotherapy centre),"201, 6450 - CARTMELL PLACE SW",Condo Common Area (Plan 2021101),5471,CHAPPELLE,Ipiihkoohkanipiaohtsi Ward,,3,53.397285215388166,-113.57012227034195,,"{'type': 'Point', 'coordinates': [-113.57012227034195, 53.397285215388166]}",Developing,CG,
352016412-001,Sign Permit,Not Available,Other,To install a Fascia On-premises Sign (CENTURY MEDICAL CLINIC).,11027 - 97 STREET NW,Plan 1821097 Blk 35 Lot 24A,1140,MCCAULEY,O-day'min Ward,Chinatown and Area,3,53.557800321468676,-113.49148210987354,,"{'type': 'Point', 'coordinates': [-113.49148210987354, 53.557800321468676]}",,,
482507120-002,Major Development Permit,Not Available,Other,To change the use from General Retail Store to a Convenience Retail Store/Health Service (pharmacy) and to construct interior alterations,10705 - 109 STREET NW,Plan 3942MC Blk 8 Lot 179,1030,CENTRAL MCDOUGALL,O-day'min Ward,North Edge,3,53.551727610206825,-113.50787348202599,,"{'type': 'Point', 'coordinates': [-113.50787348202599, 53.551727610206825]}",Redeveloping,MU,
370976523-001,Sign Permit,Not Available,Refused,To install (10) Fascia On-premises (window) Signs (HEALTH SQUARE MEDICAL CLINIC & PHARMACY).,11045 - 124 STREET NW,Plan RN39B Blk 45 Lot 11,3440,WESTMOUNT,O-day'min Ward,124 Street and Area,3,53.558723772343804,-113.5354089512416,,"{'type': 'Point', 'coordinates': [-113.5354089512416, 53.558723772343804]}",,CB1,
651886007-002,Major Development Permit,Not Available,Other,To Change the Use from Indoor Sales and Services to a Health Service (Physiotherapy Clinic),15331 - 97 STREET NW,Plan 1420713 Blk 90 Lot 2A,2241,EAUX CLAIRES,tastawiyiniwak Ward,,3,53.61478156854892,-113.49032847310144,,"{'type': 'Point', 'coordinates': [-113.49032847310144, 53.61478156854892]}",Developing,DC2,
305110379-001,Major Development Permit,Permitted Development,Other,To construct a new Health Services building with accessory General Retail Stores Use (West Jasper Clinic & Pharmacy).,9704 - 149 STREET NW,Plan 5229AD Blk 65 Lot 10,4580,WEST JASPER PLACE,Nakota Isga Ward,,3,53.53477557518531,-113.57851368389885,,"{'type': 'Point', 'coordinates': [-113.57851368389885, 53.53477557518531]}",Redeveloping,CN,
567633348-002,Major Development Permit,No Development Permit Required,Other,To change the Use from Convenience Retail Stores to Health Service and to construct interior alterations (DENTAL ON 137).,13641 - 119 STREET NW,Plan 4124MC Blk 25 Lot 8,3250,KENSINGTON,Anirniq Ward,,3,53.59910606179699,-113.52637519296562,,"{'type': 'Point', 'coordinates': [-113.52637519296562, 53.59910606179699]}",Redeveloping,CN,
646475180-002,Major Development Permit,Not Available,Other,To Continue to Operate a Health Service (Massage & Wellness Clinic) on the Main Floor,14165 - 162 AVENUE NW,"Condo Common Area (Plan 1622900,2022071)",3360,RAMPART INDUSTRIAL,Anirniq Ward,,3,53.622802766130015,-113.56858311253961,,"{'type': 'Point', 'coordinates': [-113.56858311253961, 53.622802766130015]}",Industrial,BE,
267978536-001,Sign Permit,Not Available,Other,To install (1) Fascia On-premises Sign (ALBERTA DENTAL ASSOCIATION AND COLLEGE),"402, 7609 - 109 STREET NW","Condo Common Area (Plan 1720082,1423850)",5330,QUEEN ALEXANDRA,papastew Ward,,3,53.51261413845252,-113.51150893491945,,"{'type': 'Point', 'coordinates': [-113.51150893491945, 53.51261413845252]}",,CB1,
425732140-002,Major Development Permit,Not Available,Other,"To construct two additions to a Animal Hospital and Shelter building, and construct interior and exterior alterations (VCA Canada Guardian), refer to DP#422921008-001.",5620 - 99 STREET NW,Plan 6712KS Blk 14 Lot 1,6100,CORONET INDUSTRIAL,papastew Ward,,3,53.49215887271248,-113.4872012065627,,"{'type': 'Point', 'coordinates': [-113.4872012065627, 53.49215887271248]}",Industrial,IM,
357931585-001,Sign Permit,Not Available,Other,To install (2) Fascia On-premises Signs (THE MEDICINE SHOPPE PHARMACY),9204 - ELLERSLIE ROAD SW,Plan 0626978 Blk 1 Lot 8,6214,ELLERSLIE INDUSTRIAL,Karhiio Ward,,3,53.425767452906655,-113.47610108700769,,"{'type': 'Point', 'coordinates': [-113.47610108700769, 53.425767452906655]}",,,
179375367-001,Major Development Permit,Discretionary Development,Refused,"To change the use from an Automotive and Equipment Repair Shop to an Animal Hospital and Shelter, and construct interior alterations (dog indoor play park).",10417 - 79 AVENUE NW,Plan 8146ET Blk 31 Lot E,5330,QUEEN ALEXANDRA,papastew Ward,Old Strathcona,3,53.51491791025326,-113.49898002251223,,"{'type': 'Point', 'coordinates': [-113.49898002251223, 53.51491791025326]}",Redeveloping,MU,
634866732-002,Major Development Permit,Not Available,Other,To change the use from Indoor Sales and Service to a Health Service (medical clinic) and to construct interior alterations,4516 - 118 AVENUE NW,Condo Common Area (Plan 1025138),2040,BEACON HEIGHTS,Métis Ward,Beverly,3,53.57062222618162,-113.41159443930755,,"{'type': 'Point', 'coordinates': [-113.41159443930755, 53.57062222618162]}",Redeveloping,MU,
587571732-002,Sign Permit,Not Available,Other,To install (1) Fascia Sign(s) limited to On-premises Advertising (Whyte Ave Medical Centre & Pharmacy),9943 - 82 AVENUE NW,Plan 2321406 Blk 58 Lot 5A,6610,RITCHIE,papastew Ward,Old Strathcona,3,53.51773802302251,-113.48772625620697,,"{'type': 'Point', 'coordinates': [-113.48772625620697, 53.51773802302251]}",,,
504039554-002,Major Development Permit,No Development Permit Required,Other,To change the Use from Office/Warehouse to Indoor Sales and Service (animal hospital and shelter) and to construct interior alterations.,17205 - 108 AVENUE NW,Plan 0422416 Blk 7 Lot 16,4300,MCNAMARA INDUSTRIAL,Nakota Isga Ward,,3,53.55393283150625,-113.61903325998094,,"{'type': 'Point', 'coordinates': [-113.61903325998094, 53.55393283150625]}",Industrial,IM,
611163887-002,Major Development Permit,Not Available,Other,To Operate an Indoor Sales and Service and a Health Care Service (Medical Clinic and Pharmacy),7622 - 167 AVENUE NW,Plan 1623424 Unit 2,2700,SCHONSEE,tastawiyiniwak Ward,,3,53.62918339901154,-113.46112732427005,,"{'type': 'Point', 'coordinates': [-113.46112732427005, 53.62918339901154]}",Developing,CN,
398790612-002,Major Development Permit,Not Available,Other,To change the Use from General Retail to a Health Service (physiotherapy) and construct interior alterations.,8313 - CHAPPELLE WAY SW,"Condo Common Area (Plan 2122616,2120841)",5471,CHAPPELLE,Ipiihkoohkanipiaohtsi Ward,,3,53.396706660641,-113.5937084361795,,"{'type': 'Point', 'coordinates': [-113.5937084361795, 53.396706660641]}",Developing,CG,
624508893-002,Major Development Permit,Not Available,Other,To continue to operate a General Retail Store and to construct interior alterations (3 medical exam rooms and office within a pharmacy),"102, 11230 - 110 STREET NW",Plan 4733KS Blk 9 Lot 275,1230,SPRUCE AVENUE,O-day'min Ward,Kingsway,3,53.56258433509707,-113.51057215526308,,"{'type': 'Point', 'coordinates': [-113.51057215526308, 53.56258433509707]}",Redeveloping,CG,
650719537-002,Major Development Permit,Not Available,Other,To Operate a Health Service (Hearing Clinic),12034 - 48 AVENUE NW,Plan 2422229 Blk 1 Lot 3,5280,MALMO PLAINS,papastew Ward,,4,53.48635404,-113.53948511,,"{'type': 'Point', 'coordinates': [-113.53948511, 53.48635404]}",Redeveloping,CG,
584333207-002,Major Development Permit,Not Available,Other,To continue to operate a Health Service and to construct interior alterations (expansion of existing dental clinic at 12728/12732-167 AVE into 12724-167 AVE),12724 - 167 AVENUE NW,Plan 1620811 Blk 1 Lot 13,3460,ALBANY,Anirniq Ward,,3,53.629638290948364,-113.54463693942125,,"{'type': 'Point', 'coordinates': [-113.54463693942125, 53.629638290948364]}",Developing,CG,
392060403-002,Major Development Permit,Not Available,Other,To change the use of Veterinary Service to a Specialty Food Service with approximately 48.06 m2 Public Space and 6 seats and to construct interior alterations,9124 - 82 AVENUE NW,Plan 3737AI Blk 9 Lots 5-9,6040,BONNIE DOON,Métis Ward,French Quarter,3,53.518341406556175,-113.46852396104826,,"{'type': 'Point', 'coordinates': [-113.46852396104826, 53.518341406556175]}",Redeveloping,"RM,MU",
504266352-002,Major Development Permit,Not Available,Other,To construct interior alterations to an Indoor Sales and Service (3 consulation/exam rooms for a pharmacy at Shoppers Drug Mart),10956 - 23 AVENUE NW,Plan 0323339 Blk 32 Lot 11,5180,ERMINESKIN,Ipiihkoohkanipiaohtsi Ward,,3,53.4549411357438,-113.51230428142088,,"{'type': 'Point', 'coordinates': [-113.51230428142088, 53.4549411357438]}",Redeveloping,CG,
630152047-002,Major Development Permit,Not Available,Other,To Change the Use from an Indoor Sales and Service to a Health Service (Dental Clinic),9601 - 82 AVENUE NW,Plan 4575S Blk 12 Lots 16-18,6610,RITCHIE,papastew Ward,French Quarter,3,53.51771928105506,-113.47705118606248,,"{'type': 'Point', 'coordinates': [-113.47705118606248, 53.51771928105506]}",Redeveloping,MU,
568233000-002,Major Development Permit,Not Available,Other,To change the use from Convenience Retail Stores to a ~266.5 m2 Health Service and Indoor Sales and Service (medical clinic with pharmacy) and to construct interior alterations (combine 2.5 commercial units to one commercial unit),13637 - 119 STREET NW,Plan 4124MC Blk 25 Lot 8,3250,KENSINGTON,Anirniq Ward,,3,53.59910606179699,-113.52637519296562,,"{'type': 'Point', 'coordinates': [-113.52637519296562, 53.59910606179699]}",Redeveloping,CN,
234627153-001,Sign Permit,Discretionary Development,Other,To install (2) Fascia Minor Digital On-premises Signs (ALBERTA AVENUE MEDICAL CLINIC).,9452 - 118 AVENUE NW,Plan 4041X Lots 1-2,1010,ALBERTA AVENUE,Métis Ward,Alberta Avenue,3,53.57063202466114,-113.48705924169786,,"{'type': 'Point', 'coordinates': [-113.48705924169786, 53.57063202466114]}",,CB2,
647122642-002,Major Development Permit,Not Available,Other,To Continue to Operate a Health Service (Massage Clinic) and Construct Interior Alterations,941 - MISTATIM LINK NW,Plan 1820754 Blk 3 Lot 4,4320,MISTATIM INDUSTRIAL,Anirniq Ward,,3,53.602302560021386,-113.58009813702452,,"{'type': 'Point', 'coordinates': [-113.58009813702452, 53.602302560021386]}",Industrial,CB,
508550902-002,Major Development Permit,Not Available,Other,To operate a Health Service and Indoor Sales and Service (optometry and medical clinic with pharmacy) and to construct interior alterations,547 - MISTATIM WAY NW,Condo Common Area (Plan 2120800),4320,MISTATIM INDUSTRIAL,Anirniq Ward,,3,53.60194873275583,-113.58150954859039,,"{'type': 'Point', 'coordinates': [-113.58150954859039, 53.60194873275583]}",Industrial,CB,
177606684-002,Sign Permit,Not Available,Other,To install (2) Fascia On-premises Signs (ICONIC OPTOMETRIST).,6105 - CURRENTS DRIVE NW,Plan 0822223 Blk 14 Lot 2,5505,AMBLESIDE,pihêsiwin Ward,,3,53.43601118463307,-113.6033651122865,,"{'type': 'Point', 'coordinates': [-113.6033651122865, 53.43601118463307]}",,UVCa,
384963086-002,Major Development Permit,Not Available,Other,To change the use from Personal Service Shop to Health Service and to construct interior alterations (Sleep Disorder Clinic),11040 - 51 AVENUE NW,Plan 4722NY Blk 35 Lot 18,5320,PLEASANTVIEW,papastew Ward,,3,53.48899698168134,-113.51498821216171,,"{'type': 'Point', 'coordinates': [-113.51498821216171, 53.48899698168134]}",Redeveloping,CG,
505633411-002,Major Development Permit,Not Available,Other,To continue to operate a Health Service (physiotherapy clinic) and to construct interior alterations,"184, 4211 - 106 STREET NW",Plan 8721793 Blk 37 Lot 2,5360,RIDEAU PARK,papastew Ward,,3,53.47967530520262,-113.50243699311645,,"{'type': 'Point', 'coordinates': [-113.50243699311645, 53.47967530520262]}",Redeveloping,CG,
572911635-002,Major Development Permit,Not Available,Other,To Change the Use from a Food and Drink Service to a Health Service and Indoor Sales and Service (Medical Clinic and Pharmacy),11022 - JASPER AVENUE NW,Plan NB Blk 10 Lots 91-92,1151,WÎHKWÊNTÔWIN,O-day'min Ward,,3,53.54128012853798,-113.5116799457457,,"{'type': 'Point', 'coordinates': [-113.5116799457457, 53.54128012853798]}",Redeveloping,DC2,
450797334-002,Sign Permit,Not Available,Other,To install (2) Fascia On-Premises Signs (BELLA VITA LASER CLINIC LTD).,9250 - 34A AVENUE NW,Condo Common Area (Plan 1422614),6700,STRATHCONA INDUSTRIAL PARK,Karhiio Ward,,3,53.46765076501762,-113.47291879371322,,"{'type': 'Point', 'coordinates': [-113.47291879371322, 53.46765076501762]}",,CB2,
499751018-002,Major Development Permit,No Development Permit Required,Other,To change the Use from Personal Service Shop to Health Service and Indoor Sales and Service and to construct interior alterations (Fairwoods Clinic & Pharmacy).,12242 - 107 AVENUE NW,Plan RN22 Blk 6 Lot 9,3440,WESTMOUNT,O-day'min Ward,124 Street and Area,3,53.5512792962886,-113.53363428566183,,"{'type': 'Point', 'coordinates': [-113.53363428566183, 53.5512792962886]}",Redeveloping,MU,
471101147-002,Major Development Permit,Not Available,Other,"To change the use from a Professional, Financial, Office Support Service to a Convenience Retail Store (pharmacy) and to construct interior alterations",4964 - 98 AVENUE NW,Plan 8222786 Blk 7 Lot 1,6180,EASTGATE BUSINESS PARK,Métis Ward,,3,53.53795243298932,-113.41619772404499,,"{'type': 'Point', 'coordinates': [-113.41619772404499, 53.53795243298932]}",Industrial,CG,
610858365-002,Major Development Permit,Not Available,Other,To Change the Use from an Office to a Health Service (Psychology Clinic),"203, 4833 - GATEWAY BOULEVARD NW",Condo Common Area (Plan 2620014),5110,CALGARY TRAIL NORTH,papastew Ward,,4,53.486210034,-113.491101121,,"{'type': 'Point', 'coordinates': [-113.491101121, 53.486210034]}",Industrial,CG,
173038693-001,Sign Permit,Not Available,Other,To install (1) On-Premises Fascia Sign (LIFEMARK PHYSIOTHERAPY).,"112, 10611 - KINGSWAY NW",Plan 7923176 Blk 6 Lot A,1030,CENTRAL MCDOUGALL,O-day'min Ward,Kingsway,3,53.558284220335665,-113.50351260374968,,"{'type': 'Point', 'coordinates': [-113.50351260374968, 53.558284220335665]}",,CB2,
654494394-002,Major Development Permit,Not Available,Other,To change the use from Office to Health Service and to construct interior alterations (medical clinic),"201, 8311 - CHAPPELLE WAY SW","Condo Common Area (Plan 2122616,2120841)",5471,CHAPPELLE,Ipiihkoohkanipiaohtsi Ward,,3,53.39670666039634,-113.59370869440176,,"{'type': 'Point', 'coordinates': [-113.59370869440176, 53.39670666039634]}",Developing,CG,
504502261-002,Major Development Permit,Not Available,Other,To change the use from Office to Indoor Sales and Service (medical equipment retail sales),"2FL, 9709 - 42 AVENUE NW",Plan 8120756 Blk 8 Lot 5A,6700,STRATHCONA INDUSTRIAL PARK,Karhiio Ward,,3,53.478325078040946,-113.48047619277335,,"{'type': 'Point', 'coordinates': [-113.48047619277335, 53.478325078040946]}",Industrial,BE,
655301163-002,Major Development Permit,Not Available,Other,"To construct a Health Service building (Retinal Clinic), reference dev pre-app #634111320-001.",10651 - 110 STREET NW,Plan B4 Blk 9 Lot 176,1180,QUEEN MARY PARK,O-day'min Ward,North Edge,12,53.55109323982925,-113.50974412530276,,"{'type': 'Point', 'coordinates': [-113.50974412530276, 53.55109323982925]}",Redeveloping,"RM,MU",
235843350-001,Major Development Permit,Not Available,Other,"To amend Development Permit 74052215-001 (Animal Hospital and Shelter) to remove the following  Development Permit condiition - ""No over-night or long-term boarding of dogs or other pets is permitted by this approval"". (Sadie's K9 Stay & Play).",8521 - ARGYLL ROAD NW,Plan 9926222 Blk 3 Lot 3B,6090,CORONET ADDITION INDUSTRIAL,Métis Ward,,3,53.501185578315,-113.4556858998022,,"{'type': 'Point', 'coordinates': [-113.4556858998022, 53.501185578315]}",Industrial,BE,
298464773-001,Sign Permit,Discretionary Development,Other,To install (1) Fascia On-premises Sign (GREENPATH MEDICINAL HEALTH CENTRE),"111, 4808 - 87 STREET NW",Plan 9622009 Blk 8 Lot 6B,6430,MCINTYRE INDUSTRIAL,Karhiio Ward,,3,53.48549462800656,-113.45752743330942,,"{'type': 'Point', 'coordinates': [-113.45752743330942, 53.48549462800656]}",,IB,
493684458-002,Major Development Permit,Not Available,Other,To change the use from General Retail Store [Indoor Sales and Service] to a Health Service (physiotherapy clinic) and to construct interior alterations,3820 - 137 AVENUE NW,Plan 0224472 Blk 2 Lot 2,2145,CLAREVIEW TOWN CENTRE,Dene Ward,,3,53.599809412932366,-113.40154127903249,,"{'type': 'Point', 'coordinates': [-113.40154127903249, 53.599809412932366]}",Developing,DC2,
623606692-002,Major Development Permit,Not Available,Other,To operate a Health Service and to add an Accessory Indoor Sales and Services limited to Convenience Retail Store (pharmacy) and Food and Drink Services limited to Specialty Food Service (coffee shop) and to construct interior alterations.,6070 - ANDREWS WAY SW,Condo Common Area (Plan 2522543),5505,AMBLESIDE,pihêsiwin Ward,,3,53.4288964778343,-113.59215823714575,,"{'type': 'Point', 'coordinates': [-113.59215823714575, 53.4288964778343]}",Developing,DC1,
657499317-002,Sign Permit,Not Available,Other,To install (2) Freestanding Signs limited to On-premises Advertising (BEVERLY VALUE DRUG MART/BEVERLY MEDICAL CENTRE),3347 - 118 AVENUE NW,Plan 7722129 Blk 1 Lot 7,2660,RUNDLE HEIGHTS,Métis Ward,Beverly,3,53.569901167774134,-113.39246085073273,,"{'type': 'Point', 'coordinates': [-113.39246085073273, 53.569901167774134]}",,,
384665464-002,Sign Permit,Not Available,Refused,To install (1) Minor Digital On-Premises [Fascia] Sign (INSIGHT MEDICAL).,11410 - 104 AVENUE NW,Plan 9121905 Blk 9D Lot 1,"1150, 1151","OLIVER, WÎHKWÊNTÔWIN",O-day'min Ward,,3,53.5470926671033,-113.51927044888245,,"{'type': 'Point', 'coordinates': [-113.51927044888245, 53.5470926671033]}",,DC1,
652487057-002,Major Development Permit,Not Available,Other,"To change the use from Personal Service Shop to a Health Service (expand dental clinic at 12724, 12728 and 12732 - 167 Avenue NW into 12720 -167 Avenue NW)",12720 - 167 AVENUE NW,Plan 1620811 Blk 1 Lot 13,3460,ALBANY,Anirniq Ward,,3,53.629638290948364,-113.54463693942125,,"{'type': 'Point', 'coordinates': [-113.54463693942125, 53.629638290948364]}",Developing,CG,
237084118-001,Sign Permit,Not Available,Other,To install (1) Freestanding On-premises Sign (TruMed Naturopathic Clinic),14620 - STONY PLAIN ROAD NW,Plan 9323194 Blk 7A Lot 35A,3210,GROVENOR,Nakota Isga Ward,Stony Plain Road and Area,3,53.542309131199815,-113.57356218367266,,"{'type': 'Point', 'coordinates': [-113.57356218367266, 53.542309131199815]}",,RF3,
446520407-002,Major Development Permit,Not Available,Other,To change the use from General Retail Store to Health Service (dental clinic) and to construct interior alterations,1265 - ASTER BOULEVARD NW,Plan 2022819 Blk 9 Lot 1,6445,ASTER,Sspomitapi Ward,,3,53.450060978527006,-113.36725000531322,,"{'type': 'Point', 'coordinates': [-113.36725000531322, 53.450060978527006]}",Developing,CN,
282607694-002,Major Development Permit,Not Available,Other,To revise a Comprehensive Sign Design Plan for (UNITED HEALTH CENTRE).,10844 - 76 AVENUE NW,"Condo Common Area (Plan 1720082,1423850)",5330,QUEEN ALEXANDRA,papastew Ward,,3,53.51261413845252,-113.51150893491945,,"{'type': 'Point', 'coordinates': [-113.51150893491945, 53.51261413845252]}",Redeveloping,MU,
537695317-002,Major Development Permit,No Development Permit Required,Other,To change the Use from General Retail Store to Indoor Sales and Service (animal clinic) and to construct interior alterations.,2939 - 119A STREET SW,Plan 2020566 Blk 3 Lot 3,5472,HERITAGE VALLEY TOWN CENTRE,Ipiihkoohkanipiaohtsi Ward,,3,53.4064442389607,-113.53811860824868,,"{'type': 'Point', 'coordinates': [-113.53811860824868, 53.4064442389607]}",Developing,TC-C,
649898058-002,Major Development Permit,Not Available,Other,To Change the Use from Indoor Sales and Service to a Health Service with Accessory Indoor Sales and Service (Optometry Clinic with Accessory Retail),4320 - 199 STREET NW,Condo Common Area (Plan 2620244),4461,THE HAMPTONS,sipiwiyiniwak Ward,,4,53.479028056,-113.672514083,,"{'type': 'Point', 'coordinates': [-113.672514083, 53.479028056]}",Developing,CN,
652902706-002,Major Development Permit,Not Available,Other,To change the use from Office to a 155 m2 Indoor Sales and Service (expansion of massage therapy clinic into a portion of an adjacent commercial bay) and to construct interior alterations,12040 - FORT ROAD NW,Plan RN63 Blk 4 Lots 43-46,1100,EASTWOOD,Métis Ward,,3,53.574779060007444,-113.46057482342934,,"{'type': 'Point', 'coordinates': [-113.46057482342934, 53.574779060007444]}",Redeveloping,CN,
527321584-002,Major Development Permit,No Development Permit Required,Other,To construct interior alterations to a Health Service building (BOREAL DENTAL CLINIC).,15350 - 18 STREET NW,Plan 2322123 Blk 1 Lot 1,2311,GORMAN,Dene Ward,,3,53.616850956422425,-113.36978449889784,,"{'type': 'Point', 'coordinates': [-113.36978449889784, 53.616850956422425]}",Developing,CN,
467295006-002,Major Development Permit,Not Available,Other,To change the use from General Retail Store to Health Service (physiotherapy clinic) and to construct interior alterations,136 - CHARLESWORTH DRIVE SW,Plan 1922728 Blk 11 Lot 204,6661,CHARLESWORTH,Karhiio Ward,,3,53.43081378006354,-113.39459564396623,,"{'type': 'Point', 'coordinates': [-113.39459564396623, 53.43081378006354]}",Developing,CN,
521168936-002,Major Development Permit,Not Available,Other,To continue to operate a Health Service and to construct interior alterations (expansion of existing Daramola Medical Clinic into Suite 105),"105, 6055 - ANDREWS WAY SW","Condo Common Area (Plan 1920337,1922220)",5505,AMBLESIDE,pihêsiwin Ward,,3,53.429525597148,-113.59129092390121,,"{'type': 'Point', 'coordinates': [-113.59129092390121, 53.429525597148]}",Developing,DC1,
146457216-002,Sign Permit,Not Available,Other,To replace (2) panels on an existing Freestanding Sign (Insight Medical Meadowlark),"200, 1 - MEADOWLARK PARK SHOPPING CENTRE NW",Plan 9924575 Blk 10 Lot 2,4310,MEADOWLARK PARK,Ward 1,,3,53.52094316533514,-113.5933701832428,,"{'type': 'Point', 'coordinates': [-113.5933701832428, 53.52094316533514]}",,CSC,
362886275-001,Sign Permit,Permitted Development,Other,To install (2) Fascia On-premises Signs (DUNLUCE (CEDAR) PHYSIO - MASSAGE).,12112 - 161 AVENUE NW,Plan 7820085 Blk 56 Lot 62,3180,DUNLUCE,Anirniq Ward,,3,53.62239230029624,-113.5341597521949,,"{'type': 'Point', 'coordinates': [-113.5341597521949, 53.62239230029624]}",,DC2,
659968532-002,Sign Permit,Not Available,Other,To install a Fascia Sign limited to On-premises Advertising (THE AUDIOLOGY CLINIC).,"208, 6830 - ELLERSLIE ROAD SW",Plan 2320638 Blk 1 Lot 11,6211,ELLERSLIE,Karhiio Ward,,3,53.42576568131494,-113.44615570343235,,"{'type': 'Point', 'coordinates': [-113.44615570343235, 53.42576568131494]}",,,
441121817-002,Major Development Permit,Not Available,Other,To construct exterior and interior alterations to an Extended Medical Treatment Service building (HVAC improvements),11111 - JASPER AVENUE NW,Plan NB Blk 11 Lots 31-56,1151,WÎHKWÊNTÔWIN,O-day'min Ward,,3,53.539894612786554,-113.51302977936083,,"{'type': 'Point', 'coordinates': [-113.51302977936083, 53.539894612786554]}",Redeveloping,UF,
573293109-002,Major Development Permit,Not Available,Other,To Change the Use from Cannabis Retail Service to a Health Service and Indoor Sales and Service (Medical Clinic and Pharmacy),15210 - STONY PLAIN ROAD NW,Plan 2429MC Blk 40 Lot 5,4090,CANORA,Nakota Isga Ward,Stony Plain Road and Area,3,53.54157997350694,-113.58379603328588,,"{'type': 'Point', 'coordinates': [-113.58379603328588, 53.54157997350694]}",Redeveloping,MU,
659672388-002,Sign Permit,Not Available,In Progress,"To install a Fascia Sign limited to On-premises Advertising, a Projecting Sign in the form of a Roof Sign limited to On-premises Advertising, and a Freestanding Sign limited to On-premises Advertising (ORCHARD DENTAL CLINIC).",150 - SUMMERSIDE GATE SW,Plan 0628060 Blk 1 Lot 39,6213,SUMMERSIDE,Karhiio Ward,,3,53.419328901539906,-113.47683779891084,,"{'type': 'Point', 'coordinates': [-113.47683779891084, 53.419328901539906]}",,EIB,
257500815-002,Sign Permit,Not Available,Other,To develop a Comprehensive Sign Design Plan for UNITED HEALTH CENTRE.,7603 - 109 STREET NW,Plan 1720082 Unit 125,5330,QUEEN ALEXANDRA,Ward 08,,4,53.512616035,-113.511508608,,"{'type': 'Point', 'coordinates': [-113.511508608, 53.512616035]}",,,
289651853-001,Sign Permit,Discretionary Development,In Progress,To install a Fascia On-premises Sign and a Freestanding On-premises Sign (Glenora Chiropractic and Physiotherapy).,11115 - GROAT ROAD NW,Plan 9120436 Blk 28 Lot 18A,3240,INGLEWOOD,Anirniq Ward,The Crossroads,3,53.55929616854385,-113.55078316898553,,"{'type': 'Point', 'coordinates': [-113.55078316898553, 53.55929616854385]}",,RA7,
627295444-002,Major Development Permit,Not Available,Other,To Change the Use from an Indoor Sales and Service to a Health Service (Sleep Apnea Clinic),1249 - ASTER BOULEVARD NW,Plan 2022819 Blk 9 Lot 1,6445,ASTER,Sspomitapi Ward,,3,53.450060976480785,-113.36725025523381,,"{'type': 'Point', 'coordinates': [-113.36725025523381, 53.450060976480785]}",Developing,CN,
354937984-002,Major Development Permit,Not Available,Other,To Change the Use from a General Retail Store to a Health Services Use (RABBIT HILL DENTAL),5005 - MULLEN ROAD NW,Plan 1823035 Blk 20 Lot 18,5477,MACTAGGART,pihêsiwin Ward,,3,53.433903696196936,-113.5747902133551,,"{'type': 'Point', 'coordinates': [-113.5747902133551, 53.433903696196936]}",Developing,CG,
519310027-002,Major Development Permit,Not Available,Other,To change the use from Specialty Food Service to Health Service and Indoor Sales and Service (medical clinic and pharmacy) and to construct interior alterations,3349 - 118 AVENUE NW,Plan 7722129 Blk 1 Lot 7,2660,RUNDLE HEIGHTS,Métis Ward,Beverly,3,53.569901167774134,-113.39246085073273,,"{'type': 'Point', 'coordinates': [-113.39246085073273, 53.569901167774134]}",Redeveloping,MU,
416452997-002,Major Development Permit,Not Available,Other,To construct interior alterations to a Health Service (dental office).,719 - DANIELS WAY SW,Plan 2121567 Blk 18 Lot 4,5463,DESROCHERS AREA,Ipiihkoohkanipiaohtsi Ward,,3,53.40074388738519,-113.54231887415861,,"{'type': 'Point', 'coordinates': [-113.54231887415861, 53.40074388738519]}",Developing,MU,
462268337-002,Major Development Permit,Not Available,Other,To continue to operate a General Retail Store (pharmacy) and to construct interior alterations,11252 - 109 AVENUE NW,Plan 2109HW Blk 11A Lots 1-3,1180,QUEEN MARY PARK,O-day'min Ward,,3,53.55495328114607,-113.51544436464087,,"{'type': 'Point', 'coordinates': [-113.51544436464087, 53.55495328114607]}",Redeveloping,DC2,
639246350-002,Major Development Permit,Not Available,Other,To Operate an Indoor Sales and Service with Accessory Health Service (Compounding Pharmacy) (No Development Permit Required),4628 - 99 STREET NW,Plan 9924302 Blk 1 Lot 10,6560,PAPASCHASE INDUSTRIAL,Karhiio Ward,,3,53.48464471339911,-113.4871785370283,,"{'type': 'Point', 'coordinates': [-113.4871785370283, 53.48464471339911]}",Industrial,BE,
429182128-002,Major Development Permit,Discretionary Development,Other,To construct an addition to a Health Service (dental clinic).,9720 - 110 STREET NW,Plan NB Blk 10 Lot 83,1151,WÎHKWÊNTÔWIN,O-day'min Ward,,3,53.53466525362401,-113.51080229131824,,"{'type': 'Point', 'coordinates': [-113.51080229131824, 53.53466525362401]}",Redeveloping,RL,
639162656-002,Major Development Permit,Not Available,Other,To Change the Use from a Minor Indoor Entertainment Use to a Health Service Use (Medical Clinic) (No Development Permit Required),8234 - 175 STREET NW,Plan 7620073 Blk 12 Lot 1B,4560,THORNCLIFF,sipiwiyiniwak Ward,,3,53.51560093633077,-113.62444678438527,,"{'type': 'Point', 'coordinates': [-113.62444678438527, 53.51560093633077]}",Redeveloping,MU,
287725701-001,Sign Permit,Permitted Development,Approved,To install a Fascia On-premises Sign (CBI Health Centre).,6103 - CURRENTS DRIVE NW,Plan 0822223 Blk 14 Lot 2,5505,AMBLESIDE,pihêsiwin Ward,,3,53.43601118463307,-113.6033651122865,,"{'type': 'Point', 'coordinates': [-113.6033651122865, 53.43601118463307]}",,UVCa,
451304307-002,Major Development Permit,Not Available,Other,To operate a Health Service (medical laboratory) and to construct interior alterations.,10133 - 103 STREET NW,Plan 8720596 Blk 2 Lot A,1090,DOWNTOWN,O-day'min Ward,Downtown,3,53.54223553602907,-113.49646162455184,,"{'type': 'Point', 'coordinates': [-113.49646162455184, 53.54223553602907]}",Redeveloping,CCA,
449618765-002,Major Development Permit,Not Available,Other,To Operate a Health Service (Physiotherapy) in Units 204 & 206,"204, 1273 - ASTER BOULEVARD NW",Plan 2022819 Blk 9 Lot 1,6445,ASTER,Sspomitapi Ward,,3,53.450060978527006,-113.36725000531322,,"{'type': 'Point', 'coordinates': [-113.36725000531322, 53.450060978527006]}",Developing,CN,
624323824-002,Major Development Permit,Not Available,Other,To continue to operate a Health Service (physiotherapy clinic) and to construct interior alterations,"106, 7319 - 29 AVENUE NW",Plan 2420878 Blk 7 Lot 4B,6340,KAMEYOSEK,Karhiio Ward,,4,53.45925503,-113.444931141,,"{'type': 'Point', 'coordinates': [-113.444931141, 53.45925503]}",Redeveloping,DC2,
481625460-002,Major Development Permit,Not Available,Other,To continue to operate a General Retail Store (pharmacy) and to construct interior alterations,"2, 10502 - 107 AVENUE NW",Condo Common Area (Plan 9323176),1030,CENTRAL MCDOUGALL,O-day'min Ward,North Edge,3,53.5516577155584,-113.50161029814741,,"{'type': 'Point', 'coordinates': [-113.50161029814741, 53.5516577155584]}",Redeveloping,MU,
502314437-002,Major Development Permit,Not Available,Other,To continue to operate a Health Service (dental lab) and to construct interior alterations,"204, 511 - MISTATIM WAY NW",Condo Common Area (Plan 2322577),4320,MISTATIM INDUSTRIAL,Anirniq Ward,,3,53.601488809165104,-113.58153122868852,,"{'type': 'Point', 'coordinates': [-113.58153122868852, 53.601488809165104]}",Industrial,CB,
427054823-002,Major Development Permit,Not Available,Other,To change the use from Specialty Food Service to Health Service with an Accessory Convenience Retail Store and to construct interior alterations (medical clinic with pharmacy),14910 - 45 AVENUE NW,Plan 8221928 Blk 35 Lot 70,5340,RAMSAY HEIGHTS,pihêsiwin Ward,,3,53.48412308240009,-113.57944463153947,,"{'type': 'Point', 'coordinates': [-113.57944463153947, 53.48412308240009]}",Redeveloping,CN,
571782518-002,Major Development Permit,Not Available,Other,"To construct exterior alterations, healing garden, to a Health Care Facility, Misericordia Hospital.",16940 - 87 AVENUE NW,Plan 0726880 Blk 3 Lot 5,4590,WEST MEADOWLARK PARK,sipiwiyiniwak Ward,,3,53.52174794433327,-113.61182470968517,,"{'type': 'Point', 'coordinates': [-113.61182470968517, 53.52174794433327]}",Redeveloping,UF,
631624875-002,Major Development Permit,Not Available,Other,To Change the Use from an Indoor Sales and Service to a Health Service (Dental Clinic),951 - PARSONS ROAD SW,"Plan 2520670 Units 35,43",6214,ELLERSLIE INDUSTRIAL,Karhiio Ward,,8,53.424119036,-113.478231145,,"{'type': 'Point', 'coordinates': [-113.478231145, 53.424119036]}",Industrial,CG,
174736860-023,Sign Permit,Not Available,Other,To develop a Comprehensive Sign Design Plan for (MEDICAL FACILITY ON 95).,11051 - 95 STREET NW,Plan 3169ET Lots 3-5,1140,MCCAULEY,O-day'min Ward,,3,53.55954235790051,-113.48631651867599,,"{'type': 'Point', 'coordinates': [-113.48631651867599, 53.55954235790051]}",,CB1,
670161274-002,Sign Permit,Not Available,In Progress,To install (2) Fascia Sign(s) limited to On-premises Advertising (Pharmasave & Care Plus Medical Clinic),12038 - 48 AVENUE NW,Plan 2422229 Blk 1 Lot 3,5280,MALMO PLAINS,papastew Ward,,4,53.48635404,-113.53948511,,"{'type': 'Point', 'coordinates': [-113.53948511, 53.48635404]}",,,
414522473-002,Major Development Permit,Not Available,Other,To continue to operate a Health Service and to construct interior alterations (chiropractic clinic),555 - MISTATIM WAY NW,Condo Common Area (Plan 2120800),4320,MISTATIM INDUSTRIAL,Anirniq Ward,,3,53.60194873275583,-113.58150954859039,,"{'type': 'Point', 'coordinates': [-113.58150954859039, 53.60194873275583]}",Industrial,CB,
504165156-002,Major Development Permit,Not Available,Other,To change the use from Indoor Sales and Service to a Health Service and to construct interior alterations (dental clinic),"150, 5055 - 101 AVENUE NW",Plan 2542NY Blk 3 Lot 1,6550,OTTEWELL,Métis Ward,,3,53.53942390548561,-113.42156092793391,,"{'type': 'Point', 'coordinates': [-113.42156092793391, 53.53942390548561]}",Redeveloping,MU,
624324286-002,Major Development Permit,Not Available,Other,To continue to operate a Health Service (IV clinic) and to construct interior alterations,"105, 7319 - 29 AVENUE NW",Plan 2420878 Blk 7 Lot 4B,6340,KAMEYOSEK,Karhiio Ward,,4,53.45925503,-113.444931141,,"{'type': 'Point', 'coordinates': [-113.444931141, 53.45925503]}",Redeveloping,DC2,
663814667-002,Major Development Permit,Not Available,Other,To Change the Use from Offices to a Health Service (Dental Clinic),"215, 14925 - 111 AVENUE NW",Plan 191KS Blk 17 Lot 1,4200,HIGH PARK,Nakota Isga Ward,,3,53.5585078175447,-113.57894489540902,,"{'type': 'Point', 'coordinates': [-113.57894489540902, 53.5585078175447]}",Redeveloping,CG,
349807207-002,Major Development Permit,Not Available,Other,"To construct and operate a three Storey Commercial Building with one General Retail Store and one Restaurant (111 square meters of Public Space with 93 seats) on the main floor; Health Services, General Retail Stores (pharmacy) and Urban Indoor Farm (vertical farm) on the second floor; and Professional, Financial and Office Support Services on the third floor; with a rooftop Urban Garden (24 garden plots) and rooftop covered patio and vesitbule.","110, 15347 - STONY PLAIN ROAD NW",Plan 5229AD Blk 21 Lot 5,4580,WEST JASPER PLACE,Nakota Isga Ward,Stony Plain Road and Area,3,53.54099306325109,-113.58626204995078,,"{'type': 'Point', 'coordinates': [-113.58626204995078, 53.54099306325109]}",Redeveloping,MU,
640106510-002,Sign Permit,Not Available,Other,"To install a Fascia Sign limited to On-premises Advertising, and a Projecting Sign not in the form of a Roof Sign limited to On-premises Advertising (CITY CENTRE MEDICAL CLINIC).",10560 - 97 STREET NW,Plan NA Blk 9 Lot 14,1140,MCCAULEY,O-day'min Ward,Chinatown and Area,3,53.54999105479824,-113.48903153500041,,"{'type': 'Point', 'coordinates': [-113.48903153500041, 53.54999105479824]}",,,
245152848-001,Sign Permit,Not Available,Refused,To construct 1 Minor Digital Off-Premises Sign (Capital Hill Dental),14109 - STONY PLAIN ROAD NW,Plan 3669HW Blk 130 Lot 16,3200,GLENORA,Nakota Isga Ward,Stony Plain Road and Area,3,53.542648557409066,-113.56513168929172,,"{'type': 'Point', 'coordinates': [-113.56513168929172, 53.542648557409066]}",,CSC,
562466042-002,Major Development Permit,Not Available,Other,To Change the Use from Offices to Health Services (Physiotherapy Clinic),"300, 9861 - 89 AVENUE NW",Plan 8220520 Blk 118 Lot 40A,5480,STRATHCONA,papastew Ward,,3,53.52419843207817,-113.4856933249939,,"{'type': 'Point', 'coordinates': [-113.4856933249939, 53.52419843207817]}",Redeveloping,MU,
510412097-002,Sign Permit,Not Available,Other,To install (1) Fascia Sign(s) limited to On-premises Advertising (Reemake Skin Medical Spa & Laser Clinic),6858 - 178 AVENUE NW,Condo Common Area (Plan 2221981),2462,CRYSTALLINA NERA EAST,tastawiyiniwak Ward,,3,53.64175017574951,-113.44402001868147,,"{'type': 'Point', 'coordinates': [-113.44402001868147, 53.64175017574951]}",,,
370118051-002,Major Development Permit,Not Available,Other,To change the use from Personal Service Shop to Convenience Retail Store (pharmacy) and to construct interior alterations,4516 - 118 AVENUE NW,Condo Common Area (Plan 1025138),2040,BEACON HEIGHTS,Métis Ward,Beverly,3,53.57062222618162,-113.41159443930755,,"{'type': 'Point', 'coordinates': [-113.41159443930755, 53.57062222618162]}",Redeveloping,MU,
475547575-002,Major Development Permit,Not Available,Other,To construct interior alterations to an Extended Medical Treatment Service building (freight elevator modernization at Royal Alexandra Hospital),10240 - KINGSWAY NW,Plan 1619KS Blk 2 Lot 313,1030,CENTRAL MCDOUGALL,O-day'min Ward,Kingsway,3,53.55740028240453,-113.49815574329435,,"{'type': 'Point', 'coordinates': [-113.49815574329435, 53.55740028240453]}",Redeveloping,UF,
377857849-002,Sign Permit,Not Available,Other,To install (1) Fascia On-Premises Sign(s) (G&E PHARMACY LTD),7326 - 82 AVENUE NW,Plan 7884AH Blk 28 Lots 5-6,6350,KENILWORTH,Métis Ward,,9,53.51835719161503,-113.44062549476274,,"{'type': 'Point', 'coordinates': [-113.44062549476274, 53.51835719161503]}",,,
655689279-002,Major Development Permit,Not Available,Other,To continue to operate a Health Service and Indoor Sales and Service and to construct interior alterations (medical clinic and pharmacy),"104A, 10430 - 61 AVENUE NW",Plan 4976KS Blk 40 Lot 2,5010,ALLENDALE,papastew Ward,,3,53.49869006939372,-113.49961137388237,,"{'type': 'Point', 'coordinates': [-113.49961137388237, 53.49869006939372]}",Redeveloping,CG,
409522991-002,Major Development Permit,Not Available,Other,To change the Use from a Child Care Service to a General Retail Store (Pharmacy) and to construct interior alterations.,"102, 17327 - 69 AVENUE NW",Condo Common Area (Plan 8323220),4080,CALLINGWOOD SOUTH,sipiwiyiniwak Ward,,3,53.50219500983569,-113.62318863668256,,"{'type': 'Point', 'coordinates': [-113.62318863668256, 53.50219500983569]}",Redeveloping,RL,
555116932-002,Major Development Permit,Not Available,Other,To Change the Use from an Office to a Health Service (Medical Clinic),14310W - 111 AVENUE NW,Plan 7820954 Blk 1 Lot 4A,3230,HUFF BREMNER ESTATE INDUSTRIAL,Anirniq Ward,,3,53.55933309360561,-113.56850057678818,,"{'type': 'Point', 'coordinates': [-113.56850057678818, 53.55933309360561]}",Industrial,BE,
378071333-002,Sign Permit,Not Available,Refused,To install (3) Fascia On-Premises Sign(s) (CHINATOWN IPHARMACY INC.),9656 - 107A AVENUE NW,Plan ND Blk 26 Lots 25-27,1140,MCCAULEY,O-day'min Ward,Chinatown and Area,3,53.553090228136966,-113.48953083733967,,"{'type': 'Point', 'coordinates': [-113.48953083733967, 53.553090228136966]}",,,
310922218-001,Major Development Permit,Discretionary Development,Other,To change the Use from Veterinary Services to Child Care Services (71 children) and to construct an outdoor play space.,5227 - 167 AVENUE NW,Plan 0829853 Blk 63 Lot 101,2340,HOLLICK-KENYON,Dene Ward,,3,53.627730321598825,-113.41547303842924,,"{'type': 'Point', 'coordinates': [-113.41547303842924, 53.627730321598825]}",Developing,CG,
659516332-002,Major Development Permit,Not Available,In Progress,"To construct a 2 Storey non-residential building, including Indoor Sales and Services, Health Care Services, Food and Drink Services and Liquor Store.",16955 - 67 STREET NW,Plan 2522743 Blk 2 Lot 1,2700,SCHONSEE,tastawiyiniwak Ward,,4,53.63181202,-113.443617083,,"{'type': 'Point', 'coordinates': [-113.443617083, 53.63181202]}",Developing,MUN,
459581787-002,Major Development Permit,Not Available,Other,To Operate a Health Service and General Retail Store (Medical Clinic with Pharmacy),"UTIL, 22923 - 97 AVENUE NW",Plan 1922458 Blk 18 Lot 160,4487,SECORD,Nakota Isga Ward,,3,53.5368338574892,-113.7117848702064,,"{'type': 'Point', 'coordinates': [-113.7117848702064, 53.5368338574892]}",Developing,CN,
262879238-001,Major Development Permit,Not Available,Other,To continue to operate a General Industrial Use and construct interior alterations (Medical Marijuana Production Facility).,4103 - 84 AVENUE NW,Plan 3264HW Lot B,6540,MORRIS INDUSTRIAL,Métis Ward,,3,53.51808662604947,-113.40376840731136,,"{'type': 'Point', 'coordinates': [-113.40376840731136, 53.51808662604947]}",Industrial,BE,
654389578-002,Sign Permit,Not Available,Other,To install (4) Projecting Sign(s) not in the form of a Roof Sign limited to On-premises Advertising (Medical Clinic),"101, 1356 - WINDERMERE WAY SW",Condo Common Area (Plan 1421329),5570,WINDERMERE,pihêsiwin Ward,,3,53.43386717526742,-113.61814459841877,,"{'type': 'Point', 'coordinates': [-113.61814459841877, 53.43386717526742]}",,,
471289648-002,Sign Permit,Not Available,Other,To install a Fascia On-Premises Sign (RISE PHYSIOTHERAPY AND PERFORMANCE INC.).,"101, 11515B - 105 AVENUE NW",Plan 1921606 Blk 15 Lot 146A,1180,QUEEN MARY PARK,O-day'min Ward,North Edge,3,53.54797810742054,-113.5202655121185,,"{'type': 'Point', 'coordinates': [-113.5202655121185, 53.54797810742054]}",,,
441991274-002,Major Development Permit,Not Available,Other,To continue to operate a General Retail Store and to construct interior alterations (pharmacy),3719 - 8 AVENUE SW,Plan 1623687 Blk 6 Lot 1,6661,CHARLESWORTH,Karhiio Ward,,3,53.42541827681588,-113.39854738618453,,"{'type': 'Point', 'coordinates': [-113.39854738618453, 53.42541827681588]}",Developing,DC1,
378824316-002,Major Development Permit,Not Available,Other,To change the use from a Personal Service Shop to a Convenience Retail Store and to construct interior alterations (tenant improvement for a pharmacy),2136 - 109 STREET NW,Plan 8821766 Blk 1 Lot 14,5250,KEHEEWIN,Ipiihkoohkanipiaohtsi Ward,,3,53.453028632655084,-113.50973575786243,,"{'type': 'Point', 'coordinates': [-113.50973575786243, 53.453028632655084]}",Redeveloping,CG,
391064782-002,Major Development Permit,Not Available,Other,"To change Use to Veterinary Services and Interior Alterations. 

DP 386617688-002 was issued in Feb. 2021 for same purpose. 

Informed the applicant by phone to cancel.",16412 - ELLERSLIE ROAD SW,Plan 1321077 Blk 1 Lot 1,5505,AMBLESIDE,pihêsiwin Ward,,3,53.42368129195273,-113.60684770509488,,"{'type': 'Point', 'coordinates': [-113.60684770509488, 53.42368129195273]}",Developing,CG,
510268035-002,Sign Permit,Not Available,Other,To install (3) Fascia Sign(s) limited to On-premises Advertising (The Confidence Code Clinic ),"2FL, 9509 - 156 STREET NW",Plan 6530ET Blk 7 Lots 3-6,4580,WEST JASPER PLACE,Nakota Isga Ward,,3,53.531823456144295,-113.58923263017492,,"{'type': 'Point', 'coordinates': [-113.58923263017492, 53.531823456144295]}",,,
315861515-001,Major Development Permit,Not Available,Other,To change the Use from a General Retail Store to an Animal Hospital and Shelter with outdoor dog amenity area.,9955 - 76 AVENUE NW,Condo Common Area (Plan 1321996),6610,RITCHIE,papastew Ward,,3,53.51204799775884,-113.48773462228773,,"{'type': 'Point', 'coordinates': [-113.48773462228773, 53.51204799775884]}",Redeveloping,BE,
627567058-002,Major Development Permit,Not Available,Other,To Continue to Operate a Health Service (Dental Clinic),16729 - 71 STREET NW,Plan 2322452 Blk 9 Lot 14,2700,SCHONSEE,tastawiyiniwak Ward,,3,53.62935111696817,-113.45004076758846,,"{'type': 'Point', 'coordinates': [-113.45004076758846, 53.62935111696817]}",Developing,CN,
427584403-002,Major Development Permit,Permitted Development,Other,To Operate a Health Service with an Accessory Animal Hospital and Shelter,12419 - 118 AVENUE NW,Plan RN46 Blk 40 Lot 12,3240,INGLEWOOD,Anirniq Ward,The Crossroads,3,53.5701153481518,-113.53644701463628,,"{'type': 'Point', 'coordinates': [-113.53644701463628, 53.5701153481518]}",Redeveloping,MU,
659413391-002,Major Development Permit,Permitted Development,In Progress,To add a Health Service to an existing Indoor Sales and Service (doctor's office inside pharmacy) and to construct interior alterations and exterior alterations (new exterior door).,9004 - 118 AVENUE NW,Plan 2307R Blk 1 Lot 30,1010,ALBERTA AVENUE,Métis Ward,Alberta Avenue,3,53.57052962474046,-113.48016266723909,,"{'type': 'Point', 'coordinates': [-113.48016266723909, 53.57052962474046]}",Redeveloping,MU,
420631580-002,Sign Permit,Not Available,Other,To change the copy on (4) existing Fascia On-Premises Signs and (1) Freestanding On-Premises Sign (GRIN DENTAL HYGIENE CENTRE).,14620 - STONY PLAIN ROAD NW,Plan 9323194 Blk 7A Lot 35A,3210,GROVENOR,Nakota Isga Ward,Stony Plain Road and Area,3,53.542309131199815,-113.57356218367266,,"{'type': 'Point', 'coordinates': [-113.57356218367266, 53.542309131199815]}",,DC2,
649370331-002,Major Development Permit,Not Available,Other,To Change the Use from an Indoor Sales and Service to a  Health Service and Indoor Sales and Service (Medical Clinic and Pharmacy,8125 - 97 STREET NW,Plan 4575S Blk 12 Lots 1-7,6610,RITCHIE,papastew Ward,French Quarter,3,53.517726035394816,-113.47902241464489,,"{'type': 'Point', 'coordinates': [-113.47902241464489, 53.517726035394816]}",Redeveloping,MU,
520994637-002,Major Development Permit,Not Available,Other,To add a Health Service use to an Indoor Sales and Service (optometry clinic and eyewear shop) and to construct interior alterations,771 - 75 STREET SW,Plan 9321197 Blk 1 Lot 2,6211,ELLERSLIE,Karhiio Ward,,3,53.42596617329275,-113.44983078710192,,"{'type': 'Point', 'coordinates': [-113.44983078710192, 53.42596617329275]}",Developing,CN,
364672729-001,Sign Permit,Not Available,Other,To install (3) Fascia On-premises Sign (FAMILY DENTAL HEALTH).,5005 - MULLEN ROAD NW,Plan 1823035 Blk 20 Lot 18,5477,MACTAGGART,pihêsiwin Ward,,3,53.433903696196936,-113.5747902133551,,"{'type': 'Point', 'coordinates': [-113.5747902133551, 53.433903696196936]}",,,
378102948-002,Major Development Permit,Not Available,Other,Change the use to a Health Service with Accessory General Retail Store (optometrist store) and to construct interior alterations,14215 - 23 AVENUE NW,Plan 0220792 Blk 70 Lot 89,5640,TERWILLEGAR TOWNE,pihêsiwin Ward,,3,53.453408826982944,-113.56719262447177,,"{'type': 'Point', 'coordinates': [-113.56719262447177, 53.453408826982944]}",Redeveloping,CG,
507781358-002,Major Development Permit,Not Available,Other,To Change the Use from a Minor Indoor Entertainment (Martial Arts Studio) to an Indoor Sales and Service (Pharmacy) and to Construct Interior Alterations (NDPR),9710 - 182 STREET NW,Plan 7821059 Blk 46 Lot 3,4240,LA PERLE,Nakota Isga Ward,,3,53.532828399464066,-113.63852029358472,,"{'type': 'Point', 'coordinates': [-113.63852029358472, 53.532828399464066]}",Redeveloping,DC2,
228582323-003,Minor Development Permit,Permitted Development,Other,To construct an addition to an Extended Medical Treatment Services for Adult Assisted Living (shed 1.25m x 1.85m) with a chimney.,6508 - 134 AVENUE NW,Plan 798MC Blk 1 Lot 1,2080,BELVEDERE,Dene Ward,,3,53.5955911526356,-113.44191335749375,,"{'type': 'Point', 'coordinates': [-113.44191335749375, 53.5955911526356]}",Redeveloping,RSM,
500986258-002,Major Development Permit,Not Available,Other,To Construct Interior Alterations to an Indoor Sale and Service (Veterinary Clinic) (NDPR),13940 - 164 STREET NW,Plan 2220780 Blk 8 Lot 4,4320,MISTATIM INDUSTRIAL,Anirniq Ward,,3,53.60143676260894,-113.60546333875035,,"{'type': 'Point', 'coordinates': [-113.60546333875035, 53.60143676260894]}",Industrial,BE,
352468770-006,Sign Permit,Not Available,Other,To develop a Comprehensive Sign Design Plan (INSTEP PHYSIOTHERAPY).,11225 - 107 AVENUE NW,Plan B4 Blk 12 Lots 191-192,1180,QUEEN MARY PARK,O-day'min Ward,North Edge,3,53.5512606659634,-113.5150457777601,,"{'type': 'Point', 'coordinates': [-113.5150457777601, 53.5512606659634]}",,,
491949867-002,Sign Permit,Not Available,Other,To install (1) Fascia On-Premises Sign(s)  (YELLOWBIRD DENTAL),829 - SADDLEBACK ROAD NW,Plan 7822821 Blk 26 Lot 83,5460,SKYRATTLER,Ipiihkoohkanipiaohtsi Ward,,3,53.453189088657055,-113.52478521455045,,"{'type': 'Point', 'coordinates': [-113.52478521455045, 53.453189088657055]}",,,
670428935-002,Sign Permit,Permitted Development,Approved,To install (3) Fascia On-premises Signs (Gentili Health Family Medical Clinic).,9944 - 175 STREET NW,Plan 1922303 Blk 1 Lot 4,4540,TERRA LOSA,Nakota Isga Ward,,3,53.53664244499117,-113.62352243697188,,"{'type': 'Point', 'coordinates': [-113.62352243697188, 53.53664244499117]}",,DC2 1036,2026-08-19T00:00:00.000
667201582-002,Sign Permit,Permitted Development,Approved,To install (1) Fascia Sign limited to On-premises Advertising and (1) Projecting Sign not in the form of a Roof Sign limited to On-premises Advertising (FORMA DENTAL),17044 - 107 AVENUE NW,Plan 8023090 Blk 2 Lot 4A,4300,MCNAMARA INDUSTRIAL,Nakota Isga Ward,,3,53.55381576104766,-113.6166225758449,,"{'type': 'Point', 'coordinates': [-113.6166225758449, 53.55381576104766]}",,BE,2026-08-14T00:00:00.000
668223625-002,Major Development Permit,Discretionary Development,In Progress,To change the use from Convenience Retail Store to an Indoor Sales and Service in the form of a Personal Service Shop (professional medical spa) and to construct interior alterations,2910 - ELLWOOD DRIVE SW,Condo Common Area (Plan 1124803),6214,ELLERSLIE INDUSTRIAL,Karhiio Ward,,3,53.42995724285758,-113.47874433219854,,"{'type': 'Point', 'coordinates': [-113.47874433219854, 53.42995724285758]}",Industrial,EIB,2026-08-05T00:00:00.000
664899481-002,Sign Permit,Not Available,Approved,To install (3) Fascia On-premises Signs (VISTA DENTAL).,12723 - VICTORIA TRAIL NW,Plan 2321749 Blk 42 Lot 22A,2120,CANON RIDGE,Dene Ward,,3,53.580600320064306,-113.38169892838302,,"{'type': 'Point', 'coordinates': [-113.38169892838302, 53.580600320064306]}",,,2026-07-22T00:00:00.000
659704980-002,Sign Permit,Not Available,Approved,To install (1) Fascia Sign limited to On-premises Advertising (PELLE MEDICAL AESTHETICS),5966 - GATEWAY BOULEVARD NW,Condo Common Area (Plan 2122059),5110,CALGARY TRAIL NORTH,papastew Ward,,3,53.49689843736763,-113.49263981884741,,"{'type': 'Point', 'coordinates': [-113.49263981884741, 53.49689843736763]}",,CG,2026-07-22T00:00:00.000
664969351-002,Sign Permit,Permitted Development,Approved,To install a Fascia Sign limited to On-premises Advertising (ALDER Family Clinic).,8808 - 92 STREET NW,Plan 1266AH Blk 2 Lots 2-3,6040,BONNIE DOON,Métis Ward,French Quarter,3,53.523783859981705,-113.46875037173726,,"{'type': 'Point', 'coordinates': [-113.46875037173726, 53.523783859981705]}",,MU,2026-07-22T00:00:00.000
666011528-002,Sign Permit,Permitted Development,Approved,To install (1) Fascia On-premises Sign and (1) Projecting On-premises Sign (EVER HERITAGE MEDICAL CLINIC),11816 - 26 AVENUE SW,Plan 2421140 Unit 2,5472,HERITAGE VALLEY TOWN CENTRE,Ipiihkoohkanipiaohtsi Ward,,4,53.408009043,-113.533045638,,"{'type': 'Point', 'coordinates': [-113.533045638, 53.408009043]}",,DC2,2026-07-20T00:00:00.000
666025188-002,Sign Permit,Permitted Development,Approved,To install a Fascia Sign limited to On-premises Advertising (Eye Nine Optometry).,4320 - 199 STREET NW,Condo Common Area (Plan 2620244),4461,THE HAMPTONS,sipiwiyiniwak Ward,,4,53.479028056,-113.672514083,,"{'type': 'Point', 'coordinates': [-113.672514083, 53.479028056]}",,CN,2026-07-16T00:00:00.000
665205034-002,Sign Permit,Permitted Development,Approved,To install a Fascia Sign limited to On-premises Advertising (Mindbody Physiotherapy & Wellness).,16733 - 127 STREET NW,Plan 1321434 Blk 1 Lot 2,3370,RAPPERSWILL,Anirniq Ward,,3,53.63055646767096,-113.53953642176356,,"{'type': 'Point', 'coordinates': [-113.53953642176356, 53.63055646767096]}",,CG,2026-07-13T00:00:00.000
660759386-002,Sign Permit,Permitted Development,Approved,To install (1) Fascia Sign limited to On-premises Advertising and (2) Projecting Signs not in the form of a Roof Sign limited to On-premises Advertising (NORTH EAST MEDICAL CENTRE | NORTH EDMONTON PHARMACY),16717 - 71 STREET NW,Plan 2322452 Blk 9 Lot 14,2700,SCHONSEE,tastawiyiniwak Ward,,3,53.62935111696817,-113.45004076758846,,"{'type': 'Point', 'coordinates': [-113.45004076758846, 53.62935111696817]}",,CN,2026-07-02T00:00:00.000
661598133-002,Sign Permit,Permitted Development,Approved,To install (4) Fascia On-premises Signs (Millwoods ARP Drugs | Southwood Dental | Millwoods Physical Therapy Centre | Happy Haven Daycare).,4215 - 23 AVENUE NW,Plan 8620696 Blk 17 Lot 36,6150,DALY GROVE,Sspomitapi Ward,,3,53.45444738473423,-113.40803580991383,,"{'type': 'Point', 'coordinates': [-113.40803580991383, 53.45444738473423]}",,DC2 1168,2026-07-02T00:00:00.000
660514951-002,Sign Permit,Permitted Development,Approved,To install (5) Fascia Sign(s) limited to On-premises Advertising and (5) Projecting Sign(s) not in the form of a Roof Sign limited to On-premises Advertising (Farrow | Guardian Dental | OEB Breakfast | Paper Doll | Sip Liquor Market).,10240 - 124 STREET NW,Plan RN22 Blk 33 Lots 17-20,3440,WESTMOUNT,O-day'min Ward,124 Street and Area,3,53.544225223647686,-113.53640227901164,,"{'type': 'Point', 'coordinates': [-113.53640227901164, 53.544225223647686]}",,MU,2026-06-30T00:00:00.000
655421496-002,Sign Permit,Permitted Development,Approved,To install (4) Projecting Sign not in the form of a Roof Sign limited to On-premises Advertising (Hampton Shoppes Medical Clinic & Lessard West Pharmacy),4280 - 199 STREET NW,Condo Common Area (Plan 2620244),4461,THE HAMPTONS,sipiwiyiniwak Ward,,4,53.479028056,-113.672514083,,"{'type': 'Point', 'coordinates': [-113.672514083, 53.479028056]}",,CN,2026-06-18T00:00:00.000
660770606-002,Major Development Permit,Permitted Development,Approved,To operate a Health Service (physiotherapy) which is Accessory to a Community Service (Clareview Community Recreation Centre).,"140, 3804 - 139 AVENUE NW",Plan 1524909 Unit 1,2145,CLAREVIEW TOWN CENTRE,Dene Ward,,3,53.60301878221816,-113.40488487672924,,"{'type': 'Point', 'coordinates': [-113.40488487672924, 53.60301878221816]}",Developing,PS,2026-06-15T00:00:00.000
660760173-002,Sign Permit,Permitted Development,Approved,To install a Fascia Sign limited to On-premises Advertising (RX SQUARE MEDICAL CLINIC).,8240 - 175 STREET NW,Plan 7620073 Blk 12 Lot 1B,4560,THORNCLIFF,sipiwiyiniwak Ward,,3,53.51560093633077,-113.62444678438527,,"{'type': 'Point', 'coordinates': [-113.62444678438527, 53.51560093633077]}",,MU,2026-06-10T00:00:00.000
639763750-002,Sign Permit,Permitted Development,Approved,To install (2) Projecting Signs not in the form of a Roof Sign limited to On-premises Advertising (ASPEN WELLNESS PHARMACY & ACADEMIC STARS DAYCARE),1703 - 91 STREET SW,Condo Common Area (Plan 1421346),6213,SUMMERSIDE,Karhiio Ward,,3,53.4172748098563,-113.47854160696711,,"{'type': 'Point', 'coordinates': [-113.47854160696711, 53.4172748098563]}",,EIB,2026-06-09T00:00:00.000
658045992-002,Sign Permit,Permitted Development,Approved,To install (1) Projecting On-premises Sign (JASMINE DENTAL HYGIENE).,6557 - ANDREWS GATE SW,,5505,AMBLESIDE,pihêsiwin Ward,,3,53.42745805693714,-113.59111804345093,,"{'type': 'Point', 'coordinates': [-113.59111804345093, 53.42745805693714]}",,DC1,2026-06-08T00:00:00.000
658775760-002,Sign Permit,Permitted Development,Approved,To install (1) Fascia Sign limited to On-premises Advertising (Ref CSDP: 282607694-004) (JL ENDODONTICS | United Health Centre),"206, 7609 - 109 STREET NW","Condo Common Area (Plan 1720082,1423850)",5330,QUEEN ALEXANDRA,papastew Ward,,3,53.51261413845252,-113.51150893491945,,"{'type': 'Point', 'coordinates': [-113.51150893491945, 53.51261413845252]}",,MU,2026-06-05T00:00:00.000
659318206-002,Sign Permit,Permitted Development,Approved,To install a Fascia Sign limited to On-premises Advertising (Masahista Massage Clinic).,16518 - 50 STREET NW,Plan 0829853 Blk 63 Lot 101,2340,HOLLICK-KENYON,Dene Ward,,3,53.627730320466426,-113.41547303655531,,"{'type': 'Point', 'coordinates': [-113.41547303655531, 53.627730320466426]}",,CG,2026-05-29T00:00:00.000
650235172-002,Sign Permit,Permitted Development,Approved,To install a Projecting Sign not in the form of a Roof Sign limited to On-premises Advertising (CYREB MEDICAL CENTER).,5966 - MULLEN WAY NW,Plan 0729861 Blk 19 Lot 1,5477,MACTAGGART,pihêsiwin Ward,,3,53.43519438848131,-113.572549464401,,"{'type': 'Point', 'coordinates': [-113.572549464401, 53.43519438848131]}",,CG,2026-05-28T00:00:00.000
659426004-002,Sign Permit,Permitted Development,Approved,To install (1) Fascia Sign limited to On-premises Advertising (CY BECKER DENTAL),4166 - 167 AVENUE NW,Plan 2520773 Blk 12 Lot 66,2611,CY BECKER,Dene Ward,,4,53.628689015,-113.403954093,,"{'type': 'Point', 'coordinates': [-113.403954093, 53.628689015]}",,CG,2026-05-27T00:00:00.000
657212720-002,Sign Permit,Permitted Development,Approved,To install (1) Fascia Sign limited to On-premises Advertising (IRON CLINIC),"101, 3204 - PARSONS ROAD NW","Condo Common Area (Plan 0227127,0227803)",6570,PARSONS INDUSTRIAL,Karhiio Ward,,3,53.46462161113707,-113.48683341598573,,"{'type': 'Point', 'coordinates': [-113.48683341598573, 53.46462161113707]}",,BE,2026-05-12T00:00:00.000
653849921-002,Sign Permit,Permitted Development,Approved,To install a Fascia Sign limited to On-premises Advertising (Fraser Family Medial Clinic).,2627 - 151 AVENUE NW,Plan 0823678 Unit 3,2280,FRASER,Dene Ward,,3,53.61258047858996,-113.37916426611997,,"{'type': 'Point', 'coordinates': [-113.37916426611997, 53.61258047858996]}",,CN,2026-05-06T00:00:00.000
650868404-002,Sign Permit,Permitted Development,Approved,To install (8) Fascia Signs limited to On-premises Advertising (Walmart | Spark | Save Money Live Better | Garden Centre | Pickup | Pharmacy | Vision | Blank Panel).,16940 - 127 STREET NW,Plan 1424279 Blk 1 Lot 12,3460,ALBANY,Anirniq Ward,,3,53.63115483576635,-113.54312889810717,,"{'type': 'Point', 'coordinates': [-113.54312889810717, 53.63115483576635]}",,CG,2026-04-28T00:00:00.000
654721533-002,Sign Permit,Permitted Development,Approved,To install a Fascia On-premises Sign (Alberta Medical Association),"2FL, 5083 - WINDERMERE BOULEVARD SW",Plan 0621857 Blk 1 Lot 1,5505,AMBLESIDE,pihêsiwin Ward,,3,53.43276914934448,-113.59189910352896,,"{'type': 'Point', 'coordinates': [-113.59189910352896, 53.43276914934448]}",,DC2 668,2026-04-23T00:00:00.000
654405429-002,Sign Permit,Permitted Development,Approved,To install (2) Projecting Signs not in the form of a Roof Sign limited to On-premises Advertising (FYidoctors),6105 - CURRENTS DRIVE NW,Plan 0822223 Blk 14 Lot 2,5505,AMBLESIDE,pihêsiwin Ward,,4,53.43596305,-113.603317613,,"{'type': 'Point', 'coordinates': [-113.603317613, 53.43596305]}",,AUVC,2026-04-23T00:00:00.000
654514939-002,Major Development Permit,Permitted Development,Approved,To change the use from Office to Custom Manufacturing (compounding pharmacy) and to construct interior alterations,"UPPER, 9751 - 54 AVENUE NW",Plan 4372TR Blk 17 Lot 4,6100,CORONET INDUSTRIAL,papastew Ward,,3,53.489403907720735,-113.4824040631588,,"{'type': 'Point', 'coordinates': [-113.4824040631588, 53.489403907720735]}",Industrial,IM,2026-04-20T00:00:00.000
654146115-002,Sign Permit,Permitted Development,Approved,To install (3) Fascia On-premises Signs (MINDBODY PHYSIOTHERAPY & WELLNESS CLINIC),16537 - RABBIT HILL ROAD SW,Plan 2320929 Blk A Lot 3,5579,GLENRIDDING RAVINE,pihêsiwin Ward,,3,53.4096038872508,-113.60906625783711,,"{'type': 'Point', 'coordinates': [-113.60906625783711, 53.4096038872508]}",,DC2,2026-04-16T00:00:00.000
638011173-002,Sign Permit,Permitted Development,Approved,To install a Fascia Sign limited to On-premises Advertising (Bella Dental).,"109, 1803 - 91 STREET SW",Condo Common Area (Plan 1721728),6213,SUMMERSIDE,Karhiio Ward,,3,53.416814445984144,-113.47874720716055,,"{'type': 'Point', 'coordinates': [-113.47874720716055, 53.416814445984144]}",,EIB,2026-04-16T00:00:00.000
649640473-002,Major Development Permit,Permitted Development,Approved,To Convert a Portion of a Health Service (Massage Clinic) to a Body Rub Centre,"91, 3907 - 98 STREET NW",Plan 9422428 Unit 7,6700,STRATHCONA INDUSTRIAL PARK,Karhiio Ward,,3,53.47510285601563,-113.48130978052825,,"{'type': 'Point', 'coordinates': [-113.48130978052825, 53.47510285601563]}",Industrial,BE,2026-04-15T00:00:00.000
650764943-002,Sign Permit,Permitted Development,Approved,To install (4) Fascia On-premises Signs (Oya Hermitage Medical clinic & Pharmasave).,12719 - VICTORIA TRAIL NW,Plan 2321749 Blk 42 Lot 22A,2120,CANON RIDGE,Dene Ward,,3,53.580600320064306,-113.38169892838302,,"{'type': 'Point', 'coordinates': [-113.38169892838302, 53.580600320064306]}",,DC2 1226,2026-04-02T00:00:00.000
650195128-002,Major Development Permit,Permitted Development,Approved,To Convert a Portion of a Supportive Housing Facility to a Health Care Facility (approx. 215m2 on the 2nd Floor of the Building),10723 - 111 AVENUE NW,Plan 7540AH Blk 7 Lots 255-256,1030,CENTRAL MCDOUGALL,O-day'min Ward,Kingsway,3,53.55855147025859,-113.50592349974002,,"{'type': 'Point', 'coordinates': [-113.50592349974002, 53.55855147025859]}",Redeveloping,MU,2026-03-26T00:00:00.000
647103991-002,Sign Permit,Permitted Development,Approved,To install (2) Fascia Sign(s) limited to On-premises Advertising (Milestones Diagnostics),16508 - 118 AVENUE NW,Condo Common Area (Plan 1525451),4100,CARLETON SQUARE INDUSTRIAL,Nakota Isga Ward,,3,53.571316260882426,-113.60703339488867,,"{'type': 'Point', 'coordinates': [-113.60703339488867, 53.571316260882426]}",,BE,2026-03-12T00:00:00.000
648315685-002,Sign Permit,Permitted Development,Approved,To install (2) Fascia Signs limited to On-premises Advertising (GRIESBACH DENTAL),"105, 9934 - 137 AVENUE NW",Plan 1523747 Blk 27 Lot 5,3111,GRIESBACH,Anirniq Ward,,3,53.60084169211975,-113.49506314068614,,"{'type': 'Point', 'coordinates': [-113.49506314068614, 53.60084169211975]}",,GVC,2026-03-04T00:00:00.000
647840288-002,Sign Permit,Permitted Development,Approved,To install a Fascia Sign limited to On-premises Advertising (Heal All Physiotherapy),15358 - 18 STREET NW,Plan 2322123 Blk 1 Lot 1,2311,GORMAN,Dene Ward,,3,53.616850956422425,-113.36978449889784,,"{'type': 'Point', 'coordinates': [-113.36978449889784, 53.616850956422425]}",,CN,2026-03-03T00:00:00.000
647020432-002,Sign Permit,Permitted Development,Approved,To install (2) Fascia On-premises Signs (STADIUM MEDICAL CLINIC | IDA ARENA PHARMACY),9117 - 111 AVENUE NW,Condo Common Area (Plan 1723428),1140,MCCAULEY,O-day'min Ward,,3,53.560452158566775,-113.48135806000948,,"{'type': 'Point', 'coordinates': [-113.48135806000948, 53.560452158566775]}",,DC2,2026-02-27T00:00:00.000
645146338-002,Sign Permit,Permitted Development,Approved,To install (2) Fascia Signs limited to On-premises Advertising (insight medical imaging ).,17340 - HILLER ROAD SW,Plan 2222330 Blk 5 Lot 26,5570,WINDERMERE,pihêsiwin Ward,,3,53.42215065229361,-113.61866576165542,,"{'type': 'Point', 'coordinates': [-113.61866576165542, 53.42215065229361]}",,CG,2026-02-09T00:00:00.000
642989215-002,Sign Permit,Permitted Development,Approved,To install (2) Fascia Signs limited to On-premises Advertising (BIG LAKE PHYSIOTHERAPY & WELLNESS),"8, 109 - KINGLET BOULEVARD NW",Plan 2220074 Blk 1 Lot 1,4477,KINGLET GARDENS,Nakota Isga Ward,,3,53.57386840251041,-113.69049190980908,,"{'type': 'Point', 'coordinates': [-113.69049190980908, 53.57386840251041]}",,CG,2026-01-26T00:00:00.000
643554335-002,Sign Permit,Permitted Development,Approved,To install (1) Projecting Sign not in the form of a Roof Sign limited to On-premises Advertising (PROACTIVE PHYSIOTHERAPY & MASSAGE),4218 - GATEWAY BOULEVARD NW,Plan 9422309 Blk 5 Lot 4,5120,CALGARY TRAIL SOUTH,papastew Ward,,3,53.478745669076346,-113.49375130581582,,"{'type': 'Point', 'coordinates': [-113.49375130581582, 53.478745669076346]}",,CG,2026-01-22T00:00:00.000
633470354-002,Sign Permit,Permitted Development,Approved,To install (3) Projecting Signs in the form of a Roof Sign limited to On-premises Advertising (MEDICAL SUPPLIES STORE),13737 - 127 STREET NW,Plan 8322893 Blk 39 Lot 1,3020,BARANOW,Anirniq Ward,,3,53.60034466791991,-113.53956947002729,,"{'type': 'Point', 'coordinates': [-113.53956947002729, 53.60034466791991]}",,CG,2026-01-21T00:00:00.000
641193991-002,Major Development Permit,Permitted Development,Approved,To revise the scope of DP#509704821-002 to the following: demolishing an existing building and constructing a three(3) storey Health Services building (Stafford Medical Clinic),6011 - 120 AVENUE NW,Plan 2693HW Blk S Lot 6,2550,MONTROSE,Métis Ward,,3,53.573268601384996,-113.43430272400045,,"{'type': 'Point', 'coordinates': [-113.43430272400045, 53.573268601384996]}",Redeveloping,DC2,2026-01-16T00:00:00.000
642579240-002,Sign Permit,Permitted Development,Approved,To install (2) Fascia Signs limited to On-premises Advertising (STONY RIDGE HEALTH CENTRE),15311 - STONY PLAIN ROAD NW,Plan 5229AD Blk 21 Lots 3-4,4580,WEST JASPER PLACE,Nakota Isga Ward,Stony Plain Road and Area,3,53.5409931911059,-113.58591602054025,,"{'type': 'Point', 'coordinates': [-113.58591602054025, 53.5409931911059]}",,MU,2026-01-15T00:00:00.000
642141051-002,Sign Permit,Not Available,Approved,To install a Projecting Sign not in the form of a Roof Sign limited to On-premises Advertising (CSDP 474756064-002 | Location 4)(MEDICARE Alberta Clinic & Pharmacy).,"101, 15922 - STONY PLAIN ROAD NW",Plan 1924AM Blk 4 Lots 23-26,4060,BRITANNIA YOUNGSTOWN,Nakota Isga Ward,Stony Plain Road and Area,6,53.541594894898495,-113.59665645601005,,"{'type': 'Point', 'coordinates': [-113.59665645601005, 53.541594894898495]}",,MU,2026-01-07T00:00:00.000
639891718-002,Sign Permit,Permitted Development,Approved,To install a Fascia Sign limited to On-premises Advertising (Physiologix Physical Theraphy).,305 - PARSONS ROAD SW,Condo Common Area (Plan 2420498),6214,ELLERSLIE INDUSTRIAL,Karhiio Ward,,4,53.430878036,-113.478186143,,"{'type': 'Point', 'coordinates': [-113.478186143, 53.430878036]}",,EIB,2025-12-11T00:00:00.000
633093625-002,Sign Permit,Permitted Development,Approved,To install a Projecting On-premises Sign (Insight Medical Imaging).,2049 - 111 STREET NW,Plan 8720395 Blk 1 Lot 4,5250,KEHEEWIN,Ipiihkoohkanipiaohtsi Ward,,3,53.45233406729885,-113.51367306254681,,"{'type': 'Point', 'coordinates': [-113.51367306254681, 53.45233406729885]}",,DC2 1146,2025-12-11T00:00:00.000
637704021-002,Sign Permit,Permitted Development,Approved,To install (1) Fascia Sign limited to On-premises Advertising (THE GENOMIC CLINIC),4841 - GATEWAY BOULEVARD NW,Condo Common Area (Plan 2620014),5110,CALGARY TRAIL NORTH,papastew Ward,,3,53.48620766536014,-113.49109919480006,,"{'type': 'Point', 'coordinates': [-113.49109919480006, 53.48620766536014]}",,CG,2025-12-08T00:00:00.000
637475718-002,Sign Permit,Permitted Development,Approved,To install a Fascia Sign limited to On-premises Advertising (Meadowleaf Dental).,3908 - 17 STREET NW,Plan 0620021 Blk 21 Lot 13,6390,LARKSPUR,Sspomitapi Ward,,3,53.478243952584975,-113.37059210061364,,"{'type': 'Point', 'coordinates': [-113.37059210061364, 53.478243952584975]}",,CG,2025-12-08T00:00:00.000
612254275-002,Major Development Permit,Permitted Development,Approved,"To change the Use from a General Industrial Use to an Animal Hospital and Shelter with Accessory Personal Service Shop (pet grooming) and construct exterior alterations (dog run, maximum of 65 dogs).",6044 - GATEWAY BOULEVARD NW,Plan 1922987 Blk 83 Lot 11,5110,CALGARY TRAIL NORTH,papastew Ward,,3,53.49813160902035,-113.49308379829446,,"{'type': 'Point', 'coordinates': [-113.49308379829446, 53.49813160902035]}",Industrial,DC2,2025-12-03T00:00:00.000
637919068-002,Sign Permit,Permitted Development,Approved,"To install (2) Fascia Signs limited to On-premises Advertising (CSDP 563454930-002 | A5, A6) (General Dental).",8137 - 97 STREET NW,Plan 4575S Blk 12 Lots 1-7,6610,RITCHIE,papastew Ward,French Quarter,3,53.517726035394816,-113.47902241464489,,"{'type': 'Point', 'coordinates': [-113.47902241464489, 53.517726035394816]}",,MU,2025-11-27T00:00:00.000
637339265-002,Sign Permit,Permitted Development,Approved,To install a Fascia Sign limited to On-premises Advertising (Connexions Animal Chiropractic).,"101, 7657 - 50 STREET NW",Plan 2196RS Lot Q,6780,WEIR INDUSTRIAL,Métis Ward,,4,53.513264023,-113.417148129,,"{'type': 'Point', 'coordinates': [-113.417148129, 53.513264023]}",,BE,2025-11-25T00:00:00.000
634867295-002,Sign Permit,Permitted Development,Approved,To install (1) Fascia Sign limited to On-premises Advertising (WHITEMUD MEADOWS DENTAL),3908 - 17 STREET NW,Plan 0620021 Blk 21 Lot 13,6390,LARKSPUR,Sspomitapi Ward,,3,53.478243952584975,-113.37059210061364,,"{'type': 'Point', 'coordinates': [-113.37059210061364, 53.478243952584975]}",,CG,2025-11-13T00:00:00.000
636018635-002,Sign Permit,Permitted Development,Approved,To install (2) Fascia Signs limited to On-premises Advertising (GRANVILLE VETERINARY CLINIC),21310 - 98 AVENUE NW,Plan 5496HW Lot 16,4261,LEWIS FARMS BUSINESS EMPLOYMENT,Nakota Isga Ward,,3,53.536851406803805,-113.68689588177165,,"{'type': 'Point', 'coordinates': [-113.68689588177165, 53.536851406803805]}",,DC1,2025-11-13T00:00:00.000
634680055-002,Sign Permit,Permitted Development,Approved,To install (2) Fascia Signs limited to On-premises Advertising (DENTAL CHOICE WHYTE AVE),11111 - 82 AVENUE NW,Condo Common Area (Plan 0123147),5200,GARNEAU,papastew Ward,,3,53.51779037360941,-113.51829972454036,,"{'type': 'Point', 'coordinates': [-113.51829972454036, 53.51779037360941]}",,RL,2025-11-13T00:00:00.000
633106907-002,Sign Permit,Permitted Development,Approved,To install a Projecting Sign not in the form of a Roof Sign limited to On-premises Advertising (Rabbit Hill Vet Clinic).,14020 - 23 AVENUE NW,Plan 0421742 Blk 165 Lot 100,5620,HODGSON,pihêsiwin Ward,,3,53.45504296984434,-113.56363386594678,,"{'type': 'Point', 'coordinates': [-113.56363386594678, 53.45504296984434]}",,CG,2025-11-12T00:00:00.000
630688260-002,Major Development Permit,Permitted Development,Approved,"To construct an addition to a Addition to an Indoor Sales and Service limited to an Animal Hospitals and Shelters (Edmonton Humane Society), and construct interior and exterior alterations.",13620 - 163 STREET NW,Plan 0221954 Blk 8 Lot 1,4320,MISTATIM INDUSTRIAL,Anirniq Ward,,3,53.59781898647134,-113.6043834873071,,"{'type': 'Point', 'coordinates': [-113.6043834873071, 53.59781898647134]}",Industrial,IM,2025-10-28T00:00:00.000
633057269-002,Sign Permit,Permitted Development,Approved,To install (2) Fascia Signs limited to On-premises Advertising (Hawks Ridge Dental).,457 - HAWKS RIDGE BOULEVARD NW,Plan 1221444 Blk 7 Lot 1,4473,HAWKS RIDGE,Nakota Isga Ward,,3,53.588909355808156,-113.69060231120062,,"{'type': 'Point', 'coordinates': [-113.69060231120062, 53.588909355808156]}",,DC 20807,2025-10-27T00:00:00.000
633276109-002,Sign Permit,Permitted Development,Approved,To install (2) Fascia Signs limited to On-premises Advertising (Eco Medical Equipment),11749 - 180 STREET NW,Plan 8021408 Blk 4 Lot 4,4130,EDMISTON INDUSTRIAL,Nakota Isga Ward,Northwest Industrial,3,53.56910353873175,-113.6299434466817,,"{'type': 'Point', 'coordinates': [-113.6299434466817, 53.56910353873175]}",,IM,2025-10-22T00:00:00.000
632394934-002,Sign Permit,Permitted Development,Approved,To install a Projecting On-premises Sign (Chiropractic).,3739 - 8 AVENUE SW,Plan 1623687 Blk 6 Lot 1,6661,CHARLESWORTH,Karhiio Ward,,3,53.425418273453865,-113.39854738773647,,"{'type': 'Point', 'coordinates': [-113.39854738773647, 53.425418273453865]}",,DC1 19382,2025-10-20T00:00:00.000
632751418-002,Sign Permit,Permitted Development,Approved,To install (2) Fascia Signs limited to On-premises Advertising (ARC PHYSIOTHERAPY | ELITE SOCCER),10607 - PRINCESS ELIZABETH AVENUE NW,Plan 2579HW Blk 6 Lot 392,1230,SPRUCE AVENUE,O-day'min Ward,Kingsway,3,53.56528324693692,-113.50443408015393,,"{'type': 'Point', 'coordinates': [-113.50443408015393, 53.56528324693692]}",,UF,2025-10-20T00:00:00.000
632398317-002,Sign Permit,Permitted Development,Approved,To To install a Projecting Sign not in the form of a Roof Sign limited to On-premises Advertising (CHIROPRACTIC).,3526 - EWING TRAIL SW,Plan 1324849 Blk 5 Lot 10,6214,ELLERSLIE INDUSTRIAL,Karhiio Ward,,3,53.40092693364659,-113.49106896406835,,"{'type': 'Point', 'coordinates': [-113.49106896406835, 53.40092693364659]}",,BE,2025-10-20T00:00:00.000
631176706-002,Sign Permit,Permitted Development,Approved,To install a Fascia On-premises Sign (MIC Medical Imaging).,"201, 7319 - 29 AVENUE NW",Plan 2420878 Blk 7 Lot 4B,6340,KAMEYOSEK,Karhiio Ward,,4,53.45925503,-113.444931141,,"{'type': 'Point', 'coordinates': [-113.444931141, 53.45925503]}",,DC2 1171,2025-10-17T00:00:00.000
631170868-002,Sign Permit,Permitted Development,Approved,To install a Projecting Sign not in the form of a Roof Sign limited to On-premises Advertising (MASSAGE CLINIC | Masahista Healing Hands).,11096 - 156 STREET NW,Plan 6197HW Lot A,4290,MAYFIELD,Nakota Isga Ward,,3,53.55825567805969,-113.59135519285289,,"{'type': 'Point', 'coordinates': [-113.59135519285289, 53.55825567805969]}",,CG,2025-10-16T00:00:00.000
627075926-002,Sign Permit,Discretionary Development,Approved,To install (2) Fascia Signs limited to On-premises Advertising (LAUREL PHARMACY CLINIC) (Non-illuminated),1660 - 24 STREET NW,Plan 1723002 Blk 13 Lot 1,6444,LAUREL,Sspomitapi Ward,,3,53.44582635338732,-113.3762440047525,,"{'type': 'Point', 'coordinates': [-113.3762440047525, 53.44582635338732]}",,RM,2025-10-15T00:00:00.000
626934913-002,Sign Permit,Discretionary Development,Approved,To install (2) Fascia Signs limited to On-premises Advertising (LAUREL FAMILY CLINIC) (Non-illuminated).,1664 - 24 STREET NW,Plan 1723002 Blk 13 Lot 1,6444,LAUREL,Sspomitapi Ward,,3,53.44582635338732,-113.3762440047525,,"{'type': 'Point', 'coordinates': [-113.3762440047525, 53.44582635338732]}",,RM,2025-10-15T00:00:00.000
627438841-002,Sign Permit,Permitted Development,Approved,To install (1) Projecting Sign limited to On-premises Advertising (CSDP: 507964547-002 | A1.S1.5) (EVER SQUARE PHYSIOTHERAPY),4742 - GATEWAY BOULEVARD NW,Plan 7620205 Blk 28 Lots 2-3,5110,CALGARY TRAIL NORTH,papastew Ward,,3,53.48478764159621,-113.49353049972763,,"{'type': 'Point', 'coordinates': [-113.49353049972763, 53.48478764159621]}",,DC2,2025-10-14T00:00:00.000
631865421-002,Sign Permit,Permitted Development,Approved,To install (2) Fascia Signs limited to On-premises Advertising (PRO CARE PHARMACY & MEDICAL CLINIC),12940 - 97 STREET NW,Plan 7249W Blk 11 Lot 4,3260,LAUDERDALE,Anirniq Ward,,3,53.58864955403011,-113.49258540748657,,"{'type': 'Point', 'coordinates': [-113.49258540748657, 53.58864955403011]}",,MU,2025-10-10T00:00:00.000
624481245-002,Sign Permit,Permitted Development,Approved,To install (2) Projecting On-premises Signs (Ref CSDP: 507964547-002 Location #A1.S1.2 and A1.S1.3 (EVER SQUARE EYE CARE| DRY EYE CLINIC),4734 - GATEWAY BOULEVARD NW,Plan 7620205 Blk 28 Lots 2-3,5110,CALGARY TRAIL NORTH,papastew Ward,,3,53.48478764159621,-113.49353049972763,,"{'type': 'Point', 'coordinates': [-113.49353049972763, 53.48478764159621]}",,DC2,2025-10-10T00:00:00.000
631867778-002,Sign Permit,Permitted Development,Approved,To install a Fascia Sign limited to On-premises Advertising (Ritchie Dental).,9601 - 82 AVENUE NW,Plan 4575S Blk 12 Lots 16-18,6610,RITCHIE,papastew Ward,French Quarter,3,53.51771928105506,-113.47705118606248,,"{'type': 'Point', 'coordinates': [-113.47705118606248, 53.51771928105506]}",,MU,2025-10-08T00:00:00.000
630850158-002,Sign Permit,Permitted Development,Approved,To install (1) Fascia Sign limited to On-premises Advertising (Ref: CSDP 619482351-002 #1C) (CRU physiotherapy),"300, 9861 - 89 AVENUE NW",Plan 8220520 Blk 118 Lot 40A,5480,STRATHCONA,papastew Ward,,3,53.52419843207817,-113.4856933249939,,"{'type': 'Point', 'coordinates': [-113.4856933249939, 53.52419843207817]}",,MU,2025-10-08T00:00:00.000
629101782-002,Sign Permit,Discretionary Development,Approved,To install (1) Projecting Sign limited to On-premises Advertising (One Eleven Pharmacy | Jasper 111 Building),11022 - JASPER AVENUE NW,Plan NB Blk 10 Lots 91-92,1151,WÎHKWÊNTÔWIN,O-day'min Ward,,3,53.54128012853798,-113.5116799457457,,"{'type': 'Point', 'coordinates': [-113.5116799457457, 53.54128012853798]}",,DC2,2025-10-07T00:00:00.000
616670424-002,Major Development Permit,Permitted Development,Approved,"To construct a Health Service Building, Rady Health Centre.","201, 485 - MISTATIM WAY NW",Plan 1821108 Blk 2 Lot 6,4320,MISTATIM INDUSTRIAL,Anirniq Ward,,3,53.60086103773285,-113.58151164551126,,"{'type': 'Point', 'coordinates': [-113.58151164551126, 53.60086103773285]}",Industrial,CB,2025-10-06T00:00:00.000
627417391-002,Sign Permit,Permitted Development,Approved,To install (2) Fascia Signs limited to On-premises Advertising (Park Plaza Pharmacy & Park Plaza Medical Clinic).,11826 - 103 STREET NW,Plan RN52 Blk 3 Lots 1-10,1250,WESTWOOD,O-day'min Ward,Alberta Avenue,3,53.57116089734086,-113.49870181796425,,"{'type': 'Point', 'coordinates': [-113.49870181796425, 53.57116089734086]}",,MU,2025-10-03T00:00:00.000
519214472-002,Sign Permit,Permitted Development,Approved,To establish a Comprehensive Sign Design Plan for (Dickinsfield Mall) and to install (9) Fascia Signs limited to On-premises Advertising ( Alberta Health 2 – Dar Al-Sunnah 3 – Sharshar Dental 4 – Daycare & OSC 5 – Dar Al-Sunnah 6 – Alberta Health 7 – Sharshar Dental 8 – Prime Health 9 – Medicentres 10 – Daycare & OSC 11 – Morad Food Market ).,"1, 9228 - 144 AVENUE NW",Plan 2547RS Blk 35 Lot 3,2260,EVANSDALE,tastawiyiniwak Ward,,3,53.606670929007805,-113.48277278235503,,"{'type': 'Point', 'coordinates': [-113.48277278235503, 53.606670929007805]}",,MUN,2025-09-25T00:00:00.000
629455567-002,Sign Permit,Permitted Development,Approved,"To install (2) Fascia Signs limited to On-premises Advertising (CSDP 500063348-002 | 79, 63)(Aura Eye Clinic).",5312 - ADMIRAL GIROUARD STREET NW,Condo Common Area (Plan 2321252),3111,GRIESBACH,Anirniq Ward,,4,53.60030303,-113.513461578,,"{'type': 'Point', 'coordinates': [-113.513461578, 53.60030303]}",,CG,2025-09-25T00:00:00.000
625764979-002,Sign Permit,Permitted Development,Approved,To install (1) Fascia Sign limited to On-premises Advertising (HEALING HUB COMPOUNDING PHARMACY WALK-IN CLINIC),11959 - 82 STREET NW,Plan RN63 Blk 1 Lots 18-20,1100,EASTWOOD,Métis Ward,,3,53.573232827227024,-113.4667877638754,,"{'type': 'Point', 'coordinates': [-113.4667877638754, 53.573232827227024]}",,CN,2025-09-25T00:00:00.000
624873426-002,Sign Permit,Permitted Development,Approved,To install (3) Fascia Signs limited to On-premises Advertising (Ebbers Family Dental),342 - EBBERS BOULEVARD NW,Plan 1524148 Blk 8 Lot 1,2251,EBBERS,Dene Ward,,3,53.61309613388168,-113.40129690024074,,"{'type': 'Point', 'coordinates': [-113.40129690024074, 53.61309613388168]}",,CG,2025-09-19T00:00:00.000
628656686-002,Sign Permit,Permitted Development,Approved,To install (1) Fascia Sign(s) limited to On-premises Advertising (INNOMAR PHARMACY),4308 - SAVARYN DRIVE SW,Plan 0729580 Blk 1 Lot 48,6213,SUMMERSIDE,Karhiio Ward,,3,53.415712427624726,-113.47858449358169,,"{'type': 'Point', 'coordinates': [-113.47858449358169, 53.415712427624726]}",,EIB,2025-09-19T00:00:00.000
625975121-002,Sign Permit,Permitted Development,Approved,To install (3) Fascia Signs limited to On-premises Advertising (Elevate Dental).,16753 - RABBIT HILL ROAD SW,Plan 2320929 Blk A Lot 2,5579,GLENRIDDING RAVINE,pihêsiwin Ward,,3,53.40932827323812,-113.61201284038492,,"{'type': 'Point', 'coordinates': [-113.61201284038492, 53.40932827323812]}",,CG,2025-09-17T00:00:00.000
457703621-013,Major Development Permit,Permitted Development,Approved,"To construct exterior alterations to a Health Care Facility site (revisions to previously approved landscape plan, reference DP 457703621-002).",14007 - 50 STREET NW,Plan 9724257 Blk 6 Lot 1,2541,MILLER,Dene Ward,,3,53.604036888449556,-113.41722089111767,,"{'type': 'Point', 'coordinates': [-113.41722089111767, 53.604036888449556]}",Redeveloping,UF,2025-09-09T00:00:00.000
626987739-002,Sign Permit,Permitted Development,Approved,To install (1) Fascia Sign On-premises Sign (Soul2Sole Massage & Wellness Clinic | Riverbend),600 - RIVERBEND SQUARE NW,Plan 9023003 Blk 101 Lot 35,5190,FALCONER HEIGHTS,pihêsiwin Ward,,3,53.46875560296266,-113.58789237556161,,"{'type': 'Point', 'coordinates': [-113.58789237556161, 53.46875560296266]}",,DC2,2025-09-08T00:00:00.000
626200416-002,Sign Permit,Not Available,Approved,To install (2) Projecting Signs not in the form of a Roof Sign limited to On-premises Advertising (Mettra Pharmacy),13803 - 127 STREET NW,Plan 8820046 Blk 39 Lot 2,3020,BARANOW,Anirniq Ward,,3,53.60148268475179,-113.53963505044499,,"{'type': 'Point', 'coordinates': [-113.53963505044499, 53.60148268475179]}",,CG,2025-09-05T00:00:00.000
625019462-002,Major Development Permit,Permitted Development,Approved,"To change the Use from Professional, Financial and Office Support Services to Indoor Sales and Service (animal hospital and shelter) with Outdoor Sales and Service (dog play space) and to move an Accessory building (sea can) on Site.",60 - AIRPORT ROAD NW,Plan 6466MC Blk 18B Lot 5,1111,BLATCHFORD AREA,O-day'min Ward,Kingsway,3,53.568246339748896,-113.52141807838522,,"{'type': 'Point', 'coordinates': [-113.52141807838522, 53.568246339748896]}",Redeveloping,BE,2025-08-29T00:00:00.000
625985900-002,Sign Permit,Permitted Development,Approved,To install a Freestanding Sign limited to On-premises Advertising (Covenant Health Center).,7319 - 29 AVENUE NW,Plan 2420878 Blk 7 Lot 4B,6340,KAMEYOSEK,Karhiio Ward,,4,53.45925503,-113.444931141,,"{'type': 'Point', 'coordinates': [-113.444931141, 53.45925503]}",,DC2 1171,2025-08-26T00:00:00.000
607663459-002,Major Development Permit,Permitted Development,Approved,"To change the use of a portion of an Office to a Health Service and to construct exterior and interior alterations (interior expansion of chiropractic clinic, new door and exterior steps on east elevation).",10112 - 117 STREET NW,Plan 5349NY Blk 17 Lot 28A,1151,WÎHKWÊNTÔWIN,O-day'min Ward,,3,53.541423207862366,-113.52405908997326,,"{'type': 'Point', 'coordinates': [-113.52405908997326, 53.541423207862366]}",Redeveloping,MU,2025-08-25T00:00:00.000
623161863-002,Major Development Permit,Permitted Development,Approved,To change the use from Animal Hospital and Shelter to a Minor Industrial use (office furniture storage) and to construct interior alterations,17555 - 108 AVENUE NW,Plan 7721110 Blk 7 Lot 1,4300,MCNAMARA INDUSTRIAL,Nakota Isga Ward,,3,53.554177330056405,-113.62363690285926,,"{'type': 'Point', 'coordinates': [-113.62363690285926, 53.554177330056405]}",Industrial,IM,2025-08-15T00:00:00.000
619172602-002,Sign Permit,Permitted Development,Approved,"To install (1) Fascia Sign and (1) Projecting Sign, limited to On-premises Advertising (TIME MASSAGE CARE CLINIC)",8987 - CARSON WAY SW,"Condo Common Area (Plan 2122616,2120841)",5462,CHAPPELLE AREA,Ipiihkoohkanipiaohtsi Ward,,3,53.39670666039634,-113.59370869440176,,"{'type': 'Point', 'coordinates': [-113.59370869440176, 53.39670666039634]}",,CG,2025-08-07T00:00:00.000
587263725-002,Major Development Permit,Permitted Development,Approved,"To construct a mixed-use building - main floor Health Service (clinic) and Indoor Sales and Service (pharmacy), with Residential on floors 2-6 (36 Dwellings of Multi-unit Housing).",11444 - 94 STREET NW,Plan RN43 Blk 30 Lots 16-17,1010,ALBERTA AVENUE,Métis Ward,,3,53.56561796867016,-113.48611401136847,,"{'type': 'Point', 'coordinates': [-113.48611401136847, 53.56561796867016]}",Redeveloping,RM,2025-08-07T00:00:00.000
621199537-002,Sign Permit,Permitted Development,Approved,To install a Fascia Sign limited to On-premises Advertising (CBI HEALTH PHYSIOTHERAPY).,10141 - 50 STREET NW,"Plan 6098KS Blk 89 Lots 11U,12U,13",6270,GOLD BAR,Métis Ward,,3,53.542051459911455,-113.41744741031204,,"{'type': 'Point', 'coordinates': [-113.41744741031204, 53.542051459911455]}",,DC2 291,2025-07-30T00:00:00.000
619783914-002,Sign Permit,Permitted Development,Approved,To install (3) Fascia On-premises Signs (FOCUS PHYSIOTHERAPY).,9930 - 175 STREET NW,Plan 1922303 Blk 1 Lot 4,4540,TERRA LOSA,Nakota Isga Ward,,3,53.53664244499117,-113.62352243697188,,"{'type': 'Point', 'coordinates': [-113.62352243697188, 53.53664244499117]}",,DC2,2025-07-24T00:00:00.000
612874907-002,Major Development Permit,Permitted Development,Approved,To Operate an Indoor Sales and Service and Outdoor Sales and Service (Animal Hospital and Shelter),14524 - 115 AVENUE NW,Condo Common Area (Plan 9222167),3230,HUFF BREMNER ESTATE INDUSTRIAL,Anirniq Ward,,3,53.56566156323406,-113.57225916003941,,"{'type': 'Point', 'coordinates': [-113.57225916003941, 53.56566156323406]}",Industrial,IM,2025-07-11T00:00:00.000
612511284-002,Sign Permit,Permitted Development,Approved,To install (2) Fascia Signs limited to On-premises Advertising (Ref. CSDP: 614466263-002 Location #4) (BloomRx PHARMACY| 137 Ave. Plaza),13633 - 119 STREET NW,Plan 4124MC Blk 25 Lot 8,3250,KENSINGTON,Anirniq Ward,,3,53.59910606179699,-113.52637519296562,,"{'type': 'Point', 'coordinates': [-113.52637519296562, 53.59910606179699]}",,CN,2025-07-09T00:00:00.000
611179234-002,Sign Permit,Permitted Development,Approved,"To install (2) Fascia Signs limited to On-premises Advertising (Ref CSDP: 614466263-002 #1A, 1B) (BRIDGE FAMILY DENTAL | 137 Ave. Plaza)",13641 - 119 STREET NW,Plan 4124MC Blk 25 Lot 8,3250,KENSINGTON,Anirniq Ward,,3,53.59910606179699,-113.52637519296562,,"{'type': 'Point', 'coordinates': [-113.52637519296562, 53.59910606179699]}",,CN,2025-07-09T00:00:00.000
614501860-002,Sign Permit,Permitted Development,Approved,"To install (1) Projecting Sign not in the form of a Roof Sign, limited to On-premises Advertising (Ref CSDP: 560376113-002 Bldg 3 Location #01 and 02) (MED HEALTH PHARMACY & CLINIC)",3371 - 153 AVENUE NW,Condo Common Area (Plan 2421328),2251,EBBERS,Dene Ward,,4,53.614946014,-113.3920876,,"{'type': 'Point', 'coordinates': [-113.3920876, 53.614946014]}",,DC2,2025-07-08T00:00:00.000
613547376-002,Major Development Permit,Not Available,Approved,To change the use from Office to Minor Industrial use (expand ULS testing laboratory into 1036-Parsons Road SW) and to construct interior and exterior alterations (new rear overhead door),1036 - PARSONS ROAD SW,Plan 0627332 Blk 16 Lot 3A,6214,ELLERSLIE INDUSTRIAL,Karhiio Ward,,3,53.42230314103263,-113.48043292620866,,"{'type': 'Point', 'coordinates': [-113.48043292620866, 53.42230314103263]}",Industrial,EIB,2025-07-03T00:00:00.000
579926583-002,Major Development Permit,Discretionary Development,Approved,To Change the Use from a Minor Industrial Use to a Health Service (Physiotherapy Clinic),305 - PARSONS ROAD SW,Condo Common Area (Plan 2420498),6214,ELLERSLIE INDUSTRIAL,Karhiio Ward,,4,53.430878036,-113.478186143,,"{'type': 'Point', 'coordinates': [-113.478186143, 53.430878036]}",Industrial,EIB,2025-07-02T00:00:00.000
579958080-002,Major Development Permit,Permitted Development,Approved,To change the Use from animal hospitals and shelters to Minor Industrial and to construct interior alterations.,12001 - 149 STREET NW,Plan 2298NY Blk 3 Lot 6A,3160,DOMINION INDUSTRIAL,Anirniq Ward,,3,53.57235008028484,-113.57728018681428,,"{'type': 'Point', 'coordinates': [-113.57728018681428, 53.57235008028484]}",Industrial,IM,2025-06-20T00:00:00.000
599925718-002,Sign Permit,Permitted Development,Approved,To install (1) Fascia On-premises Sign (MAYA DENTAL).,1643 - 102 STREET NW,Plan 0523297 Blk 18 Lot 4,6195,SOUTH EDMONTON COMMON,Karhiio Ward,,3,53.4451346832426,-113.48992489052442,,"{'type': 'Point', 'coordinates': [-113.48992489052442, 53.4451346832426]}",,DC2,2025-06-16T00:00:00.000
595612730-002,Major Development Permit,Permitted Development,Approved,To change the use of an Animal Hospital and Shelter to Vehicle Support Service and to construct interior alterations.,10325 - 56 AVENUE NW,Plan 6164HW Blk 88 Lots 5-6,5110,CALGARY TRAIL NORTH,papastew Ward,,3,53.49285219280249,-113.49452905737292,,"{'type': 'Point', 'coordinates': [-113.49452905737292, 53.49285219280249]}",Industrial,IM,2025-06-10T00:00:00.000
589814813-002,Major Development Permit,Permitted Development,Approved,"To construct exterior alterations to a Health Care Facility (Indigenous healing garden, addition of trees, shrubs and perennials, circular concrete gathering space with benches and walkway), Misericordia Hospital.",16940 - 87 AVENUE NW,Plan 0726880 Blk 3 Lot 5,4590,WEST MEADOWLARK PARK,sipiwiyiniwak Ward,,3,53.52174794433327,-113.61182470968517,,"{'type': 'Point', 'coordinates': [-113.61182470968517, 53.52174794433327]}",Redeveloping,UF,2025-05-29T00:00:00.000
597406262-002,Sign Permit,Permitted Development,Approved,To install (1) Fascia Sign limited to On-premises Advertising (BEVERLY VALUE DRUG MART AND TRAVEL CLINIC),3347 - 118 AVENUE NW,Plan 7722129 Blk 1 Lot 7,2660,RUNDLE HEIGHTS,Métis Ward,Beverly,3,53.569901167774134,-113.39246085073273,,"{'type': 'Point', 'coordinates': [-113.39246085073273, 53.569901167774134]}",,MU,2025-05-29T00:00:00.000
527497191-002,Sign Permit,Permitted Development,Approved,"To install (2) Projecting On-premises Signs (Ref CSDP: 541696994-002 #S.4, E.1)  (INNOVATIVE ENERGY CLINICS Laser Health & Beauty | Our Parents Home)",11908 - JASPER AVENUE NW,Plan 1525535 Unit 1,1151,WÎHKWÊNTÔWIN,O-day'min Ward,,3,53.54128300745403,-113.52725235265419,,"{'type': 'Point', 'coordinates': [-113.52725235265419, 53.54128300745403]}",,DC2,2025-05-28T00:00:00.000
598398097-002,Sign Permit,Not Available,Approved,To install a Fascia On-premises Sign (Lifemark Physiotherapy).,10393 - 51 AVENUE NW,Plan 0424375 Blk 1 Lot 11,5170,EMPIRE PARK,papastew Ward,,3,53.487500186195525,-113.49769298330038,,"{'type': 'Point', 'coordinates': [-113.49769298330038, 53.487500186195525]}",,DC2 632,2025-05-28T00:00:00.000
549466112-002,Sign Permit,Permitted Development,Approved,To install (2) Projecting On-premises Signs (CSDP: 507964547-002 | A1.S1.7 & A1.S1.9) (Ever Square Medical Clinic).,4607 - CALGARY TRAIL NW,Plan 7620205 Blk 28 Lots 2-3,5110,CALGARY TRAIL NORTH,papastew Ward,,3,53.48478764159621,-113.49353049972763,,"{'type': 'Point', 'coordinates': [-113.49353049972763, 53.48478764159621]}",,DC2,2025-05-28T00:00:00.000
598392374-002,Sign Permit,Permitted Development,Approved,To install (1) Fascia Sign limited to On-premises Advertising (MIC Medical Imaging),2903 - 119A STREET SW,Plan 2020566 Blk 3 Lot 3,5472,HERITAGE VALLEY TOWN CENTRE,Ipiihkoohkanipiaohtsi Ward,,3,53.4064442389607,-113.53811860824868,,"{'type': 'Point', 'coordinates': [-113.53811860824868, 53.4064442389607]}",,TC-C,2025-05-23T00:00:00.000
597420712-002,Sign Permit,Permitted Development,Approved,To install (4) Fascia Sign limited to On-premises Advertising (non-illuminated) (NORWOOD DENTAL),11148 - 124 STREET NW,Plan 2531AB Blk 4 Lot 10,3240,INGLEWOOD,Anirniq Ward,The Crossroads,3,53.560314137388836,-113.5364294439152,,"{'type': 'Point', 'coordinates': [-113.5364294439152, 53.560314137388836]}",,CN,2025-05-23T00:00:00.000
598393552-002,Sign Permit,Permitted Development,Approved,To install (1) Fascia On-premises Sign (MIC Medical Imaging),15425 - 37 STREET NW,Plan 1223987 Blk 3 Lot 5,2311,GORMAN,Dene Ward,,3,53.61593039881605,-113.39643143288018,,"{'type': 'Point', 'coordinates': [-113.39643143288018, 53.61593039881605]}",,DC1,2025-05-23T00:00:00.000
554312593-002,Major Development Permit,Discretionary Development,Refused,"To change the use of an Indoor Sales and Service to a Health Service and Indoor Sales and Service (medical clinic and pharmacy), construct an addition (new vestibule) and exterior alterations (facade improvement).","2FL, 10330 - 95 STREET NW",Plan ND Blk 9 Lots 6-8,1020,BOYLE STREET,O-day'min Ward,Downtown,3,53.5475968373152,-113.48051332397081,,"{'type': 'Point', 'coordinates': [-113.48051332397081, 53.5475968373152]}",Redeveloping,RM,2025-05-22T00:00:00.000
587963678-002,Sign Permit,Permitted Development,Approved,To install (2) Fascia On-premises Signs (Medican Medical clinic & pharmacy).,12727 - 97 STREET NW,Plan 1121591 Blk 8 Lot 1A,2420,KILLARNEY,tastawiyiniwak Ward,,3,53.58539187623106,-113.49114719976342,,"{'type': 'Point', 'coordinates': [-113.49114719976342, 53.58539187623106]}",,DC2 951,2025-05-16T00:00:00.000
593321353-002,Major Development Permit,Permitted Development,Approved,"To change the Use from Indoor Sales and Service (animal hospital and shelter) to Indoor Sales and Service (retail store), and Minor Industrial Use (furniture customization).",9909 - 73 AVENUE NW,Plan 3860V Blk 10 Lot 13,6610,RITCHIE,papastew Ward,,3,53.509212992080634,-113.48670870689404,,"{'type': 'Point', 'coordinates': [-113.48670870689404, 53.509212992080634]}",Redeveloping,IM,2025-05-13T00:00:00.000
550718431-002,Sign Permit,Permitted Development,Approved,To install (2) Fascia Sign(s) limited to On-premises Advertising (Family Dental Health),212 - MISTATIM ROAD NW,Condo Common Area (Plan 2021053),4320,MISTATIM INDUSTRIAL,Anirniq Ward,,3,53.601699921697346,-113.57995543859866,,"{'type': 'Point', 'coordinates': [-113.57995543859866, 53.601699921697346]}",,CB,2025-05-08T00:00:00.000
542331129-002,Sign Permit,Permitted Development,Approved,To install (1) Fascia On-premises Signs (COSMIC DENTAL  ),751 - DANIELS WAY SW,Condo Common Area (Plan 2421097),5463,DESROCHERS AREA,Ipiihkoohkanipiaohtsi Ward,,4,53.399846045,-113.542356139,,"{'type': 'Point', 'coordinates': [-113.542356139, 53.399846045]}",,DC1,2025-05-08T00:00:00.000
589882670-002,Sign Permit,Permitted Development,Approved,To install a Fascia Sign limited to On-premises Advertising (Bearspaw Dental),10954 - 23 AVENUE NW,Plan 0323339 Blk 32 Lot 11,5180,ERMINESKIN,Ipiihkoohkanipiaohtsi Ward,,3,53.4549411357438,-113.51230428142088,,"{'type': 'Point', 'coordinates': [-113.51230428142088, 53.4549411357438]}",,CG,2025-05-05T00:00:00.000
577500682-002,Sign Permit,Not Available,Approved,To install (2) Fascia On-premises Signs (GRACE FAMILY MEDICAL CLINIC).,14717 - 40 AVENUE NW,Plan 8621495 Blk 107 Lot 1,5350,RHATIGAN RIDGE,pihêsiwin Ward,,3,53.476340546272866,-113.57684411894718,,"{'type': 'Point', 'coordinates': [-113.57684411894718, 53.476340546272866]}",,DC2 836,2025-04-24T00:00:00.000
578423201-002,Sign Permit,Permitted Development,Approved,To install (1) Fascia Sign(s) limited to On-premises Advertising (The Medicine Shoppe Pharmacy),9122 - 82 AVENUE NW,Plan 3737AI Blk 9 Lots 5-9,6040,BONNIE DOON,Métis Ward,French Quarter,3,53.51834140497533,-113.46852395918333,,"{'type': 'Point', 'coordinates': [-113.46852395918333, 53.51834140497533]}",,MU,2025-04-09T00:00:00.000
577114787-002,Sign Permit,Permitted Development,Approved,To install (1) Fascia Sign(s) limited to On-premises Advertising (COLES IDA PHARMACY),"168, 3210 - 118 AVENUE NW",Plan 8820078 Blk 12 Lot 3,2010,ABBOTTSFIELD,Métis Ward,Beverly,3,53.57077018799172,-113.39073363674223,,"{'type': 'Point', 'coordinates': [-113.39073363674223, 53.57077018799172]}",,MU,2025-04-09T00:00:00.000
569167260-002,Sign Permit,Permitted Development,Approved,"To install (1) Projecting Sign(s), not in the form of a Roof Sign, limited to On-premises Advertising (Jio Rx Pharmacy)",104 - CHARLESWORTH DRIVE SW,Plan 1922728 Blk 11 Lot 204,6661,CHARLESWORTH,Karhiio Ward,,3,53.4308137785044,-113.39459564662158,,"{'type': 'Point', 'coordinates': [-113.39459564662158, 53.4308137785044]}",,CN,2025-04-07T00:00:00.000
572826213-002,Sign Permit,Discretionary Development,Approved,To install (4) Fascia On-premises Signs (CAREPLUS MEDICAL CLINIC & GOOD CARE PHARMACY).,138 - EDGEMONT ROAD NW,Plan 2222438 Blk 1 Lot 59,4462,EDGEMONT,sipiwiyiniwak Ward,,3,53.47689116049036,-113.67017304269677,,"{'type': 'Point', 'coordinates': [-113.67017304269677, 53.47689116049036]}",,DC2 1220,2025-04-07T00:00:00.000
581031693-002,Sign Permit,Permitted Development,Approved,To install a Projecting Sign On-premises Sign (KESWICK PHARMACY).,1067 - KESWICK DRIVE SW,Plan 1920717 Blk 16 Lots 47;Plan 2121333 Blk 16 Lots 2,5574,KESWICK,pihêsiwin Ward,,6,53.41999744605753,-113.61958057276324,,"{'type': 'Point', 'coordinates': [-113.61958057276324, 53.41999744605753]}",,DC2 1165,2025-04-07T00:00:00.000
571801881-002,Sign Permit,Not Available,Approved,To install (4) Fascia Signs limited to On-premises Advertising  (WESTGROVE BLDG (3) | ARTS & SCIENCE DENTAL (1)),10220 - 142 STREET NW,Plan 7921350 Blk D Lot A,3210,GROVENOR,Nakota Isga Ward,Stony Plain Road and Area,3,53.54372850726237,-113.56662930373273,,"{'type': 'Point', 'coordinates': [-113.56662930373273, 53.54372850726237]}",,MU,2025-03-31T00:00:00.000
579479019-002,Sign Permit,Permitted Development,Approved,To install a Fascia Sign limited to On-premises Advertising (RIVER VALLEY DENTAL).,"202, 7609 - 109 STREET NW","Condo Common Area (Plan 1720082,1423850)",5330,QUEEN ALEXANDRA,papastew Ward,,3,53.51261413845252,-113.51150893491945,,"{'type': 'Point', 'coordinates': [-113.51150893491945, 53.51261413845252]}",,MU,2025-03-31T00:00:00.000
577492187-002,Sign Permit,Permitted Development,Approved,"To install (2) Fascia Sign(s) limited to On-premises Advertising (ARGYLL WELLNES Physio, Chiro, Massage)",9933 - 63 AVENUE NW,Plan 6544NY Blk 2 Lot 1,6650,ROSEDALE INDUSTRIAL,papastew Ward,,3,53.49908458549823,-113.4876342737894,,"{'type': 'Point', 'coordinates': [-113.4876342737894, 53.49908458549823]}",,MU,2025-03-28T00:00:00.000
551021840-002,Sign Permit,Discretionary Development,Approved,To install (3) Fascia Signs limited to On-premises Advertising (includes 1 window sign) (WILD ROSE AUDIOLOGY CLINIC LTD.),14211 - 103 AVENUE NW,Plan 7921350 Blk D Lot A,3210,GROVENOR,Nakota Isga Ward,Stony Plain Road and Area,3,53.54372850726237,-113.56662930373273,,"{'type': 'Point', 'coordinates': [-113.56662930373273, 53.54372850726237]}",,MU,2025-03-19T00:00:00.000
568542342-002,Sign Permit,Permitted Development,Approved,"To install (1) Projecting Sign not in the form of a Roof Sign limited to On-premises Advertising (Ref CSDP 560376113-002 BLDG 2, #12-13) (YEG DENTAL)",3363 - 153 AVENUE NW,Condo Common Area (Plan 2421328),2251,EBBERS,Dene Ward,,4,53.614946014,-113.3920876,,"{'type': 'Point', 'coordinates': [-113.3920876, 53.614946014]}",,DC2,2025-03-14T00:00:00.000
571380656-002,Sign Permit,Discretionary Development,Approved,To install a Freestanding On-premises Sign (Covenant Community Health Centre).,7319 - 29 AVENUE NW,Plan 2420878 Blk 7 Lot 4B,6340,KAMEYOSEK,Karhiio Ward,,4,53.45925503,-113.444931141,,"{'type': 'Point', 'coordinates': [-113.444931141, 53.45925503]}",,DC2 1171,2025-03-13T00:00:00.000
573691525-002,Sign Permit,Permitted Development,Approved,To install a Fascia Sign limited to On-premises Advertising (Bearspaw Dental),10954 - 23 AVENUE NW,Plan 0323339 Blk 32 Lot 11,5180,ERMINESKIN,Ipiihkoohkanipiaohtsi Ward,,3,53.4549411357438,-113.51230428142088,,"{'type': 'Point', 'coordinates': [-113.51230428142088, 53.4549411357438]}",,CG,2025-03-13T00:00:00.000
560015013-002,Sign Permit,Discretionary Development,Approved,To install a Fascia Sign limited to On-premises Advertising (Rx Square Pharmacy Walk-In Clinic),8240 - 175 STREET NW,Plan 7620073 Blk 12 Lot 1B,4560,THORNCLIFF,sipiwiyiniwak Ward,,3,53.51560093633077,-113.62444678438527,,"{'type': 'Point', 'coordinates': [-113.62444678438527, 53.51560093633077]}",,,2025-03-07T00:00:00.000
506334747-002,Major Development Permit,Permitted Development,Approved,To construct a Residential Use building in the form of a 6 Dwelling Multi-unit Housing building with Ground Floor Indoor Sales and Service (pharmacy) and Heath Service (clinic) Uses.,16056 - 95 AVENUE NW,Plan 6077KS Blk 26 Lot 22,4180,GLENWOOD,Nakota Isga Ward,,3,53.53188026199078,-113.60156279822736,,"{'type': 'Point', 'coordinates': [-113.60156279822736, 53.53188026199078]}",Redeveloping,RS,2025-03-07T00:00:00.000
562314211-002,Sign Permit,Permitted Development,Approved,To install (1) Fascia Sign(s) limited to On-premises Advertising (Atlas Pharmacy and Medical Clinic),8514 - 109 STREET NW,"Plan 782AT Blk 146 Lots G,H",5200,GARNEAU,papastew Ward,,3,53.52118496417934,-113.51252964899129,,"{'type': 'Point', 'coordinates': [-113.51252964899129, 53.52118496417934]}",,MU,2025-03-06T00:00:00.000
541791214-002,Major Development Permit,Permitted Development,Approved,"To construct a Extended Medical Treatment Services building with 280 beds, with a Professional, Financial, and Office Support Service on a portion of the 7th floor.",595 - LEWIS GREENS DRIVE NW,Plan 1920902 Blk 10 Lot 1,4486,STEWART GREENS,Nakota Isga Ward,,3,53.539883222313954,-113.67442423968471,,"{'type': 'Point', 'coordinates': [-113.67442423968471, 53.539883222313954]}",Developing,DC1,2025-03-03T00:00:00.000
568787771-002,Sign Permit,Permitted Development,Approved,To install a Fascia On-premises Sign (Today's Dental).,"1, 9977 - 178 STREET NW",Plan 9723089 Blk 1 Lot 1,4540,TERRA LOSA,Nakota Isga Ward,,3,53.53714674956114,-113.62575973090301,,"{'type': 'Point', 'coordinates': [-113.62575973090301, 53.53714674956114]}",,DC2 1036,2025-02-26T00:00:00.000
569152983-002,Sign Permit,Permitted Development,Approved,To install a Fascia On-premises Sign (First Impressions Dental Clinic).,"19, 9977 - 178 STREET NW",Plan 9723089 Blk 1 Lot 1,4540,TERRA LOSA,Nakota Isga Ward,,3,53.53714674956114,-113.62575973090301,,"{'type': 'Point', 'coordinates': [-113.62575973090301, 53.53714674956114]}",,DC2 1036,2025-02-26T00:00:00.000
561395866-002,Sign Permit,Permitted Development,Approved,To install (1) Fascia Sign(s) limited to On-premises Advertising (West Health Pharmacy),8107 - 99 STREET NW,Plan I Blk 57 Lot 38,6610,RITCHIE,papastew Ward,Old Strathcona,3,53.51733048012271,-113.4856076791263,,"{'type': 'Point', 'coordinates': [-113.4856076791263, 53.51733048012271]}",,DC2,2025-02-19T00:00:00.000
565211950-002,Sign Permit,Permitted Development,Approved,To install a Fascia Sign limited to On-premises Advertising (DEEP SLEEP CLINIC).,2964 - ELLWOOD DRIVE SW,Condo Common Area (Plan 1124803),6214,ELLERSLIE INDUSTRIAL,Karhiio Ward,,3,53.42995724285758,-113.47874433219854,,"{'type': 'Point', 'coordinates': [-113.47874433219854, 53.42995724285758]}",,EIB,2025-02-13T00:00:00.000
564855104-002,Sign Permit,Permitted Development,Approved,To install (5) Fascia On-premises Signs (Insight Medical Imaging),120 - WATT COMMON SW,Plan 1422177 Blk 30 Lot 5,6662,WALKER,Karhiio Ward,,3,53.42254530644787,-113.42375467216169,,"{'type': 'Point', 'coordinates': [-113.42375467216169, 53.42254530644787]}",,DC1,2025-02-13T00:00:00.000
562331241-002,Sign Permit,Permitted Development,Approved,To install (2) Fascia Sign(s) limited to On-premises Advertising (Albany Chiropractic),12764 - 167 AVENUE NW,Plan 1620811 Blk 1 Lot 13,3460,ALBANY,Anirniq Ward,,3,53.629638290948364,-113.54463693942125,,"{'type': 'Point', 'coordinates': [-113.54463693942125, 53.629638290948364]}",,cg,2025-02-04T00:00:00.000
546800429-002,Major Development Permit,Permitted Development,Approved,To construct a Health Services building (buidling#10- Insight Medical Imaging).,17340 - HILLER ROAD SW,Plan 2222330 Blk 5 Lot 26,5570,WINDERMERE,pihêsiwin Ward,,3,53.42215065229361,-113.61866576165542,,"{'type': 'Point', 'coordinates': [-113.61866576165542, 53.42215065229361]}",Developing,CG,2025-02-03T00:00:00.000
542207494-002,Sign Permit,Permitted Development,Approved,To install (2) Fascia Sign(s) limited to On-premises Advertising (STRIDE SPORTS & PHYSIOTHERAPY),2927 - 119A STREET SW,Plan 2020566 Blk 3 Lot 3,5472,HERITAGE VALLEY TOWN CENTRE,Ipiihkoohkanipiaohtsi Ward,,3,53.4064442389607,-113.53811860824868,,"{'type': 'Point', 'coordinates': [-113.53811860824868, 53.4064442389607]}",,TC-C,2025-01-27T00:00:00.000
540844193-002,Sign Permit,Permitted Development,Approved,"To install (3) Projecting Sign(s), not in the form of a Roof Sign, limited to On-premises Advertising (Omnia Dental)",5005 - MULLEN ROAD NW,Plan 1823035 Blk 20 Lot 18,5477,MACTAGGART,pihêsiwin Ward,,3,53.43390369394111,-113.57479021074425,,"{'type': 'Point', 'coordinates': [-113.57479021074425, 53.43390369394111]}",,CG,2025-01-22T00:00:00.000
555881800-002,Sign Permit,Permitted Development,Approved,To install (2) Canopy Signs (Projecting Signs not in the form of a Roof Sign) limited to On-premises Advertising (PAWS Veterinary).,10730 - 142 STREET NW,Plan 2599KS Blk 12 Lot 1,3300,MCQUEEN,Nakota Isga Ward,,3,53.55177601898066,-113.566985454146,,"{'type': 'Point', 'coordinates': [-113.566985454146, 53.55177601898066]}",,DC2 181,2025-01-15T00:00:00.000
548763415-002,Major Development Permit,Not Available,Approved,"To continue to operate a Major Indoor Entertainment with Accessory Food and Drink Service (sports training center), operate a Health Service (physiotherapy clinic), and to construct interior and exterior alterations (facade improvement).",10607 - PRINCESS ELIZABETH AVENUE NW,Plan 2579HW Blk 6 Lot 392,1230,SPRUCE AVENUE,O-day'min Ward,Kingsway,3,53.56528324693692,-113.50443408015393,,"{'type': 'Point', 'coordinates': [-113.50443408015393, 53.56528324693692]}",Redeveloping,UF,2025-01-15T00:00:00.000
535418446-002,Sign Permit,Discretionary Development,Approved,To install (2) Fascia Signs limited to On-premises Advertising (Village I.D.A Pharmacy | P&K Pharmaceuticals Ltd.),7004 - 98 AVENUE NW,Plan 6408MC Blk 20A Lots 51-52,6730,TERRACE HEIGHTS,Métis Ward,,3,53.537844281916946,-113.43616187461856,,"{'type': 'Point', 'coordinates': [-113.43616187461856, 53.537844281916946]}",,MUN,2025-01-14T00:00:00.000
551001898-002,Sign Permit,Permitted Development,Approved,To install (1) Fascia Sign limited to On-premises Advertising (PRIMECARE CLINIC OF TERWILLEGAR),121 - HADDOW CLOSE NW,Condo Common Area (Plan 0524641),5610,HADDOW,pihêsiwin Ward,,3,53.45872496212729,-113.59093853179687,,"{'type': 'Point', 'coordinates': [-113.59093853179687, 53.45872496212729]}",,DC2,2025-01-06T00:00:00.000
548564055-002,Sign Permit,Permitted Development,Approved,To install (2) Fascia Signs limited to On-premises Advertising (AMD MEDICAL CLINIC AND PHARMACY INC.),580 - GRIESBACH PARADE NW,Plan 1322652 Blk 22 Lot 35,3111,GRIESBACH,Anirniq Ward,,3,53.602827055328355,-113.49306602303906,,"{'type': 'Point', 'coordinates': [-113.49306602303906, 53.602827055328355]}",,GVC,2024-12-31T00:00:00.000
550082376-002,Sign Permit,Permitted Development,Approved,To install (3) Fascia Signs limited to On-premises Advertising (SANA DENTAL),4950 - 137 AVENUE NW,Plan 9320300 Blk 26 Lot 4,2145,CLAREVIEW TOWN CENTRE,Dene Ward,,3,53.59868424476492,-113.41108968479242,,"{'type': 'Point', 'coordinates': [-113.41108968479242, 53.59868424476492]}",,CG,2024-12-31T00:00:00.000
550298564-002,Major Development Permit,Discretionary Development,Approved,To Change the Use from an Office to a Childcare Service (1703 -91 Street) for 190 Children and Indoor Sales and Service and Health Service (1707 - 91 Street) (Pharmacy) and Construct Exterior Alterations (Outdoor Playground),1703 - 91 STREET SW,Condo Common Area (Plan 1421346),6213,SUMMERSIDE,Karhiio Ward,,3,53.4172748098563,-113.47854160696711,,"{'type': 'Point', 'coordinates': [-113.47854160696711, 53.4172748098563]}",Developing,EIB,2024-12-23T00:00:00.000
541393123-002,Sign Permit,Permitted Development,Approved,To install (1) Fascia Sign limited to On-premises Advertising and (1) Projecting Sign not in the form of a Roof Sign limited to On-premises Advertising (GLOW OPTOMETRY & WELLNESS).,2931 - 119A STREET SW,Plan 2020566 Blk 3 Lot 3,5472,HERITAGE VALLEY TOWN CENTRE,Ipiihkoohkanipiaohtsi Ward,,3,53.4064442389607,-113.53811860824868,,"{'type': 'Point', 'coordinates': [-113.53811860824868, 53.4064442389607]}",,TC-C,2024-12-06T00:00:00.000
542458077-002,Sign Permit,Permitted Development,Approved,To install (1) Fascia Sign(s) limited to On-premises Advertising (Boreal Dental Centre),15350 - 18 STREET NW,Plan 2322123 Blk 1 Lot 1,2311,GORMAN,Dene Ward,,3,53.616850956422425,-113.36978449889784,,"{'type': 'Point', 'coordinates': [-113.36978449889784, 53.616850956422425]}",,CN,2024-12-02T00:00:00.000
538611299-002,Sign Permit,Permitted Development,Approved,"To install (2) Fascia Signs limited to On-premises Advertising, and a Projecting Sign not in the form of a Roof Sign limited to On-premises Advertising (Children First Dental).",2923 - 119A STREET SW,Plan 2020566 Blk 3 Lot 3,5472,HERITAGE VALLEY TOWN CENTRE,Ipiihkoohkanipiaohtsi Ward,,3,53.4064442389607,-113.53811860824868,,"{'type': 'Point', 'coordinates': [-113.53811860824868, 53.4064442389607]}",,TC-C,2024-11-29T00:00:00.000
510541297-007,Major Development Permit,Discretionary Development,Approved,"To change the use from Professional, Financial, Office Support Service to Health Service and to construct exterior and interior alterations (expansion of neuro clinic into Suite 117, removal of overhead door on east elevation)","117, 625 - PARSONS ROAD SW","Condo Common Area (Plan 1025118,1124188,1222508,1225045)",6214,ELLERSLIE INDUSTRIAL,Karhiio Ward,,3,53.42780705854538,-113.47874795467493,,"{'type': 'Point', 'coordinates': [-113.47874795467493, 53.42780705854538]}",Industrial,EIB,2024-11-28T00:00:00.000
535302771-002,Major Development Permit,Not Available,Approved,"To change the use from Cannabis Retail Sales to a Health Service (dental clinic), and construct interior alterations.",1643 - 102 STREET NW,Plan 0523297 Blk 18 Lot 4,6195,SOUTH EDMONTON COMMON,Karhiio Ward,,3,53.4451346832426,-113.48992489052442,,"{'type': 'Point', 'coordinates': [-113.48992489052442, 53.4451346832426]}",Industrial,DC2,2024-11-14T00:00:00.000
498420720-002,Major Development Permit,Permitted Development,Approved,To construct an Animal Hospitals and Shelter and Apartment Hotel (3 units).,"1, 11239 - 199 STREET NW",Plan 9322709 Lot 4,4650,WINTERBURN INDUSTRIAL AREA EAST,Nakota Isga Ward,,3,53.5605420708967,-113.6632796743748,,"{'type': 'Point', 'coordinates': [-113.6632796743748, 53.5605420708967]}",Industrial,DC2,2024-11-01T00:00:00.000
532002919-002,Sign Permit,Permitted Development,Approved,To install (2) Fascia Sign(s) limited to On-premises Advertising (Home Health Store Medical Supplies & Equipment),9473 - 50 STREET NW,Plan 2321258 Blk 3 Lot 14,6180,EASTGATE BUSINESS PARK,Métis Ward,,3,53.53464680184561,-113.41725336651848,,"{'type': 'Point', 'coordinates': [-113.41725336651848, 53.53464680184561]}",,BE,2024-10-22T00:00:00.000
530520115-002,Sign Permit,Not Available,Approved,To install (1) Fascia Sign(s) limited to On-premises Advertising and (1) Projecting Sign limited to On-premises Advertising (MIC Medical Imaging),2903 - 119A STREET SW,Plan 2020566 Blk 3 Lot 3,5472,HERITAGE VALLEY TOWN CENTRE,Ipiihkoohkanipiaohtsi Ward,,3,53.4064442389607,-113.53811860824868,,"{'type': 'Point', 'coordinates': [-113.53811860824868, 53.4064442389607]}",,TC-C,2024-10-11T00:00:00.000
519455165-002,Sign Permit,Permitted Development,Approved,To install a Fascia Sign limited to On-premises Advertising (Guardian Scona Pharmacy),10429 - 80 AVENUE NW,"Plan I26 Blk 44 Lots 9-12,25-32,OT",5330,QUEEN ALEXANDRA,papastew Ward,Old Strathcona,3,53.5156923618636,-113.49922067854493,,"{'type': 'Point', 'coordinates': [-113.49922067854493, 53.5156923618636]}",,MU,2024-10-01T00:00:00.000
526717357-002,Major Development Permit,Discretionary Development,Approved,"To change the use from Professional, Financial, Office Support Service to a Health Service (paramedical services)","203, 2508 - ELLWOOD DRIVE SW","Condo Common Area (Plan 0828825,1422846)",6214,ELLERSLIE INDUSTRIAL,Karhiio Ward,,3,53.430423173697726,-113.47400284978744,,"{'type': 'Point', 'coordinates': [-113.47400284978744, 53.430423173697726]}",Industrial,EIB,2024-09-26T00:00:00.000
526378708-002,Sign Permit,Permitted Development,Approved,To install (1) Projecting Sign(s) not in the form of a Roof Sign limited to On-premises Advertising (Shepherd Pharmacy & Clinic),10659A - 97 STREET NW,Plan ND Blk 22 Lot 24,1140,MCCAULEY,O-day'min Ward,Chinatown and Area,3,53.55161493762561,-113.48891883963057,,"{'type': 'Point', 'coordinates': [-113.48891883963057, 53.55161493762561]}",,MU,2024-09-23T00:00:00.000
488873244-002,Major Development Permit,Discretionary Development,Approved,"To change the use of a Professional, Financial, and Office Support Service and General Retail Store to a Minor Veterinary Service, expand the floor area of the existing Minor Veterinary Service, and construct interior and exterior alterations (change roofline). (Edmonton West Animal Hospital).",9962 - 170 STREET NW,Plan 8921956 Lot A,4400,PLACE LARUE,Nakota Isga Ward,Stony Plain Road and Area,3,53.53856598165231,-113.61593236702032,,"{'type': 'Point', 'coordinates': [-113.61593236702032, 53.53856598165231]}",Industrial,DC2,2024-09-23T00:00:00.000
526504167-002,Major Development Permit,Permitted Development,Approved,To change the Use from Animal Hospitals and Shelters to Minor Industrial.,1063 - 78 AVENUE NW,Plan 7820150 Blk 2 Lot 6,6690,SOUTHEAST INDUSTRIAL,Sspomitapi Ward,,3,53.51407602246624,-113.36178951391274,,"{'type': 'Point', 'coordinates': [-113.36178951391274, 53.51407602246624]}",Industrial,BE,2024-09-18T00:00:00.000
518651954-002,Sign Permit,Permitted Development,Approved,To install (1) Projecting Sign(s) limited to On-premises Advertising (FAMILY HEALTH PHARMACY),303 - PARSONS ROAD SW,Condo Common Area (Plan 2420498),6214,ELLERSLIE INDUSTRIAL,Karhiio Ward,,4,53.430878036,-113.478186143,,"{'type': 'Point', 'coordinates': [-113.478186143, 53.430878036]}",,EIB,2024-09-03T00:00:00.000
526927888-002,Sign Permit,Permitted Development,Approved,To install (1) Fascia Sign(s) limited to On-premises Advertising (wildseed chiropractic),4928 - 94B AVENUE NW,Plan 2321258 Blk 3 Lot 14,6180,EASTGATE BUSINESS PARK,Métis Ward,,3,53.53464680184561,-113.41725336651848,,"{'type': 'Point', 'coordinates': [-113.41725336651848, 53.53464680184561]}",,BE,2024-08-30T00:00:00.000
520966434-002,Sign Permit,Permitted Development,Approved,To install (1) Fascia On-premises Sign (MIC Medical Imagin),15425 - 37 STREET NW,Plan 1223987 Blk 3 Lot 5,2311,GORMAN,Dene Ward,,3,53.61593039881605,-113.39643143288018,,"{'type': 'Point', 'coordinates': [-113.39643143288018, 53.61593039881605]}",,DC1,2024-08-21T00:00:00.000
503930477-002,Major Development Permit,Permitted Development,Approved,"To construct exterior and interior alterations to an Indoor Sales and Service building (redemise building into 4 CRUs; Minor Veterinary Service, 140 m2 General Retail Stores and Personal Service Shop)",9966 - 170 STREET NW,Plan 8921956 Lot A,4400,PLACE LARUE,Nakota Isga Ward,Stony Plain Road and Area,3,53.53856598165231,-113.61593236702032,,"{'type': 'Point', 'coordinates': [-113.61593236702032, 53.53856598165231]}",Industrial,DC2,2024-08-13T00:00:00.000
520193121-002,Major Development Permit,Permitted Development,Approved,"To change the use from Professional, Financial, Office Support Service to an Indoor Sales and Service in the form of a Personal Service shop (massage therapy clinic) and Minor Indoor Entertainment in the form of Indoor Participant Recreation Service (yoga studio) and to construct exterior and interior alterations",13647 - ST ALBERT TRAIL NW,Plan 9926834 Blk 13A Lot 14,3290,MCARTHUR INDUSTRIAL,Anirniq Ward,,3,53.59846692827942,-113.57297054219578,,"{'type': 'Point', 'coordinates': [-113.57297054219578, 53.59846692827942]}",Industrial,DC2,2024-08-13T00:00:00.000
518541236-002,Sign Permit,Permitted Development,Approved,To install (2) Fascia Sign(s) limited to On-premises Advertising (Parsons Park Medical Clinic & Pharmacy),1087 - PARSONS ROAD SW,Plan 2222522 Unit 8,6214,ELLERSLIE INDUSTRIAL,Karhiio Ward,,7,53.42299797618333,-113.4785780271512,,"{'type': 'Point', 'coordinates': [-113.4785780271512, 53.42299797618333]}",,CG,2024-08-12T00:00:00.000
525104509-002,Major Development Permit,Permitted Development,Approved,To change the use of a Single Detached House to a Health Service (midwife clinic),9849 - 89 AVENUE NW,Plan I Blk 118 Lot 35,5480,STRATHCONA,papastew Ward,,3,53.524191955302605,-113.48511110792366,,"{'type': 'Point', 'coordinates': [-113.48511110792366, 53.524191955302605]}",Redeveloping,RS,2024-08-07T00:00:00.000
504466986-002,Sign Permit,Permitted Development,Approved,To install (12) Fascia Sign(s) limited to On-premises Advertising (ref CSDP 500063348-002) (GLENWOOD RADIOLOGY),5350 - ADMIRAL GIROUARD STREET NW,Condo Common Area (Plan 2321252),3111,GRIESBACH,Anirniq Ward,,4,53.60030303,-113.513461578,,"{'type': 'Point', 'coordinates': [-113.513461578, 53.60030303]}",,CG,2024-08-07T00:00:00.000
521016061-002,Major Development Permit,Discretionary Development,Approved,"To change the use from Indoor Participant Recreation Service to an Indoor Sales and Service in the form of a Convenience Retail Store and Health Service (pharmacy and medical clinic) and to construct an interior addition and alterations (expanded mezzanine floor)
*** exterior alterations - new exterior door ***",2931 - ELLWOOD DRIVE SW,Plan 0920863 Unit 19,6214,ELLERSLIE INDUSTRIAL,Karhiio Ward,,3,53.42882448354588,-113.47842567929268,,"{'type': 'Point', 'coordinates': [-113.47842567929268, 53.42882448354588]}",Industrial,EIB,2024-07-30T00:00:00.000
516102620-002,Major Development Permit,Permitted Development,Approved,"To place on site, a Temporary Accessory Building, limited to an animal hospital and shelter (3 years)",12515 - 128 STREET NW,Plan 2090AH Blk 37 Lots 25-32,3220,HAGMANN ESTATE INDUSTRIAL,Anirniq Ward,,3,53.58179165258246,-113.54238532283728,,"{'type': 'Point', 'coordinates': [-113.54238532283728, 53.58179165258246]}",Industrial,IM,2024-07-26T00:00:00.000
509704821-002,Major Development Permit,Permitted Development,Approved,"To construct a third floor addition and rear expansion to the existing building, and interior and exterior alterations, and to operate a Health Service (Stafford Medical Clinic).

Rowley advised that DP Notice Sign is not required",6011 - 120 AVENUE NW,Plan 2693HW Blk S Lot 6,2550,MONTROSE,Métis Ward,,3,53.573268601384996,-113.43430272400045,,"{'type': 'Point', 'coordinates': [-113.43430272400045, 53.573268601384996]}",Redeveloping,DC2,2024-07-23T00:00:00.000
518559820-002,Sign Permit,Permitted Development,Approved,To install (1) Fascia Sign(s) limited to On-premises Advertising (109 DENTAL),"204, 7125 - 109 STREET NW",Plan 5718AE Blk 21 Lot 3,5330,QUEEN ALEXANDRA,papastew Ward,,3,53.50820465484614,-113.51141006486294,,"{'type': 'Point', 'coordinates': [-113.51141006486294, 53.50820465484614]}",,MU,2024-07-19T00:00:00.000
517824400-002,Major Development Permit,Permitted Development,Approved,To construct Exterior Alterations to a Residential and Extended Medical Treatment Services Use building in the form of constructing two Accessory buildings (gazebo and pergola) and revising the landscape plan.,18333 - LESSARD ROAD NW,Condo Common Area (Plan 1223097),4120,DONSDALE,sipiwiyiniwak Ward,,3,53.48376607101984,-113.64251814479812,,"{'type': 'Point', 'coordinates': [-113.64251814479812, 53.48376607101984]}",Developing,DC,2024-07-19T00:00:00.000
513725175-002,Sign Permit,Not Available,Approved,To install a Projecting Sign not in the form of a Roof Sign limited to On-premises Advertising (Glenora Circle Dental),10716 - 142 STREET NW,Plan 2599KS Blk 12 Lot 1,3300,MCQUEEN,Nakota Isga Ward,,3,53.55177601898066,-113.566985454146,,"{'type': 'Point', 'coordinates': [-113.566985454146, 53.55177601898066]}",,DC2 181,2024-07-17T00:00:00.000
500826845-002,Sign Permit,Permitted Development,Approved,To install (1) Fascia Sign limited to On-premises Advertising (OPTOMETRISTS' CLINIC),12318 - JASPER AVENUE NW,Plan RN22 Blk 19 Lot 17,1151,WÎHKWÊNTÔWIN,O-day'min Ward,124 Street and Area,3,53.541748745540644,-113.53512465690136,,"{'type': 'Point', 'coordinates': [-113.53512465690136, 53.541748745540644]}",,MU,2024-07-10T00:00:00.000
509793174-002,Sign Permit,Not Available,Approved,To revise a Comprehensive Sign Design Plan for (NORTH DISTRICT)(CSDP  506413861-002) (PLATINUM MEDICAL SPA),12844 - 97 STREET NW,Condo Common Area (Plan 2221739),3260,LAUDERDALE,Anirniq Ward,,6,53.58700561015911,-113.49268636412278,,"{'type': 'Point', 'coordinates': [-113.49268636412278, 53.58700561015911]}",,MU,2024-07-09T00:00:00.000
517261701-002,Sign Permit,Permitted Development,Approved,To install a Fascia Sign limited to On-premises Advertising (Prairies Vet Dental Services),10822 - 124 STREET NW,Plan RN22 Blk 27 Lot 14,3440,WESTMOUNT,O-day'min Ward,124 Street and Area,3,53.55327721834085,-113.53641590634643,,"{'type': 'Point', 'coordinates': [-113.53641590634643, 53.55327721834085]}",,MU,2024-07-09T00:00:00.000
506722841-002,Sign Permit,Permitted Development,Approved,To install a Fascia Sign limited to On-premises Advertising (109TH PHARMACY CLINIC),10705 - 109 STREET NW,Plan 3942MC Blk 8 Lot 179,1030,CENTRAL MCDOUGALL,O-day'min Ward,North Edge,3,53.551727610206825,-113.50787348202599,,"{'type': 'Point', 'coordinates': [-113.50787348202599, 53.551727610206825]}",,,2024-07-08T00:00:00.000
508775719-002,Sign Permit,Permitted Development,Approved,To install (2) Fascia Sign(s) limited to On-premises Advertising (Remedy'sRX Shepherd Pharmacy),244 - 91 STREET SW,Plan 1122206 Unit 2,6214,ELLERSLIE INDUSTRIAL,Karhiio Ward,,3,53.431481523912055,-113.46935141615151,,"{'type': 'Point', 'coordinates': [-113.46935141615151, 53.431481523912055]}",,CG,2024-07-04T00:00:00.000
516911586-002,Sign Permit,Permitted Development,Approved,To install (1) Fascia Sign(s) limited to On-premises Advertising (Yellowbird Dental),829 - SADDLEBACK ROAD NW,Plan 7822821 Blk 26 Lot 83,5460,SKYRATTLER,Ipiihkoohkanipiaohtsi Ward,,3,53.453189088657055,-113.52478521455045,,"{'type': 'Point', 'coordinates': [-113.52478521455045, 53.453189088657055]}",,CN,2024-07-04T00:00:00.000
516121724-002,Sign Permit,Permitted Development,Approved,To install (1) Fascia Sign(s) limited to On-premises Advertising (Asperia Medical Clinic),7471 - 101 AVENUE NW,Plan 6083KS Blk 14A Lot 32,6730,TERRACE HEIGHTS,Métis Ward,,3,53.54070923344108,-113.44218061701939,,"{'type': 'Point', 'coordinates': [-113.44218061701939, 53.54070923344108]}",,MU,2024-06-26T00:00:00.000
509162243-002,Sign Permit,Permitted Development,Approved,To install a Fascia Sign limited to On-premises Advertising (Millwoods Mainstreet Dental Office),6420 - 28 AVENUE NW,Plan 8220154 Blk 5 Lot 4,6720,TAWA,Karhiio Ward,,3,53.459582010786676,-113.43158873026417,,"{'type': 'Point', 'coordinates': [-113.43158873026417, 53.459582010786676]}",,DC2 232,2024-06-24T00:00:00.000
509783423-002,Sign Permit,Permitted Development,Approved,To install a Fascia Sign limited to On-premises Advertising (CSDP 506413861-002 | A20) (PLATINUM MEDICAL SPA).,12870 - 97 STREET NW,Condo Common Area (Plan 2221739),3260,LAUDERDALE,Anirniq Ward,,3,53.58720784426612,-113.49260827305545,,"{'type': 'Point', 'coordinates': [-113.49260827305545, 53.58720784426612]}",,MU,2024-06-19T00:00:00.000
492033614-002,Major Development Permit,Not Available,Approved,To demolish an existing residential building and construct an Animal Shelter and Hospital building (Granville Veterinary Clinic).,21310 - 98 AVENUE NW,Plan 5496HW Lot 16,4261,LEWIS FARMS BUSINESS EMPLOYMENT,Nakota Isga Ward,,3,53.536851406803805,-113.68689588177165,,"{'type': 'Point', 'coordinates': [-113.68689588177165, 53.536851406803805]}",Industrial,DC,2024-06-13T00:00:00.000
510310230-002,Sign Permit,Permitted Development,Approved,To install (1) Fascia Sign(s) limited to On-premises Advertising (Rosewater Massage & Wellness Clinic),433 - PARSONS ROAD SW,Condo Common Area (Plan 1124803),6214,ELLERSLIE INDUSTRIAL,Karhiio Ward,,3,53.42995724285758,-113.47874433219854,,"{'type': 'Point', 'coordinates': [-113.47874433219854, 53.42995724285758]}",,EIB,2024-06-13T00:00:00.000
507611416-002,Sign Permit,Permitted Development,Approved,To install a Fascia Sign limited to On-premises Advertising (Maple Respiratory Clinic).,"202, 4212 - GATEWAY BOULEVARD NW",Plan 9422309 Blk 5 Lot 4,5120,CALGARY TRAIL SOUTH,papastew Ward,,3,53.478745669076346,-113.49375130581582,,"{'type': 'Point', 'coordinates': [-113.49375130581582, 53.478745669076346]}",,,2024-06-13T00:00:00.000
505540218-002,Sign Permit,Permitted Development,Approved,"To install (2) Fascia Sign(s), and (1) Projecting Sign(s) not in the form of a Roof Sign limited to On-premises Advertising (Childrens Dental Centre).",421 - MISTATIM WAY NW,Condo Common Area (Plan 2120827),4320,MISTATIM INDUSTRIAL,Anirniq Ward,,3,53.60009628493573,-113.58098857577036,,"{'type': 'Point', 'coordinates': [-113.58098857577036, 53.60009628493573]}",,CB,2024-06-10T00:00:00.000
507192607-002,Sign Permit,Permitted Development,Approved,"To install a Fascia Sign limited to On-premises Advertising, and (2) Projecting Signs not in the form of a Roof Sign limited to On-premises Advertising (Qurely Pharmacy & Medical Clinic)",10650 - ELLERSLIE ROAD SW,Plan 8121064 Lot 2,5451,RICHFORD,Ipiihkoohkanipiaohtsi Ward,,3,53.42539651320695,-113.50313696200763,,"{'type': 'Point', 'coordinates': [-113.50313696200763, 53.42539651320695]}",,,2024-06-10T00:00:00.000
507212204-002,Sign Permit,Permitted Development,Approved,To install a Projecting Sign not in the form of a Roof Sign limited to On-premises Advertising (Ellerslie Physiotherapy),10638 - ELLERSLIE ROAD SW,Plan 8121064 Lot 2,5451,RICHFORD,Ipiihkoohkanipiaohtsi Ward,,3,53.42539651320695,-113.50313696200763,,"{'type': 'Point', 'coordinates': [-113.50313696200763, 53.42539651320695]}",,,2024-06-10T00:00:00.000
510334166-002,Sign Permit,Permitted Development,Approved,"To install (1) Fascia Sign limited to On-premises Advertising, and to increase the Copy Area of a Freestanding Sign (ref DP: 275335841-001) limited to On-premises Advertising (ANDAU MEDICAL).",10539 - 169 STREET NW,Plan 9722637 Blk 2 Lot 19C,4660,YOUNGSTOWN INDUSTRIAL,Nakota Isga Ward,,3,53.55093980906942,-113.61216601720194,,"{'type': 'Point', 'coordinates': [-113.61216601720194, 53.55093980906942]}",,IM,2024-06-10T00:00:00.000
504319417-002,Major Development Permit,Permitted Development,Approved,To construct exterior alterations to an exisitng Accessory Surface parking lot to develop an outdoor patio amentiy space to a multi-Use commercial building (Dental Building).,10503 - JASPER AVENUE NW,Plan NB Blk 5 Lots 65-66,1090,DOWNTOWN,O-day'min Ward,Downtown,3,53.540588282094106,-113.50151338897268,,"{'type': 'Point', 'coordinates': [-113.50151338897268, 53.540588282094106]}",Redeveloping,JAMSC,2024-06-07T00:00:00.000
499971429-002,Major Development Permit,Discretionary Development,Approved,"To change the use of an Indoor Sales and Service/Health Service to a  Health Service and Health Care Facility, and construct interior and exterior alterations and an addition to the same. (George Spady Society - detox and residential recovery)",15625 - STONY PLAIN ROAD NW,Plan 9422776 Blk 1 Lot 18,4180,GLENWOOD,Nakota Isga Ward,Stony Plain Road and Area,3,53.54096754357063,-113.59140583259779,,"{'type': 'Point', 'coordinates': [-113.59140583259779, 53.54096754357063]}",Redeveloping,DC,2024-06-05T00:00:00.000
507965193-002,Sign Permit,Permitted Development,Approved,To install (2) Fascia On-premises Signs (Alliance Dental Venue).,"205, 6830 - ELLERSLIE ROAD SW",Plan 2320638 Blk 1 Lot 11,6211,ELLERSLIE,Karhiio Ward,,3,53.42576568131494,-113.44615570343235,,"{'type': 'Point', 'coordinates': [-113.44615570343235, 53.42576568131494]}",,DC2 1211,2024-05-29T00:00:00.000
508041023-002,Major Development Permit,Permitted Development,Approved,To change the use of an Indoor Sales and Service (Animal Hospital and Shelter) to a Community Service (Religious Assembly - Expand existing mosque).,12940 - 52 STREET NW,Condo Common Area (Plan 9321867),2380,KENNEDALE INDUSTRIAL,Dene Ward,,3,53.58851091418177,-113.42189932108987,,"{'type': 'Point', 'coordinates': [-113.42189932108987, 53.58851091418177]}",Industrial,BE,2024-05-23T00:00:00.000
507106951-002,Sign Permit,Permitted Development,Approved,"To install (2) Fascia On-premises Signs (CSDP 470025698-002 | E13, W8)(Manchester Dental)",10708 - 120 STREET NW,Plan 9223242 Blk 20 Lot 1,1180,QUEEN MARY PARK,O-day'min Ward,124 Street and Area,3,53.55138875696611,-113.52989451249184,,"{'type': 'Point', 'coordinates': [-113.52989451249184, 53.55138875696611]}",,DC2 1070,2024-05-22T00:00:00.000
508174293-002,Major Development Permit,Discretionary Development,Approved,To Change the Use from an Indoor Sales and Service (Major Secondhand Store) to a Health Service and Indoor Sales and Service (Medical Clinic with Pharmacy) and to construct Exterior Alterations (Facade Improvements only),15311 - STONY PLAIN ROAD NW,Plan 5229AD Blk 21 Lots 3-4,4580,WEST JASPER PLACE,Nakota Isga Ward,Stony Plain Road and Area,3,53.5409931911059,-113.58591602054025,,"{'type': 'Point', 'coordinates': [-113.58591602054025, 53.5409931911059]}",Redeveloping,MU,2024-05-22T00:00:00.000
507468988-002,Sign Permit,Permitted Development,Approved,To install (3) Fascia On-premises Signs (Smile Haven Family Dental).,120 - EDGEMONT ROAD NW,Plan 2222438 Blk 1 Lot 59,4462,EDGEMONT,sipiwiyiniwak Ward,,3,53.47689116049036,-113.67017304269677,,"{'type': 'Point', 'coordinates': [-113.67017304269677, 53.47689116049036]}",,DC2 1220,2024-05-22T00:00:00.000
497603261-002,Sign Permit,Not Available,Approved,To install (2) Minor Digital Sign(s) in the form of a Ground Sign limited to On-premises Advertising (McCormack Optomic Centre),6245 - 199 STREET NW,Plan 0323954 Blk 8 Lot 90,4720,GLASTONBURY,sipiwiyiniwak Ward,,3,53.496340271730716,-113.66438409759003,,"{'type': 'Point', 'coordinates': [-113.66438409759003, 53.496340271730716]}",,,2024-05-17T00:00:00.000
500880069-002,Sign Permit,Permitted Development,Approved,"To install (1) Projecting Sign, not in the form of a Roof Sign, limited to On-premises Advertising (PARHAR SHARMA & PAWAN DENTAL GROUP).","10, 13750 - 50 STREET NW",Plan 0520351 Unit 4,2145,CLAREVIEW TOWN CENTRE,Dene Ward,,3,53.59860526977485,-113.41448044633171,,"{'type': 'Point', 'coordinates': [-113.41448044633171, 53.59860526977485]}",,CG,2024-05-16T00:00:00.000
500348326-002,Major Development Permit,Discretionary Development,Approved,"To construct 2 additions to an Extended Medical Treatment Services building (to increase the number of beds to 156), and to construct interior alterations to develop a Health Service Use (seniors drop-in programming space).",1110 - TORY ROAD NW,Plan 0024786 Blk 73 Lot 2,5640,TERWILLEGAR TOWNE,pihêsiwin Ward,,3,53.44947572980062,-113.56674406913106,,"{'type': 'Point', 'coordinates': [-113.56674406913106, 53.44947572980062]}",Redeveloping,DC2,2024-05-16T00:00:00.000
506945207-002,Sign Permit,Permitted Development,Approved,To install (2) Fascia Sign(s) limited to On-premises Advertising (PROCARE PHARMACY & MEDICAL CLINIC),12405 - 107 AVENUE NW,Plan RN22 Blk 29 Lots 19-20,3440,WESTMOUNT,O-day'min Ward,124 Street and Area,3,53.550714993813244,-113.53641411474578,,"{'type': 'Point', 'coordinates': [-113.53641411474578, 53.550714993813244]}",,MU,2024-05-15T00:00:00.000
504247172-002,Major Development Permit,Permitted Development,Approved,To change the main floor and basement of a Health Care building to a Child Care Service (Total Children: 108) and construct interior and exterior alterations.,"100, 9535 - 135 AVENUE NW",Plan 1821281 Blk 26 Lot 33A,2290,GLENGARRY,tastawiyiniwak Ward,,3,53.596467926333375,-113.48994922015056,,"{'type': 'Point', 'coordinates': [-113.48994922015056, 53.596467926333375]}",Redeveloping,CN,2024-05-14T00:00:00.000
509363681-002,Major Development Permit,Permitted Development,Approved,To Expand an existing Child Care Service into an adjacent by by Changing the Use from a Health Service (Chiropractor Clinic) to a Childcare Service and increasing the number of children from 130 to 166,"202, 6879 - AD ASTRA BOULEVARD NW",Plan 1623246 Blk 34 Lot 43,3111,GRIESBACH,Anirniq Ward,,3,53.606646707235015,-113.51544677002605,,"{'type': 'Point', 'coordinates': [-113.51544677002605, 53.606646707235015]}",Redeveloping,MUN,2024-05-14T00:00:00.000
504895038-002,Sign Permit,Permitted Development,Approved,To install (2) Projecting Sign(s) not in the form of a Roof Sign limited to On-premises Advertising (NEXT STEP PHYSIO).,22959 - 97 AVENUE NW,Plan 1922458 Blk 18 Lot 160,4487,SECORD,Nakota Isga Ward,,3,53.53665614713405,-113.71189143269876,,"{'type': 'Point', 'coordinates': [-113.71189143269876, 53.53665614713405]}",,CN,2024-05-13T00:00:00.000
506279088-002,Sign Permit,Permitted Development,Approved,To install a Fascia Sign limited to On-premises Advertising (DiamondView Dental),12712 - 137 AVENUE NW,Plan 8621967 Blk 1 Lot E,3340,PEMBINA,Anirniq Ward,,3,53.59990005326739,-113.54223119952745,,"{'type': 'Point', 'coordinates': [-113.54223119952745, 53.59990005326739]}",,,2024-05-08T00:00:00.000
505538881-002,Sign Permit,Permitted Development,Approved,To install (2) Fascia Sign(s) limited to On-premises Advertising (BIG LAKE DENTAL),"1, 115 - KINGLET BOULEVARD NW",Plan 2220074 Blk 1 Lot 1,4477,KINGLET GARDENS,Nakota Isga Ward,,3,53.57386840251041,-113.69049190980908,,"{'type': 'Point', 'coordinates': [-113.69049190980908, 53.57386840251041]}",,CG,2024-05-07T00:00:00.000
506019305-002,Sign Permit,Permitted Development,Approved,To install (1) Fascia Sign(s) limited to On-premises Advertising (82 DENTAL),"2FL, 8104 - 82 AVENUE NW",Plan 5036S Blk 34 Lots 16-18,6320,IDYLWYLDE,Métis Ward,,3,53.51835697665637,-113.45245848506539,,"{'type': 'Point', 'coordinates': [-113.45245848506539, 53.51835697665637]}",,CN,2024-05-01T00:00:00.000
504442091-002,Major Development Permit,Discretionary Development,Approved,To add a Health Service use to an Indoor Sales and Service (pharmacy and medical clinic) and to construct exterior and interior alterations (removal of doors and window modifications),1660 - 24 STREET NW,Plan 1723002 Blk 13 Lot 1,6444,LAUREL,Sspomitapi Ward,,3,53.44582635338732,-113.3762440047525,,"{'type': 'Point', 'coordinates': [-113.3762440047525, 53.44582635338732]}",Developing,"CN,RM",2024-04-30T00:00:00.000
504888371-002,Sign Permit,Permitted Development,Approved,To install a Fascia On-premises Sign (CSDP 246520431-064) (ZIA PHARMACY).,4456 - CALGARY TRAIL NW,Plan 1820228 Blk 30 Lot 16,5170,EMPIRE PARK,papastew Ward,,3,53.483059140108665,-113.49577287093058,,"{'type': 'Point', 'coordinates': [-113.49577287093058, 53.483059140108665]}",,DC2,2024-04-29T00:00:00.000
506974829-002,Major Development Permit,Permitted Development,Approved,To Change the Use from a Residential Development (2nd Floor Apartment House) and Indoor Sales and Service (Main Floor) to Health Services (Psychology Clinic) and Construct Interior Alterations,10425 - 79 AVENUE NW,Plan 8146ET Blk 31 Lot B,5330,QUEEN ALEXANDRA,papastew Ward,Old Strathcona,3,53.51491793100047,-113.49956096492161,,"{'type': 'Point', 'coordinates': [-113.49956096492161, 53.51491793100047]}",Redeveloping,MU,2024-04-24T00:00:00.000
502915982-006,Major Development Permit,Permitted Development,Approved,To change the Use from Cannabis Retail Sale and expand the existing Health Service to a Health Service and Convenience Retail Store [Indoor Sales and Service] and to construct interior alterations (medical clinic and pharmacy).,11904 - JASPER AVENUE NW,Plan 1525535 Unit 2,1151,WÎHKWÊNTÔWIN,O-day'min Ward,,3,53.54128300745403,-113.52725235265419,,"{'type': 'Point', 'coordinates': [-113.52725235265419, 53.54128300745403]}",Redeveloping,DC2,2024-04-22T00:00:00.000
504571641-002,Sign Permit,Permitted Development,Approved,To install (1) Fascia Sign(s) limited to On-premises Advertising (LEAH V Skin Care and Laser Clinic),5144 - GATEWAY BOULEVARD NW,Plan 1920849 Blk 94 Lot 1B,5110,CALGARY TRAIL NORTH,papastew Ward,,3,53.48908445801692,-113.49282709152936,,"{'type': 'Point', 'coordinates': [-113.49282709152936, 53.48908445801692]}",,CG,2024-04-05T00:00:00.000
504270575-002,Sign Permit,Permitted Development,Approved,To install a Fascia On-premises Sign (Summerside Veterinary),6941 - ELLERSLIE ROAD SW,Plan 1321104 Blk 4 Lot 1A,6213,SUMMERSIDE,Karhiio Ward,,3,53.424248285188725,-113.44475757539979,,"{'type': 'Point', 'coordinates': [-113.44475757539979, 53.424248285188725]}",,DC2 1136,2024-04-05T00:00:00.000
500513624-002,Major Development Permit,Permitted Development,Approved,To add Indoor Sales and Service Use to an existing Vehicle Support Service Use in a multi-use commercial building and to construct interior alterations (Indoor vehicle display area - SMARTY AUTO CLINIC).,9548 - YELLOWHEAD TRAIL NW,Plan 4159HW Lot 19,1270,YELLOWHEAD CORRIDOR EAST,Métis Ward,,6,53.58229904776071,-113.48861577552962,,"{'type': 'Point', 'coordinates': [-113.48861577552962, 53.58229904776071]}",Industrial,BE,2024-04-04T00:00:00.000
502546787-002,Sign Permit,Permitted Development,Approved,To install (1) Fascia Sign(s) limited to On-premises Advertising (FRASER PHYSIOTHERAPY),3820 - 137 AVENUE NW,Plan 0224472 Blk 2 Lot 2,2145,CLAREVIEW TOWN CENTRE,Dene Ward,,3,53.599809412932366,-113.40154127903249,,"{'type': 'Point', 'coordinates': [-113.40154127903249, 53.599809412932366]}",,DC2,2024-03-26T00:00:00.000
504454827-002,Major Development Permit,Discretionary Development,Approved,To change the use from Minor Industrial use to a Health Service and Indoor Sales and Service operating as a Convenience Retail Store (medical clinic and pharmacy),301 - PARSONS ROAD SW,Condo Common Area (Plan 2420498),6214,ELLERSLIE INDUSTRIAL,Karhiio Ward,,4,53.431157036,-113.478820642,,"{'type': 'Point', 'coordinates': [-113.478820642, 53.431157036]}",Industrial,EIB,2024-03-26T00:00:00.000
501957229-002,Sign Permit,Permitted Development,Approved,To install (2) Fascia On-premises Signs (Revive Spine and Sports Physiotherapy Clinic),5204 - ELLERSLIE ROAD SW,Plan 1921651 Blk 22 Lot 137,6661,CHARLESWORTH,Karhiio Ward,,3,53.42566188798085,-113.42279887696372,,"{'type': 'Point', 'coordinates': [-113.42279887696372, 53.42566188798085]}",,DC1,2024-03-25T00:00:00.000
500064849-002,Sign Permit,Permitted Development,Approved,"To install (10) Fascia Signs limited to On-premises Advertising (Ref CSDP: 500063348-002) (Signs #73, 85, 87, 115-121) (MOVENETICS PHYSIO).",5302 - ADMIRAL GIROUARD STREET NW,Condo Common Area (Plan 2321252),3111,GRIESBACH,Anirniq Ward,,4,53.60030303,-113.513461578,,"{'type': 'Point', 'coordinates': [-113.513461578, 53.60030303]}",,CG,2024-03-12T00:00:00.000
491893343-002,Sign Permit,Permitted Development,Approved,To install (6) Fascia On-Premises Signs (includes 4 illuminated signs in the windows) (DENTAL CHOICE | Whyte Avenue).,10712 - 82 AVENUE NW,Condo Common Area (Plan 9624473),5200,GARNEAU,papastew Ward,Old Strathcona,3,53.5183233739521,-113.50727621250923,,"{'type': 'Point', 'coordinates': [-113.50727621250923, 53.5183233739521]}",,DC1,2024-03-04T00:00:00.000
495825042-002,Sign Permit,Permitted Development,Approved,"To install (2) Fascia Signs, limited to On-premises Advertising (EYES Harvest Hills Optometrist)",5212 - ELLERSLIE ROAD SW,Plan 1921651 Blk 22 Lot 137,6661,CHARLESWORTH,Karhiio Ward,,3,53.42566188798085,-113.42279887696372,,"{'type': 'Point', 'coordinates': [-113.42279887696372, 53.42566188798085]}",,DC1,2024-02-29T00:00:00.000
467207742-014,Major Development Permit,Discretionary Development,Approved,"To change the design of an approved Health Service building (Adding ~71.30sqm to floor area, construct facade changes, ramp, new exit, and landscaping)(Zhang Dental Clinic).",12204 - 48 AVENUE NW,Plan 1800NY Blk 24 Lot 18,5260,LANSDOWNE,papastew Ward,,3,53.48580521168732,-113.54179298747965,,"{'type': 'Point', 'coordinates': [-113.54179298747965, 53.48580521168732]}",Redeveloping,DC2,2024-02-29T00:00:00.000
494413633-002,Major Development Permit,Permitted Development,Approved,To continue to operate a Veterinary Service [Indoor Sales and Service] and to construct an interior addition (new 18.9 m2 mezzanine for storage and hot water tank),6940 - ELLERSLIE ROAD SW,Plan 2320638 Blk 1 Lot 11,6211,ELLERSLIE,Karhiio Ward,,3,53.42576568131494,-113.44615570343235,,"{'type': 'Point', 'coordinates': [-113.44615570343235, 53.42576568131494]}",Developing,DC2,2024-02-12T00:00:00.000
499493169-002,Sign Permit,Permitted Development,Approved,To install (5) Fascia Sign(s) limited to On-premises Advertising (Insight Medical Imaging),2460 - GUARDIAN ROAD NW,Plan 0620602 Blk 14 Lot 12,4720,GLASTONBURY,sipiwiyiniwak Ward,,3,53.509507151804016,-113.6753933732225,,"{'type': 'Point', 'coordinates': [-113.6753933732225, 53.509507151804016]}",,CG,2024-02-05T00:00:00.000
489328928-002,Sign Permit,Permitted Development,Approved,To install (2) Fascia On-Premises Signs (HEALTH PLUS IDA PHARMACY),8117 - 102 STREET NW,Plan I Blk 60 Lots 26-28,6610,RITCHIE,papastew Ward,Old Strathcona,3,53.51734699255945,-113.49341198291802,,"{'type': 'Point', 'coordinates': [-113.49341198291802, 53.51734699255945]}",,,2024-01-31T00:00:00.000
497598111-002,Sign Permit,Permitted Development,Approved,"To install (4) Fascia On-premises Signs (CSDP 444600065-002 | Sign 5,7,8,9) (BOOSTER JUICE | PANAGO | MILLWOODS DENTURE CLINIC | KOFFEE CAFE).",6128 - 28 AVENUE NW,Plan 9121024 Blk 4 Lot 6,6720,TAWA,Karhiio Ward,,3,53.45956587689366,-113.42768683320222,,"{'type': 'Point', 'coordinates': [-113.42768683320222, 53.45956587689366]}",,,2024-01-19T00:00:00.000
496266776-002,Sign Permit,Permitted Development,Approved,To install (3) Fascia Signs limited to On-premises Advertising (McCormack Optometric Centre).,6245 - 199 STREET NW,Plan 0323954 Blk 8 Lot 90,4720,GLASTONBURY,sipiwiyiniwak Ward,,3,53.496340271730716,-113.66438409759003,,"{'type': 'Point', 'coordinates': [-113.66438409759003, 53.496340271730716]}",,CN,2024-01-17T00:00:00.000
480294851-002,Sign Permit,Permitted Development,Approved,To install a Fascia Sign Limited to On-Premises Advertising (CSDP# 397390987-006 | Building D | T1 - 96/95) (JEWEL MEDICAL CLINIC),5340 - ADMIRAL GIROUARD STREET NW,Condo Common Area (Plan 2321252),3111,GRIESBACH,Anirniq Ward,,4,53.60030303,-113.513461578,,"{'type': 'Point', 'coordinates': [-113.513461578, 53.60030303]}",,,2024-01-15T00:00:00.000
494262856-002,Sign Permit,Permitted Development,Approved,To install (3) Fascia On-Premises Sign (HARVEST HILLS DENTAL).,5216 - ELLERSLIE ROAD SW,Plan 1921651 Blk 22 Lot 137,6661,CHARLESWORTH,Karhiio Ward,,3,53.42566188798085,-113.42279887696372,,"{'type': 'Point', 'coordinates': [-113.42279887696372, 53.42566188798085]}",,,2024-01-08T00:00:00.000
486137282-002,Sign Permit,Permitted Development,Approved,To install a Fascia On-Premises Sign (BEAUMARIS HEALTH CENTRE).,14074 - 127 STREET NW,Plan 1221516 Blk B Lot 6,3340,PEMBINA,Anirniq Ward,,3,53.60329027548775,-113.54224290499943,,"{'type': 'Point', 'coordinates': [-113.54224290499943, 53.60329027548775]}",,CB1,2023-12-28T00:00:00.000
481460774-002,Major Development Permit,Permitted Development,Approved,To construct exterior alterations to an Animal Hospital and Shelter building and to expand a parking lot by adding 45 spaces (VCA Canada Guardian).,5620 - 99 STREET NW,Plan 6712KS Blk 14 Lot 1,6100,CORONET INDUSTRIAL,papastew Ward,,3,53.49215887227936,-113.48720121033503,,"{'type': 'Point', 'coordinates': [-113.48720121033503, 53.49215887227936]}",Industrial,IM,2023-12-21T00:00:00.000
493633774-002,Major Development Permit,Permitted Development,Approved,"To construct a 2nd floor addition to a Health Service, Tabani Medical Clinic.",1087 - PARSONS ROAD SW,Plan 2222522 Unit 8,6214,ELLERSLIE INDUSTRIAL,Karhiio Ward,,7,53.42299797329088,-113.47857803358026,,"{'type': 'Point', 'coordinates': [-113.47857803358026, 53.42299797329088]}",Industrial,CG,2023-12-18T00:00:00.000
493943911-002,Sign Permit,Permitted Development,Approved,To install (2) Fascia On-Premises Signs (HUDSON MEDICAL AND PHARMACY).,14072 - 127 STREET NW,Plan 1221516 Blk B Lot 6,3340,PEMBINA,Anirniq Ward,,3,53.60329027548775,-113.54224290499943,,"{'type': 'Point', 'coordinates': [-113.54224290499943, 53.60329027548775]}",,CB1,2023-12-13T00:00:00.000
492273759-002,Major Development Permit,Permitted Development,Approved,To Construct a Second Floor (Add Floor Area) to a Health Service (Physiotherapy Clinic),1059 - PARSONS ROAD SW,Plan 2222522 Unit 8,6214,ELLERSLIE INDUSTRIAL,Karhiio Ward,,7,53.42299797329088,-113.47857803358026,,"{'type': 'Point', 'coordinates': [-113.47857803358026, 53.42299797329088]}",Industrial,CG,2023-11-30T00:00:00.000
491623979-002,Sign Permit,Permitted Development,Approved,To install a Fascia On-Premises Sign (DRY EYE CLINIC).,5615 - 23 AVENUE NW,Plan 1123613 Blk 3 Lot 36A,6460,MEYOKUMIN,Karhiio Ward,,3,53.45333989618736,-113.42591125761764,,"{'type': 'Point', 'coordinates': [-113.42591125761764, 53.45333989618736]}",,DC2,2023-11-30T00:00:00.000
488742943-002,Major Development Permit,Permitted Development,Approved,To Operate a Personal Service Shop (Dog Grooming) and General Retail Store with Accessory Animal Hospital and Shelter and construct Exterior Alterations (Outdoor Dog Run),10508 - 105 STREET NW,Plan B3 Blk 5 Lots 236-238,1030,CENTRAL MCDOUGALL,O-day'min Ward,North Edge,3,53.5484804847219,-113.50160816815011,,"{'type': 'Point', 'coordinates': [-113.50160816815011, 53.5484804847219]}",Redeveloping,DC,2023-11-28T00:00:00.000
491456237-002,Sign Permit,Permitted Development,Approved,To install a Fascia On-Premises Sign (IDA CAPILANO PHARMACY).,4964 - 98 AVENUE NW,Plan 8222786 Blk 7 Lot 1,6180,EASTGATE BUSINESS PARK,Métis Ward,,3,53.53795243207604,-113.41619772104062,,"{'type': 'Point', 'coordinates': [-113.41619772104062, 53.53795243207604]}",,CB2,2023-11-21T00:00:00.000
487371454-002,Sign Permit,Permitted Development,Approved,To install a Fascia On-Premises Sign (DENTALCORP).,264 - MAYFIELD COMMON NW,Plan 9022549 Blk A,4060,BRITANNIA YOUNGSTOWN,Nakota Isga Ward,Stony Plain Road and Area,3,53.54355441666089,-113.61176795725237,,"{'type': 'Point', 'coordinates': [-113.61176795725237, 53.54355441666089]}",,CSC,2023-11-20T00:00:00.000
487023663-002,Major Development Permit,Permitted Development,Approved,"To Change the Use from a Professional, Financial and Office Support Service to a Health Service (Dental Office)","205, 6830 - ELLERSLIE ROAD SW",Plan 2320638 Blk 1 Lot 11,6211,ELLERSLIE,Karhiio Ward,,3,53.42576568131494,-113.44615570343235,,"{'type': 'Point', 'coordinates': [-113.44615570343235, 53.42576568131494]}",Developing,DC2,2023-11-09T00:00:00.000
490722851-002,Major Development Permit,Discretionary Development,Approved,"To Change the Use from a Professional, Financial and Office Support Service to a Health Service (Psychology Clinic)",10047 - 89 AVENUE NW,Plan 7995R Blk 116 Lot 30,5480,STRATHCONA,papastew Ward,,3,53.52420857124886,-113.49101568038981,,"{'type': 'Point', 'coordinates': [-113.49101568038981, 53.52420857124886]}",Redeveloping,RM,2023-11-09T00:00:00.000
486972429-002,Major Development Permit,Discretionary Development,Approved,"To construct exterior alterations to Extended Medical Treatment Facility site. (landscape revisions to DP#301088015-002, DP#387320175-002 and DP#419932787-002 - Capital Care Norwood).",10508 - 111 AVENUE NW,Plan 1921467 Blk 1 Lot 1,1230,SPRUCE AVENUE,O-day'min Ward,Kingsway,3,53.56018624027104,-113.50174896494785,,"{'type': 'Point', 'coordinates': [-113.50174896494785, 53.56018624027104]}",Redeveloping,DC2,2023-11-08T00:00:00.000
488982262-002,Sign Permit,Permitted Development,Approved,To install a Fascia On-Premises Sign (FOCUS PHYSIOTHERAPY).,"14, 9977 - 178 STREET NW",Plan 9723089 Blk 1 Lot 1,4540,TERRA LOSA,Nakota Isga Ward,,3,53.53714674956114,-113.62575973090301,,"{'type': 'Point', 'coordinates': [-113.62575973090301, 53.53714674956114]}",,DC2,2023-10-31T00:00:00.000
487355222-002,Sign Permit,Permitted Development,Approved,To install (1) Fascia On-Premises Sign (VETERINARY CLINIC),16759 - 127 STREET NW,Plan 1321434 Blk 1 Lot 2,3370,RAPPERSWILL,Anirniq Ward,,3,53.63055646767096,-113.53953642176356,,"{'type': 'Point', 'coordinates': [-113.53953642176356, 53.63055646767096]}",,CSC,2023-10-27T00:00:00.000
488578995-002,Major Development Permit,Permitted Development,Approved,To Add Health Services to a Convenience Retail Store (Pharmacy and Medical Clinic),4073 - 106 STREET NW,Plan 0023297 Unit 1,5360,RIDEAU PARK,papastew Ward,,3,53.47771078956592,-113.50361536573314,,"{'type': 'Point', 'coordinates': [-113.50361536573314, 53.47771078956592]}",Redeveloping,CG,2023-10-19T00:00:00.000
488283678-002,Sign Permit,Permitted Development,Approved,To install (2) Fascia On-Premises Signs (PRIME AID PHARMACY).,8215 - 102 STREET NW,Plan I Blk 69 Lots 1-2,5480,STRATHCONA,papastew Ward,Old Strathcona,3,53.51839036865451,-113.49357082207001,,"{'type': 'Point', 'coordinates': [-113.49357082207001, 53.51839036865451]}",,CB2,2023-10-19T00:00:00.000
487751898-002,Sign Permit,Permitted Development,Approved,To install a Fascia On-Premises Sign (SHIFT PHYSIO).,"101, 11230 - 110 STREET NW",Plan 4733KS Blk 9 Lot 275,1230,SPRUCE AVENUE,O-day'min Ward,Kingsway,3,53.56258433509707,-113.51057215526308,,"{'type': 'Point', 'coordinates': [-113.51057215526308, 53.56258433509707]}",,CB2,2023-10-17T00:00:00.000
485955857-002,Major Development Permit,Discretionary Development,Approved,To change the use from a General Industrial Use to an Animal Hospital and Shelters use and construct interior alterations.,8027 - ARGYLL ROAD NW,Plan 267NY Blk 2 Lot 6B,6090,CORONET ADDITION INDUSTRIAL,Métis Ward,,3,53.50472454040097,-113.44910912535423,,"{'type': 'Point', 'coordinates': [-113.44910912535423, 53.50472454040097]}",Industrial,BE,2023-10-11T00:00:00.000
486130983-002,Sign Permit,Permitted Development,Approved,To install a Fascia On-Premises Sign (UNLIMITED MEDICAL CENTRES).,2383 - 111 STREET NW,Plan 0523447 Blk 32 Lot 12,5180,ERMINESKIN,Ipiihkoohkanipiaohtsi Ward,,3,53.45504837812615,-113.51444008633729,,"{'type': 'Point', 'coordinates': [-113.51444008633729, 53.45504837812615]}",,DC2,2023-10-03T00:00:00.000
484108924-002,Major Development Permit,Permitted Development,Approved,To Change the Use from a General Industrial Use to an Animal Hospital and Shelter,13230 - 126 AVENUE NW,Plan 0020661 Blk 41A Lot 24A,3220,HAGMANN ESTATE INDUSTRIAL,Anirniq Ward,,3,53.58324818899854,-113.55514565378931,,"{'type': 'Point', 'coordinates': [-113.55514565378931, 53.58324818899854]}",Industrial,IM,2023-09-21T00:00:00.000
477548836-002,Sign Permit,Permitted Development,Approved,To install a Fascia On-Premises Sign (MEDPRO RESPIRATORY SLEEP APNEA CLINIC).,"203, 8915 - 51 AVENUE NW",Plan 5057TR Blk 7 Lot 1,6430,MCINTYRE INDUSTRIAL,Karhiio Ward,,3,53.487234934299146,-113.46528864311308,,"{'type': 'Point', 'coordinates': [-113.46528864311308, 53.487234934299146]}",,IB,2023-09-15T00:00:00.000
483693639-002,Sign Permit,Permitted Development,Approved,"To install (2) Fascia On-Premises Signs (CSDP #469443284-002 | 2b-5, 2b-6) (SMART DENTAL ART).","10, 5094 - WINDERMERE BOULEVARD NW",Plan 0723371 Blk 14 Lot 1,5505,AMBLESIDE,pihêsiwin Ward,,3,53.43465924701947,-113.59469623092886,,"{'type': 'Point', 'coordinates': [-113.59469623092886, 53.43465924701947]}",,DC1,2023-09-14T00:00:00.000
482083315-002,Sign Permit,Permitted Development,Approved,To install (3) Fascia On-Premises Signs (SECORD CLINIC AND PHARMASAVE).,22919 - 97 AVENUE NW,Plan 1922458 Blk 18 Lot 160,4487,SECORD,Nakota Isga Ward,,3,53.53665614713405,-113.71189143269876,,"{'type': 'Point', 'coordinates': [-113.71189143269876, 53.53665614713405]}",,CB1,2023-09-14T00:00:00.000
478413062-002,Major Development Permit,Discretionary Development,Approved,To construct a Health Services Use building (Medical Imaging Consultants).,15425 - 37 STREET NW,Plan 1223987 Blk 3 Lot 5,2311,GORMAN,Dene Ward,,3,53.61593039881605,-113.39643143288018,,"{'type': 'Point', 'coordinates': [-113.39643143288018, 53.61593039881605]}",Developing,DC1,2023-09-13T00:00:00.000
484081630-002,Major Development Permit,Discretionary Development,Approved,"To Change the Use from a Professional, Financial and Office Support Service to a Health Service (Sleep Clinic)",2964 - ELLWOOD DRIVE SW,Condo Common Area (Plan 1124803),6214,ELLERSLIE INDUSTRIAL,Karhiio Ward,,3,53.42995724285758,-113.47874433219854,,"{'type': 'Point', 'coordinates': [-113.47874433219854, 53.42995724285758]}",Industrial,EIB,2023-09-13T00:00:00.000
477812868-002,Sign Permit,Permitted Development,Approved,To install a Fascia On-Premises Sign (BELLA VITA LASER CLINIC).,9250 - 34A AVENUE NW,Condo Common Area (Plan 1422614),6700,STRATHCONA INDUSTRIAL PARK,Karhiio Ward,,3,53.467650764117394,-113.47291879334787,,"{'type': 'Point', 'coordinates': [-113.47291879334787, 53.467650764117394]}",,CB2,2023-09-06T00:00:00.000
475673195-002,Sign Permit,Permitted Development,Approved,To install (2) Fascia On-Premises Signs (Ref CSDP: 480998422-002 Sign Locations #2 and 3) (QUEEN MARY PARK PHARMACY).,11252 - 109 AVENUE NW,Plan 2109HW Blk 11A Lots 1-3,1180,QUEEN MARY PARK,O-day'min Ward,,3,53.5549533151423,-113.51535238480463,,"{'type': 'Point', 'coordinates': [-113.51535238480463, 53.5549533151423]}",,DC2,2023-08-29T00:00:00.000
475230152-002,Sign Permit,Permitted Development,Approved,"To install (1) Fascia On-Premises Sign (Ref CSDP: 283798172-007 BLDG 2, Sign Location A13) (iCARE PHARMACY).",12852 - 97 STREET NW,Condo Common Area (Plan 2221739),3260,LAUDERDALE,Anirniq Ward,,6,53.58716650418353,-113.49263849739201,,"{'type': 'Point', 'coordinates': [-113.49263849739201, 53.58716650418353]}",,CSC,2023-08-16T00:00:00.000
480771714-002,Major Development Permit,Permitted Development,Approved,To change the use of 110-Edgemont Road NW from General Retail Store to Indoor Participant Recreation Service (Tae Kwon Do Studio) and 118/120-Edgemont Road NW from General Retail Store to Health Service (Dental Clinic),120 - EDGEMONT ROAD NW,Plan 2222438 Blk 1 Lot 59,4462,EDGEMONT,sipiwiyiniwak Ward,,3,53.47689116049036,-113.67017304269677,,"{'type': 'Point', 'coordinates': [-113.67017304269677, 53.47689116049036]}",Developing,DC2,2023-08-15T00:00:00.000
479279212-002,Major Development Permit,Permitted Development,Approved,To change the use from Automotive and Minor Recreation Vehicle Sales/Rental to Convenience Retail Store (pharmacy),8117 - 102 STREET NW,Plan I Blk 60 Lots 26-28,6610,RITCHIE,papastew Ward,Old Strathcona,3,53.51734699255945,-113.49341198291802,,"{'type': 'Point', 'coordinates': [-113.49341198291802, 53.51734699255945]}",Redeveloping,DC1,2023-08-14T00:00:00.000
459714791-002,Sign Permit,Permitted Development,Approved,To install (1) Fascia On-Premises Sign (MILESTONE PHYSIO & WELLNESS).,6007 - MILL WOODS ROAD SOUTH NW,Condo Common Area (Plan 0020534),6670,SAKAW,Karhiio Ward,,3,53.445244052591136,-113.43060685758593,,"{'type': 'Point', 'coordinates': [-113.43060685758593, 53.445244052591136]}",,CNC,2023-08-09T00:00:00.000
479799639-002,Major Development Permit,Discretionary Development,Approved,"To change the use from Health Service to an Indoor Participant Recreation Service with a Health Service and Accessory General Retail Store (""Ninja Warrior"" parkour training facility with chiropractic and physiotherapy offices and sales of sporting goods and related product) and to construct interior alterations",4244 - 99 STREET NW,Plan 4731TR Blk 1 Lot 6,6700,STRATHCONA INDUSTRIAL PARK,Karhiio Ward,,3,53.47938301600621,-113.48751092277467,,"{'type': 'Point', 'coordinates': [-113.48751092277467, 53.47938301600621]}",Industrial,BE,2023-08-08T00:00:00.000
478526823-002,Sign Permit,Permitted Development,Approved,To install (1) Fascia On-Premises Sign (HAWKSTONE MEDICAL CLINIC).,"204, 18332 - LESSARD ROAD NW",Plan 9722753 Blk 21 Lot 3,4110,DECHENE,sipiwiyiniwak Ward,,3,53.485918715408914,-113.64225463302728,,"{'type': 'Point', 'coordinates': [-113.64225463302728, 53.485918715408914]}",,DC2,2023-07-31T00:00:00.000
470548590-002,Sign Permit,Permitted Development,Approved,To install a Fascia On-Premises Sign (SKIN PHYSICIANS | COSMEDICS).,11516 - JASPER AVENUE NW,Plan B3 Blk 15 Lot 79,1151,WÎHKWÊNTÔWIN,O-day'min Ward,,3,53.54128183320575,-113.52001399334021,,"{'type': 'Point', 'coordinates': [-113.52001399334021, 53.54128183320575]}",,DC1,2023-07-27T00:00:00.000
475565687-002,Major Development Permit,Discretionary Development,Approved,To change the use from Indoor Participant Recreation Service to Health Service (psychology clinic) and to construct interior alterations,"201, 1524 - 91 STREET SW",Condo Common Area (Plan 1623793),6214,ELLERSLIE INDUSTRIAL,Karhiio Ward,,3,53.41902168127709,-113.47947236234916,,"{'type': 'Point', 'coordinates': [-113.47947236234916, 53.41902168127709]}",Industrial,EIB,2023-07-07T00:00:00.000
476320293-002,Sign Permit,Permitted Development,Approved,To install a Fascia On-Premises Sign (LEWIS ESTATES PHARMACY),31 - LEWIS ESTATES BOULEVARD NW,Plan 9222251 Blk 2 Lot 104,4710,POTTER GREENS,Nakota Isga Ward,,3,53.513783096083955,-113.67701301875772,,"{'type': 'Point', 'coordinates': [-113.67701301875772, 53.513783096083955]}",,DC2,2023-06-28T00:00:00.000
476487352-002,Sign Permit,Permitted Development,Approved,To install (2) Fascia On-Premises Signs (TRIFECTA OPTOMETRY).,1031 - PARSONS ROAD SW,"Plan 2222522 Units 8,26",6214,ELLERSLIE INDUSTRIAL,Karhiio Ward,,4,53.423021036,-113.478703645,,"{'type': 'Point', 'coordinates': [-113.478703645, 53.423021036]}",,CSC,2023-06-27T00:00:00.000
476452058-002,Sign Permit,Permitted Development,Approved,To install a Fascia On-Premises Sign (DENTOLOGY DENTAL).,"201, 5470 - CALGARY TRAIL NW",Plan 0826604 Unit 8,5320,PLEASANTVIEW,papastew Ward,,3,53.4918087612133,-113.49714942125871,,"{'type': 'Point', 'coordinates': [-113.49714942125871, 53.4918087612133]}",,CB2,2023-06-27T00:00:00.000
475766817-002,Sign Permit,Permitted Development,Approved,To install (1) Fascia On-Premises Sign (ASPIRE PHYSIOTHERAPY).,"207, 10950 - 23 AVENUE NW",Plan 0323339 Blk 32 Lot 11,5180,ERMINESKIN,Ipiihkoohkanipiaohtsi Ward,,3,53.4549411357438,-113.51230428142088,,"{'type': 'Point', 'coordinates': [-113.51230428142088, 53.4549411357438]}",,CSC,2023-06-22T00:00:00.000
475499318-002,Sign Permit,Discretionary Development,Approved,To install a Projecting On-Premises Signs (DOMINION MEDICAL CENTRE).,1055 - KESWICK DRIVE SW,Plan 1920717 Blk 16 Lots 47;Plan 2121333 Blk 16 Lots 2,5574,KESWICK,pihêsiwin Ward,,6,53.41999744605753,-113.61958057276324,,"{'type': 'Point', 'coordinates': [-113.61958057276324, 53.41999744605753]}",,DC2,2023-06-20T00:00:00.000
473946457-002,Major Development Permit,Discretionary Development,Approved,"To change the use from a Professional, Financial, Office Support Service to a Health Service and Convenience Retail Store and to construct interior alterations (medical clinic and pharmacy)",16534 - 118 AVENUE NW,Condo Common Area (Plan 1525451),4100,CARLETON SQUARE INDUSTRIAL,Nakota Isga Ward,,3,53.571316260882426,-113.60703339488867,,"{'type': 'Point', 'coordinates': [-113.60703339488867, 53.571316260882426]}",Industrial,BE,2023-06-15T00:00:00.000
467207742-002,Major Development Permit,Discretionary Development,Approved,To demolish a Single Detached House and construct a Health Service building (Zhang Dental Clinic).,12204 - 48 AVENUE NW,Plan 1800NY Blk 24 Lot 18,5260,LANSDOWNE,papastew Ward,,3,53.48580521483666,-113.54179298857568,,"{'type': 'Point', 'coordinates': [-113.54179298857568, 53.48580521483666]}",Redeveloping,DC2,2023-06-15T00:00:00.000
468061648-002,Sign Permit,Permitted Development,Approved,To install (6) Fascia On-Premises Signs (Ref CSDP: 474178449-002 Sign ID SC-C-EX 3.1.1 - 3.1.6) (CENTURY PARK ANIMAL HOSPITAL (LELOUVRE).,11025 - 26 AVENUE NW,Plan 1821329 Blk 32 Lot 18,5180,ERMINESKIN,Ipiihkoohkanipiaohtsi Ward,,3,53.45619369677881,-113.51426466969731,,"{'type': 'Point', 'coordinates': [-113.51426466969731, 53.45619369677881]}",,DC2,2023-06-09T00:00:00.000
473908854-002,Sign Permit,Permitted Development,Approved,To install a Fascia On-Premises Sign (LUMOS DENTAL).,9562 - 82 AVENUE NW,Plan 4575S Blk 15 Lots 1-2,5480,STRATHCONA,papastew Ward,French Quarter,3,53.51835608915101,-113.47636433754718,,"{'type': 'Point', 'coordinates': [-113.47636433754718, 53.51835608915101]}",,CB2,2023-06-08T00:00:00.000
466272348-002,Major Development Permit,Discretionary Development,Approved,To Change the Use of a portion of a Public Education Service Building to a Childcare Service (108 Children) and Health Service (Medical Clinic) and Accessory Religious Assembly (Children's Sunday School),"110, 9624 - 108 AVENUE NW","Plan ND Blk 27 Lots 10-14,33-37,OT",1140,MCCAULEY,O-day'min Ward,,12,53.55441926439494,-113.488287067287,,"{'type': 'Point', 'coordinates': [-113.488287067287, 53.55441926439494]}",Redeveloping,PS,2023-06-07T00:00:00.000
458611349-006,Major Development Permit,Permitted Development,Approved,To change the use of a General Retail Store to a Veterinary Service and to construct interior alterations,11029 - 26 AVENUE NW,Plan 1821329 Blk 32 Lot 18,5180,ERMINESKIN,Ipiihkoohkanipiaohtsi Ward,,3,53.45619369700192,-113.51426466931838,,"{'type': 'Point', 'coordinates': [-113.51426466931838, 53.45619369700192]}",Redeveloping,CPT,2023-05-31T00:00:00.000
470328097-002,Sign Permit,Permitted Development,Approved,To install (4) Fascia On-Premises Signs and (1) Projecting On-premises Sign (CAPITAL DENTAL CHOICE).,14109 - STONY PLAIN ROAD NW,Plan 3669HW Blk 130 Lot 16,3200,GLENORA,Nakota Isga Ward,Stony Plain Road and Area,3,53.542648557409066,-113.56513168929172,,"{'type': 'Point', 'coordinates': [-113.56513168929172, 53.542648557409066]}",,CSC,2023-05-29T00:00:00.000
470899771-002,Major Development Permit,Discretionary Development,Approved,"To construct an Addition (mezzanine level), Exterior (new windows) and Interior Alterations to an Animal Hospital and Shelter building.",11204 - 119 STREET NW,Plan 9222114 Blk 192 Lot 1,1170,PRINCE RUPERT,O-day'min Ward,Kingsway,3,53.56096593374356,-113.52748885253436,,"{'type': 'Point', 'coordinates': [-113.52748885253436, 53.56096593374356]}",Redeveloping,BE,2023-05-26T00:00:00.000
472736362-002,Sign Permit,Permitted Development,Approved,To install a Fascia On-Premises Sign (GRIESBACH PHYSIOTHERAPY).,6887 - AD ASTRA BOULEVARD NW,Plan 1623246 Blk 34 Lot 43,3111,GRIESBACH,Anirniq Ward,,3,53.606646708579774,-113.51544676925519,,"{'type': 'Point', 'coordinates': [-113.51544676925519, 53.606646708579774]}",,CB1,2023-05-23T00:00:00.000
472395249-002,Sign Permit,Permitted Development,Approved,To install a Fascia On-Premises Sign (MEDICINE SHOPPE PHARMACY).,"100, 11910 - 111 AVENUE NW",Plan 9122204 Blk 191 Lot 1A,1170,PRINCE RUPERT,O-day'min Ward,Kingsway,3,53.55983573695548,-113.5281206755249,,"{'type': 'Point', 'coordinates': [-113.5281206755249, 53.55983573695548]}",,DC2,2023-05-23T00:00:00.000
470324261-002,Sign Permit,Permitted Development,Approved,To install (2) Fascia On-Premises Signs (SMILE SOLUTIONS DENTAL),704 - TAMARACK WAY NW,Plan 1420502 Blk 13 Lot 3,6443,TAMARACK,Sspomitapi Ward,,3,53.477512338839055,-113.36616806287478,,"{'type': 'Point', 'coordinates': [-113.36616806287478, 53.477512338839055]}",,DC1,2023-05-19T00:00:00.000
471624522-002,Sign Permit,Permitted Development,Approved,To install (2) Fascia On-Premises Signs (MAYA DENTAL CLINIC).,17520 - 100 AVENUE NW,Plan 0123468 Blk 12 Lot 12,4400,PLACE LARUE,Nakota Isga Ward,,3,53.53976668879719,-113.62404052281585,,"{'type': 'Point', 'coordinates': [-113.62404052281585, 53.53976668879719]}",,DC2,2023-05-18T00:00:00.000
468435807-002,Sign Permit,Permitted Development,Approved,To install (2) Fascia On-Premises Signs (MEDICAN PHARMACY AND CLINIC).,7115 - 101 AVENUE NW,Plan 6083KS Blk 14A Lot 11,6730,TERRACE HEIGHTS,Métis Ward,,3,53.540911808287035,-113.43818612634807,,"{'type': 'Point', 'coordinates': [-113.43818612634807, 53.540911808287035]}",,CSC,2023-05-18T00:00:00.000
472132362-002,Major Development Permit,Permitted Development,Approved,"To change the use from Professional, Financial, Office Support Service to a Health Service (Livingwell Nursing & Acupuncture Clinic)","313, 6650 - 177 STREET NW",Plan 8521170 Blk 10 Lot 4,4080,CALLINGWOOD SOUTH,sipiwiyiniwak Ward,,3,53.50147221902631,-113.62903065307135,,"{'type': 'Point', 'coordinates': [-113.62903065307135, 53.50147221902631]}",Redeveloping,DC2,2023-05-17T00:00:00.000
467835846-002,Major Development Permit,Discretionary Development,Approved,To change the use from General Retail Store to Veterinary Service and to construct interior and exterior alterations (new interior demising wall and relocate rooftop mechanical unit),16759 - 127 STREET NW,Plan 1321434 Blk 1 Lot 2,3370,RAPPERSWILL,Anirniq Ward,,3,53.63055646946805,-113.539536421744,,"{'type': 'Point', 'coordinates': [-113.539536421744, 53.63055646946805]}",Developing,CG,2023-05-12T00:00:00.000
468874503-002,Sign Permit,Permitted Development,Approved,To install a Fascia On-Premises Sign (SYMPHONY DENTAL).,11910 - 111 AVENUE NW,Plan 9122204 Blk 191 Lot 1A,1170,PRINCE RUPERT,O-day'min Ward,Kingsway,3,53.55983573695548,-113.5281206755249,,"{'type': 'Point', 'coordinates': [-113.5281206755249, 53.55983573695548]}",,DC2,2023-05-05T00:00:00.000
469080965-002,Sign Permit,Permitted Development,Approved,To install a Fascia On-Premises Sign (CANADA DIAGNOSTIC CENTRE),11910 - 111 AVENUE NW,Plan 9122204 Blk 191 Lot 1A,1170,PRINCE RUPERT,O-day'min Ward,Kingsway,3,53.55983573695548,-113.5281206755249,,"{'type': 'Point', 'coordinates': [-113.5281206755249, 53.55983573695548]}",,DC2,2023-05-05T00:00:00.000
470264505-002,Sign Permit,Permitted Development,Approved,To install (1) Fascia On-Premises Sign (THE EAR CLINIC).,2535 - 103A STREET SW,Plan 2021467 Blk 1 Lot 1,5466,CASHMAN,Ipiihkoohkanipiaohtsi Ward,,3,53.413322088776056,-113.50012962163123,,"{'type': 'Point', 'coordinates': [-113.50012962163123, 53.413322088776056]}",,IB,2023-05-04T00:00:00.000
469577318-002,Major Development Permit,Permitted Development,Approved,To change the use from and Indoor Participant Recreation Service to a Health Service and Convenience Retail Store (family doctor clinic with pharmacy) to construct interior alterations,17230 - 95 AVENUE NW,Plan 9023262 Blk 2 Lot 13,4540,TERRA LOSA,Nakota Isga Ward,,3,53.53198715126864,-113.62012099970443,,"{'type': 'Point', 'coordinates': [-113.62012099970443, 53.53198715126864]}",Redeveloping,DC2,2023-05-02T00:00:00.000
467535922-002,Sign Permit,Permitted Development,Approved,To install (1) Fascia On-Premises Sign (ASTER PHYSIOTHERAPY).,"204, 1273 - ASTER BOULEVARD NW",Plan 2022819 Blk 9 Lot 1,6445,ASTER,Sspomitapi Ward,,3,53.450060978527006,-113.36725000531322,,"{'type': 'Point', 'coordinates': [-113.36725000531322, 53.450060978527006]}",,CB1,2023-05-02T00:00:00.000
470545355-002,Major Development Permit,Permitted Development,Approved,To change the use from General Retail Store to a Health Service (physiotherapist clinic),"14, 9977 - 178 STREET NW",Plan 9723089 Blk 1 Lot 1,4540,TERRA LOSA,Nakota Isga Ward,,3,53.53714672373307,-113.62575973301625,,"{'type': 'Point', 'coordinates': [-113.62575973301625, 53.53714672373307]}",Redeveloping,DC2,2023-04-28T00:00:00.000
468886484-002,Major Development Permit,Discretionary Development,Approved,"To change the use from General Industrial use to an Animal Hospital and Shelter (dog boarding, day care and spa)",13815 - 164 STREET NW,Plan 1922174 Blk 9 Lot 2,4320,MISTATIM INDUSTRIAL,Anirniq Ward,,3,53.60120457183499,-113.60358657033166,,"{'type': 'Point', 'coordinates': [-113.60358657033166, 53.60120457183499]}",Industrial,BE,2023-04-28T00:00:00.000
468948432-002,Sign Permit,Permitted Development,Approved,To install a Fascia On-Premises Sign (SCONA SPORTS & PHYSIOTHERAPY),10427 - 80 AVENUE NW,"Plan I26 Blk 44 Lots 9-12,25-32,OT",5330,QUEEN ALEXANDRA,papastew Ward,Old Strathcona,3,53.51569236456086,-113.49922067889007,,"{'type': 'Point', 'coordinates': [-113.49922067889007, 53.51569236456086]}",,CB2,2023-04-26T00:00:00.000
468250913-002,Sign Permit,Permitted Development,Approved,To install (2) Fascia On-Premises Sign (BOREAL VETERINARY CENTRE).,13940 - 164 STREET NW,Plan 2220780 Blk 8 Lot 4,4320,MISTATIM INDUSTRIAL,Anirniq Ward,,3,53.60143676350501,-113.60546333798666,,"{'type': 'Point', 'coordinates': [-113.60546333798666, 53.60143676350501]}",,IB,2023-04-25T00:00:00.000
469657647-002,Major Development Permit,Permitted Development,Approved,To change the uses inside a General Retail Store (Walmart) by removing a Rapid Drive-through Vehicle Service (Removing Mr. Lube to expand General Retail Store use - Walmart e-commerce service area) and adding a Health Service (medical clinic) and to construct exterior and interior alterations,1203 - PARSONS ROAD NW,Plan 0721311 Blk 4 Lot 1A,6195,SOUTH EDMONTON COMMON,Karhiio Ward,,3,53.440868234625114,-113.48203126202735,,"{'type': 'Point', 'coordinates': [-113.48203126202735, 53.440868234625114]}",Industrial,DC2,2023-04-20T00:00:00.000
467777648-002,Sign Permit,Permitted Development,Approved,To install (2) Fascia On-Premises Signs (ORCHARDS SMILES DENTAL).,6643 - 25 AVENUE SW,Plan 2120387 Blk 21 Lot 205,6216,THE ORCHARDS AT ELLERSLIE,Karhiio Ward,,3,53.409341401375784,-113.44442499056149,,"{'type': 'Point', 'coordinates': [-113.44442499056149, 53.409341401375784]}",,CSC,2023-04-18T00:00:00.000
468907001-002,Major Development Permit,Discretionary Development,Approved,"To change the use from Professional, Financial, Office Support Service to Health Service (medical clinic) and to construct interior alterations",16524 - 118 AVENUE NW,Condo Common Area (Plan 1525451),4100,CARLETON SQUARE INDUSTRIAL,Nakota Isga Ward,,3,53.571316260882426,-113.60703339488867,,"{'type': 'Point', 'coordinates': [-113.60703339488867, 53.571316260882426]}",Industrial,BE,2023-04-14T00:00:00.000
468687211-002,Sign Permit,Permitted Development,Approved,To install a Fascia On-Premises Sign (REST-O-PAIN PHYSIOTHERAPY).,"201, 6830 - ELLERSLIE ROAD SW",Plan 2320638 Blk 1 Lot 11,6211,ELLERSLIE,Karhiio Ward,,3,53.42576569778846,-113.44615567087163,,"{'type': 'Point', 'coordinates': [-113.44615567087163, 53.42576569778846]}",,DC2,2023-04-11T00:00:00.000
468670473-002,Sign Permit,Permitted Development,Approved,To install a Fascia On-Premises Sign (MILESTONE PHYSIO AND WELLNESS CLINIC).,6007 - MILL WOODS ROAD SOUTH NW,Condo Common Area (Plan 0020534),6670,SAKAW,Karhiio Ward,,3,53.445244052591136,-113.43060685758593,,"{'type': 'Point', 'coordinates': [-113.43060685758593, 53.445244052591136]}",,CNC,2023-04-11T00:00:00.000
468008261-002,Sign Permit,Permitted Development,Approved,To install (2) Fascia On-Premises Signs (DARAMOLA MEDICAL CLINIC).,"103, 6055 - ANDREWS WAY SW","Condo Common Area (Plan 1920337,1922220)",5505,AMBLESIDE,pihêsiwin Ward,,3,53.42952559736621,-113.59129092201835,,"{'type': 'Point', 'coordinates': [-113.59129092201835, 53.42952559736621]}",,DC1,2023-04-05T00:00:00.000
465879259-002,Sign Permit,Permitted Development,Approved,To install a Fascia On-Premises Sign (ASTER DENTAL CENTRE).,1265 - ASTER BOULEVARD NW,Plan 2022819 Blk 9 Lot 1,6445,ASTER,Sspomitapi Ward,,3,53.450060978527006,-113.36725000531322,,"{'type': 'Point', 'coordinates': [-113.36725000531322, 53.450060978527006]}",,CB1,2023-03-27T00:00:00.000
465238163-002,Sign Permit,Discretionary Development,Approved,To install a Fascia On-Premises Sign (BLOOM DENTAL),1071 - KESWICK DRIVE SW,Plan 1920717 Blk 16 Lots 47;Plan 2121333 Blk 16 Lots 2,5574,KESWICK,pihêsiwin Ward,,5,53.42002789851153,-113.61943857293575,,"{'type': 'Point', 'coordinates': [-113.61943857293575, 53.42002789851153]}",,DC2,2023-03-24T00:00:00.000
464984337-002,Major Development Permit,Discretionary Development,Other,To Change the Use from General Industrial Use to an Animal Hospital and Shelter,13811 - 164 STREET NW,Plan 1922174 Blk 9 Lot 2,4320,MISTATIM INDUSTRIAL,Anirniq Ward,,3,53.60120457183499,-113.60358657033166,,"{'type': 'Point', 'coordinates': [-113.60358657033166, 53.60120457183499]}",Industrial,BE,2023-03-22T00:00:00.000
463477382-002,Sign Permit,Permitted Development,Approved,"To install (1) Fascia On-Premises Sign (GLASS DOCTOR, A NEIGHBOURLY COMPANY)",8825 - 63 AVENUE NW,Plan 6126MC Blk 5 Lot 2A,6090,CORONET ADDITION INDUSTRIAL,Métis Ward,,3,53.49935028449647,-113.46405615642291,,"{'type': 'Point', 'coordinates': [-113.46405615642291, 53.49935028449647]}",,IB,2023-03-22T00:00:00.000
465075447-002,Sign Permit,Not Available,Approved,To install (2) Fascia On-Premises Signs (ref CSDP: 282607694-004) (CDSA COLLEGE OF DENTAL SURGEONS OF ALBERTA).,7609 - 109 STREET NW,"Condo Common Area (Plan 1720082,1423850)",5330,QUEEN ALEXANDRA,papastew Ward,,3,53.51261413845252,-113.51150893491945,,"{'type': 'Point', 'coordinates': [-113.51150893491945, 53.51261413845252]}",,CB1,2023-03-16T00:00:00.000
465863958-002,Major Development Permit,Permitted Development,Approved,To Change the Use from General Retail Stores to Health Services (Dental Clinic),"10, 5094 - WINDERMERE BOULEVARD NW",Plan 0723371 Blk 14 Lot 1,5505,AMBLESIDE,pihêsiwin Ward,,3,53.43465924701947,-113.59469623092886,,"{'type': 'Point', 'coordinates': [-113.59469623092886, 53.43465924701947]}",Developing,DC1,2023-03-09T00:00:00.000
454914748-002,Sign Permit,Discretionary Development,Approved,To install (2) Fascia On-Premises Signs (STRIDE PHYSIOTHERAPY).,6836 - 178 AVENUE NW,Condo Common Area (Plan 2221981),2462,CRYSTALLINA NERA EAST,tastawiyiniwak Ward,,3,53.64175017755008,-113.44402001941388,,"{'type': 'Point', 'coordinates': [-113.44402001941388, 53.64175017755008]}",,CB1,2023-03-07T00:00:00.000
465353915-002,Major Development Permit,Discretionary Development,Approved,To Change the Use from a General Industrial Use to an Animal Hospital and Shelter with Accessory Creation and Production Establishment (Animal Photo Studio),8305 - WAGNER ROAD NW,Plan 3680RS Blk 17 Lot 6A,6170,DAVIES INDUSTRIAL WEST,Métis Ward,,3,53.49627559739284,-113.45349831878207,,"{'type': 'Point', 'coordinates': [-113.45349831878207, 53.49627559739284]}",Industrial,BE,2023-03-02T00:00:00.000
460480124-002,Sign Permit,Permitted Development,Approved,To install (3) Fascia On-Premises Signs (PRO CARE MEDICAL CLINIC & PHARMACY),3236 - 82 STREET NW,Plan 7621725 Blk 20 Lot 113,6750,TIPASKAN,Karhiio Ward,,3,53.464445338373864,-113.45745002036449,,"{'type': 'Point', 'coordinates': [-113.45745002036449, 53.464445338373864]}",,DC2,2023-03-02T00:00:00.000
463820289-002,Sign Permit,Permitted Development,Approved,To install (1) Fascia On-Premises Sign (LEADING EDGE PHYSIOTHERAPY).,2539 - 103A STREET SW,Plan 2021467 Blk 1 Lot 1,5466,CASHMAN,Ipiihkoohkanipiaohtsi Ward,,3,53.413322088776056,-113.50012962163123,,"{'type': 'Point', 'coordinates': [-113.50012962163123, 53.413322088776056]}",,IB,2023-03-01T00:00:00.000
464316054-002,Major Development Permit,Permitted Development,Approved,To change the use from General Contractor Service to General Industrial use (lithium testing laboratory),17546 - 105 AVENUE NW,Plan 7721110 Blk 4 Lot 12,4300,MCNAMARA INDUSTRIAL,Nakota Isga Ward,,3,53.54912881755877,-113.62303701714715,,"{'type': 'Point', 'coordinates': [-113.62303701714715, 53.54912881755877]}",Industrial,IM,2023-02-21T00:00:00.000
463613798-002,Major Development Permit,Discretionary Development,Approved,To change the use from Health Service to Personal Service Shop and Commercial School with Accessory General Retail Store (beauty clinic and beauty school with sales of beauty products),6918 - 77 STREET NW,Plan 4243KS Blk 2 Lot 10,6090,CORONET ADDITION INDUSTRIAL,Métis Ward,,3,53.50644305963329,-113.44517927297025,,"{'type': 'Point', 'coordinates': [-113.44517927297025, 53.50644305963329]}",Industrial,BE,2023-02-17T00:00:00.000
457703621-002,Major Development Permit,Discretionary Development,Approved,"To construct exterior alterations (parking lot expansion and landscaping) to a Health Services site, NORTHEAST COMMUNITY HEALTH CENTRE PARKING LOT RENOVATION.",14007 - 50 STREET NW,Plan 9724257 Blk 6 Lot 1,2541,MILLER,Dene Ward,,3,53.604036889581934,-113.4172208929906,,"{'type': 'Point', 'coordinates': [-113.4172208929906, 53.604036889581934]}",Redeveloping,UF,2023-02-16T00:00:00.000
462409657-002,Sign Permit,Permitted Development,Approved,To install (3) Fascia On-Premises Signs (HENDAY DENTAL).,1440 - MCCONACHIE BOULEVARD NW,Plan 1821486 Blk 24 Lot 118,2522,MCCONACHIE,Dene Ward,,3,53.639692080146645,-113.441561945808,,"{'type': 'Point', 'coordinates': [-113.441561945808, 53.639692080146645]}",,CB1,2023-02-14T00:00:00.000
447157782-002,Sign Permit,Permitted Development,Approved,To install (1) Fascia On-Premises Sign (HOLYROOD DENTAL).,9014 - 75 STREET NW,Plan 9222655 Blk 23 Lot C,6310,HOLYROOD,Métis Ward,,3,53.52569068862647,-113.44372440714062,,"{'type': 'Point', 'coordinates': [-113.44372440714062, 53.52569068862647]}",,CB1,2023-01-30T00:00:00.000
458410420-002,Sign Permit,Permitted Development,Approved,"To install a Freestanding On-Premises Sign (STRATICA MEDICAL), and remove an existing Freestanding On-premises Sign.",10140 - 117 STREET NW,Plan 7261AB Blk 17 Lot 90,1151,WÎHKWÊNTÔWIN,O-day'min Ward,,3,53.54188562890959,-113.52366777508402,,"{'type': 'Point', 'coordinates': [-113.52366777508402, 53.54188562890959]}",,DC1,2023-01-27T00:00:00.000
461099952-002,Major Development Permit,Discretionary Development,Approved,To Add an Accessory General Retail Store (Pharmacy) to a Health Services Use.,2503 - 103A STREET SW,Plan 2021467 Blk 1 Lot 1,5466,CASHMAN,Ipiihkoohkanipiaohtsi Ward,,3,53.413322088776056,-113.50012962163123,,"{'type': 'Point', 'coordinates': [-113.50012962163123, 53.413322088776056]}",Developing,BE,2023-01-27T00:00:00.000
458407722-002,Major Development Permit,Permitted Development,Approved,"To change the use from Professional, Financial, Office Support Service to Health Service and to construct interior alterations (psychology clinic in new Suite 702).","704, 10050 - 112 STREET NW",Condo Common Area (Plan 2520702),1151,WÎHKWÊNTÔWIN,O-day'min Ward,,3,53.54011297575725,-113.51447825312941,,"{'type': 'Point', 'coordinates': [-113.51447825312941, 53.54011297575725]}",Redeveloping,DC2,2023-01-05T00:00:00.000
458523462-002,Major Development Permit,Permitted Development,Approved,"To change the use from Professional, Financial, Office Support Service to Health Service and to construct interior alterations (physiotherapy clinic)","201, 6830 - ELLERSLIE ROAD SW",Plan 2320638 Blk 1 Lot 11,6211,ELLERSLIE,Karhiio Ward,,3,53.4257560231733,-113.44581590128158,,"{'type': 'Point', 'coordinates': [-113.44581590128158, 53.4257560231733]}",Developing,DC2,2023-01-04T00:00:00.000
459205507-002,Major Development Permit,Permitted Development,Approved,To Construct Exterior Alterations for a Health Service (New Door for Medical Clinic),"9, 9228 - 144 AVENUE NW",Plan 2547RS Blk 35 Lot 3,2260,EVANSDALE,tastawiyiniwak Ward,,3,53.606670930576996,-113.4827727815804,,"{'type': 'Point', 'coordinates': [-113.4827727815804, 53.606670930576996]}",Redeveloping,MUN,2023-01-04T00:00:00.000
451247935-002,Major Development Permit,Discretionary Development,Approved,To Change the Use from a General Industrial to an Animal Hospital and Shelter and construct Exterior and Interior Alterations (Tailz Services).,11204 - 119 STREET NW,Plan 9222114 Blk 192 Lot 1,1170,PRINCE RUPERT,O-day'min Ward,Kingsway,3,53.56096593374356,-113.52748885253436,,"{'type': 'Point', 'coordinates': [-113.52748885253436, 53.56096593374356]}",Redeveloping,BE,2022-12-23T00:00:00.000
454914511-002,Sign Permit,Permitted Development,Approved,To install a Fascia On-Premises Sign (LIFE PLUS PHARMACY & CLINIC ),8619 - 109 STREET NW,Plan 3901AJ Blk 186 Lots 21-22,5200,GARNEAU,papastew Ward,,3,53.522441812544216,-113.51150916505487,,"{'type': 'Point', 'coordinates': [-113.51150916505487, 53.522441812544216]}",,CB1,2022-12-21T00:00:00.000
449896606-002,Major Development Permit,Discretionary Development,Approved,"To construct a 2 storey multi-use commercial building (CRU 1-2 General Retail, CRU 3-4 Health Services, CRU 5 Veterinary Services, CRU 6-7 General Retail, CRU 8-9 Restaurant; 2nd floor Child Care Service (maximum 60 children) and Professional, Financial and Office Support Service) (Alliance Bazaar Building #3).",6956 - ELLERSLIE ROAD SW,Plan 2320638 Blk 1 Lot 11,6211,ELLERSLIE,Karhiio Ward,,6,53.425756121736775,-113.44615379114114,,"{'type': 'Point', 'coordinates': [-113.44615379114114, 53.425756121736775]}",Developing,DC2,2022-12-20T00:00:00.000
455021255-002,Sign Permit,Not Available,Approved,To install (1) Fascia On-Premises Sign (TERWILLEGAR PHYSIOTHERAPY AND MASSAGE).,113 - HADDOW CLOSE NW,Condo Common Area (Plan 0524641),5610,HADDOW,pihêsiwin Ward,,3,53.45872496324665,-113.59093853065687,,"{'type': 'Point', 'coordinates': [-113.59093853065687, 53.45872496324665]}",,DC2,2022-12-19T00:00:00.000
457526408-002,Sign Permit,Permitted Development,Approved,To install a Fascia On-Premises Sign (COLLECTIVE ROOTS MEDICAL CLINIC).,14433 - MILLER BOULEVARD NW,Plan 0024700 Blk 9 Lot 1,2541,MILLER,Dene Ward,,3,53.60762730975637,-113.41361709446095,,"{'type': 'Point', 'coordinates': [-113.41361709446095, 53.60762730975637]}",,CNC,2022-12-14T00:00:00.000
457564066-002,Sign Permit,Permitted Development,Approved,To install a Fascia On-Premises Sign (EMPOWER PHYSIOTHERAPY).,"203, 15170 - 127 STREET NW",Plan 0625614 Blk 16 Lot 5,3150,CUMBERLAND,Anirniq Ward,,3,53.6148709786563,-113.54276154071894,,"{'type': 'Point', 'coordinates': [-113.54276154071894, 53.6148709786563]}",,CSC,2022-12-14T00:00:00.000
456899199-002,Sign Permit,Discretionary Development,Approved,To install a Fascia On-Premises Sign (MAYA DENTAL CLINIC).,"109, 1803 - 91 STREET SW",Condo Common Area (Plan 1721728),6213,SUMMERSIDE,Karhiio Ward,,3,53.41681444800922,-113.47874720788788,,"{'type': 'Point', 'coordinates': [-113.47874720788788, 53.41681444800922]}",,EIB,2022-12-13T00:00:00.000
453879525-002,Sign Permit,Permitted Development,Approved,To install (2) Fascia On-Premises Signs (CRYSTALLINA DENTAL).,6854 - 178 AVENUE NW,Condo Common Area (Plan 2221981),2462,CRYSTALLINA NERA EAST,tastawiyiniwak Ward,,3,53.64175017755008,-113.44402001941388,,"{'type': 'Point', 'coordinates': [-113.44402001941388, 53.64175017755008]}",,CB1,2022-12-07T00:00:00.000
455359155-002,Major Development Permit,Discretionary Development,Approved,To Continue to Operate an Indoor Participation Recreation Service and add a Health Service Use (Physiotherapy Clinic),6740 - 99 STREET NW,Plan 3888HW Blk 33 Lot 16,6110,CPR IRVINE,papastew Ward,,3,53.50466361213019,-113.48753372281385,,"{'type': 'Point', 'coordinates': [-113.48753372281385, 53.50466361213019]}",Industrial,BE,2022-12-01T00:00:00.000
454489098-002,Sign Permit,Permitted Development,Approved,To install (2) Fascia On-Premises Signs (WIC PHYSIOTHERAPY).,"209, 4363 - 167 AVENUE NW","Condo Common Area (Plan 1823461,1823198,1823199,2321186)",2110,BRINTNELL,Dene Ward,,3,53.62793109103365,-113.4072016174051,,"{'type': 'Point', 'coordinates': [-113.4072016174051, 53.62793109103365]}",,CB2,2022-11-28T00:00:00.000
454695422-002,Major Development Permit,Permitted Development,Approved,"To Construct Exterior Alterations (Removal of Overhead Doors) and to Change the Use from Automotive and Equipment Repair Shop to Health Services (Physiotherapy, Chiropractor and Massage Therapy)",10118 - 158 STREET NW,Plan 1924AM Blk 3 Lot 1,4060,BRITANNIA YOUNGSTOWN,Nakota Isga Ward,Stony Plain Road and Area,3,53.54191988348252,-113.59435546752073,,"{'type': 'Point', 'coordinates': [-113.59435546752073, 53.54191988348252]}",Redeveloping,RM,2022-11-24T00:00:00.000
452041749-002,Sign Permit,Permitted Development,Approved,To install (15) Fascia On-Premises Signs (WALMART | PLANET FITNESS | JACK NATHAN HEALTH MEDICAL CENTRE).,6110 - CURRENTS DRIVE NW,Plan 1124080 Blk 14 Lot 21,5505,AMBLESIDE,pihêsiwin Ward,,3,53.437265867194625,-113.60135856347694,,"{'type': 'Point', 'coordinates': [-113.60135856347694, 53.437265867194625]}",,CSCa,2022-11-23T00:00:00.000
438617972-002,Sign Permit,Permitted Development,Approved,To install (1) Fascia On-Premises Sign (GLOBAL CARE PHARMACY).,7006 - 109 STREET NW,Plan 587HW Blk 27 Lot B,5310,PARKALLEN,papastew Ward,,3,53.50684006294225,-113.51245901201776,,"{'type': 'Point', 'coordinates': [-113.51245901201776, 53.50684006294225]}",,CB1,2022-11-17T00:00:00.000
448116332-002,Major Development Permit,Discretionary Development,Approved,"To construct Exterior Alterations to the approved Building #2, and operate multiple commercial Uses, including CRU#1: Health Care; CRU#2 to CRU#4: General Retail Stores; CRU#5: Liquor Store; CRU#6 to CRU#9 General Retail Stores, and to remove the outdoor play area to relocate a loading space and a garbage bin (Amnor Manning Centre, reference DP 295529024-001).",3341 - 153 AVENUE NW,Condo Common Area (Plan 2421328),2251,EBBERS,Dene Ward,,3,53.61492719005257,-113.39174757536924,,"{'type': 'Point', 'coordinates': [-113.39174757536924, 53.61492719005257]}",Developing,DC2,2022-11-07T00:00:00.000
447838401-002,Major Development Permit,Discretionary Development,Approved,"To change the Use of a Personal Service Shop to a Health Service, and to construct an addition (second floor mezzanine), and to construct interior alterations. (Renewed Manual Osteopathic and Wellness Clinic)",9130 - 23 AVENUE NW,"Condo Common Area (Plan 0822030,1220720,0921139)",6570,PARSONS INDUSTRIAL,Karhiio Ward,,3,53.452667414674096,-113.47015596690879,,"{'type': 'Point', 'coordinates': [-113.47015596690879, 53.452667414674096]}",Industrial,BE,2022-11-03T00:00:00.000
452733720-002,Major Development Permit,Discretionary Development,Approved,"To Change the Use from a Professional, Financial and Office Support Service to a Veterinary Service",9793 - 54 AVENUE NW,Plan 1422729 Unit 3,6100,CORONET INDUSTRIAL,papastew Ward,,3,53.4898914309585,-113.48429289157298,,"{'type': 'Point', 'coordinates': [-113.48429289157298, 53.4898914309585]}",Industrial,BE,2022-11-02T00:00:00.000
451850127-002,Major Development Permit,Discretionary Development,Approved,"To change the Use from a Professional, Financial, and Office Support Service to a Health Service (Back in Balance Chiropractic Clinic).","105, 4207 - 98 STREET NW",Plan 0724415 Blk 6 Lot 11,6700,STRATHCONA INDUSTRIAL PARK,Karhiio Ward,,3,53.479471227543456,-113.48089049324338,,"{'type': 'Point', 'coordinates': [-113.48089049324338, 53.479471227543456]}",Industrial,BE,2022-11-01T00:00:00.000
452010824-002,Major Development Permit,Permitted Development,Approved,To change the Use from General Industrial to an Animal Hospitals and Shelters use with an accessory General Retail Store.,8410 - DAVIES ROAD NW,Plan 3680RS Blk 17 Lot 3A,6170,DAVIES INDUSTRIAL WEST,Métis Ward,,3,53.49493118308675,-113.45255094173629,,"{'type': 'Point', 'coordinates': [-113.45255094173629, 53.49493118308675]}",Industrial,IM,2022-11-01T00:00:00.000
451177933-002,Major Development Permit,Discretionary Development,Approved,To change the Use of a portion of a Health Service to a Convenience Retail Store (1230 PHARMACY & TRAVEL CLINIC).,"102, 1230 - 91 STREET SW","Condo Common Area (Plan 2020500,1921745,2120212,1920749,1923361)",6214,ELLERSLIE INDUSTRIAL,Karhiio Ward,,3,53.422259698992136,-113.47642984225503,,"{'type': 'Point', 'coordinates': [-113.47642984225503, 53.422259698992136]}",Industrial,EIB,2022-10-26T00:00:00.000
446895443-002,Sign Permit,Discretionary Development,Approved,To install (2) Fascia On-Premises Signs (STRATICA MEDICAL),"2FL, 10140 - 117 STREET NW",Plan 7261AB Blk 17 Lot 90,1151,WÎHKWÊNTÔWIN,O-day'min Ward,,3,53.54188562890959,-113.52366777508402,,"{'type': 'Point', 'coordinates': [-113.52366777508402, 53.54188562890959]}",,DC1,2022-10-26T00:00:00.000
450101092-002,Sign Permit,Permitted Development,Approved,To install a Fascia On-Premises Sign (CSDP# 282607694-004) (MOSAIC SPEECH THERAPY),"205, 7609 - 109 STREET NW","Condo Common Area (Plan 1720082,1423850)",5330,QUEEN ALEXANDRA,papastew Ward,,3,53.51261413845252,-113.51150893491945,,"{'type': 'Point', 'coordinates': [-113.51150893491945, 53.51261413845252]}",,CB1,2022-10-25T00:00:00.000
447326773-002,Major Development Permit,Discretionary Development,Approved,"To construct exterior alterations (installing non-printed, non signage perforated Vinyl on existing glass windows) to a General Retail Store and Health Service (Pro-Care Pharmacy and Clinic).",8906 - 149 STREET NW,Plan 9621254 Blk 2 Lot 25,4230,JASPER PARK,sipiwiyiniwak Ward,,3,53.521434130337724,-113.57850025072378,,"{'type': 'Point', 'coordinates': [-113.57850025072378, 53.521434130337724]}",Redeveloping,DC2,2022-10-11T00:00:00.000
448944613-002,Sign Permit,Permitted Development,Approved,To install (4) Fascia On-Premises Sign (JASPER PRO CARE PHARMACY & CLINIC LTD).,11408 - JASPER AVENUE NW,Plan B3 Blk 14 Lots 78-79,1151,WÎHKWÊNTÔWIN,O-day'min Ward,,3,53.54128144268812,-113.51805500035206,,"{'type': 'Point', 'coordinates': [-113.51805500035206, 53.54128144268812]}",,DC1,2022-10-06T00:00:00.000
448783809-002,Major Development Permit,Discretionary Development,Approved,"To change the use of one unit inside a Professional, Financial, Office Support Service building to a Health Service (psychologist clinic) and to construct interior alterations","376, 13220 - ST ALBERT TRAIL NW",Plan 8121092 Blk 12 Lot 12A,4050,BONAVENTURE INDUSTRIAL,Anirniq Ward,,3,53.592668398831194,-113.56897674041562,,"{'type': 'Point', 'coordinates': [-113.56897674041562, 53.592668398831194]}",Industrial,BE,2022-09-29T00:00:00.000
442786740-002,Sign Permit,Permitted Development,Approved,To install a Fascia On-Premises Sign (CSDP# 448191425-002 | SG3) (BRAUN DENTURE CLINIC),14824 - STONY PLAIN ROAD NW,Plan 7601AE Blk 12 Lots 37-39,3210,GROVENOR,Nakota Isga Ward,Stony Plain Road and Area,3,53.54232647668176,-113.57711030271716,,"{'type': 'Point', 'coordinates': [-113.57711030271716, 53.54232647668176]}",,CSC,2022-09-26T00:00:00.000
440130328-002,Sign Permit,Permitted Development,Approved,To install a Fascia On-Premises Sign (CSDP# 448191425-002 | SG4) (WESTGROVE PHARMACY REMEDY RX),14822 - STONY PLAIN ROAD NW,Plan 7601AE Blk 12 Lots 37-39,3210,GROVENOR,Nakota Isga Ward,Stony Plain Road and Area,3,53.54232647668176,-113.57711030271716,,"{'type': 'Point', 'coordinates': [-113.57711030271716, 53.54232647668176]}",,CSC,2022-09-26T00:00:00.000
445958653-002,Sign Permit,Permitted Development,Approved,To install a Fascia On-Premises Sign (CSDP# 407420011-002 | Location 2a-7)(RG PHARMACY CLINIC).,"4, 5098 - WINDERMERE BOULEVARD NW",Plan 0723371 Blk 14 Lot 1,5505,AMBLESIDE,pihêsiwin Ward,,3,53.43465924813375,-113.59469622828487,,"{'type': 'Point', 'coordinates': [-113.59469622828487, 53.43465924813375]}",,DC1,2022-09-26T00:00:00.000
447960315-002,Major Development Permit,Discretionary Development,Approved,"To change the use from Professional, Financial, Office Support Service to Health Service (counselling and therapy clinic)","2FL, 8740 - 51 AVENUE NW",Plan 7620382 Blk 12 Lot 5,6430,MCINTYRE INDUSTRIAL,Karhiio Ward,,3,53.48899147654727,-113.45973972717404,,"{'type': 'Point', 'coordinates': [-113.45973972717404, 53.48899147654727]}",Industrial,BE,2022-09-23T00:00:00.000
433920539-002,Sign Permit,Discretionary Development,Approved,To install (1) Minor Digital On-Premises Sign [Fascia] (curved 6.7m x 1.0m facing SW) (INSIGHT MEDICAL | Unity Square).,11560 - 104 AVENUE NW,Plan 9121905 Blk 9D Lot 1,1151,WÎHKWÊNTÔWIN,O-day'min Ward,,4,53.547104034,-113.519257595,,"{'type': 'Point', 'coordinates': [-113.519257595, 53.547104034]}",,DC1,2022-09-23T00:00:00.000
445170203-002,Sign Permit,Permitted Development,Approved,To install (1) Fascia On-Premises Sign (ABSOLUTE CHIROPRACTIC).,6416 - CARTMELL PLACE SW,Condo Common Area (Plan 2021101),5462,CHAPPELLE AREA,Ipiihkoohkanipiaohtsi Ward,,3,53.397285215388166,-113.57012227034195,,"{'type': 'Point', 'coordinates': [-113.57012227034195, 53.397285215388166]}",,CB2,2022-09-20T00:00:00.000
442895484-002,Sign Permit,Permitted Development,Approved,To install (2) Fascia On-Premises Signs (Window Signs) (PRO CARE MEDICAL CLINIC & PHARMACY),8906 - 149 STREET NW,Plan 9621254 Blk 2 Lot 25,4230,JASPER PARK,sipiwiyiniwak Ward,,3,53.521434130337724,-113.57850025072378,,"{'type': 'Point', 'coordinates': [-113.57850025072378, 53.521434130337724]}",,DC2,2022-09-14T00:00:00.000
444433730-002,Sign Permit,Discretionary Development,Approved,To install a Fascia On-Premises Sign (KLARVATTEN MEDICAL CENTRE),16721 - 84 STREET NW,Plan 9926453 Blk 12 Lot 124,2440,KLARVATTEN,tastawiyiniwak Ward,,3,53.62930909328395,-113.46944953386782,,"{'type': 'Point', 'coordinates': [-113.46944953386782, 53.62930909328395]}",,CNC,2022-09-08T00:00:00.000
441364507-002,Major Development Permit,Permitted Development,Approved,To construct an addition to an Extended Medical Treatment Facility (Mechanical Penthouse addition at level 6 of Walter C. Mackenzie Health Science Centre building.),8440 - 112 STREET NW,Plan 9826528 Lot 6,5520,UNIVERSITY OF ALBERTA,papastew Ward,,3,53.52076421422514,-113.52318679939694,,"{'type': 'Point', 'coordinates': [-113.52318679939694, 53.52076421422514]}",Redeveloping,AJ,2022-09-02T00:00:00.000
439342448-002,Sign Permit,Permitted Development,Approved,To install (1) Fascia On-Premises Sign (ULTRAWHITE CLINIC).,10909 - JASPER AVENUE NW,Plan NB Blk 9 Lots 44-46,1090,DOWNTOWN,O-day'min Ward,Downtown,3,53.540606776702134,-113.50902923778162,,"{'type': 'Point', 'coordinates': [-113.50902923778162, 53.540606776702134]}",,JAMSC,2022-08-31T00:00:00.000
443464302-002,Sign Permit,Permitted Development,Approved,To install (2) Fascia On-Premises Signs (VIRA PHYSIOTHERAPY & SPORTS INJURY CLINIC),722 - TAMARACK WAY NW,Plan 1420502 Blk 13 Lot 3,6443,TAMARACK,Sspomitapi Ward,,3,53.477512338839055,-113.36616806287478,,"{'type': 'Point', 'coordinates': [-113.36616806287478, 53.477512338839055]}",,DC1,2022-08-23T00:00:00.000
438629545-002,Sign Permit,Not Available,Approved,To install (2) Fascia On-Premises Signs and a Projecting On-Premises Sign (CHARLESWORTH PHARMACY).,3719 - 8 AVENUE SW,Plan 1623687 Blk 6 Lot 1,6661,CHARLESWORTH,Karhiio Ward,,3,53.42541827681588,-113.39854738618453,,"{'type': 'Point', 'coordinates': [-113.39854738618453, 53.42541827681588]}",,,2022-08-15T00:00:00.000
443136734-002,Major Development Permit,Discretionary Development,Approved,To Change the Use from an Indoor Participant Recreation Service to a Health Service (Physiotherapy Clinic),11996 - 109A AVENUE NW,"Plan 3256HW Blk 19 Lots B,C",1180,QUEEN MARY PARK,O-day'min Ward,,3,53.556453490315505,-113.52796898666239,,"{'type': 'Point', 'coordinates': [-113.52796898666239, 53.556453490315505]}",Redeveloping,BE,2022-08-12T00:00:00.000
439736838-002,Major Development Permit,Permitted Development,Approved,To construct an Addition (8.45 sq.m.) and Exterior Alterations to approved DP 422921008-002 for an Animal Hospital and Shelter building (VCA Canada Guardian).,5620 - 99 STREET NW,Plan 6712KS Blk 14 Lot 1,6100,CORONET INDUSTRIAL,papastew Ward,,3,53.49215887271248,-113.4872012065627,,"{'type': 'Point', 'coordinates': [-113.4872012065627, 53.49215887271248]}",Industrial,IM,2022-08-05T00:00:00.000
440968957-002,Sign Permit,Permitted Development,Approved,To install (3) Fascia On-Premises Sign (DELTA MEDICAL CLINIC | PHARMACY).,12143 - 97 STREET NW,Plan 1423203 Blk 24 Lot 5A,1010,ALBERTA AVENUE,Métis Ward,,3,53.5763019188978,-113.49152758421744,,"{'type': 'Point', 'coordinates': [-113.49152758421744, 53.5763019188978]}",,CNC,2022-08-04T00:00:00.000
441177434-002,Major Development Permit,Permitted Development,Approved,To change the Use from General Industrial to an Animal Hospital and Shelters and construct exterior alterations (two outdoor dog runs with 1.83m high fence).,4503 - MORRIS ROAD NW,Condo Common Area (Plan 8122516),6540,MORRIS INDUSTRIAL,Métis Ward,,3,53.519984437394484,-113.41111523741866,,"{'type': 'Point', 'coordinates': [-113.41111523741866, 53.519984437394484]}",Industrial,IM,2022-07-27T00:00:00.000
432933977-002,Sign Permit,Permitted Development,Approved,To install (2) Fascia On-Premises Signs (INSIGHT MEDICAL).,6466 - 28 AVENUE NW,Plan 8220154 Blk 5 Lot 4,6720,TAWA,Karhiio Ward,,3,53.45958217207449,-113.43158872735658,,"{'type': 'Point', 'coordinates': [-113.43158872735658, 53.45958217207449]}",,DC2,2022-07-26T00:00:00.000
438230886-002,Major Development Permit,Discretionary Development,Approved,"To construct interior and exterior alterations to an Animal Hospital and Shelters building (revision to DP#406105532-002, West Med Clinic; removing Atrium Feature, front Canopy, and paved parking stalls at south of property, removing one molok unit and one parking light standard).",13940 - 164 STREET NW,Plan 2220780 Blk 8 Lot 4,4320,MISTATIM INDUSTRIAL,Anirniq Ward,,3,53.60143676350501,-113.60546333798666,,"{'type': 'Point', 'coordinates': [-113.60546333798666, 53.60143676350501]}",Industrial,BE,2022-07-22T00:00:00.000
439626173-002,Sign Permit,Permitted Development,Approved,To install (1) Fascia On-Premises Sign (CHIROPRACTIC MASSAGE THERAPY),13123 - 82 STREET NW,Plan 4469MC Blk 14 Lot 52,2020,BALWIN,tastawiyiniwak Ward,,3,53.59191618288672,-113.46670008323156,,"{'type': 'Point', 'coordinates': [-113.46670008323156, 53.59191618288672]}",,CNC,2022-07-20T00:00:00.000
439817321-002,Sign Permit,Discretionary Development,Approved,To install (1) Fascia On-Premises Sign (WATSON FAMILY CHIROPRACTIC).,"302, 2435 - 90B STREET SW",Condo Common Area (Plan 1620228),6213,SUMMERSIDE,Karhiio Ward,,3,53.41094891389214,-113.47949957640668,,"{'type': 'Point', 'coordinates': [-113.47949957640668, 53.41094891389214]}",,DC2,2022-07-19T00:00:00.000
440121544-002,Sign Permit,Permitted Development,Approved,To install (2) Fascia On-Premises Signs (MAPLE DENTAL CLINIC).,16737 - 84 STREET NW,Plan 9926453 Blk 12 Lot 124,2440,KLARVATTEN,tastawiyiniwak Ward,,3,53.62930909328395,-113.46944953386782,,"{'type': 'Point', 'coordinates': [-113.46944953386782, 53.62930909328395]}",,CNC,2022-07-14T00:00:00.000
437063813-002,Sign Permit,Permitted Development,Approved,To install a Fascia On-Premises Sign (LEADING EDGE PHYSIOTHERAPY).,4968 - 98 AVENUE NW,Plan 8222786 Blk 7 Lot 1,6180,EASTGATE BUSINESS PARK,Métis Ward,,3,53.53795243298932,-113.41619772404499,,"{'type': 'Point', 'coordinates': [-113.41619772404499, 53.53795243298932]}",,CB2,2022-06-21T00:00:00.000
434872965-002,Sign Permit,Permitted Development,Approved,To install a Fascia On-Premises Sign (HELIO OPTOMETRY),9516 - 149 STREET NW,Plan 5229AD Blk 67 Lots 7-10,4580,WEST JASPER PLACE,Nakota Isga Ward,,3,53.53188417615431,-113.57853617963079,,"{'type': 'Point', 'coordinates': [-113.57853617963079, 53.53188417615431]}",,CNC,2022-06-17T00:00:00.000
436891441-002,Major Development Permit,Permitted Development,Approved,To Construct Exterior Alterations (Replace Doors with Windows) and to Change the Use to a Health Service (Physiotherapy Clinic),4968 - 98 AVENUE NW,Plan 8222786 Blk 7 Lot 1,6180,EASTGATE BUSINESS PARK,Métis Ward,,3,53.53795243298932,-113.41619772404499,,"{'type': 'Point', 'coordinates': [-113.41619772404499, 53.53795243298932]}",Industrial,CG,2022-06-17T00:00:00.000
436386888-002,Major Development Permit,Permitted Development,Approved,To Change the Use from a Childcare Services to a General Retail Store (Pharmacy),3719 - 8 AVENUE SW,Plan 1623687 Blk 6 Lot 1,6661,CHARLESWORTH,Karhiio Ward,,3,53.42541827681588,-113.39854738618453,,"{'type': 'Point', 'coordinates': [-113.39854738618453, 53.42541827681588]}",Developing,DC1,2022-06-10T00:00:00.000
429319533-002,Sign Permit,Permitted Development,Approved,To install a Fascia On-Premises Sign (EDMONTON MEDICAL HOME & RX PHARMACY),15012 - 107 AVENUE NW,Condo Common Area (Plan 9724369),4200,HIGH PARK,Nakota Isga Ward,,3,53.551413494057286,-113.58033060588411,,"{'type': 'Point', 'coordinates': [-113.58033060588411, 53.551413494057286]}",,CNC,2022-06-08T00:00:00.000
435683107-002,Major Development Permit,Discretionary Development,Approved,To change the Use from a General Retail Store to a Veterinary Service and construct interior alterations (expansion of existing Castledowns Animal Hospital).,10219A - 164 AVENUE NW,Plan 7520496 Blk 30 Lot 2,3280,LORELEI,tastawiyiniwak Ward,,3,53.6252385846208,-113.50052132574913,,"{'type': 'Point', 'coordinates': [-113.50052132574913, 53.6252385846208]}",Redeveloping,CN,2022-06-07T00:00:00.000
434859567-002,Sign Permit,Permitted Development,Approved,To install (1) Fascia On-Premises Sign (RECOVR PHYSIOTHERAPY),1468 - MCCONACHIE BOULEVARD NW,Plan 1821486 Blk 24 Lot 118,2522,MCCONACHIE,Dene Ward,,3,53.639692080146645,-113.441561945808,,"{'type': 'Point', 'coordinates': [-113.441561945808, 53.639692080146645]}",,CB1,2022-06-07T00:00:00.000
435814542-002,Sign Permit,Permitted Development,Approved,To install a Fascia On-Premises Sign (A to Z CARE PHARMACY).,15956 - 109 AVENUE NW,Plan 2778KS Blk 8 Lot C,4290,MAYFIELD,Nakota Isga Ward,,3,53.55404858729303,-113.5980503399094,,"{'type': 'Point', 'coordinates': [-113.5980503399094, 53.55404858729303]}",,CNC,2022-06-07T00:00:00.000
432249958-002,Major Development Permit,Discretionary Development,Approved,"To change the use from Professional, Financial, Office Support Service to Health Service (PRP treatment, Boxtox and filler clinic)","102, 1253 - 91 STREET SW",Plan 0525919 Blk 2 Lot 92,6213,SUMMERSIDE,Karhiio Ward,,3,53.42149445758153,-113.47452941509817,,"{'type': 'Point', 'coordinates': [-113.47452941509817, 53.42149445758153]}",Developing,EIB,2022-06-06T00:00:00.000
434719385-002,Sign Permit,Permitted Development,Approved,To install (1) Fascia On-Premises Sign (IDA KLARVATTEN PHARMACY),16729 - 84 STREET NW,Plan 9926453 Blk 12 Lot 124,2440,KLARVATTEN,tastawiyiniwak Ward,,3,53.62930909328395,-113.46944953386782,,"{'type': 'Point', 'coordinates': [-113.46944953386782, 53.62930909328395]}",,CNC,2022-06-03T00:00:00.000
434477081-002,Sign Permit,Permitted Development,Approved,To install (1) Fascia On-Premises Sign (EDMONTON SOUTH ANIMAL HOSPITAL),3823 - 99 STREET NW,Plan 9120758 Blk 4 Lot 7,6700,STRATHCONA INDUSTRIAL PARK,Karhiio Ward,,3,53.47230362865978,-113.4853377088078,,"{'type': 'Point', 'coordinates': [-113.4853377088078, 53.47230362865978]}",,IB,2022-06-02T00:00:00.000
434091893-002,Sign Permit,Permitted Development,Approved,To install (2) Fascia On-Premises Signs (EVOLUTION PHYSIOTHERAPY),20027 - LESSARD ROAD NW,Plan 2420692 Blk 1 Lot 64,4462,EDGEMONT,sipiwiyiniwak Ward,,3,53.47641332527158,-113.67277130184557,,"{'type': 'Point', 'coordinates': [-113.67277130184557, 53.47641332527158]}",,CSC,2022-06-02T00:00:00.000
431691448-002,Sign Permit,Permitted Development,Approved,To install a Fascia On-Premises Sign (EMERALD DOWNTOWN PHARMACY &TRAVEL CLINIC),9943 - 109 STREET NW,Condo Common Area (Plan 0628335),1090,DOWNTOWN,O-day'min Ward,Downtown,3,53.53839336771695,-113.50788093755689,,"{'type': 'Point', 'coordinates': [-113.50788093755689, 53.53839336771695]}",,CMU,2022-05-31T00:00:00.000
434386138-002,Major Development Permit,Permitted Development,Approved,To change the Use from a General Retail Store and Personal Service Shop to a Veterinary Services use and construct interior alterations (Whitemud Crossing Animal Hospital).,"109, 4211 - 106 STREET NW",Plan 8721793 Blk 37 Lot 2,5360,RIDEAU PARK,papastew Ward,,3,53.479675306998175,-113.50243699271883,,"{'type': 'Point', 'coordinates': [-113.50243699271883, 53.479675306998175]}",Redeveloping,CG,2022-05-25T00:00:00.000
434125051-002,Sign Permit,Permitted Development,Approved,To install a Fascia On-Premises Sign (WEST JASPER PHARMACY),9512 - 149 STREET NW,Plan 5229AD Blk 67 Lots 7-10,4580,WEST JASPER PLACE,Nakota Isga Ward,,3,53.53188417615431,-113.57853617963079,,"{'type': 'Point', 'coordinates': [-113.57853617963079, 53.53188417615431]}",,CNC,2022-05-24T00:00:00.000
433947465-002,Sign Permit,Discretionary Development,Approved,To install a Fascia On-Premises Sign and a Projecting On-Premises Sign (NEW SPROUT PHARMACY / 2388896 ALBERTA INC.).,13328 - 114 AVENUE NW,Plan 1623280 Unit 3,3450,WOODCROFT,Anirniq Ward,The Crossroads,3,53.56482091515289,-113.55248788177065,,"{'type': 'Point', 'coordinates': [-113.55248788177065, 53.56482091515289]}",,RA9,2022-05-24T00:00:00.000
431910271-002,Sign Permit,Permitted Development,Approved,To install a Fascia On-Premises Sign (DENTAL CHOICE RABBIT HILL),14264 - 23 AVENUE NW,Plan 9823652 Blk 154 Lot 2,5630,LEGER,pihêsiwin Ward,,3,53.45466690035097,-113.56729962255676,,"{'type': 'Point', 'coordinates': [-113.56729962255676, 53.45466690035097]}",,CSC,2022-05-18T00:00:00.000
430188348-002,Sign Permit,Permitted Development,Approved,To install (6) Fascia On-Premises Signs ((3) WALMART SUPERCENTRE | SAVE MONEY LIVE BETTER | PICKUP | PHARMACY),"100, 1 - MEADOWLARK PARK SHOPPING CENTRE NW",Plan 9924575 Blk 10 Lot 2,4310,MEADOWLARK PARK,sipiwiyiniwak Ward,,3,53.52094326340081,-113.5933565417788,,"{'type': 'Point', 'coordinates': [-113.5933565417788, 53.52094326340081]}",,CSC,2022-05-18T00:00:00.000
433249990-002,Sign Permit,Permitted Development,Approved,To install (3) Fascia On-Premises Signs (ASPEN PHARMACY).,7149 - WINTERBURN ROAD NW,Plan 2522068 Blk 1 Lot 124,4551,GRANVILLE,sipiwiyiniwak Ward,,3,53.5070314355508,-113.68699737576611,,"{'type': 'Point', 'coordinates': [-113.68699737576611, 53.5070314355508]}",,DC1,2022-05-18T00:00:00.000
433113877-002,Major Development Permit,Permitted Development,Approved,To operate a Health Service and to construct interior alterations (physiotherapy clinic),"1150, 5015 - 111 STREET NW",Plan 0725320 Blk D Lot 4A,5170,EMPIRE PARK,papastew Ward,,3,53.485762875913636,-113.51347797562465,,"{'type': 'Point', 'coordinates': [-113.51347797562465, 53.485762875913636]}",Redeveloping,DC2,2022-05-13T00:00:00.000
431535634-002,Sign Permit,Permitted Development,Approved,To install (3) Freestanding On-Premises Sign (relocation) (MEADOWLARK HEALTH CENTRE).,1 - MEADOWLARK PARK SHOPPING CENTRE NW,Plan 9924575 Blk 10 Lot 2,4310,MEADOWLARK PARK,sipiwiyiniwak Ward,,3,53.52094326340081,-113.5933565417788,,"{'type': 'Point', 'coordinates': [-113.5933565417788, 53.52094326340081]}",,CSC,2022-05-13T00:00:00.000
429252185-002,Sign Permit,Permitted Development,Approved,To install a Fascia On-Premises Sign (ICON CHIROPRACTIC AND WELLNESS CLINIC).,555 - MISTATIM WAY NW,Condo Common Area (Plan 2120800),4320,MISTATIM INDUSTRIAL,Anirniq Ward,,3,53.60194873275583,-113.58150954859039,,"{'type': 'Point', 'coordinates': [-113.58150954859039, 53.60194873275583]}",,CB2,2022-05-12T00:00:00.000
431716488-002,Major Development Permit,Permitted Development,Approved,To change the use of a portion of a Creation and Production Establishment to a General Industrial use (Image Medical Supplies),14204 - 128 AVENUE NW,Condo Common Area (Plan 1521545),4050,BONAVENTURE INDUSTRIAL,Anirniq Ward,,3,53.58533662291147,-113.5669724162423,,"{'type': 'Point', 'coordinates': [-113.5669724162423, 53.58533662291147]}",Industrial,IM,2022-05-09T00:00:00.000
430732782-002,Sign Permit,Permitted Development,Approved,To install (20) Window Signs (Fascia On-Premises Signs) (360 SQUARE IDA PHARMACY AND MEDICAL CLINIC).,13204 - 118 AVENUE NW,"Plan 1464KS Blk 1 Lots 54,55U,56U,57U,58U",3170,DOVERCOURT,Anirniq Ward,The Crossroads,3,53.57105146256128,-113.55079941084928,,"{'type': 'Point', 'coordinates': [-113.55079941084928, 53.57105146256128]}",,CSC,2022-05-06T00:00:00.000
430857892-002,Sign Permit,Permitted Development,Approved,To install a Fascia On-Premises Sign (CRESTWOOD DENTAL CHOICE),9636 - 149 STREET NW,Plan 6231ET Blk 66 Lot 3,4580,WEST JASPER PLACE,Nakota Isga Ward,,3,53.534171947387804,-113.57853665156351,,"{'type': 'Point', 'coordinates': [-113.57853665156351, 53.534171947387804]}",,CNC,2022-05-06T00:00:00.000
431228836-002,Sign Permit,Permitted Development,Approved,To install (1) Fascia On-Premises Sign(s)  (OPTIMIZE PHYSIOTHERAPY),18546 - 104 AVENUE NW,Plan 0626825 Blk 1 Lot 9,4530,SUNWAPTA INDUSTRIAL,Nakota Isga Ward,,3,53.547546179858394,-113.6433224574751,,"{'type': 'Point', 'coordinates': [-113.6433224574751, 53.547546179858394]}",,IB,2022-05-05T00:00:00.000
428876712-002,Major Development Permit,Discretionary Development,Approved,To Construct Exterior Alterations to an Extended Medical Treatment Service Building (Rooftop Mechanical Unit Screening Expansion),10230 - 111 AVENUE NW,Plan 9720909 Blk 2,1230,SPRUCE AVENUE,O-day'min Ward,Kingsway,3,53.5599810799924,-113.4983132597949,,"{'type': 'Point', 'coordinates': [-113.4983132597949, 53.5599810799924]}",Redeveloping,DC2,2022-05-03T00:00:00.000
431048373-002,Sign Permit,Permitted Development,Approved,To install (2) Fascia On-Premises Signs (HERITAGE VALLEY ANIMAL HOSPITAL),735 - DANIELS WAY SW,Plan 2121567 Blk 18 Lot 4,5463,DESROCHERS AREA,Ipiihkoohkanipiaohtsi Ward,,3,53.40074388738519,-113.54231887415861,,"{'type': 'Point', 'coordinates': [-113.54231887415861, 53.40074388738519]}",,CB1,2022-04-29T00:00:00.000
429376457-002,Sign Permit,Permitted Development,Approved,To install (1) Fascia On-Premises Sign (OXFORD ANIMAL HOSPITAL).,15168 - 127 STREET NW,Plan 0625614 Blk 16 Lot 5,3150,CUMBERLAND,Anirniq Ward,,3,53.6148709786563,-113.54276154071894,,"{'type': 'Point', 'coordinates': [-113.54276154071894, 53.6148709786563]}",,CSC,2022-04-28T00:00:00.000
429847938-002,Sign Permit,Permitted Development,Approved,To install (4) Fascia On-Premises Signs (360 SQUARE PHARMACY AND MEDICAL CLINIC).,13202 - 118 AVENUE NW,"Plan 1464KS Blk 1 Lots 54,55U,56U,57U,58U",3170,DOVERCOURT,Anirniq Ward,The Crossroads,3,53.57105146256128,-113.55079941084928,,"{'type': 'Point', 'coordinates': [-113.55079941084928, 53.57105146256128]}",,CSC,2022-04-28T00:00:00.000
426401944-002,Major Development Permit,Permitted Development,Approved,To change the use from General Retail Store to Health Service and to construct interior alterations (physiotherapy clinic),722 - TAMARACK WAY NW,Plan 1420502 Blk 13 Lot 3,6443,TAMARACK,Sspomitapi Ward,,3,53.477512338839055,-113.36616806287478,,"{'type': 'Point', 'coordinates': [-113.36616806287478, 53.477512338839055]}",Developing,DC1,2022-04-22T00:00:00.000
428333660-002,Sign Permit,Permitted Development,Approved,To install (1) Fascia On-Premises Sign (ELLERSLIE PHARMACY).,"142, 9080 - 25 AVENUE SW",Plan 1125456 Blk 56 Lot 7,6213,SUMMERSIDE,Karhiio Ward,,3,53.41073587402911,-113.48159321611217,,"{'type': 'Point', 'coordinates': [-113.48159321611217, 53.41073587402911]}",,CB1,2022-04-14T00:00:00.000
427796541-002,Major Development Permit,Permitted Development,Approved,"To change the use from General Industrial use to an Animal Hospital and Shelter with Accessory General Retail Store (Dog daycare and boarding, including sales of dog toys and accessories), and to construct interior alterations",9619 - 63 AVENUE NW,Plan 6228HW Blk 4 Lot 8,6650,ROSEDALE INDUSTRIAL,papastew Ward,,3,53.499387338869326,-113.47747129972987,,"{'type': 'Point', 'coordinates': [-113.47747129972987, 53.499387338869326]}",Industrial,IM,2022-04-12T00:00:00.000
428287141-002,Sign Permit,Permitted Development,Approved,To install (3) Fascia On-Premises Signs (PROCARE PHARMACY & CLINIC),8906 - 149 STREET NW,Plan 9621254 Blk 2 Lot 25,4230,JASPER PARK,sipiwiyiniwak Ward,,3,53.521434130337724,-113.57850025072378,,"{'type': 'Point', 'coordinates': [-113.57850025072378, 53.521434130337724]}",,DC2,2022-04-11T00:00:00.000
428257783-002,Sign Permit,Permitted Development,Approved,To install a Fascia On-Premises Sign (A.K. MADAN PROF. DENTAL CORPORATION O/A 97 DENTAL),12914 - 97 STREET NW,Plan 5361RS Blk 11 Lot 2A,3260,LAUDERDALE,Anirniq Ward,,3,53.58807130895067,-113.49260932981547,,"{'type': 'Point', 'coordinates': [-113.49260932981547, 53.58807130895067]}",,CB2,2022-04-07T00:00:00.000
428701376-002,Major Development Permit,Permitted Development,Approved,To Construct Exterior Alterations to a General Retail Store (Site Layout Revisions) and to Operate an Indoor Participant Recreation Service (Fitness Centre) and Health Service (Medical Clinic),6110 - CURRENTS DRIVE NW,Plan 1124080 Blk 14 Lot 21,5505,AMBLESIDE,pihêsiwin Ward,,3,53.437265867194625,-113.60135856347694,,"{'type': 'Point', 'coordinates': [-113.60135856347694, 53.437265867194625]}",Developing,ASC,2022-04-04T00:00:00.000
427967195-002,Major Development Permit,Permitted Development,Approved,To change the use from Veterinary Service to Health Service and to construct interior alterations (physiotherapy clinic),17248 - 95 AVENUE NW,Plan 9023262 Blk 2 Lot 13,4540,TERRA LOSA,Nakota Isga Ward,,3,53.53198715126864,-113.62012099970443,,"{'type': 'Point', 'coordinates': [-113.62012099970443, 53.53198715126864]}",Redeveloping,DC2,2022-03-30T00:00:00.000
426828426-002,Sign Permit,Permitted Development,Approved,To install (1) Fascia On-Premises Sign (PURECARE PHARMACY).,11516 - JASPER AVENUE NW,Plan B3 Blk 15 Lot 79,1151,WÎHKWÊNTÔWIN,O-day'min Ward,,3,53.54128183320575,-113.52001399334021,,"{'type': 'Point', 'coordinates': [-113.52001399334021, 53.54128183320575]}",,DC2,2022-03-23T00:00:00.000
423526070-002,Sign Permit,Permitted Development,Approved,To install a Fascia On-Premises Sign (DESROCHERS DENTAL),719 - DANIELS WAY SW,Plan 2121567 Blk 18 Lot 4,5463,DESROCHERS AREA,Ipiihkoohkanipiaohtsi Ward,,3,53.40074388738519,-113.54231887415861,,"{'type': 'Point', 'coordinates': [-113.54231887415861, 53.40074388738519]}",,CB1,2022-03-23T00:00:00.000
425858163-002,Sign Permit,Permitted Development,Approved,To install a Fascia On-Premises Sign (SPAY & NEUTER CLINIC),13717 - MANNING DRIVE NW,Plan 0122444 Lot 7A,2145,CLAREVIEW TOWN CENTRE,Dene Ward,,3,53.598941633630304,-113.41880038664415,,"{'type': 'Point', 'coordinates': [-113.41880038664415, 53.598941633630304]}",,CB2,2022-03-17T00:00:00.000
425390613-002,Sign Permit,Permitted Development,Approved,To install a Fascia On-Premises Signs (PEOPLE'S PHARMACY),723 - DANIELS WAY SW,Plan 2121567 Blk 18 Lot 4,5463,DESROCHERS AREA,Ipiihkoohkanipiaohtsi Ward,,3,53.40074388738519,-113.54231887415861,,"{'type': 'Point', 'coordinates': [-113.54231887415861, 53.40074388738519]}",,CB2,2022-03-17T00:00:00.000
425470970-002,Major Development Permit,Not Available,Approved,To change the use from General Retail Store to a Health Service with a Convenience Retail Store (medical clinic with pharmacy) to construct interior alterations,11408 - JASPER AVENUE NW,Plan B3 Blk 14 Lots 78-79,1151,WÎHKWÊNTÔWIN,O-day'min Ward,,3,53.54128144268812,-113.51805500035206,,"{'type': 'Point', 'coordinates': [-113.51805500035206, 53.54128144268812]}",Redeveloping,MU,2022-03-08T00:00:00.000
422921008-002,Major Development Permit,Permitted Development,Approved,"To construct additions to an Animal Hospital and Shelter building, and construct interior and exterior alterations (VCA Canada Guardian).",5620 - 99 STREET NW,Plan 6712KS Blk 14 Lot 1,6100,CORONET INDUSTRIAL,papastew Ward,,3,53.49215887271248,-113.4872012065627,,"{'type': 'Point', 'coordinates': [-113.4872012065627, 53.49215887271248]}",Industrial,IM,2022-03-08T00:00:00.000
425157927-002,Major Development Permit,Permitted Development,Approved,"To change the use from Business Support Service to Commercial School (first aid and safety courses, and health care professional training)","103, 11729 - 105 AVENUE NW",Plan 7920318 Blk 17 Lot 116A,1180,QUEEN MARY PARK,O-day'min Ward,North Edge,3,53.54796851484748,-113.5250198721775,,"{'type': 'Point', 'coordinates': [-113.5250198721775, 53.54796851484748]}",Redeveloping,DC2,2022-03-04T00:00:00.000
423271987-002,Sign Permit,Permitted Development,Approved,To install (5) Fascia On-Premises Signs ((2)FRESHCO | Lowering Food Prices | WE PRICE MATCH | Pharmacy),15007 - STONY PLAIN ROAD NW,Plan 9022090 Blk 61 Lot 5,4580,WEST JASPER PLACE,Nakota Isga Ward,Stony Plain Road and Area,3,53.53972288775286,-113.58024563874835,,"{'type': 'Point', 'coordinates': [-113.58024563874835, 53.53972288775286]}",,DC2,2022-02-25T00:00:00.000
422900333-002,Sign Permit,Permitted Development,Approved,To install (4) Fascia On-Premises Signs (3 window signs) (METTRA PHARMACY).,"102, 17327 - 69 AVENUE NW",Condo Common Area (Plan 8323220),4080,CALLINGWOOD SOUTH,sipiwiyiniwak Ward,,3,53.50219500983569,-113.62318863668256,,"{'type': 'Point', 'coordinates': [-113.62318863668256, 53.50219500983569]}",,RA8,2022-02-22T00:00:00.000
420149451-002,Sign Permit,Permitted Development,Approved,To install (10) Fascia On-Premises Signs (WALMART SUPERCENTRE | SAVE MONEY LIVE BETTER | PICKUP | PHARMACY),1 - KINGSWAY GARDEN MALL NW,Plan 1620578 Blk 7 Lot 277,1230,SPRUCE AVENUE,O-day'min Ward,Kingsway,3,53.56234036504236,-113.50561534677433,,"{'type': 'Point', 'coordinates': [-113.50561534677433, 53.56234036504236]}",,CSC,2022-02-08T00:00:00.000
422157941-002,Major Development Permit,Discretionary Development,Approved,"To Change the Use from a Professional, Financial and Office Support Service  to a Personal Service Shop (Laser Clinic)",16948 - 111 AVENUE NW,Condo Common Area (Plan 9724094),4600,WEST SHEFFIELD INDUSTRIAL,Nakota Isga Ward,,3,53.56006652569514,-113.61406002918241,,"{'type': 'Point', 'coordinates': [-113.61406002918241, 53.56006652569514]}",Industrial,BE,2022-02-07T00:00:00.000
421786776-002,Major Development Permit,Discretionary Development,Approved,To Change the Use from a Pawn Store to a General Retail Store (Pharmacy),13328 - 114 AVENUE NW,Plan 1623280 Unit 3,3450,WOODCROFT,Anirniq Ward,The Crossroads,3,53.56482091515289,-113.55248788177065,,"{'type': 'Point', 'coordinates': [-113.55248788177065, 53.56482091515289]}",Redeveloping,RL,2022-02-02T00:00:00.000
420995074-002,Major Development Permit,Permitted Development,Approved,To change the use from General Industrial Use to Personal Service Shop (cosmetic tattoo clinic and eyelash studio),10569 - 111 STREET NW,Plan B4 Blk 10 Lots 164-165,1180,QUEEN MARY PARK,O-day'min Ward,North Edge,3,53.54916463401746,-113.51158398862695,,"{'type': 'Point', 'coordinates': [-113.51158398862695, 53.54916463401746]}",Redeveloping,DC,2022-02-02T00:00:00.000
419932787-002,Major Development Permit,Discretionary Development,Approved,To construct exterior alterations to a Extended Medical Treatment Facility site (47.55 m2 bicycle shelter),10508 - 111 AVENUE NW,Plan 1921467 Blk 1 Lots 1;Plan 9720909 Blks 2,1230,SPRUCE AVENUE,O-day'min Ward,Kingsway,3,53.5601862404894,-113.50174896343603,,"{'type': 'Point', 'coordinates': [-113.50174896343603, 53.5601862404894]}",Redeveloping,DC2,2022-02-02T00:00:00.000
420894610-002,Sign Permit,Permitted Development,Approved,"To install (1) Fascia On-Premises Sign (IGOROT MASSAGE CLINIC, HAIR SALON & BARBER SHOP).",13710 - CASTLE DOWNS ROAD NW,Plan 7721921 Blk C Lot 1,3090,CARLISLE,Anirniq Ward,,3,53.60015547979711,-113.51757979684359,,"{'type': 'Point', 'coordinates': [-113.51757979684359, 53.60015547979711]}",,CSC,2022-01-27T00:00:00.000
408119310-002,Major Development Permit,Discretionary Development,Approved,"To change the Use of an existing Professional, Financial, and Office Support Service to a Health Services (dental laboratory) Use, and to construct exterior and interior alterations.",8210 - 108 STREET NW,Plan N4000R Blk 170 Lot 30,5200,GARNEAU,papastew Ward,,3,53.51881863471861,-113.50956949982005,,"{'type': 'Point', 'coordinates': [-113.50956949982005, 53.51881863471861]}",Redeveloping,RM,2022-01-18T00:00:00.000
406117382-002,Major Development Permit,Discretionary Development,Approved,"To construct a three storey Health Services and General Retail Store Use building with two levels of underground parkade, and construct exterior alterations (new drive aisles and expansion to the existing west parking lot (Urban Wellness Village Community Health Centre).",7319 - 29 AVENUE NW,Plan 2420878 Blk 7 Lot 4B,6340,KAMEYOSEK,Karhiio Ward,,4,53.45925503,-113.444931141,,"{'type': 'Point', 'coordinates': [-113.444931141, 53.45925503]}",Redeveloping,DC2,2022-01-17T00:00:00.000
418580389-002,Sign Permit,Permitted Development,Approved,To install (2) Fascia On-premises Signs (DESROCHERS VILLAGE PHARMACY).,819 - DANIELS WAY SW,Plan 1822012 Blk 4 Lot 175,5463,DESROCHERS AREA,Ipiihkoohkanipiaohtsi Ward,,3,53.39872774862852,-113.54230451339616,,"{'type': 'Point', 'coordinates': [-113.54230451339616, 53.39872774862852]}",,DC1,2022-01-12T00:00:00.000
418537195-002,Major Development Permit,Permitted Development,Approved,To Change the Use from a Health Service to a General Retail Store (Pharmacy),11516 - JASPER AVENUE NW,Plan B3 Blk 15 Lot 79,1151,WÎHKWÊNTÔWIN,O-day'min Ward,,3,53.54128183320575,-113.52001399334021,,"{'type': 'Point', 'coordinates': [-113.52001399334021, 53.54128183320575]}",Redeveloping,MU,2022-01-05T00:00:00.000
418565476-002,Major Development Permit,Discretionary Development,Approved,"To Change the Use from a Professional, Financial and Office Support Service to a Health Service (Psychology Clinic)",4220 - 97 STREET NW,Plan 0724415 Blk 6 Lot 11,6700,STRATHCONA INDUSTRIAL PARK,Karhiio Ward,,3,53.479471227543456,-113.48089049324338,,"{'type': 'Point', 'coordinates': [-113.48089049324338, 53.479471227543456]}",Industrial,BE,2022-01-05T00:00:00.000
409463673-002,Sign Permit,Not Available,Approved,To install (12) Widow (Fascia On-Premises) Signs (HEALTH ELITE PHARMACY & CLINIC),13008 - 82 STREET NW,Plan 4651KS Blk 24 Lots 35-39,2420,KILLARNEY,tastawiyiniwak Ward,,3,53.58957618022515,-113.46783989275369,,"{'type': 'Point', 'coordinates': [-113.46783989275369, 53.58957618022515]}",,,2021-12-21T00:00:00.000
417054617-002,Major Development Permit,Discretionary Development,Approved,To Change the Use from a General Retail Store to a Veterinary Service,15168 - 127 STREET NW,Plan 0625614 Blk 16 Lot 5,3150,CUMBERLAND,Anirniq Ward,,3,53.6148709786563,-113.54276154071894,,"{'type': 'Point', 'coordinates': [-113.54276154071894, 53.6148709786563]}",Developing,CG,2021-12-14T00:00:00.000
415233027-002,Sign Permit,Permitted Development,Approved,To install (3) Fascia On-Premises Signs (Reference CSDP: 282017670-002)  (LAUDERDALE OPTOMETRY | EYE CRU OPTICIANS).,12970 - 97 STREET NW,Plan 1424543 Blk 11 Lot 7,3260,LAUDERDALE,Anirniq Ward,,3,53.589167265386436,-113.49257365018087,,"{'type': 'Point', 'coordinates': [-113.49257365018087, 53.589167265386436]}",,CSC,2021-12-13T00:00:00.000
416633821-002,Sign Permit,Not Available,Approved,To install (2) Fascia On-Premises Signs (ACE MEDICAL CLINIC & PHARMACY),2747 - 182 STREET SW,Plan 1923234 Blk 15 Lot 1,5574,KESWICK,pihêsiwin Ward,,3,53.4110399052077,-113.63571713755157,,"{'type': 'Point', 'coordinates': [-113.63571713755157, 53.4110399052077]}",,DC2,2021-12-08T00:00:00.000
416760986-002,Major Development Permit,Discretionary Development,Approved,To Operate an Accessory Health Service (Physiotherapy) to an Indoor Participant Recreation Service (Royal Glenora Club),11160 - RIVER VALLEY ROAD NW,"Plan 445MC Blks B,C",1200,RIVER VALLEY VICTORIA,O-day'min Ward,,3,53.53307697952236,-113.51425320848284,,"{'type': 'Point', 'coordinates': [-113.51425320848284, 53.53307697952236]}",River Valley,A,2021-12-07T00:00:00.000
416389929-002,Major Development Permit,Permitted Development,Approved,"To change the Use from a Professional, Financial, and Office Support Service to a Health Service (Dental Office).",14620 - STONY PLAIN ROAD NW,Plan 9323194 Blk 7A Lot 35A,3210,GROVENOR,Nakota Isga Ward,Stony Plain Road and Area,3,53.542309131199815,-113.57356218367266,,"{'type': 'Point', 'coordinates': [-113.57356218367266, 53.542309131199815]}",Redeveloping,DC2,2021-12-01T00:00:00.000
408865157-002,Sign Permit,Discretionary Development,Approved,To install (2) Fascia On-Premises Sign (STADIUM DENTAL).,8104 - 112 AVENUE NW,Plan 9924817 Blk 1 Lot 1,1070,CROMDALE,Métis Ward,,3,53.5620421394496,-113.4662842370818,,"{'type': 'Point', 'coordinates': [-113.4662842370818, 53.5620421394496]}",,DC2,2021-12-01T00:00:00.000
416224965-002,Sign Permit,Permitted Development,Approved,To install (1) Fascia On-Premises Sign (WESTSIDE CHILDREN'S AND SPORT PHYSIOTHERAPY).,10607 - 172 STREET NW,Plan 0426838 Blk 3 Lot 2A,4300,MCNAMARA INDUSTRIAL,Nakota Isga Ward,,3,53.55146821430912,-113.61668735592613,,"{'type': 'Point', 'coordinates': [-113.61668735592613, 53.55146821430912]}",,CB2,2021-12-01T00:00:00.000
410732577-002,Sign Permit,Permitted Development,Approved,To install (1) Fascia On-Premises Sign (MELODY HEARING CLINIC).,6560 - 28 AVENUE NW,Plan 8220154 Blk 5 Lot 4,6720,TAWA,Karhiio Ward,,3,53.45958217207449,-113.43158872735658,,"{'type': 'Point', 'coordinates': [-113.43158872735658, 53.45958217207449]}",,DC2,2021-12-01T00:00:00.000
414913111-002,Sign Permit,Permitted Development,Approved,To install (1) Fascia On-Premises Sign (RELIEVE PHYSIOTHERAPY AND WELLNESS CLINIC),2307C - 90B STREET SW,Condo Common Area (Plan 1524418),6213,SUMMERSIDE,Karhiio Ward,,3,53.41225905133318,-113.47941476434355,,"{'type': 'Point', 'coordinates': [-113.47941476434355, 53.41225905133318]}",,EIB,2021-11-25T00:00:00.000
406105532-002,Major Development Permit,Discretionary Development,Approved,To construct an Animal Hospital and Shelters building (West Med Clinic).,13940 - 164 STREET NW,Plan 2220780 Blk 8 Lot 4,4320,MISTATIM INDUSTRIAL,Anirniq Ward,,6,53.60111028578502,-113.60740691230959,,"{'type': 'Point', 'coordinates': [-113.60740691230959, 53.60111028578502]}",Industrial,IB,2021-11-25T00:00:00.000
414844090-002,Major Development Permit,Permitted Development,Approved,To change the Use from a Minor Eating and Drinking Establishment to a General Retail Store and Health Service (pharmacy and medical clinic).,8906 - 149 STREET NW,Plan 9621254 Blk 2 Lot 25,4230,JASPER PARK,sipiwiyiniwak Ward,,3,53.521434130337724,-113.57850025072378,,"{'type': 'Point', 'coordinates': [-113.57850025072378, 53.521434130337724]}",Redeveloping,DC2,2021-11-24T00:00:00.000
413220682-002,Major Development Permit,Discretionary Development,Approved,To change the use from Personal Service Shop to Veterinary Service and to construct interior alterations (Mill Woods East Vet Clinic expansion),2322 - 24 STREET NW,Plan 0424871 Blk 28 Lot 1,6442,SILVER BERRY,Sspomitapi Ward,,3,53.454959009753466,-113.3796233871623,,"{'type': 'Point', 'coordinates': [-113.3796233871623, 53.454959009753466]}",Redeveloping,CG,2021-11-23T00:00:00.000
395769285-002,Major Development Permit,Discretionary Development,Approved,"To construct Exterior Alterations to an Extended Medical Treatment site  (developing an additional parking lot with 85 spaces, Grey Nuns Community Hospital).",1100 - YOUVILLE DRIVE WEST NW,Plan 8220154 Blk 4 Lot 1,6720,TAWA,Karhiio Ward,,3,53.46190654374361,-113.42963116501848,,"{'type': 'Point', 'coordinates': [-113.42963116501848, 53.46190654374361]}",Redeveloping,UF,2021-11-22T00:00:00.000
408951620-002,Sign Permit,Permitted Development,Approved,To install (9) Fascia On-Premises Signs (WALMART | PIICK UP | SAVE MONEY LIVE BETTER | MEDICAL CLINIC | PHARMACY | MCDONALDS),18521 - STONY PLAIN ROAD NW,Plan 0324226 Blk 1 Lot 5,4400,PLACE LARUE,Nakota Isga Ward,,3,53.53953628688432,-113.64355165568753,,"{'type': 'Point', 'coordinates': [-113.64355165568753, 53.53953628688432]}",,DC2,2021-11-15T00:00:00.000
413715050-002,Major Development Permit,Discretionary Development,Approved,To change the use from General Industrial use to Animal Hospital and Shelter and to construct interior alterations,11212 - 178 STREET NW,"Condo Common Area (Plan 1021702,0729913)",4130,EDMISTON INDUSTRIAL,Nakota Isga Ward,Northwest Industrial,3,53.56108449012544,-113.62880918215986,,"{'type': 'Point', 'coordinates': [-113.62880918215986, 53.56108449012544]}",Industrial,BE,2021-11-15T00:00:00.000
411578793-002,Major Development Permit,Permitted Development,Other,To Change the Use from a General Industrial use to an Animal Hospital and Shelter with Accessory General Retail and Personal Service Shop,11518 - 119 STREET NW,Plan 1276HW Blk 195 Lot F,1170,PRINCE RUPERT,O-day'min Ward,Kingsway,3,53.566825049970554,-113.52749269030593,,"{'type': 'Point', 'coordinates': [-113.52749269030593, 53.566825049970554]}",Redeveloping,IM,2021-11-10T00:00:00.000
412651060-002,Major Development Permit,Discretionary Development,Approved,To change the use of a portion of a General Industrial use to a Convenience Retail Store and Health Service (eHealth Medical Supplies) and to construct interior alterations,5720 - 75 STREET NW,Plan 7520139 Blk 3 Lot 2,6430,MCINTYRE INDUSTRIAL,Karhiio Ward,,3,53.49428278737311,-113.44378243296289,,"{'type': 'Point', 'coordinates': [-113.44378243296289, 53.49428278737311]}",Industrial,BE,2021-11-08T00:00:00.000
412172996-002,Major Development Permit,Discretionary Development,Approved,To Change the Use a Convenience Retail Store to a Personal Service Shop / Health Services Use Class (Medical Spa),5722A - 75 STREET NW,Plan 7520139 Blk 3 Lot 2,6430,MCINTYRE INDUSTRIAL,Karhiio Ward,,3,53.49428278737311,-113.44378243296289,,"{'type': 'Point', 'coordinates': [-113.44378243296289, 53.49428278737311]}",Industrial,BE,2021-10-29T00:00:00.000
401626164-002,Major Development Permit,Discretionary Development,Approved,"To demolish a Veterinary Services building, and construct a Mixed Commercial Use building with covered Surface Parking (Main Floor - General Retail Stores and Specialty Food Services [81.3 sq.m. public space], Second Floor - Health Service).","UTIL, 11116 - 102 AVENUE NW",Plan B4 Blk 11 Lots 141-142,1151,WÎHKWÊNTÔWIN,O-day'min Ward,,3,53.543169337834215,-113.51291446000667,,"{'type': 'Point', 'coordinates': [-113.51291446000667, 53.543169337834215]}",Redeveloping,MU,2021-10-27T00:00:00.000
411801387-002,Major Development Permit,Permitted Development,Approved,"To change the Use from a Professional, Financial and Office Support Service to a General Retail Store and Health Service (pharmacy and medical clinic) and to construct exterior alterations (new entrance on east elevation).",13204 - 118 AVENUE NW,"Plan 1464KS Blk 1 Lots 54,55U,56U,57U,58U",3170,DOVERCOURT,Anirniq Ward,The Crossroads,3,53.57105146256128,-113.55079941084928,,"{'type': 'Point', 'coordinates': [-113.55079941084928, 53.57105146256128]}",Redeveloping,CG,2021-10-22T00:00:00.000
411738336-002,Sign Permit,Permitted Development,Approved,To install (3) Fascia On-Premises Signs (CANADA DIAGNOSTIC CENTRES | RADIOLOGY | X-RAY & ULTRASOUND),5131 - MULLEN ROAD NW,Plan 1823035 Blk 20 Lot 18,5477,MACTAGGART,pihêsiwin Ward,,3,53.433903696196936,-113.5747902133551,,"{'type': 'Point', 'coordinates': [-113.5747902133551, 53.433903696196936]}",,CSC,2021-10-22T00:00:00.000
411713197-002,Sign Permit,Permitted Development,Approved,To install (2) Fascia On-Premises Signs (COMPASSION PHARMACY),8307 - CHAPPELLE WAY SW,"Condo Common Area (Plan 2122616,2120841)",5462,CHAPPELLE AREA,Ipiihkoohkanipiaohtsi Ward,,3,53.396706660641,-113.5937084361795,,"{'type': 'Point', 'coordinates': [-113.5937084361795, 53.396706660641]}",,CSC,2021-10-22T00:00:00.000
410306599-002,Sign Permit,Discretionary Development,Approved,To install (2) Fascia On-Premises Signs (SOUTHSIDE CHIROPRACTIC),7361 - 104 STREET NW,Plan 6082Q Blk 41 Lot 6,5151,STRATHCONA JUNCTION,papastew Ward,,3,53.51107572591303,-113.49714539608573,,"{'type': 'Point', 'coordinates': [-113.49714539608573, 53.51107572591303]}",,DC1,2021-10-19T00:00:00.000
410583481-002,Major Development Permit,Discretionary Development,Approved,To change the Use from General Industrial to a Health Service (physiotherapy clinic) and to construct interior alterations.,18546 - 104 AVENUE NW,Plan 0626825 Blk 1 Lot 9,4530,SUNWAPTA INDUSTRIAL,Nakota Isga Ward,,3,53.547546179858394,-113.6433224574751,,"{'type': 'Point', 'coordinates': [-113.6433224574751, 53.547546179858394]}",Industrial,"BE,IM",2021-10-14T00:00:00.000
410348054-002,Major Development Permit,Permitted Development,Approved,"To change the Use from a Professional, Financial and Office Support Service to a Health Service (medical clinic) and to construct interior alterations.",2935 - 66 STREET NW,Condo Common Area (Plan 9021440),6720,TAWA,Karhiio Ward,,3,53.46079835729289,-113.43285943370483,,"{'type': 'Point', 'coordinates': [-113.43285943370483, 53.46079835729289]}",Redeveloping,DC2,2021-10-12T00:00:00.000
409774894-002,Sign Permit,Permitted Development,Approved,To install (2) Fascia On-Premises Signs (IN-LINE FAMILY CHIROPRACTIC),441 - MISTATIM WAY NW,Condo Common Area (Plan 2120827),4320,MISTATIM INDUSTRIAL,Anirniq Ward,,3,53.60009628584354,-113.58098857840506,,"{'type': 'Point', 'coordinates': [-113.58098857840506, 53.60009628584354]}",,CB2,2021-10-06T00:00:00.000
409905162-002,Sign Permit,Permitted Development,Approved,To install a Fascia On-Premises Sign (MCCONACHIE PHARMACY),1472 - MCCONACHIE BOULEVARD NW,Plan 1821486 Blk 24 Lot 118,2522,MCCONACHIE,Dene Ward,,3,53.639692080146645,-113.441561945808,,"{'type': 'Point', 'coordinates': [-113.441561945808, 53.639692080146645]}",,CB1,2021-10-06T00:00:00.000
409348819-002,Sign Permit,Permitted Development,Approved,To install a Fascia On-Premises Sign (CSDP# 352940891-010 | F1)(NEW MASSAGE HEALTH CENTRE LTD.).,"1, 4819 - 118 AVENUE NW",Plan 7242AH Blk 1 Lots 15-16,2100,BEVERLY HEIGHTS,Métis Ward,Beverly,3,53.570100195033305,-113.41652172184341,,"{'type': 'Point', 'coordinates': [-113.41652172184341, 53.570100195033305]}",,CB2,2021-10-04T00:00:00.000
399704509-002,Major Development Permit,Permitted Development,Approved,To change the Use from a Veterinary Service to a Cannabis Retail Store and construct interior alterations.,5229 - 167 AVENUE NW,Plan 0829853 Blk 63 Lot 101,2340,HOLLICK-KENYON,Dene Ward,,3,53.627730321598825,-113.41547303842924,,"{'type': 'Point', 'coordinates': [-113.41547303842924, 53.627730321598825]}",Developing,CG,2021-09-29T00:00:00.000
409383215-002,Sign Permit,Permitted Development,Approved,To install (4) Fascia On-Premises Signs (NEWBURY DENTAL),8315 - CHAPPELLE WAY SW,"Condo Common Area (Plan 2122616,2120841)",5462,CHAPPELLE AREA,Ipiihkoohkanipiaohtsi Ward,,3,53.396706660641,-113.5937084361795,,"{'type': 'Point', 'coordinates': [-113.5937084361795, 53.396706660641]}",,CSC,2021-09-29T00:00:00.000
408918018-002,Major Development Permit,Permitted Development,Approved,To Change the Use from a General Retail Store to a Health Service (Dental Clinic),2719 - 182 STREET SW,Plan 1923234 Blk 15 Lot 1,5574,KESWICK,pihêsiwin Ward,,3,53.4110399052077,-113.63571713755157,,"{'type': 'Point', 'coordinates': [-113.63571713755157, 53.4110399052077]}",Developing,DC2,2021-09-24T00:00:00.000
409009206-002,Major Development Permit,Permitted Development,Approved,"To Change the Use from a Professional, Financial and Office Support Service to a Health Service (Dermatology Clinic)",304 - WINDERMERE ROAD NW,Plan 1520610 Unit 194,5570,WINDERMERE,pihêsiwin Ward,,3,53.4399287846198,-113.6197018667439,,"{'type': 'Point', 'coordinates': [-113.6197018667439, 53.4399287846198]}",Developing,DC2,2021-09-23T00:00:00.000
408978920-002,Major Development Permit,Permitted Development,Approved,"To Change the Use from a Professional, Financial and Office Support Service to a Health Service (Chiropractic Clinic)","1600, 8215 - 112 STREET NW",Plan 5384RS Blk 158 Lot 1A,5200,GARNEAU,papastew Ward,,3,53.5186160745476,-113.52019389869872,,"{'type': 'Point', 'coordinates': [-113.52019389869872, 53.5186160745476]}",Redeveloping,DC2,2021-09-23T00:00:00.000
409163363-002,Major Development Permit,Permitted Development,Approved,To Change the Use from a General Retail Store to a Health Service and General Retail Store (Medical Clinic & Pharmacy),2747 - 182 STREET SW,Plan 1923234 Blk 15 Lot 1,5574,KESWICK,pihêsiwin Ward,,3,53.4110399052077,-113.63571713755157,,"{'type': 'Point', 'coordinates': [-113.63571713755157, 53.4110399052077]}",Developing,DC2,2021-09-23T00:00:00.000
408482661-002,Sign Permit,Permitted Development,Approved,To install (2) Fascia On-Premises Signs (LENSCRAFTERS | OPTOMETRIST),"2944, 8882 - 170 STREET NW",Plan 8421891 Blk 28 Lot 5,4520,SUMMERLEA,sipiwiyiniwak Ward,,12,53.522633063810375,-113.62270032905491,,"{'type': 'Point', 'coordinates': [-113.62270032905491, 53.522633063810375]}",,DC2,2021-09-22T00:00:00.000
408806605-002,Sign Permit,Permitted Development,Approved,To install (2) Fascia On-Premises Signs (COMPASSION MEDICAL WELLNESS CENTRE),8309 - CHAPPELLE WAY SW,"Condo Common Area (Plan 2122616,2120841)",5462,CHAPPELLE AREA,Ipiihkoohkanipiaohtsi Ward,,3,53.396706660641,-113.5937084361795,,"{'type': 'Point', 'coordinates': [-113.5937084361795, 53.396706660641]}",,CSC,2021-09-22T00:00:00.000
397390987-002,Major Development Permit,Discretionary Development,Approved,"To construct 5 multi use Commercial buildings (Building A - two storey, Health Services, Building B - two storey, Veterinary Services, Health Services and Professional, Financial and Office Support Services, Building C - General Retail Stores and Restaurant, Building D - General Retail, Health Services and Restaurant, Building E - Restaurant - JEWEL OF GRIESBACH)",5356 - ADMIRAL GIROUARD STREET NW,Condo Common Area (Plan 2321252),3111,GRIESBACH,Anirniq Ward,,7,53.60030113204388,-113.5134632445349,,"{'type': 'Point', 'coordinates': [-113.5134632445349, 53.60030113204388]}",Redeveloping,CB2,2021-09-16T00:00:00.000
406773603-002,Sign Permit,Permitted Development,Approved,To install (3) Fascia On-Premises Signs (HEALTH ELITE CLINIC),13008 - 82 STREET NW,Plan 4651KS Blk 24 Lots 35-39,2420,KILLARNEY,tastawiyiniwak Ward,,3,53.58957618022515,-113.46783989275369,,"{'type': 'Point', 'coordinates': [-113.46783989275369, 53.58957618022515]}",,CSC,2021-09-10T00:00:00.000
406245465-006,Major Development Permit,Permitted Development,Approved,To change the use from Personal Service Shop to Health Service (audiology clinic) and to construct interior alterations,6560 - 28 AVENUE NW,Plan 8220154 Blk 5 Lot 4,6720,TAWA,Karhiio Ward,,3,53.45958217207449,-113.43158872735658,,"{'type': 'Point', 'coordinates': [-113.43158872735658, 53.45958217207449]}",Redeveloping,DC2,2021-09-08T00:00:00.000
407120851-002,Sign Permit,Permitted Development,Approved,To install (2) Fascia On-Premises Signs (CAVANAGH DENTAL).,11036 - 30 AVENUE SW,Plan 1822591 Blk 7 Lot 101,5467,CAVANAGH,Ipiihkoohkanipiaohtsi Ward,,3,53.40853276265144,-113.51546577437657,,"{'type': 'Point', 'coordinates': [-113.51546577437657, 53.40853276265144]}",,DC2,2021-09-08T00:00:00.000
406320789-002,Major Development Permit,Permitted Development,Approved,To change the use from Personal Service Shop to Health Service with Accessory General Retail Store and to construct interior alterations (medical clinic with pharmacy),8324 - 160 AVENUE NW,Plan 9821872 Blk 80 Lot 3,2050,BELLE RIVE,tastawiyiniwak Ward,,3,53.62111805231861,-113.4693961987345,,"{'type': 'Point', 'coordinates': [-113.4693961987345, 53.62111805231861]}",Developing,DC2,2021-08-26T00:00:00.000
406195964-002,Sign Permit,Permitted Development,Approved,To install a Fascia On-Premises Sign (STRIDE PHYSIOTHERAPY),7461 - 101 AVENUE NW,Plan 6083KS Blk 14A Lot 32,6730,TERRACE HEIGHTS,Métis Ward,,3,53.54070923545753,-113.44218061586145,,"{'type': 'Point', 'coordinates': [-113.44218061586145, 53.54070923545753]}",,CSC,2021-08-26T00:00:00.000
406210515-002,Sign Permit,Permitted Development,Approved,To install (6) Fascia On-Premises Signs ((2) FRESHCO | LOWERING FOOD PRICES | WE PRICE MATCH | PHARMACY),"100, 1 - MILLBOURNE SHOPPING CENTRE NW",Plan 7720553 Blk 18 Lots 58-59,6400,LEE RIDGE,Karhiio Ward,,3,53.47231288190831,-113.45021948792245,,"{'type': 'Point', 'coordinates': [-113.45021948792245, 53.47231288190831]}",,CSC,2021-08-26T00:00:00.000
404883937-002,Sign Permit,Permitted Development,Approved,To install (11) Fascia On-Premises Signs ((4) WALMART | (4) SUPERCENTRE | SAVE MONEY LIVE BETTER | PICKUP | PHARMACY).,9499 - 137 AVENUE NW,Plan 6594MC Blk 27,2290,GLENGARRY,tastawiyiniwak Ward,,6,53.598613627943095,-113.49011950522643,,"{'type': 'Point', 'coordinates': [-113.49011950522643, 53.598613627943095]}",,CSC,2021-08-26T00:00:00.000
181019202-005,Sign Permit,Permitted Development,Approved,To install a Fascia On-premises Sign (NEW BALANCE CHIROPRACTIC CLINIC).,10536 - 102 AVENUE NW,Plan B2 Blk 5 Lot 143,1090,DOWNTOWN,"Ward 6,O-day'min Ward",Downtown,9,53.543398360882385,-113.50238247353779,,"{'type': 'Point', 'coordinates': [-113.50238247353779, 53.543398360882385]}",,UW,2021-08-24T00:00:00.000
405012652-002,Sign Permit,Permitted Development,Approved,To install (1) Fascia On-Premises Sign(s)  (GLENRIDDING MEDICAL CENTRE ),2047A - 163 STREET SW,Condo Common Area (Plan 2120918),5578,GLENRIDDING HEIGHTS,pihêsiwin Ward,,3,53.41561047505044,-113.60131796078458,,"{'type': 'Point', 'coordinates': [-113.60131796078458, 53.41561047505044]}",,CB1,2021-08-23T00:00:00.000
404389320-002,Major Development Permit,Permitted Development,Approved,"To change the use from Professional, Financial, Office Support Service to Health Service (acupuncture clinic), with small ancillary retail area",10032 - 164 STREET NW,Plan 9723193 Unit 4,4180,GLENWOOD,Nakota Isga Ward,Stony Plain Road and Area,6,53.540260531448396,-113.60566769876363,,"{'type': 'Point', 'coordinates': [-113.60566769876363, 53.540260531448396]}",Redeveloping,DC2,2021-08-20T00:00:00.000
405019905-002,Sign Permit,Permitted Development,Approved,To install (1) Fascia On-Premises Sign(s)  (GLENRIDDING PHARMACY),2047 - 163 STREET SW,Condo Common Area (Plan 2120918),5578,GLENRIDDING HEIGHTS,pihêsiwin Ward,,3,53.41561047505044,-113.60131796078458,,"{'type': 'Point', 'coordinates': [-113.60131796078458, 53.41561047505044]}",,CB1,2021-08-19T00:00:00.000
405333617-002,Sign Permit,Permitted Development,Approved,To install a Fascia On-Premises Sign (WHOLE HEALTH PHARMACY),13578 - FORT ROAD NW,Plan 1641ET Blk B Lot 1,2080,BELVEDERE,Dene Ward,Fort Road and Area,3,53.59872018044689,-113.42364708495545,,"{'type': 'Point', 'coordinates': [-113.42364708495545, 53.59872018044689]}",,CB2,2021-08-17T00:00:00.000
404614023-002,Sign Permit,Permitted Development,Approved,To install (2) Fascia Off-Premises Sign(s)  (NEWBERY DENTAL),8315 - CHAPPELLE WAY SW,"Condo Common Area (Plan 2122616,2120841)",5462,CHAPPELLE AREA,Ipiihkoohkanipiaohtsi Ward,,3,53.396706660641,-113.5937084361795,,"{'type': 'Point', 'coordinates': [-113.5937084361795, 53.396706660641]}",,CSC,2021-08-12T00:00:00.000
403474517-002,Major Development Permit,Discretionary Development,Approved,To Change the Use from a Religious Assembly to a Health Service and General Retail Store (Medical Clinic and Pharmacy),303 - WOODVALE ROAD WEST NW,Condo Common Area (Plan 1025441),6300,HILLVIEW,Karhiio Ward,,3,53.46791782256334,-113.43103983182189,,"{'type': 'Point', 'coordinates': [-113.43103983182189, 53.46791782256334]}",Redeveloping,CN,2021-07-27T00:00:00.000
402452234-002,Sign Permit,Permitted Development,Approved,To install (3) Fascia On-Premises Signs (CSDP# 282607694-004) (UNITED HEALTH CENTRE | PHARMACY | FAMILY CLINIC),7609 - 109 STREET NW,"Condo Common Area (Plan 1720082,1423850)",5330,QUEEN ALEXANDRA,papastew Ward,,3,53.51261413845252,-113.51150893491945,,"{'type': 'Point', 'coordinates': [-113.51150893491945, 53.51261413845252]}",,CB1,2021-07-22T00:00:00.000
402275561-002,Sign Permit,Permitted Development,Approved,To install a Fascia On-Premises Sign (Ref CSDP#246520431-064 | Building B)(SMILES DENTAL).,4526 - CALGARY TRAIL NW,Plan 1820228 Blk 30 Lot 16,5170,EMPIRE PARK,papastew Ward,,3,53.483059141235046,-113.49577287167048,,"{'type': 'Point', 'coordinates': [-113.49577287167048, 53.483059141235046]}",,DC2,2021-07-21T00:00:00.000
398367751-002,Major Development Permit,Discretionary Development,Approved,To construct and operate an Accessory building (electrical substation) to the existing Extended Medical Treatment Services Use building (reference Development Permit numbers 354143230-002 and 371229872-002). (Misericordia Community Hospital Emergency Department Expansion),16940 - 87 AVENUE NW,Plan 0726880 Blk 3 Lot 5,4590,WEST MEADOWLARK PARK,sipiwiyiniwak Ward,,3,53.52173895987102,-113.61182476886974,,"{'type': 'Point', 'coordinates': [-113.61182476886974, 53.52173895987102]}",Redeveloping,US,2021-07-20T00:00:00.000
396997861-002,Sign Permit,Permitted Development,Approved,To install a Fascia On-Premises Sign (FLOSS AND GLOSS DENTAL).,2431 - 90B STREET SW,Condo Common Area (Plan 1620228),6213,SUMMERSIDE,Karhiio Ward,,3,53.41094891389214,-113.47949957640668,,"{'type': 'Point', 'coordinates': [-113.47949957640668, 53.41094891389214]}",,DC2,2021-07-14T00:00:00.000
401740087-002,Sign Permit,Not Available,Approved,To install (1) Fascia On-Premises Sign (TIPASKAN DENTAL CLINIC).,3228 - 82 STREET NW,Plan 7621725 Blk 20 Lot 113,6750,TIPASKAN,Karhiio Ward,,3,53.464445338373864,-113.45745002036449,,"{'type': 'Point', 'coordinates': [-113.45745002036449, 53.464445338373864]}",,DC2,2021-07-13T00:00:00.000
401477147-002,Sign Permit,Not Available,Approved,To install (1) Fascia On-Premises Sign (TIPASKAN MEDICAL CLINIC & PHARMACY).,3236 - 82 STREET NW,Plan 7621725 Blk 20 Lot 113,6750,TIPASKAN,Karhiio Ward,,3,53.464445338373864,-113.45745002036449,,"{'type': 'Point', 'coordinates': [-113.45745002036449, 53.464445338373864]}",,DC2,2021-07-13T00:00:00.000
399710272-002,Sign Permit,Permitted Development,Approved,To install (8) Fascia On-Premises Window Sign(s)  (PHARMACY 66),13637 - 66 STREET NW,"Plan 3031RS Blk 2 Lots 10A,41U",2080,BELVEDERE,Dene Ward,,3,53.59910259204901,-113.44237237551249,,"{'type': 'Point', 'coordinates': [-113.44237237551249, 53.59910259204901]}",,CSC,2021-07-07T00:00:00.000
400384138-002,Sign Permit,Not Available,Approved,To install (2) Fascia On-Premises Signs (KINGS POINTE MEDICAL).,11230 - 110 STREET NW,Plan 4733KS Blk 9 Lot 275,1230,SPRUCE AVENUE,O-day'min Ward,Kingsway,3,53.56258433779736,-113.5105721563639,,"{'type': 'Point', 'coordinates': [-113.5105721563639, 53.56258433779736]}",,,2021-07-06T00:00:00.000
401005011-002,Sign Permit,Permitted Development,Approved,To install (3) Fascia On-Premises Signs (SOBEYS | PHARMACY | CANADA POST).,5119 - 167 AVENUE NW,Plan 0829853 Blk 63 Lot 102,2340,HOLLICK-KENYON,Dene Ward,,3,53.627420483611516,-113.41433216591966,,"{'type': 'Point', 'coordinates': [-113.41433216591966, 53.627420483611516]}",,CSC,2021-07-02T00:00:00.000
400941374-002,Sign Permit,Permitted Development,Approved,"To install a Fascia On-Premises Sign , and a Projecting On-Premises Sign (CSDP#383000965-002 | ID-7.2, ID-8) (WEST BLOCK DENTAL).","120, 14101 - WEST BLOCK DRIVE NW",Condo Common Area (Plan 1922316);Plan 1922316 Unit 14,3200,GLENORA,Nakota Isga Ward,Stony Plain Road and Area,9,53.5435027952293,-113.56504513826648,,"{'type': 'Point', 'coordinates': [-113.56504513826648, 53.5435027952293]}",,DC2,2021-06-30T00:00:00.000
400919234-002,Sign Permit,Permitted Development,Approved,To install (2) Fascia On-Premises Signs (CREEKSIDE PHYSIO),8313 - CHAPPELLE WAY SW,"Condo Common Area (Plan 2122616,2120841)",5462,CHAPPELLE AREA,Ipiihkoohkanipiaohtsi Ward,,3,53.396706660641,-113.5937084361795,,"{'type': 'Point', 'coordinates': [-113.5937084361795, 53.396706660641]}",,CSC,2021-06-30T00:00:00.000
400862722-002,Sign Permit,Permitted Development,Approved,To install (2) Fascia On-Premises Sign(s)  (ORCHARDS IDA PHARMACY),2439 - 90B STREET SW,Condo Common Area (Plan 1620228),6213,SUMMERSIDE,Karhiio Ward,,3,53.41094891389214,-113.47949957640668,,"{'type': 'Point', 'coordinates': [-113.47949957640668, 53.41094891389214]}",,DC2,2021-06-30T00:00:00.000
397145270-002,Sign Permit,Not Available,Approved,To install (2) Fascia On-Premises Signs (Ref CSDP# 398888247-002 | Location 19 & 20) (STATION POINTE PHARMACY | MEDICAL CLINIC).,12857 - FORT ROAD NW,Plan 2421488 Blk 3 Lot 4,2080,BELVEDERE,Dene Ward,Fort Road and Area,3,53.58577245206564,-113.44035893282043,,"{'type': 'Point', 'coordinates': [-113.44035893282043, 53.58577245206564]}",,DC1,2021-06-29T00:00:00.000
399991110-002,Major Development Permit,Permitted Development,Other,To construct exterior alterations to an existing Extended Medical Treatment Services building (replacing windows with door).,5005 - 28 AVENUE NW,Plan 0022999 Blk 7 Lot 18,6520,MILL WOODS TOWN CENTRE,Karhiio Ward,,3,53.45857615484215,-113.42240108940199,,"{'type': 'Point', 'coordinates': [-113.42240108940199, 53.45857615484215]}",Redeveloping,UF,2021-06-28T00:00:00.000
399547767-002,Sign Permit,Not Available,Approved,To install a Fascia On-Premises Sign (HERITAGE PLAZA MEDICAL CLINIC).,2126 - 109 STREET NW,Plan 8821766 Blk 1 Lot 14,5250,KEHEEWIN,Ipiihkoohkanipiaohtsi Ward,,3,53.453028632655084,-113.50973575786243,,"{'type': 'Point', 'coordinates': [-113.50973575786243, 53.453028632655084]}",,CSC,2021-06-18T00:00:00.000
399127605-002,Major Development Permit,Discretionary Development,Approved,"To change the Use from Professional, Financial and Office Support Service to a Health Service (sleep apnea clinic) and construct interior alterations.",10429 - 174 STREET NW,"Plan 7720926 Blk 10 Lots 1,11",4510,STONE INDUSTRIAL,Nakota Isga Ward,,3,53.54813014554266,-113.6191269603082,,"{'type': 'Point', 'coordinates': [-113.6191269603082, 53.54813014554266]}",Industrial,BE,2021-06-17T00:00:00.000
399075941-002,Sign Permit,Permitted Development,Approved,To install (2) Fascia On-Premises Signs (AMBLESIDE VETERINARY HOSPITAL).,16412 - ELLERSLIE ROAD SW,Plan 1321077 Blk 1 Lot 1,5505,AMBLESIDE,pihêsiwin Ward,,3,53.42368129195273,-113.60684770509488,,"{'type': 'Point', 'coordinates': [-113.60684770509488, 53.42368129195273]}",,CSC,2021-06-16T00:00:00.000
399402183-002,Sign Permit,Permitted Development,Approved,To install (2) Fascia On-Premises Signs (SADDLEBACK DENTAL),14010 - 127 STREET NW,Plan 9723690 Lot 5,3340,PEMBINA,Anirniq Ward,,3,53.60282147320413,-113.54201774292164,,"{'type': 'Point', 'coordinates': [-113.54201774292164, 53.60282147320413]}",,CB1,2021-06-16T00:00:00.000
397141043-002,Sign Permit,Permitted Development,Approved,To install a Fascia On-Premises Sign (Ref CSDP#246520431-064 | Building B) (HEALING HAVEN PHYSIOTHERAPY).,4522 - CALGARY TRAIL NW,Plan 1820228 Blk 30 Lot 16,5170,EMPIRE PARK,papastew Ward,,3,53.483059141235046,-113.49577287167048,,"{'type': 'Point', 'coordinates': [-113.49577287167048, 53.483059141235046]}",,DC2,2021-05-26T00:00:00.000
391030033-002,Major Development Permit,Permitted Development,Approved,"To change the Use of a portion of an existing CRU from General Retail Store (previously part of United Sport & Cycle) to a Health Services Use, and to construct interior and exterior alterations on a portion of the second floor. (Reach Sports Physiotherapy & Hand Clinic Inc.)","201, 7618 - GATEWAY BOULEVARD NW",Plan 0823458 Blk 1 Lot 1,5151,STRATHCONA JUNCTION,papastew Ward,Old Strathcona,3,53.512889628911395,-113.4956890485014,,"{'type': 'Point', 'coordinates': [-113.4956890485014, 53.512889628911395]}",Industrial,DC,2021-05-26T00:00:00.000
396408458-002,Major Development Permit,Permitted Development,Approved,To Move On a Temporary Trailer for 5 months to Operate a General Retail Store (Pharmacy),12950 - 137 AVENUE NW,Plan 0123660 Lot 7,3340,PEMBINA,Anirniq Ward,,3,53.60041091664404,-113.54406962867705,,"{'type': 'Point', 'coordinates': [-113.54406962867705, 53.60041091664404]}",Redeveloping,CG,2021-05-25T00:00:00.000
396199241-002,Major Development Permit,Permitted Development,Approved,To Change the Use from a Commercial School to a Health Service (Chiropractic Clinic),7361 - 104 STREET NW,Plan 6082Q Blk 41 Lot 6,5151,STRATHCONA JUNCTION,papastew Ward,,3,53.51107572591303,-113.49714539608573,,"{'type': 'Point', 'coordinates': [-113.49714539608573, 53.51107572591303]}",Industrial,DC,2021-05-20T00:00:00.000
395790073-002,Sign Permit,Permitted Development,Approved,To install a Fascia On-Premises Sign (CHAPPELLE SQUARE MEDICAL CLINIC),6452 - CARTMELL PLACE SW,Condo Common Area (Plan 2021101),5462,CHAPPELLE AREA,Ipiihkoohkanipiaohtsi Ward,,3,53.397285215388166,-113.57012227034195,,"{'type': 'Point', 'coordinates': [-113.57012227034195, 53.397285215388166]}",,CB2,2021-05-19T00:00:00.000
384126954-002,Sign Permit,Permitted Development,Approved,To install (7) Fascia On-Premises Signs (EMERALD MEDICAL & WELLNESS CENTRE | MEDICINE PLACE | PHARMACY | OPTOMETRY | MEDICAL CLINIC | IV CLINIC | MEDISPA).,9943 - 109 STREET NW,Condo Common Area (Plan 0628335),1090,DOWNTOWN,O-day'min Ward,Downtown,3,53.53839336771695,-113.50788093755689,,"{'type': 'Point', 'coordinates': [-113.50788093755689, 53.53839336771695]}",,CMU,2021-05-18T00:00:00.000
395064495-002,Sign Permit,Discretionary Development,Approved,To install a Fascia On-Premises Sign (MELODY HEARING CLINIC).,"110, 6925 - GATEWAY BOULEVARD NW",Plan 2416HW Lots 10-11,5151,STRATHCONA JUNCTION,papastew Ward,,3,53.50612623259654,-113.49403691839544,,"{'type': 'Point', 'coordinates': [-113.49403691839544, 53.50612623259654]}",,DC1,2021-05-17T00:00:00.000
395311489-002,Sign Permit,Permitted Development,Approved,To install (2) Fascia On-Premises Sign(s)  (AUM PHYSIOTHERAPY),2407C - 90B STREET SW,Condo Common Area (Plan 1620228),6213,SUMMERSIDE,Karhiio Ward,,3,53.41094891389214,-113.47949957640668,,"{'type': 'Point', 'coordinates': [-113.47949957640668, 53.41094891389214]}",,DC2,2021-05-14T00:00:00.000
395717222-002,Sign Permit,Permitted Development,Approved,To install (1) Fascia On-Premises Sign (SOUTHGATE DENTAL).,10831 - 51 AVENUE NW,Plan 0725320 Blk D Lot 4A,5170,EMPIRE PARK,papastew Ward,,3,53.485762875913636,-113.51347797562465,,"{'type': 'Point', 'coordinates': [-113.51347797562465, 53.485762875913636]}",,DC2,2021-05-14T00:00:00.000
394337590-002,Sign Permit,Permitted Development,Approved,"To install (1) Projecting On-Premises Sign, and (1) replacement panel on an existing fascia sign (CONNECT PHYSIOTHERAPY & EXERCISE).",6316 - 106 STREET NW,Plan 2457S Blk 17 Lots 4-5,5010,ALLENDALE,papastew Ward,,3,53.50058423558637,-113.50486590863434,,"{'type': 'Point', 'coordinates': [-113.50486590863434, 53.50058423558637]}",,CNC,2021-05-13T00:00:00.000
395069346-002,Sign Permit,Permitted Development,Approved,To install (1) Fascia On-Premises Sign(s)  (WINTERBURN CLINIC AND PHARMACY),9811 - WINTERBURN ROAD NW,Plan 5496HW Lot 16,4261,LEWIS FARMS BUSINESS EMPLOYMENT,Nakota Isga Ward,,3,53.536845673762166,-113.68814212601623,,"{'type': 'Point', 'coordinates': [-113.68814212601623, 53.536845673762166]}",,CB1,2021-05-13T00:00:00.000
383683843-002,Major Development Permit,Permitted Development,Approved,"To demolish an Automotive and Equipment Repair Shop, and construct a Health Services and General Retail Stores building with Underground Parkade (Whyte Avenue Medical Clinic).",9943 - 82 AVENUE NW,Plan 2321406 Blk 58 Lot 5A,6610,RITCHIE,papastew Ward,Old Strathcona,6,53.517737963396044,-113.48770728696736,,"{'type': 'Point', 'coordinates': [-113.48770728696736, 53.517737963396044]}",Redeveloping,CB2,2021-05-11T00:00:00.000
