licence_num,facility_name,address,address2,city,province,postal_code,phone,licensee_name,services,assess_date,action_date,action_comment
,Ontario Fertility Centres Inc.,95 Bayly Street West,Suite 200,Ajax,ON,L1S7K8,289-660-1034,Ontario Fertility Centres Inc. , Mobile General Ultrasound,2023-06-16,2023-10-18,Met standards with some recommendations made for improvement.
,Ajax Urology Associates,95 Bayly Street West,Suite 300,Ajax,ON,L1S7K8,905-426-9426,Dr. Arthur Grabowski , General Ultrasound,2022-04-13,2022-08-22,Met standards.
,Rossland Diagnostic Clinic,300 Rossland Road East,Suite 102,Ajax,ON,L1Z0M1,905-426-3111,Asset Adam Corp ," Bone Mineral DXA, Mammography, Radiography, General Ultrasound, Vascular Ultrasound, Nuclear Medicine - In Vivo - General, Nuclear Medicine - In Vivo - SPECT",2023-02-16,2023-04-28,Met standards.
,Baywood X-Ray and Ultrasound,95 Bayly Street West,Suite 101,Ajax,ON,L1S7K8,905-428-0444,Levine Myers Medicine Professional Corporation ," Mammography, Radiography, General Ultrasound, Vascular Ultrasound",2022-12-01,2023-04-28,Met standards.
,Custom Vision & Cosmetic Centre,601 Westney Road South,Unit 201,Ajax,ON,L1S4N7,905-721-1211,1627837 Ontario Inc. , Ophthalmic Ultrasound,2022-10-15,2022-11-29,Met standards.
,Harwood X-Ray and Ultrasound,601 Harwood Avenue South,Suite 107,Ajax,ON,L1S2J5,905-683-8877,Ellesmere X-Ray Inc. ," Radiography, General Ultrasound, Vascular Ultrasound, Bone Mineral DXA",2022-11-10,2023-01-03,Met standards.
,Durham Pulmonary and Sleep Services Inc.,601 Harwood Avenue South,Suite 201,Ajax,ON,L1S2J5,905-239-1119,Durham Pulmonary and Sleep Services Inc. ," Pulmonary Function A - Pure Screening, Pulmonary Function B - Lung Volumes & Diffusion",2023-04-21,2023-06-09,Met standards.
,Westney Heights Diagnostic Centre,15 Westney Road North,Unit 2,Ajax,ON,L1T1P4,905-686-9729,2479173 Ontario Ltd. ," Radiography, General Ultrasound, Vascular Ultrasound, Bone Mineral DXA",2023-05-02,2023-07-17,Met standards.
,GNMI MRI & CT,300 Harwood Avenue South,Harwood Mall,Ajax,ON,L1S2J1,905-426-8976,2659428 Ontario Inc. ," Computed Tomography, Magnetic Resonance Imaging",2025-06-11,2025-08-01,Met standards.
,Ancaster X-Ray and Ultrasound,1144 Wilson Street West,Suite 104,Ancaster,ON,L9G3K9,905-648-5900,Imagus Inc. ," Radiography, General Ultrasound, Vascular Ultrasound",2022-09-15,2022-11-25,Pre-licensing inspection passed and approved for operation
,Ancaster Endoscopy Clinic,1144 Wilson Street West,Suite 205,Ancaster,ON,L9G3K9,905-304-0062,Ancaster Endoscopy Clinic Inc. , GI-Endoscopy,2025-10-02,2025-10-30,Will be a custom comment.
,Brampton West Radiology,9545 Mississauga Road,"Unit 14, 15 and 16",Brampton,ON,L6X0B5,905-789-5627,2548781 Ontario Limited (GDI Gam Diagnostic Imaging) ," Bone Mineral DXA, Mammography, Radiography, General Ultrasound",2019-08-22,2020-01-15,Met standards.
,Torbram and North Park X-Ray and Ultrasound,2130 North Park Drive,Unit 225,Brampton,ON,L6S0C9,905-789-5627,2548781 Ontario Limited (GDI Gam Diagnostic Imaging) ," Radiography, General Ultrasound, Vascular Ultrasound, Bone Mineral DXA",2022-09-08,2022-10-19,Met standards.
,Ontario Diagnostic Centre (ODC) Brampton,36 Vodden Street East,Suite 104,Brampton,ON,L6V4H4,905-455-5455,7523203 Canada Inc. ," Bone Mineral DXA, Fluoroscopy, Mammography, Radiography, General Ultrasound",2022-06-03,2022-10-12,Met standards.
,Ontario Diagnostic Centre (ODC) - Golden Gate,100 Pertosa Drive,Suite 207,Brampton,ON,L6X0H9,905-796-9990,2539398 Ontario Inc. , Radiography,2022-06-03,2022-10-11,Met standards.
,Bram North X-Ray and Ultrasound,2 Dewside Drive,Unit 106,Brampton,ON,L6R3B8,905-792-2728,2548781 Ontario Limited (GDI Gam Diagnostic Imaging) ," General Ultrasound, Radiography",2022-09-15,2023-02-01,Met standards.
,WELL Health Diagnostic Centres,470 Chrysler Drive,Suite 28,Brampton,ON,L6S0C1,905-791-3458,MyHealth Partners Inc. ," Nuclear Medicine - In Vivo - General, Nuclear Medicine - In Vivo - SPECT",2022-03-29,2022-06-06,Met standards.
,WELL Health Diagnostic Centres,31 Centre Street South,,Brampton,ON,L6W2X7,905-455-3010,MyHealth Partners Inc. ," Vascular Ultrasound, Pulmonary Function A - Pure Screening, Pulmonary Function B - Lung Volumes & Diffusion, Pulmonary Function C - Escalated Testing",2022-03-31,2022-11-17,Met standards with some recommendations made for improvement.
,Unity Diagnostic Centre,3938 Cottrelle Boulevard,,Brampton,ON,L6P2R1,905-913-9191,Unity Diagnostic Centre Inc. ," Radiography, General Ultrasound",2022-05-02,2022-08-22,Met standards.
,Brampton Vascular Imaging,11755 Bramalea Road,Unit 2,Brampton,ON,L6R3S9,905-230-2999,2593049 Ontario Inc. , Vascular Ultrasound,2020-09-20,2020-09-20,Facility has not been assessed during current ownership.
,Queen West X-Ray and Ultrasound Services,400 Queen Street West,"Unit 9, 2nd Floor",Brampton,ON,L6X1B3,905-454-3173,Maytona Ventures Ltd. ," Mammography, Radiography, General Ultrasound, Vascular Ultrasound, Bone Mineral DXA",2022-11-21,2023-01-27,Met standards.
,Gore Diagnostic Imaging,4525 Ebenezer Road,Unit 2,Brampton,ON,L6P2K8,905-913-0222,2482126 Ontario Limited ," Radiography, General Ultrasound, Mammography, Bone Mineral DXA",2022-12-13,2023-04-18,Met standards.
,Prism Eye Institute,7700 Hurontario Street,Suite 605,Brampton,ON,L6Y4M3,905-456-3937,Prism Eye Institute Inc. , Ophthalmic Ultrasound,2023-02-17,2023-04-14,Met standards.
,Brampton Vascular Institute,164 Queen Street East,Suite 110,Brampton,ON,L6V1B4,905-455-4414,Brampton Vascular Associates Ltd. ," Vascular Ultrasound, General Ultrasound",2023-05-30,2023-07-24,Met standards.
,Gillingham Ultrasound,60 Gillingham Drive,"4th Floor, Unit 401, Room 3",Brampton,ON,L6X0Z9,905-794-9060,2571535 Ontario Inc. ," General Ultrasound, Bone Mineral DXA",2024-02-23,2024-04-05,Met standards.
,Heart Lake X-Ray & Ultrasound,10425 Kennedy Road North,Suite 104,Brampton,ON,L6Z0A4,905-846-7733,J.B.V. Management Services Ltd. ," Radiography, General Ultrasound",2024-01-31,2024-04-11,Met standards.
,WELL Health Diagnostic Centres,2 Dewside Drive,Unit 206,Brampton,ON,L6R3Y5,905-796-4590,MyHealth Caledon Inc. ," Nuclear Medicine - In Vivo - General, Nuclear Medicine - In Vivo - SPECT",2023-11-13,2024-01-22,Met standards.
,North West Brampton Radiology,645 Remembrance Road,,Brampton,ON,L7A5H2,905-781-3456,2548781 Ontario Limited (GDI Gam Diagnostic Imaging) ," Radiography, General Ultrasound, Bone Mineral DXA, Mammography",See Comment Below,2023-05-01,Facility has not been assessed during current ownership.
,Bramalea X-Ray and Ultrasound,18 Kensington Road,Suite 200 and 206,Brampton,ON,L6T4S5,905-793-5858,2548781 Ontario Limited (GDI Gam Diagnostic Imaging) ," Bone Mineral DXA, Fluoroscopy, Mammography, Radiography, General Ultrasound, Vascular Ultrasound",2024-10-24,2025-02-03,Met standards.
,Elite Diagnostics X-Ray & Ultrasound,157 Queen Street East,Basement,Brampton,ON,L6W3X4,905-454-3305,2440708 Ontario Inc. ," Radiography, General Ultrasound",2024-10-10,2025-01-08,Met standards.
,Cottrelle Diagnostic Imaging,10 Cottrelle Boulevard,Unit 202,Brampton,ON,L6S0E2,905-794-0626,2566773 Ontario Inc. ," Bone Mineral DXA, Mammography, Radiography, General Ultrasound, Vascular Ultrasound",2024-11-14,2025-02-07,Met standards.
,WELL Health Sleep Centres,480 Chrysler Drive,Unit 34,Brampton,ON,L6S0C1,905-790-8800,MyHealth Partners Inc. , Sleep Studies,2024-11-12,2025-02-10,Met standards.
,Brampton Respirology,2250 Bovaird Drive East,Suite 308,Brampton,ON,L6R0W3,905-595-2870,Dr. Vikram R. Comondore Medicine Professional Corporation ," Pulmonary Function C - Escalated Testing, Pulmonary Function - Other Fee Codes, Pulmonary Function A - Pure Screening, Pulmonary Function B - Lung Volumes & Diffusion",2022-12-19,2022-12-19,Facility has not been assessed during current ownership.
,Brampton Sleep Clinic,40 Finchgate Boulevard,Suites 216 & 218,Brampton,ON,L6T3J1,905-456-3699,MedSleep Inc. ," Sleep Studies, Pulmonary Function A - Pure Screening, Pulmonary Function B - Lung Volumes & Diffusion",2025-09-23,2026-02-17,Met standards.
,Finchgate X-Ray and Ultrasound,40 Finchgate Boulevard,Suite 320,Brampton,ON,L6T3J1,905-792-8440,J.B.V. Management Services Ltd. ," Bone Mineral DXA, Fluoroscopy, Mammography, Radiography, General Ultrasound",2025-04-10,2025-07-21,Met standards.
,Uptown Eye Specialists,7900 Hurontario Street,Suite 401,Brampton,ON,L6Y0P6,416-292-0330,EMDI Holdings Inc. , Ophthalmic Ultrasound,2025-05-22,2025-09-08,Met standards.
,SCOPE Clinic,470 Chrysler Drive,Unit 12,Brampton,ON,L6S 0C1,905-790-9030,SCOPE Cinic Inc.,GI-Endoscopy,2025-07-15,2026-04-10,Pre-licensing inspection passed and approved for operation
,One Vascular - Burlington,2951 Walker's Line,Suite 105,Burlington,ON,L7M4Y1,905-592-3955,One Vascular Corp. ," Obs/Gyn Ultrasound, Vascular Ultrasound",2022-04-13,2022-08-23,Met standards.
,Wentworth-Halton X-Ray and Ultrasound Inc.,760 Brant Street,Suites 2 & 3,Burlington,ON,L7R4B7,905-637-7606,Wentworth-Halton X-Ray and Ultrasound Inc. ," Bone Mineral DXA, Mammography, Radiography, General Ultrasound, Vascular Ultrasound",2023-03-16,2023-06-21,Met standards.
,Wentworth-Halton X-Ray and Ultrasound Inc.,1960 Appleby Line,Unit 14,Burlington,ON,L7L0B7,905-331-5438,Wentworth-Halton X-Ray and Ultrasound Inc. ," Bone Mineral DXA, Mammography, Radiography, General Ultrasound, Vascular Ultrasound",2022-05-12,2022-07-05,Met standards.
,Peak Sleep Burlington,809 Brant Street,2nd Floor,Burlington,ON,L7R2J4,905-338-3331,1360397 Ontario Ltd. , Sleep Studies,2022-11-23,2023-02-01,Met standards.
,Wentworth-Halton X-Ray and Ultrasound Inc.,2200 Fairview Street,Suite 108,Burlington,ON,L7R4H9,905-333-6700,Wentworth-Halton X-Ray and Ultrasound Inc. ," Radiography, General Ultrasound",2023-03-09,2023-06-21,Met standards.
,KMH Cardiology Centres Inc.,3155 Harvester Road,Suite 106,Burlington,ON,L7N3V2,905-855-1860,KMH Cardiology Centres Inc. ," Nuclear Medicine - In Vivo - General, Nuclear Medicine - In Vivo - SPECT",2023-03-07,2023-05-01,Met standards.
,StL Diagnostic Imaging,3155 Harvester Road,Suite 310,Burlington,ON,L7N3V2,800-268-5804,StL Diagnostic Imaging Inc. ," Mobile Radiography, Mobile Obs/Gyn Ultrasound",2023-09-20,2023-11-20,Met standards.
,ONE Fertility,3210 Harvester Road,,Burlington,ON,L7N3T1,905-634-4440,2189299 Ontario Inc. , General Ultrasound,2023-09-22,2023-11-22,Met standards.
,True North Imaging - Burlington Diagnostic Imaging,3115 Harvester Road,3rd Floor,Burlington,ON,L7N3N8,289-337-4888,Clearview Diagnostic Imaging Inc. , Obs/Gyn Ultrasound,2025-11-07,2025-12-05,Met standards.
,StL Diagnostic Imaging,3155 Harvester Road,Suite 310,Burlington,ON,L7N3V2,905-637-6608,StL Diagnostic Imaging Inc. ," Radiography, General Ultrasound, Vascular Ultrasound",2025-02-27,2025-05-29,Met standards.
,BLC Medical Specialists,3155 Harvester Road,Suite 401,Burlington,ON,L7N3V2,905-639-3209,Dr. Jacob Gelberg Medicine Professional Corporation ," Pulmonary Function A - Pure Screening, Pulmonary Function B - Lung Volumes & Diffusion",2025-10-24,2026-01-28,Met standards.
,Wentworth-Halton X-Ray and Ultrasound Inc.,2951 Walkers Line,,Burlington,ON,L7M4Y1,905-336-2202,Wentworth-Halton X-Ray and Ultrasound Inc. ," Bone Mineral DXA, Mammography, Radiography, General Ultrasound",2026-01-19,2026-04-10,Met standards.
,GI Health Centre,1960 Appleby Line,Unit 32,Burlington,ON,L7L0B7,905-335-1888,GI Health Centre Inc. , GI-Endoscopy,2025-11-20,2025-10-31,Pre-licensing inspection passed and approved for operation
,Medi-Share Inc.,1986 Cedar Creek Road,,Cambridge,ON,N1R5S5,519-740-3336,Medi-Share Inc. , Mobile Vascular Ultrasound,2016-01-29,2016-06-08,Met standards.
,Cambridge Diagnostic Imaging Inc.,167 Hespeler Road,,Cambridge,ON,N1R3H7,519-622-0234,Cambridge Diagnostic Imaging Inc. ," Radiography, General Ultrasound, Vascular Ultrasound",2022-04-05,2022-06-27,Met standards.
,Cambridge Medical Imaging,614 Coronation Boulevard,Suite 103,Cambridge,ON,N1R3E8,519-740-1790,2772721 Ontario Inc. ," Radiography, General Ultrasound, Vascular Ultrasound, Bone Mineral DXA, Mammography",2022-03-17,2022-07-29,Met standards.
,Coronation X-Ray and Ultrasound,745 Coronation Boulevard,,Cambridge,ON,N1R0B6,519-623-6060,Clearview Diagnostic Imaging Inc. ," Radiography, General Ultrasound",2022-06-17,2022-10-19,Met standards.
,Canamera X-Ray and Ultrasound,350 Conestoga Boulevard,Unit B9,Cambridge,ON,N1R7L7,519-623-9464,Clearview Diagnostic Imaging Inc. ," Radiography, General Ultrasound, Bone Mineral DXA, Mammography, Vascular Ultrasound",2023-11-08,2024-01-09,Met standards.
,PEAK Sleep Cambridge,33 Blair Road,,Cambridge,ON,N1S2H8,905-338-3331,Sleep Clinic Kitchener Inc. , Sleep Studies,2024-12-20,2025-02-25,Met standards.
,Dundas Medical Imaging,60 Hatt Street,Suite 201,Dundas,ON,L9H7T6,905-627-4625,2382139 Ontario Inc. ," Radiography, General Ultrasound, Vascular Ultrasound, Mammography",2024-11-08,2024-12-15,Met standards.
,Toronto Sleep Institute,1929 Bayview Avenue,Suite G30,East York,ON,M4G3E8,416-488-6980,MedSleep Inc. , Sleep Studies,2023-09-07,2023-11-24,Met standards.
,York X-Ray Management Limited,1450 O'Connor Drive,"Building 1, Unit 12",East York,ON,M4B2T8,416-759-3223,York X-Ray Management Limited ," Bone Mineral DXA, Radiography, General Ultrasound, Vascular Ultrasound",2025-03-06,2025-05-29,Met standards.
,Old Mill Radiology and Ultrasound Services,230 Browns Line,,Etobicoke,ON,M8W3T4,416-781-2050,2456462 Ontario Limited , Radiography,2012-02-28,2012-04-05,Met standards.
,Ontario Radiology (OR) - Rexdale,123 Rexdale Boulevard,Unit 6,Etobicoke,ON,M9W1P1,416-746-3828,2558874 Ontario Inc. ," Bone Mineral DXA, Radiography, General Ultrasound",2022-03-24,2022-07-11,Met standards.
,One Vascular Etobicoke,3280 Bloor Street West,Suite 1070,Etobicoke,ON,M8X2X3,416-516-4399,One Vascular Etobicoke Corp. ," Vascular Ultrasound, General Ultrasound",2022-09-12,2022-11-02,Met standards.
,Dr. S.L. Abel,3101 Bloor Street West,Suite 401,Etobicoke,ON,M8X2W2,416-239-1968,Dr. Selwyn L. Abel , Ophthalmic Ultrasound,2022-03-16,2022-06-01,Met standards.
,Vitacorp Diagnostic Inc.,1243 Islington Avenue,Suite 603,Etobicoke,ON,M8X1Y9,416-762-3818,Vitacorp Diagnostic Inc. ," Radiography, General Ultrasound, Vascular Ultrasound",2022-06-09,2022-08-19,Met standards.
,Brain & Sleep Diagnostic Centre Inc,135 Queen's Plate Drive,Suite 140,Etobicoke,ON,M9W6V1,416-231-5770,Mr. Udaya Shankar Padmakaran , Sleep Studies,2022-09-24,2022-12-07,Met standards.
,ONTARIO IMAGING - AKRON,2318 Lake Shore Boulevard West,Basement,Etobicoke,ON,M8V1B5,416-252-0621,Taj Imaging Inc. , Radiography,2025-12-11,2026-02-17,Met standards.
,Cardiovascular Care Centre Inc.,200 Ronson Drive,Suite 104,Etobicoke,ON,M9W5Z9,416-740-2500,Cardiovascular Care Centre Inc. ," Nuclear Medicine - In Vivo - General, Nuclear Medicine - In Vivo - SPECT",2022-11-25,2023-01-24,Met standards.
,Trinity Medical Imaging,1255 The Queensway,Unit 16A,Etobicoke,ON,M8Z1S1,416-253-5111,Trinity Medical Imaging Inc. ," Radiography, General Ultrasound",2023-02-27,2023-04-25,Met standards.
,Metro Radiology (Lakeshore),3170 Lake Shore Boulevard West,Suite 102,Etobicoke,ON,M8V3X8,416-781-2050,2456462 Ontario Limited ," Bone Mineral DXA, Fluoroscopy, Radiography, General Ultrasound",2023-07-20,2023-11-01,Met standards.
,Kingsway Eye Associates,3101 Bloor Street West,Suite 401,Etobicoke,ON,M8X2W2,416-239-1968,Iizuka Medicine Professional Corporation , Ophthalmic Ultrasound,2023-07-21,2023-10-04,Met standards.
,Royal York X-Ray and Ultrasound,1436 Royal York Road,Suite 103,Etobicoke,ON,M9P3A9,416-247-5486,2518621 Ontario Inc. ," Radiography, General Ultrasound",2023-09-06,2024-01-09,Met standards.
,Queensway Sleep Laboratory,190 Sherway Drive,Suite 205,Etobicoke,ON,M9C5N2,416-622-3266,MedSleep Inc. , Sleep Studies,2023-06-28,2023-09-21,Met standards.
,Evans Radiology Services,233 Evans Avenue,,Etobicoke,ON,M8Z1J6,416-252-5885,Workplace Medical Corp. , Radiography,2023-11-30,2024-02-20,Met standards.
,Etobicoke Diagnostic Imaging,110 Queen's Plate Drive,Unit 1-4,Etobicoke,ON,M9W0B4,647-288-4547,Clearview Diagnostic Imaging Inc. ," Radiography, General Ultrasound",2023-11-06,2023-11-06,Met standards.
,Ontario Diagnostic Centre (ODC) - Etobicoke,85 The East Mall,Suite LF-01,Etobicoke,ON,M8Z5W4,416-621-3961,2540794 Ontario Inc. ," Mammography, General Ultrasound, Nuclear Medicine - In Vivo - General, Nuclear Medicine - In Vivo - SPECT",2023-12-08,2024-03-04,Met standards.
,Ontario Diagnostic Centre (ODC) - Etobicoke,85 The East Mall,Suite LF-01,Etobicoke,ON,M8Z5W4,416-621-3961,2540794 Ontario Inc. ," Bone Mineral DXA, Radiography, Pulmonary Function B - Lung Volumes & Diffusion",2023-12-08,2024-03-05,Met standards.
,E & R Ultrasound,968 Albion Road,,Etobicoke,ON,M9V1A7,416-613-8595,E & R Ultrasound Inc. ," Radiography, General Ultrasound",2024-01-25,2024-04-04,Met standards.
,True North Imaging - Generation Fertility Toronto West,56 Aberfoyle Crescent,Unit 300,Etobicoke,ON,M8X2W4,905-707-1777,Clearview Diagnostic Imaging Inc. , General Ultrasound,2024-03-10,2024-03-10,Facility has not been assessed during current ownership.
,Hitek Medical Imaging,245 Dixon Road,Suite 107,Etobicoke,ON,M9P2M4,416-248-6696,High-Tech Medical Imaging Inc. ," Radiography, General Ultrasound",2024-10-04,2025-01-31,Met standards.
,Ontario Radiology (OR) - Albion,1525 Albion Road,Lower Level 4,Etobicoke,ON,M9V5G5,416-741-5661,Medscan Medical Imaging Inc. ," Bone Mineral DXA, Fluoroscopy, Radiography, General Ultrasound, Vascular Ultrasound, Mammography",2024-11-26,2025-01-20,Met standards.
,Richmond Gardens X-Ray and Ultrasound,1735 Kipling Avenue,Suite 202,Etobicoke,ON,M9R2Y8,416-241-9137,10375659 Canada Inc. ," Mammography, Radiography, General Ultrasound",2025-02-13,2025-05-27,Met standards.
,Humber Bay Medical Imaging,3101 Bloor Street West,Suite 103,Etobicoke,ON,M8X2W2,416-239-3568,1000134213 Ontario Inc. ," Bone Mineral DXA, Mammography, Radiography, General Ultrasound",2025-01-13,2025-05-08,Met standards.
,Richmond Gardens X-Ray & Ultrasound,1735 Kipling Avenue,Suite 202,Etobicoke,ON,M9R2Y8,416-241-9137,10375659 Canada Inc. , Bone Mineral DXA,2025-02-13,2025-06-02,Met standards.
,Toronto Queensway Ultrasound & X-Ray Diagnostics Ltd.,523 The Queensway,Suite 2,Etobicoke,ON,M8Y1J7,416-252-2225,Toronto Queensway Ultrasound & X-Ray Diagnostics Ltd. ," Radiography, General Ultrasound",2025-06-12,2025-08-01,Met standards.
,Ontario Radiology (OR) - Humber,100 Humber College Boulevard,Suite 106,Etobicoke,ON,M9V5G4,416-745-4550,Medscan Medical Imaging Inc. ," Radiography, General Ultrasound",2025-07-10,2025-10-15,Met standards.
,Etobicoke Brampton Sleep Clinic,106 Humber College Boulevard,Suite 202,Etobicoke,ON,M9V4E4,416-742-0680,2079735 Ontario Inc. , Sleep Studies,2025-05-09,2025-08-01,Met standards.
,Create West Fertility Inc.,56 Aberfoyle Crescent,Suite 100,Etobicoke,ON,M8X2W4,416-231-4100,Create West Fertility Inc. , General Ultrasound,2025-11-04,2026-02-17,Met standards.
,Life Scan Diagnostic and Imaging Clinic Inc.,5525 Eglinton Avenue West,Unit 122,Etobicoke,ON,M9C5K5,416-743-3222,Life Scan Diagnostic and Imaging Clinic Inc. ," Nuclear Medicine - In Vivo - General, Nuclear Medicine - In Vivo - SPECT",2025-05-22,2025-05-22,Facility has not been assessed during current ownership.
,Uptown Eye Specialists (Etobicoke),135 Queen's Plate Drive,Unit 120,Etobicoke,ON,M9W6V1,416-292-0330,Uptown Eye Specialists Inc. , Ophthalmic Ultrasound,2025-09-01,2025-09-01,Facility has not been assessed during current ownership.
,Kingsway Eye Associates,3101 Bloor Street West,Unit 401,Etobicoke,ON,M8X2W2,416-239-1968,Nima Noordeh Medicine Professional Corporation , Ophthalmic Ultrasound,2025-11-22,2025-11-22,Facility has not been assessed during current ownership.
,Kipling Heights Diagnostic Imaging,2291 Kipling Avenue,Unit 121,Etobicoke,ON,M9W4L6,416-244-8862,Specialty Medical Partners (HVI) Inc. ," Bone Mineral DXA, Fluoroscopy, Radiography, General Ultrasound",2025-04-17,2025-04-17,Facility has not been assessed during current ownership.
,Greater Niagara Medical Imaging,37 Main Street East,Unit 4,Grimsby,ON,L3M1M7,289-797-2330,Greater Niagara Medical Imaging Inc. ," Radiography, General Ultrasound",2024-01-12,2024-02-27,Met standards.
,Charlton X-Ray and Ultrasound,25 Charlton Avenue East,Suite G2,Hamilton,ON,L8N1Y2,905-528-1465,Imagus Inc. ," Fluoroscopy, Radiography, General Ultrasound, Vascular Ultrasound",2022-06-22,2022-09-16,Met standards.
,Wilson Medical Centre X-Ray & Ultrasound,130 Wilson Street,,Hamilton,ON,L8R1E2,905-526-6250,Wilson Medical Centre Inc. ," Bone Mineral DXA, Radiography, General Ultrasound",2022-06-14,2022-08-08,Met standards.
,Greater Niagara Medical Imaging,631 Queenston Road,Suite 303,Hamilton,ON,L8K6R5,905-560-8434,Greater Niagara Medical Imaging Inc. ," Radiography, General Ultrasound, Vascular Ultrasound",2023-02-15,2023-05-21,Met standards.
,Wentworth-Halton X-Ray and Ultrasound Inc.,723 Rymal Road West,Unit 600,Hamilton,ON,L9B2W2,905-388-0106,Wentworth-Halton X-Ray and Ultrasound Inc. ," Radiography, General Ultrasound",2023-03-27,2023-06-16,Met standards.
,Specialized Ultrasound in Gynecology & Obstetrics,200 James Street South,Suite 305 and 309,Hamilton,ON,L8P3A9,905-522-2220,2215429 Ontario Ltd. ," General Ultrasound, Radiography",2023-09-01,2023-11-23,Met standards.
,Sharda Eye Institute,1 Young Street,Suite 302,Hamilton,ON,L8N1T8,905-527-5559,Sharda Medicine Professional Corporation , Ophthalmic Ultrasound,2023-10-20,2024-01-09,Met standards.
,Hamilton Diagnostic Imaging,304 Victoria Avenue North,Suite 203,Hamilton,ON,L8L5G4,905-546-5644,Hamilton Diagnostic Imaging Inc. ," Mammography, Radiography, General Ultrasound",2024-12-01,2024-12-01,Facility has not been assessed during current ownership.
,Greater Niagara Medical Imaging,260 Nebo Road,Unit 5,Hamilton,ON,L8W3K5,905-318-4082,Greater Niagara Medical Imaging Inc. , General Ultrasound,2025-04-23,2025-07-25,Met standards.
,Hamilton Eye Physicians and Surgeons,1149 Barton Street East,Unit X2B,Hamilton,ON,L8H2V2,289-860-2200,Dr. Brian J Chan Medicine Professional Corporation , Ophthalmic Ultrasound,2025-03-01,2025-03-01,Facility has not been assessed during current ownership.
,Alfa-Scan Hamilton,1223 Barton Street East,,Hamilton,ON,L8H2V4,905-549-5611,Praesentia Diagnostic Corp. ," Bone Mineral DXA, Fluoroscopy, Radiography, General Ultrasound",2024-10-07,2024-12-06,Met standards.
,Wentworth-Halton X-Ray and Ultrasound Inc.,723 Rymal Road West,Suite 600,Hamilton,ON,L9B2W2,905-547-3511,Wentworth-Halton X-Ray and Ultrasound Inc. ," Radiography, General Ultrasound",2025-01-31,2025-05-29,Met standards.
,Wentworth-Halton X-Ray and Ultrasound Inc.,115 Parkdale Avenue South,,Hamilton,ON,L8K6K4,905-547-3511,Wentworth-Halton X-Ray and Ultrasound Inc. , General Ultrasound,2025-01-31,2025-05-28,Met standards.
,Hamilton Vascular Laboratory,849 Upper Wentworth Street,Suite 400,Hamilton,ON,L9A5H4,905-538-2260,1000812819 Ontario Inc. ," Vascular Ultrasound, General Ultrasound",2026-01-29,2024-09-01,Facility has not been assessed during current ownership.
,Wentworth-Halton X-Ray and Ultrasound Inc.,1 Young Street,Suite 105,Hamilton,ON,L8N1T8,905-522-2344,Wentworth-Halton X-Ray and Ultrasound Inc. , Radiography,2025-01-31,2025-05-21,Met standards.
,Sleep Disorders Clinic - Hamilton,55 Frid Street,Unit 7,Hamilton,ON,L8P4M3,905-529-2259,Gottschalk Health Services Inc. , Sleep Studies,2025-06-20,2025-09-09,Met standards.
,Greater Niagara Medical Imaging,260 Nebo Road,Unit 5,Hamilton,ON,L8W3K5,905-318-4082,Greater Niagara Medical Imaging Inc. , Radiography,2025-04-23,2025-07-25,Met standards.
,Greater Niagara Medical Imaging,260 Nebo Road,Unit 5,Hamilton,ON,L8W3K5,905-318-4082,Greater Niagara Medical Imaging Inc. ," Radiography, General Ultrasound, Bone Mineral DXA, Fluoroscopy",2025-04-23,2025-07-21,Met standards.
,Limeworth X-Ray & Ultrasound,849 Upper Wentworth Street,Suite 102,Hamilton,ON,L9A5H4,905-574-7755,Limeworth X-Ray and Ultrasound Inc. ," Bone Mineral DXA, Mammography, Radiography, General Ultrasound",2025-09-04,2025-11-13,Met standards.
,Wentworth-Halton X-Ray and Ultrasound Inc.,1 Young Street,Suite 105,Hamilton,ON,L8N1T8,905-522-2344,Wentworth-Halton X-Ray and Ultrasound Inc. ," Fluoroscopy, Radiography, General Ultrasound, Vascular Ultrasound",2025-01-31,2025-05-28,Met standards.
,Main Ultrasound,1057 Main Street West,Suite 101,Hamilton,ON,L8S1B7,289-396-1622,Rolando R. Cepeda Medicine Professional Corporation , Obs/Gyn Ultrasound,2025-10-23,2025-12-05,Met standards.
,Canadian Diagnostic Network Inc.,1380 Upper Canada Street,,Kanata,ON,K2T0N7,613-824-3252,Canadian Diagnostic Network Inc. ," Bone Mineral DXA, Radiography, General Ultrasound",2016-03-14,2016-07-13,Met standards.
,Canadian Diagnostic Network,525 Legget Drive,,Kanata,ON,K2K2W2,613-824-3252,Canadian Medical Licences Inc. ," Bone Mineral DXA, Radiography, General Ultrasound",2014-06-28,2014-06-28,Facility has not been assessed during current ownership.
,Canadian Diagnostic Network,300 Legget Drive,,Kanata,ON,K2K1Y5,613-824-3252,Canadian Medical Licences Inc. ," Radiography, General Ultrasound",2017-07-19,2018-04-17,Met standards.
,Canadian Diagnostic Network,99 Kakulu Road,,Kanata,ON,K2L3C8,416-824-3252,Canadian Medical Licences Inc. ," Radiography, General Ultrasound",2014-06-28,2014-06-28,Facility has not been assessed during current ownership.
,Canadian Diagnostic Network,1108 Klondike Road,,Kanata,ON,K2K0G1,613-824-3252,Canadian Medical Licences Inc. ," Bone Mineral DXA, Radiography, General Ultrasound",2017-07-19,2018-04-17,Met standards.
,Merivale Medical Imaging Inc.,110 Michael Cowpland Drive,Unit B,Kanata,ON,K2M1P6,613-727-1072,Merivale Medical Imaging Inc. ," Mammography, General Ultrasound, Vascular Ultrasound",2022-03-10,2022-06-07,Met standards.
,Hillview Urgent Diagnostic Imaging Center,320 March Road,,Kanata,ON,K2K2E3,613-824-3252,Canadian Medical Licences Inc. ," Radiography, General Ultrasound",2022-04-11,2022-07-06,Met standards.
,Merivale Medical Imaging,110 Michael Cowpland Drive,Unit B,Kanata,ON,K2M1P6,613-727-1072,Merivale Medical Imaging Inc. , Radiography,2023-03-31,2023-05-08,Met standards.
,Canadian Diagnostic Network,150 Katimavik Road,,Kanata,ON,K2L2N2,613-824-3252,Canadian Medical Licences Inc. ," Bone Mineral DXA, Radiography, General Ultrasound",2023-07-27,2023-10-31,Met standards.
,Canadian Diagnostic Network,80 Michael Cowpland Drive,,Kanata,ON,K2M1P6,613-824-3252,Canadian Diagnostic Network South Inc. ," Radiography, General Ultrasound",2023-10-18,2023-12-11,Met standards with some recommendations made for improvement.
,Canadian Diagnostic Network,150 Katimavik Road,,Kanata,ON,K2L2N2,613-824-3252,Canadian Medical Licences Inc. , Radiography,2023-07-27,2023-10-31,Met standards.
,Canadian Diagnostic Network,150 Katimavik Road,Unit 102,Kanata,ON,K2L2N2,613-824-3252,Canadian Diagnostic Network West Inc. ," Bone Mineral DXA, Mammography, Radiography, General Ultrasound, Vascular Ultrasound",2025-02-14,2025-05-15,Met standards.
,True North Imaging,751 Victoria Street South,Suite B100,Kitchener,ON,N2M5N4,519-742-2636,Clearview Diagnostic Imaging Inc. ," Mammography, Radiography, General Ultrasound, Vascular Ultrasound",2025-02-25,2025-05-30,Met standards.
,True North Imaging,751 Victoria Street South,Suite B100,Kitchener,ON,N2M5N4,519-742-2636,Clearview Diagnostic Imaging Inc. ," Radiography, General Ultrasound, Vascular Ultrasound",2023-05-05,2023-07-21,Met standards.
,True North Imaging,751 Victoria Street South,Suite B100,Kitchener,ON,N2M5N4,519-742-2636,Clearview Diagnostic Imaging Inc. ," Radiography, Mammography, Bone Mineral DXA",2022-06-16,2022-10-18,Met standards.
,True North Imaging,385 Fairway Road South,,Kitchener,ON,N2C2N9,519-748-6844,Clearview Diagnostic Imaging Inc. ," Radiography, General Ultrasound",2022-06-17,2022-10-14,Met standards.
,True North Imaging,751 Victoria Street South,Suite B100,Kitchener,ON,N2M5N4,519-742-2636,Clearview Diagnostic Imaging Inc. ," Bone Mineral DXA, Mammography, Radiography, General Ultrasound",2022-06-16,2022-10-18,Met standards.
,ONE Fertility Kitchener Waterloo,4271 King Street East,Suite 200,Kitchener,ON,N2P2X7,519-650-0011,2489380 Ontario Inc. , Mobile General Ultrasound,2023-09-19,2024-01-22,Met standards.
,PEAK Sleep Kitchener,100 Garment Street,Unit B,Kitchener,ON,N2G0C3,905-338-3331,Sleep Clinic Kitchener Inc. , Sleep Studies,2024-12-20,2025-02-25,Met standards.
,Kitchener-Waterloo Vascular Laboratory,932 King Street West,Suite 7,Kitchener,ON,N2G1G4,519-585-1116,2050912 Ontario Inc. ," Vascular Ultrasound, General Ultrasound",2024-10-23,2024-12-05,Met standards.
,KMH  Cardiology Centres Inc.,751B Victoria Street South,Suite 108,Kitchener,ON,N2M5N4,905-855-1860,KMH Cardiology Centres Inc. ," Nuclear Medicine - In Vivo - General, Nuclear Medicine - In Vivo - SPECT",2025-01-29,2025-05-08,Met standards.
,KMH MRI Inc.,751B Victoria Street South,Suite 108,Kitchener,ON,N2M5N4,905-855-1860,KMH MRI Inc. , Magnetic Resonance Imaging,2025-05-08,2025-07-24,Met standards.
,S. Peng Medicine Professional Corporation,564 Belmont Avenue West,Suite 306,Kitchener,ON,N2M5N6,519-579-0624,S. Peng Medicine Professional Corporation , Ophthalmic Ultrasound,2025-06-27,2025-10-15,Met standards with some recommendations made for improvement.
,Chryssa McAlister Medicine Professional Corporation,564 Belmont Avenue West,Suite 411,Kitchener,ON,N2M5N6,519-579-7000,Chryssa McAlister Medicine Professional Corporation , Ophthalmic Ultrasound,2025-07-07,2025-10-15,Met standards.
,Nimesh Desai Medicine Professional Corporation,4278 King Street East,Unit A,Kitchener,ON,N2P2G5,519-804-8858,Nimesh Desai Medicine Professional Corporation , Ophthalmic Ultrasound,2026-01-08,2026-04-10,A follow up assessment will be conducted.
,Mackenzie Clinic,450 Central Avenue,Suite 103,London,ON,N6E2E8,519-337-7535,Dr. Emir Ali ," Mobile Pulmonary Function - Pure Screening, Mobile Pulmonary Function Lung Volumes & Diffusion, Mobile Pulmonary Function - Other Fee Codes",2023-11-24,2024-03-04,Met standards.
,One Vascular Imaging London,460 Springbank Drive,Suite 311,London,ON,N6J1G8,519-913-2910,One Vascular Corp. ," Vascular Ultrasound, General Ultrasound",2022-09-12,2022-10-28,Met standards.
,WELL Health Diagnostic Centres,510 Southdale Road East,Suite 103,London,ON,N6E0B2,226-663-2933,MyHealth Partners Inc. ," General Ultrasound, Vascular Ultrasound",2022-04-07,2022-06-07,Met standards.
,London X-Ray Associates,595 Bradley Avenue,,London,ON,N6E3Z8,519-672-5270,London X-Ray Associates Inc. ," Bone Mineral DXA, Mammography, Radiography, General Ultrasound, Vascular Ultrasound",2022-06-23,2022-10-11,Met standards.
,PEAK Sleep London,931 Commissioners Road East,Suite 200,London,ON,N5Z3H9,905-338-3331,2598407 Ontario Inc. , Sleep Studies,2021-07-07,2021-07-07,Facility has not been assessed during current ownership.
,London X-Ray Associates,450 Central Avenue,Suite 104,London,ON,N6B2E8,519-672-5270,London X-Ray Associates ," Fluoroscopy, Mammography, Radiography, General Ultrasound, Vascular Ultrasound",2023-06-22,2023-09-13,Met standards.
,London X-Ray Associates Inc.,440 Boler Road,Suite 103,London,ON,N6K4L2,519-657-8246,London X-Ray Associates Inc. ," Radiography, General Ultrasound, Vascular Ultrasound",2023-06-13,2023-09-13,Met standards.
,London X-Ray Associates Inc.,1657 Dundas Street,,London,ON,N5W3C6,519-659-4158,London X-Ray Associates Inc. ," General Ultrasound, Vascular Ultrasound",2023-06-20,2023-08-11,Met standards.
,London X-Ray Associates,1657 Dundas Street,,London,ON,N5W3C6,519-659-4158,London X-Ray Associates Inc. , Radiography,2023-06-20,2023-09-13,Met standards.
,Omega Fertility Center Inc.,373 Commissioners Road West,,London,ON,N6J1Y4,519-685-5559,Omega Fertility Centre Inc. ," General Ultrasound, Obs/Gyn Ultrasound",2023-08-08,2023-11-22,Met standards.
,WELL Health Diagnostic Centres,279 Wharncliffe Road North,Suite 111,London,ON,N6H2C2,519-661-0275,MyHealth Partners Inc. ," Bone Mineral DXA, Fluoroscopy, Mammography, Radiography, General Ultrasound, Vascular Ultrasound",2024-11-28,2025-03-27,Met standards.
,London X-Ray Associates,3209 Wonderland Road South,Unit B,London,ON,N6L1R4,519-438-8131,London X-Ray Associates Inc. ," Radiography, General Ultrasound",2025-05-27,2025-08-12,Met standards.
,WELL Health Diagnostic Centres,1055 Fanshawe Park Road West,Suite 301,London,ON,N6G5B4,519-439-5555,MyHealth Partners Inc. ," General Ultrasound, Vascular Ultrasound, Nuclear Medicine - In Vivo - SPECT, Nuclear Medicine - In Vivo - General, Mammography, Fluoroscopy, Radiography",2025-10-03,2026-04-10,Met standards.
,WELL Health Diagnostic Centres,510 Southdale Road East,Suite 103,London,ON,N6E0B2,226-663-2933,MyHealth Partners Inc. ," Radiography, General Ultrasound",2025-10-03,2026-04-10,Met standards.
,London Digestive Disease Institute,785 Wonderland Road South,Unit 253A,London,ON,N6K1M6,226-377-6579,Dr. Vipul Jairath , GI-Endoscopy,2025-12-01,2025-10-30,Pre-licensing inspection passed and approved for operation
,DMS X-Ray,7155 Woodbine Avenue,Suite B104,Markham,ON,L3R1A3,416-748-8434,1030917 Ontario Inc. ," Bone Mineral DXA, Radiography",2015-07-28,2015-10-09,Met standards.
,Unionville Diagnostic Imaging,10 Unionville Gate,Suite 204,Markham,ON,L3R0W7,905-479-3945,Specialty Medical Partners (HVI) Inc. ," Bone Mineral DXA, Mammography, Radiography, General Ultrasound, Vascular Ultrasound",2019-11-15,2020-02-25,Met standards.
,Ontario Imaging Diagnostics (OID) - Markham,6633 Highway 7 East,Suite 005,Markham,ON,L3P7P2,905-294-4880,9113371 Canada Inc. ," Bone Mineral DXA, Radiography, General Ultrasound, Vascular Ultrasound",2023-03-03,2023-05-05,Met standards.
,Dr. Alan L. MacDonald,262B Main Street North,,Markham,ON,L3P1Y7,905-294-1331,Dr. Alan L. MacDonald , Ophthalmic Ultrasound,2023-04-16,2023-05-05,Met standards.
,Cachet X-Ray and Ultrasound,9255 Woodbine Avenue,Unit 2,Markham,ON,L6C1Y9,905-887-3831,Sylvan Brook Holdings Ltd. ," Radiography, General Ultrasound",2023-05-05,2023-07-21,Met standards.
,Markham Imaging Consultants,110 Copper Creek Drive,Suite 202,Markham,ON,L6B0P9,905-471-6996,1049604 Ontario Inc. ," Bone Mineral DXA, Radiography, General Ultrasound, Vascular Ultrasound",2023-06-27,2023-10-19,Met standards.
,Markham Mammography,39 Main Street Markham North,Unit 1,Markham,ON,L3P1X3,905-472-2713,Clearview Diagnostic Imaging Inc. ," Mammography, General Ultrasound",2023-06-06,2023-07-21,Met standards.
,True North Imaging - Markham Repro,377 Church Street,Suite 305,Markham,ON,L6B1A1,905-472-4915,Clearview Diagnostic Imaging Inc. , General Ultrasound,2023-07-25,2023-10-18,Met standards.
,FirstSight Medical Imaging Centre,2900 Steeles Avenue East,Suite 223,Markham,ON,L3T4X1,905-886-8858,1000597619 Ontario Inc. , General Ultrasound,2023-11-18,2023-11-18,Facility has not been assessed during current ownership.
,Canadian Vascular Laboratory,5293 Highway 7 East,Suite 209,Markham,ON,L3P7M7,289-301-6622,2403040 Ontario Inc. , Vascular Ultrasound,2024-10-25,2025-01-07,Met standards.
,Dialysis Management Clinics Inc.,7300 Warden Avenue,Suite 103,Markham,ON,L3R9Z6,905-470-9992,Dialysis Management Clinics Inc. , Dialysis,2025-05-21,2025-10-17,Met standards.
,Dr. Jeff Martow,377 Church Street,Unit 302,Markham,ON,L6B1A1,905-472-7360,Dr. Jeffrey Martow , Ophthalmic Ultrasound,2024-07-30,2024-07-30,Facility has not been assessed during current ownership.
,Markham Diagnostic Centre,5293 Highway 7 East,Suites 7 and 8,Markham,ON,L3P7M7,905-294-6020,2360864 Ontario Inc. ," Bone Mineral DXA, Radiography, General Ultrasound, Vascular Ultrasound, Mammography",2025-11-06,2026-02-02,Met standards.
,KMH MRI Inc.,50 Minthorn Boulevard,Suite 101,Markham,ON,L3T7X8,905-855-1860,KMH MRI Inc. , Magnetic Resonance Imaging,2025-11-20,2026-03-20,Met standards.
,Karma Ultrasound,"379 Church Street, 5th Floor",Markham-Stouffville Health Centre,Markham,ON,L6B0T1,519-570-3660,Ivycroft Enterprises Inc. , Obs/Gyn Ultrasound,2025-02-04,2025-05-25,Met standards.
,Midtown Women's Imaging,379 Church Street,Fifth Floor,Markham,ON,L6B0T1,905-294-4291,Ivycroft Enterprises Inc. , Obs/Gyn Ultrasound,2025-11-20,2026-04-10,Met standards.
,KMH Cardiology Centres Inc.,50 Minthorn Boulevard,Suite 101,Markham,ON,L3T7X8,905-855-1860,KMH Cardiology Centres Inc. ," Nuclear Medicine - In Vivo - General, Nuclear Medicine - In Vivo - SPECT",2026-02-23,2026-04-10,Met standards.
,2434449Â ONTARIOÂ LIMITEDÂ -Â WoodbineÂ SteelesÂ SleepÂ Clinic,7155 Woodbine Avenue,Suite B103,Markham,ON,L3R1A3,416-628-4010,2434449 Ontario Limited , Sleep Studies,2025-10-06,2025-10-06,Facility has not been assessed during current ownership.
,WELL Health Diagnostic Centres,2300 Eglinton Avenue West,,Mississauga,ON,L5M2V8,416-572-1725,MyHealth Partners Inc. , Positron Emission Tomography,2022-03-28,2022-06-06,Met standards.
,Queensway X-Ray and Ultrasound Clinic,21 Queensway West,Suite 107,Mississauga,ON,L5B1B6,905-897-6970,Queensway X-Ray and Ultrasound Clinic Inc. ," Bone Mineral DXA, Radiography, General Ultrasound, Mammography",2022-04-08,2022-08-19,Met standards.
,Sussex Centre,50 Burnhamthorpe Road West,Suite 70,Mississauga,ON,L5B3C2,647-982-8607,Diamond Y. Tam Medicine Professional Corporation , Ophthalmic Ultrasound,2021-10-27,2021-11-01,Met standards.
,The Plastic Surgery Clinic Inc.,1421 Hurontario Street,,Mississauga,ON,L5G3H5,905-278-7077,The Plastic Surgery Clinic Inc. , Plastic Surgery,2022-05-18,2022-12-06,Met standards.
,OHC Vascular Inc.,1000 Middlegate Road,Suite 104,Mississauga,ON,L4Y1M3,905-804-2260,OHC Vascular Inc. ," Vascular Ultrasound, General Ultrasound",2022-05-24,2022-09-01,Met standards.
,Newlife Fertility Centre,4250 Sherwoodtowne Boulevard,,Mississauga,ON,L4Z2G6,905-896-7100,Newlife Diagnostics Inc. , Mobile General Ultrasound,2022-05-09,2022-10-25,Met standards.
,Tri-Hospital Sleep Laboratory West,3024 Hurontario Street,Suites 208 and 201,Mississauga,ON,L5B4M4,905-566-1010,MedSleep Inc. , Sleep Studies,2022-03-01,2022-03-01,Facility has not been assessed during current ownership.
,TTMP Diagnostics Inc.,1000 Middlegate Road,Second Floor,Mississauga,ON,L4Y1M3,905-804-7000,TTMP Diagnostics Inc. ," Nuclear Medicine - In Vivo - General, Nuclear Medicine - In Vivo - SPECT",2025-09-16,2025-12-11,Met standards with some recommendations made for improvement.
,Dixie X-Ray Associates - Highpoint,3461 Dixie Road,Suite 201,Mississauga,ON,L4Y3X4,905-625-9886,Dixie X-Ray Associates Limited ," Bone Mineral DXA, Mammography, Radiography",2022-09-29,2023-01-12,Met standards.
,Dixie X-Ray Associates,3461 Dixie Road,Suite 201,Mississauga,ON,L4Y3X4,905-625-9886,Dixie X-Ray Associates Limited ," Bone Mineral DXA, Mammography, Radiography, General Ultrasound, Vascular Ultrasound",2022-09-29,2023-01-12,Met standards.
,Ontario Diagnostic Centre (ODC) - Meadowvale,7070 Saint Barbara Boulevard,Suites 72 and 74,Mississauga,ON,L5W0E6,416-231-3369,2539393 Ontario Inc. ," Radiography, General Ultrasound, Fluoroscopy",2022-11-24,2023-02-08,Met standards.
,AFG Imaging,4303 Village Centre Court,,Mississauga,ON,L4Z1S2,905-949-6999,AFG Imaging Inc. , Mobile General Ultrasound,2022-12-13,2023-03-01,Met standards.
,Ontario Diagnostic Centre (ODC) - 71 King,71 King Street West,Suite 102,Mississauga,ON,L5B4A2,905-897-1144,2203552 Ontario Inc. ," Bone Mineral DXA, Fluoroscopy, Mammography, Radiography, General Ultrasound, Vascular Ultrasound",2023-04-27,2023-06-14,Met standards.
,Credit Valley Pulmonary Diagnostics,2300 Eglinton Avenue West,Suite 510,Mississauga,ON,L5M2V8,905-569-7600,Dr. Frank Ritacca Medicine Professional Corporation ," Pulmonary Function A - Pure Screening, Pulmonary Function B - Lung Volumes & Diffusion",2023-03-27,2023-05-05,Met standards.
,One Vascular - Mississauga,2575 Dundas Street West,Unit 22,Mississauga,ON,L5K2M6,905-662-3174,One Vascular Corp. ," General Ultrasound, Vascular Ultrasound, Radiography, Fluoroscopy",2023-02-03,2023-04-20,Met standards.
,Malton Medical Radiology & Ultrasound,3530 Derry Road East,Unit 109,Mississauga,ON,L4T4E3,905-677-6473,318816 Ontario Ltd. ," Radiography, General Ultrasound",2023-07-06,2023-11-02,Met standards.
,Dixie X-Ray Associates - Burnhamthorpe,1420 Burnhamthorpe Road East,Suite 103,Mississauga,ON,L4X2Z9,905-624-3869,Dixie X-Ray Associates Limited ," Fluoroscopy, Radiography, General Ultrasound, Vascular Ultrasound",2023-06-27,2023-09-21,Met standards.
,Ontario Diagnostic Centre (ODC) - Trillium,89 Queensway West,Unit 104,Mississauga,ON,L5B2V2,905-896-1144,2203552 Ontario Inc. , General Ultrasound,2023-05-02,2023-07-21,Met standards.
,Dixie X-Ray Associates - City Centre,3420 Hurontario Street,Suite 205,Mississauga,ON,L5B4A9,905-270-5933,Dixie X-Ray Associates Limited ," Radiography, General Ultrasound, Vascular Ultrasound",2023-09-28,2023-11-23,Met standards.
,Credit Valley X-Ray and Ultrasound,6590 Meadowvale Town Centre Circle,Unit 6,Mississauga,ON,L5N4B7,905-812-1066,Dixon Diagnostics Ltd. ," Bone Mineral DXA, Radiography, General Ultrasound",2023-09-26,2023-11-08,Met standards.
,GraceMed-McLean Clinic,343 - 50 Burnhamthorpe Road West,,Mississauga,ON,L5B3C2,905-273-4888,GraceMed GP Inc. , Plastic Surgery,2023-09-06,2023-11-27,Met standards.
,Medscan Medical Imaging,6870 Goreway Drive,Unit 101,Mississauga,ON,L4V1P1,905-673-1756,MKR Holdings Inc. ," Radiography, General Ultrasound",2023-04-26,2023-04-26,Facility has not been assessed during current ownership.
,Medscan Medical Imaging,6870 Goreway Drive,Unit 101,Mississauga,ON,L4V1P1,905-673-1756,MKR Holdings Inc. , Fluoroscopy,2025-12-12,2026-04-10,Met standards.
,Ontario Diagnostic Centre (ODC) - Clarkson,1654 Lakeshore Road West,,Mississauga,ON,L5J1J3,905-822-9671,2538427 Ontario Inc. ," Bone Mineral DXA, Mammography, Radiography, General Ultrasound",2023-11-09,2024-03-06,Met standards.
,Credit Valley Diagnostic Centre Inc.,2000 Credit Valley Road,Suite 103,Mississauga,ON,L5M4N4,905-828-2066,Credit Valley Diagnostic Centre Inc. ," Bone Mineral DXA, Mammography, Radiography, General Ultrasound",2024-12-13,2024-02-26,Met standards.
,Mississauga Vascular Lab and Ultrasound Imaging,755 Queensway East,Suite 208,Mississauga,ON,L4Y4C5,905-949-4488,1543730 Ontario Inc. ," General Ultrasound, Vascular Ultrasound",2023-12-07,2024-01-31,Met standards.
,Mississauga Radiology,1525 Bristol Road West,Unit 10,Mississauga,ON,L5M4Z1,905-286-9155,1001016462 Ontario Limited ," Radiography, General Ultrasound, Vascular Ultrasound",2024-02-29,2024-04-05,Met standards.
,Ontario Diagnostic Centre (ODC) - Credit Valley,5055 Plantation Place,Suite 2,Mississauga,ON,L5M6J3,905-279-1144,2539393 Ontario Inc. ," Bone Mineral DXA, Fluoroscopy, Mammography, Radiography, General Ultrasound, Vascular Ultrasound, Nuclear Medicine - In Vivo - General, Nuclear Medicine - In Vivo - SPECT",2024-10-16,2025-01-22,Met standards.
,Ontario Diagnostic Centre (ODC) - Square One,3950 Grand Park Drive,Unit F3A,Mississauga,ON,L5B4M6,905-896-2900,2539393 Ontario Inc. ," Bone Mineral DXA, Mammography, Radiography, General Ultrasound, Vascular Ultrasound",2024-10-15,2025-01-28,Met standards.
,Credit Valley Diagnostic Centre,78 - 3465 Platinum Drive,,Mississauga,ON,L5M2S1,905-828-7767,Dixon Diagnostics Ltd. , Radiography,2024-11-05,2025-01-08,Met standards.
,KMH Cardiology Centres Inc.,2075 Hadwen Road,,Mississauga,ON,L5K2L3,905-855-1860,KMH Cardiology Centres Inc. ," Vascular Ultrasound, Nuclear Medicine - In Vivo - General, Nuclear Medicine - In Vivo - SPECT",2025-09-23,2025-11-20,Met standards.
,True North Imaging,2180 Meadowvale Boulevard,,Mississauga,ON,L5N5S3,905-286-1049,Clearview Diagnostic Imaging Inc. , General Ultrasound,2025-02-25,2025-05-06,Met standards.
,"Apple-Med X-Ray, Ultrasound and Mammography",1077 North Service Road,Suite 208A,Mississauga,ON,L4Y1A6,905-566-1548,Precision Diagnostics Inc. ," Bone Mineral DXA, Fluoroscopy, Mammography, Radiography, General Ultrasound, Vascular Ultrasound",2025-03-17,2025-05-26,Met standards.
,GNMI MRI & CT,10 Kingsbridge Garden Circle,Suite 100,Mississauga,ON,L5R3K6,905-426-8976,2659428 Ontario Inc. ," Computed Tomography, Magnetic Resonance Imaging",2025-06-11,2025-08-01,Met standards.
,GNMI MRI & CT,10 Kingsbridge Garden Circle,Suite 100,Mississauga,ON,L5R3K6,905-568-3768,2659428 Ontario Inc. , Radiography,2025-06-11,2025-08-01,Met standards.
,GNMI MRI & CT,10 Kingsbridge Garden Circle,Suite 100,Mississauga,ON,L5R3K6,905-568-3768,2659428 Ontario Inc. ," General Ultrasound, Fluoroscopy",2025-06-11,2025-08-01,Met standards.
,KMH Cardiology Centres Inc.,2075 Hadwen Road,,Mississauga,ON,L5K2L3,905-855-1860,KMH Cardiology Centres Inc. , Positron Emission Tomography,2025-09-23,2025-11-07,Met standards.
,One Heart Care,1000 Middlegate Road,Second Floor,Mississauga,ON,L4Y1M3,905-804-7000,TTMP Diagnostics Inc. ," Nuclear Medicine - In Vivo - General, Nuclear Medicine - In Vivo - SPECT",2025-09-16,2025-12-11,Met standards with some recommendations made for improvement.
,Physicians Diagnostic X-Ray & Ultrasound Services,660 Eglinton Avenue West,Unit 5C,Mississauga,ON,L5R3V2,905-206-1300,2582124 Ontario Inc. ," Radiography, General Ultrasound, Vascular Ultrasound",2025-07-02,2025-11-06,Met standards.
,Peak Sleep Mississauga,101 Queensway West,Unit 202,Mississauga,ON,L5B2P7,905-338-3331,Mississauga Sleep Medicine Centre Inc. , Sleep Studies,2025-08-12,2025-10-28,Met standards.
,WELL Health Diagnostic Centres,2300 Eglinton Avenue West,Suites G01 and G02,Mississauga,ON,L5M2V8,905-828-0653,MyHealth Partners Inc. ," Mammography, Radiography, General Ultrasound, Vascular Ultrasound, Nuclear Medicine - In Vivo - General, Nuclear Medicine - In Vivo - SPECT",2025-11-11,2026-02-17,Met standards.
,Canadian Place Endoscopy Clinic,1065 Canadian Place,Unit 122-123,Mississauga,ON,L4W0C2,416-626-2100,Mina Endo&Mind Inc. , GI-Endoscopy,2025-10-31,2025-10-31,Pre-licensing inspection passed and approved for operation
,West GTA Endoscopy Clinic,3545 Odyssey Drive,Unit 18,Mississauga,ON,L5M2S4,905-823-0223,West GTA Endoscopy Inc. , GI-Endoscopy,2025-11-28,2025-10-31,Pre-licensing inspection passed and approved for operation
,MetroWest Pulmonary Diagnostic Inc.,89 Queensway West,Suite 214,Mississauga,ON,L5B2V2,905-848-6079,MetroWest Pulmonary Diagnostic Inc. ," Pulmonary Function A - Pure Screening, Pulmonary Function B - Lung Volumes & Diffusion, Pulmonary Function C - Escalated Testing",2024-03-19,2024-03-19,Facility has not been assessed during current ownership.
,Ontario Diagnostic Centres (ODC) - Mississauga,801 Dundas Street East,,Mississauga,ON,L4Y4G9,905-820-3030,8831335 Canada Inc. ," Bone Mineral DXA, Mammography, Radiography, General Ultrasound",2025-04-02,2025-04-02,Facility has not been assessed during current ownership.
,Canadian Diagnostic Network Inc.,2 Gurdwara Road,6th Floor,Nepean,ON,K2E1A2,613-824-3252,Canadian Diagnostic Network East Inc. ," Radiography, General Ultrasound, Vascular Ultrasound",2015-03-25,2015-06-17,Met standards.
,Merivale Medical Imaging,1370 Clyde Avenue,,Nepean,ON,K2G3H8,613-727-1072,Merivale Medical Imaging Inc. ," Bone Mineral DXA, Radiography",2022-05-06,2022-07-28,Met standards.
,Merivale Medical Imaging,1370 Clyde Avenue,,Nepean,ON,K2G3H8,613-727-1072,Merivale Medical Imaging Inc. ," Mammography, General Ultrasound, Vascular Ultrasound, Nuclear Medicine - In Vivo - SPECT, Nuclear Medicine - In Vivo - General",2022-05-06,2022-09-14,Met standards.
,Women's Ultrasound Centre,152 Cleopatra Drive,Suite 105 and 116,Nepean,ON,K2G5X2,613-224-1166,MR Imaging Corp , Obs/Gyn Ultrasound,2022-05-30,2022-08-19,Met standards.
,Canadian Diagnostic Network Inc.,2 Gurdwara Road,Suite 602,Nepean,ON,K2E1A2,613-714-9855,Canadian Diagnostic Network Inc. ," Radiography, Nuclear Medicine - In Vivo - General, Nuclear Medicine - In Vivo - SPECT",2023-05-01,2023-07-19,Met standards.
,Bio-Test Radiology Services,2006 Robertson Road,Unit 16,Nepean,ON,K2H1A5,613-789-4242,Bio-Test Laboratory Inc. ," Radiography, General Ultrasound",2023-06-02,2023-08-29,Met standards.
,Canadian Medical Licences Inc.,1221 Greenbank Road,,Nepean,ON,K2J5V7,613-824-3252,Canadian Medical Licences Inc. ," Radiography, General Ultrasound",2023-07-28,2023-10-31,Met standards.
,Canadian Diagnostic Network Inc.,605 Longfields Drive,,Nepean,ON,K2J5N2,613-824-3252,Can Med Equipment Inc. ," Bone Mineral DXA, Mammography, Radiography, General Ultrasound, Vascular Ultrasound",2023-10-19,2024-01-30,Met standards.
,Canadian Diagnostic Network,1 Centrepointe Drive,Suite 106,Nepean,ON,K2G6E2,613-824-3252,Canadian Diagnostic Network South Inc. ," Bone Mineral DXA, Mammography, Radiography, General Ultrasound, Vascular Ultrasound",2025-02-14,2025-07-10,Met standards.
,WELL Health Diagnostic Centres,17730 Leslie Street,Suite 106,Newmarket,ON,L3Y3E4,905-836-2626,MyHealth Partners Inc. ," Mammography, Radiography, General Ultrasound, Vascular Ultrasound, Nuclear Medicine - In Vivo - SPECT, Nuclear Medicine - In Vivo - General, Pulmonary Function A - Pure Screening, Pulmonary Function B - Lung Volumes & Diffusion",2020-12-16,2021-04-21,Met standards.
,Medical Eye Consultants,16945 Leslie Street,Unit 44,Newmarket,ON,L3Y9A2,905-235-8055,Asif Salyani Medicine Professional Corporation , Ophthalmic Ultrasound,2022-05-07,2022-08-22,Met standards.
,York County Sleep Disorders Centre,28 Main Street North,,Newmarket,ON,L3Y3Z7,905-895-3487,Linde Canada Inc. , Sleep Studies,2022-02-11,2022-07-22,Met standards.
,X-Ray Associates,679 Davis Drive,Suite 104,Newmarket,ON,L3Y5G8,416-895-1313,X-Ray Associates Inc. ," Radiography, General Ultrasound",2022-06-21,2022-09-01,Met standards.
,Dr. Eugene S. Liu Medicine Professional Corporation,23 Bolton Avenue,,Newmarket,ON,L3Y2X3,905-895-8738,Eugene S. Liu Medicine Professional Corporation , Ophthalmic Ultrasound,2023-01-14,2023-04-14,Met standards.
,Canadian Vascular Laboratories,535 Mulock Drive,Suite 300,Newmarket,ON,L3Y5H2,905-953-9044,CVL NEWMARKET INC. ," General Ultrasound, Vascular Ultrasound",2025-01-30,2025-05-07,Met standards.
,Bayview Diagnostic Imaging,535 Mulock Drive,Suite 300,Newmarket,ON,L3Y5H2,905-953-9044,CVL NEWMARKET INC. , Radiography,2025-01-30,2025-05-07,Met standards.
,Toronto West Cardiac & Radiology Institute,4250 Weston Road,Suite 100,North York,ON,M9L1W9,416-820-3143,Toronto West Cardiac and Radiology Institute Ltd. ," Fluoroscopy, Radiography, General Ultrasound, Vascular Ultrasound",2011-08-12,2011-09-16,Met standards.
,Keelson X-Ray & Ultrasound,1020 Wilson Avenue,,North York,ON,M3K1G6,416-221-2644,Sylvan Brook Holdings Ltd. ," Bone Mineral DXA, Radiography, General Ultrasound",2014-11-25,2015-02-06,Met standards.
,Metro Radiology (Wilson),1275 Finch Avenue West,Unit 114,North York,ON,M3J0L5,416-781-2050,2456462 Ontario Limited ," Bone Mineral DXA, Fluoroscopy, Radiography, General Ultrasound",2021-03-05,2021-04-30,Met standards.
,Universal Pulmonary Function Laboratory,2888 Bathurst Street,2nd Floor,North York,ON,M6B4H6,416-256-0600,1739411 Ontario Inc. ," Pulmonary Function A - Pure Screening, Pulmonary Function B - Lung Volumes & Diffusion",2021-04-09,2021-05-21,Met standards.
,Keele & Lawrence Ultrasound,2355 Keele Street,Unit D-1,North York,ON,M6M4A2,416-243-8487,1600379 Ontario Inc. , General Ultrasound,2020-03-14,2020-09-14,Met standards.
,Dr. Joseph J.K. Ma Medicine Professional Corporation,162 Willowdale Avenue,,North York,ON,M2N4Y6,416-970-8328,Dr. Joseph J.K. Ma Medicine Professional Corporation , Ophthalmic Ultrasound,2020-06-10,2020-10-15,Met standards.
,Universal Sleep Disorder Clinic,2888 Bathurst Street,2 Floor,North York,ON,M6B4H6,416-256-0600,Universal Sleep Disorder Clinic Inc. , Sleep Studies,2020-08-21,2021-01-20,Met standards.
,Jane Centre X-Ray & Ultrasound,2780 Jane Street,Unit LL9,North York,ON,M3N2J2,416-745-1664,EFES Management Limited ," Radiography, General Ultrasound",2019-12-11,2020-05-19,Met standards.
,Lighthouse Medical Imaging - Fairview,5 Fairview Mall Drive,Suite 100,North York,ON,M2J2Z1,416-499-3559,GTA East Medical Imaging Corp. , Vascular Ultrasound,2020-09-10,2020-10-16,Met standards.
,Northwest Imaging Associates,960 Lawrence Avenue West,Suite 203,North York,ON,M6A3B5,416-781-2050,2352898 Ontario Inc. ," Bone Mineral DXA, Mammography, Radiography, General Ultrasound",2021-03-04,2021-05-04,Met standards.
,MCF Reproductive & Ultrasound Services,2888 Bathurst Street,Unit 100,North York,ON,M6B4H6,416-222-4602,2693333 Ontario Inc. , General Ultrasound,2021-11-10,2022-06-02,Met standards.
,Bayview Pulmonary Services Inc.,240 Duncan Mill Road,Unit 404,North York,ON,M3B3S6,647-430-7191,Bayview Pulmonary Services Inc. , Pulmonary Function B - Lung Volumes & Diffusion,2021-12-01,2022-06-02,Met standards.
,Northwest Imaging Associates,960 Lawrence Avenue West,Suite 203,North York,ON,M6A3B5,416-781-2050,2456462 Ontario Limited ," Radiography, Vascular Ultrasound",2021-03-04,2021-04-30,Met standards.
,Sleep Diagnostics Centre,1333 Sheppard Avenue East,Suite 118,North York,ON,M2J1V1,416-218-8770,Linde Canada Inc. , Sleep Studies,2022-02-04,2022-07-06,Met standards.
,North York Pulmonary Function Center,2 Champagne Drive,Unit B21,North York,ON,M3J2C5,416-636-6664,North York Pulmonary Function Center Inc. ," Pulmonary Function A - Pure Screening, Pulmonary Function B - Lung Volumes & Diffusion",2022-04-21,2022-08-18,Met standards.
,Northwest Imaging Associates,2221 Keele Street,Suite 106,North York,ON,M6M3Z5,416-781-2050,2352898 Ontario Inc. ," Fluoroscopy, Radiography, General Ultrasound",2022-03-10,2022-07-08,Met standards.
,One Vascular - North York,1310 Don Mills Road,Suite 5,North York,ON,M3B2W6,416-934-2144,One Vascular Corp. ," Vascular Ultrasound, General Ultrasound",2021-12-10,2021-12-10,Facility has not been assessed during current ownership.
,Don Mills Diagnostic Imaging,1262 Don Mills Road,Suite 206,North York,ON,M3B2W7,416-510-9977,Alpha Diagnostic Imaging Inc. ," Bone Mineral DXA, Radiography, General Ultrasound",2022-05-16,2022-10-27,Met standards.
,Downsview Clinic - Cardiology and Ultrasound,906 Sheppard Avenue West,Unit 6,North York,ON,M3H2T5,416-633-0045,Limvex Inc. , General Ultrasound,2022-05-30,2022-11-25,Met standards.
,Ultimate Diagnostics Inc.,298 Sheppard Avenue East,,North York,ON,M2N3B1,416-223-6500,Ultimate Diagnostics Inc. ," Bone Mineral DXA, Radiography, General Ultrasound, Vascular Ultrasound",2022-06-08,2022-09-08,Met standards.
,Ontario Radiology (OR) â North York,491 Lawrence Avenue West,Unit LL2,North York,ON,M5M1C7,416-783-9940,1000101846 Ontario Inc. ," Bone Mineral DXA, Mammography, Radiography, General Ultrasound",2022-04-28,2022-04-28,Facility has not been assessed during current ownership.
,York Radiology Consultants & The Breast Centre,1333 Sheppard Avenue East,Suite 100,North York,ON,M2J1V1,416-494-8829,York X-Ray Management Limited ," Mammography, Radiography, Bone Mineral DXA",2022-10-04,2023-01-24,Met standards with some recommendations made for improvement.
,York Nuclear Cardiac Imaging,1333 Sheppard Avenue East,Suite 125,North York,ON,M2J1V1,416-494-0030,York X-Ray Management Limited ," Nuclear Medicine - In Vivo - General, Nuclear Medicine - In Vivo - SPECT",2022-09-07,2022-12-12,Met standards.
,York Ultrasound Consultants,1333 Sheppard Avenue East,Suite 100,North York,ON,M2J1V1,416-494-8829,York X-Ray Management Limited ," General Ultrasound, Vascular Ultrasound",2022-10-04,2023-01-25,Met standards.
,Lighthouse Medical Imaging - Sheppard,701 Sheppard Avenue East,Suite 316,North York,ON,M2K2Z3,416-613-8678,GTA East Medical Imaging Corp. , General Ultrasound,2024-02-12,2024-04-22,Met standards.
,Finchview X-Ray & Ultrasound,1315 Finch Avenue West,Suite 114,North York,ON,M3J2G6,416-633-4441,MCH Management Inc. ," Bone Mineral DXA, Radiography, General Ultrasound",2022-11-23,2023-01-26,Met standards.
,Yorkview X-Ray & Ultrasound,3695 Keele Street,Suite 100,North York,ON,M3J1N2,416-631-0007,2479548 Ontario Inc. ," Radiography, General Ultrasound",2022-11-21,2023-02-01,Met standards.
,D.J. Weinstock,206 Sheppard Avenue West,,North York,ON,M2N1N1,416-221-2442,D.J. Weinstock Medicine Professional Corporation , Ophthalmic Ultrasound,2022-04-25,2022-04-25,Facility has not been assessed during current ownership.
,Jane-Shoreham Diagnostic Services,4640 Jane Street,"Basement, Suite B2",North York,ON,M3N2K5,416-661-4441,2412209 Ontario Inc. ," General Ultrasound, Radiography",2023-02-09,2023-05-04,Met standards.
,Anova Fertility & Reproductive Health,25 Sheppard Avenue West,Suite 650,North York,ON,M2N6S6,416-225-4440,9421467 Canada Inc. , General Ultrasound,2023-04-14,2023-05-30,Met standards.
,Yonge Sheppard X-Ray & Ultrasound,4841 Yonge Street,Suite 104,North York,ON,M2N5X2,647-288-1508,Canadian Teleradiology Services Inc. ," Radiography, General Ultrasound",2023-11-01,2023-11-01,Facility has not been assessed during current ownership.
,Bernard X-Ray & Ultrasound,508 Lawrence Avenue West,Unit 25,North York,ON,M6A1A1,416-787-0229,J.B.V. Management Services Ltd. ," Bone Mineral DXA, Radiography, General Ultrasound",2023-06-06,2023-08-30,Met standards.
,Dixie X-Ray Associates - Oakdale,2065 Finch Avenue West,Suite B-1,North York,ON,M3N2V7,416-745-8050,Dixie X-Ray Associates Limited ," Bone Mineral DXA, Radiography, General Ultrasound, Vascular Ultrasound, Mammography",2023-06-27,2023-10-04,Met standards.
,Toronto Sleep Clinic,5 Fairview Mall Drive,Suite 412,North York,ON,M2J2Z1,416-299-0400,Metro Health Network Inc. , Sleep Studies,2023-11-05,2023-12-11,Met standards.
,York Radiology and Ultrasound Consultants,1100 Sheppard Avenue East,Suite 103,North York,ON,M2K2W1,416-223-4884,York X-Ray Management Limited ," Radiography, General Ultrasound, Vascular Ultrasound",2023-10-13,2024-01-29,Met standards.
,Dixie X-Ray Associates - Oakdale,2065 Finch Avenue West,Suite B01,North York,ON,M3N2V7,416-745-8050,Dixie X-Ray Associates Limited ," Bone Mineral DXA, Radiography, General Ultrasound",2024-02-06,2024-03-22,Met standards with some recommendations made for improvement.
,York X-Ray Management Limited,3292 Bayview Avenue,Suites 206 & 207,North York,ON,M2M4J5,647-427-0195,York X-Ray Management Limited ," Bone Mineral DXA, Radiography, General Ultrasound, Vascular Ultrasound",2023-12-04,2024-03-01,Met standards.
,Victoria Terrace X-Ray & Ultrasound,1448 Lawrence Avenue East,Suite 209,North York,ON,M4A2V6,416-750-4555,Insight Diagnostic Imaging Corp. ," Bone Mineral DXA, Radiography, General Ultrasound",2023-09-14,2023-11-23,Met standards.
,Appleton Clinic Sleep Centre,845 Wilson Avenue,Suite 301,North York,ON,M3K1E6,416-635-0909,2071667 Ontario Inc. , Sleep Studies,2023-08-17,2023-11-22,Met standards.
,Malvern Ultrasound & Mammography,18 Wynford Drive,Suite 507,North York,ON,M3C3S2,416-449-8289,Insight Diagnostic Imaging Corp. ," Mammography, General Ultrasound",2023-09-14,2023-11-27,Met standards.
,Toronto Lung Care Clinic,1110 Sheppard Avenue East,Suite 204,North York,ON,M2K2W2,416-229-2315,Metro Health Network Inc. ," Pulmonary Function A - Pure Screening, Pulmonary Function B - Lung Volumes & Diffusion",2023-07-24,2023-10-10,Met standards.
,Finch Weston X-Ray & Ultrasound,2100 Finch Avenue West,Unit 212,North York,ON,M3N2Z9,416-644-0347,2134579 Ontario Inc. ," Radiography, General Ultrasound",2024-01-25,2024-02-27,Met standards.
,Victoria X-Ray Ultrasound,1252 Lawrence Avenue East,Unit 201,North York,ON,M3A1C3,416-335-0323,2347225 Ontario Inc. ," Radiography, General Ultrasound",2024-11-17,2024-02-08,Met standards.
,Bathurst Lawrence Nuclear Imaging,491 Lawrence Avenue West,Suite 501,North York,ON,M5M1C7,416-781-9500,Specialty Medical Partners (Midtown) Inc. ," Nuclear Medicine - In Vivo - General, Nuclear Medicine - In Vivo - SPECT",2024-04-01,2024-04-01,Facility has not been assessed during current ownership.
,North Toronto Eye Care Inc.,2065 Finch Avenue West,Suite 400,North York,ON,M3N2V7,416-748-2020,North Toronto Eye Care Inc. , Ophthalmic Ultrasound,2024-11-07,2025-02-11,Met standards.
,North York Ultrasound,4025 Yonge Street,Suite 215,North York,ON,M2P2E3,416-229-6887,Clearview Diagnostic Imaging Inc. ," General Ultrasound, Vascular Ultrasound",2024-10-09,2025-01-07,Met standards.
,Hitek Medical Imaging,4789 Yonge Street,Suite 210,North York,ON,M2N0G3,647-346-9002,Hitek Medical Imaging Inc. ," Bone Mineral DXA, Radiography, General Ultrasound",2022-12-06,2024-04-25,Met standards.
,Hitek Medical Imaging,6464 Yonge Street,Unit 101A,North York,ON,M2M3X4,416-222-6989,Hitek Medical Imaging Inc. , Mammography,2025-04-17,2025-07-21,Met standards.
,Bathurst-Sheppard Diagnostic Imaging Centre,4430 Bathurst Street,Suite 207,North York,ON,M3H3S3,416-226-6941,TBA Diagnostic Imaging Services Inc. ," General Ultrasound, Vascular Ultrasound, Bone Mineral DXA",2025-06-10,2025-09-15,Met standards.
,North York Diagnostic and Cardiac Centre,250 Marlee Avenue,,North York,ON,M6B3H7,416-783-0000,2352767 Ontario Inc. ," Nuclear Medicine - In Vivo - General, Nuclear Medicine - In Vivo - SPECT",2025-02-21,2025-05-08,Met standards.
,North York Diagnostic and Cardiac Centre,250 Marlee Avenue,,North York,ON,M6B3H7,416-783-0000,2352767 Ontario Inc. ," General Ultrasound, Radiography",2025-01-30,2025-05-08,Met standards.
,WELL Health Diagnostic Centres,4949 Bathurst Street,Suite 100,North York,ON,M2R1Y1,416-223-5460,MyHealth Partners Inc. ," Mammography, Radiography, General Ultrasound, Bone Mineral DXA",2025-01-09,2025-02-18,Met standards.
,Centre for Sleep and Chronobiology Inc.,1054 Wilson Avenue,,North York,ON,M3K1G6,416-746-3012,Centre for Sleep and Chronobiology Inc. , Sleep Studies,2025-02-11,2025-05-20,Met standards.
,Hitek Medical Imaging,4800 Leslie Street,Lower Level,North York,ON,M2J2K9,416-493-1011,Hitek Medical Imaging Inc. , Mammography,2025-04-17,2025-07-08,Met standards.
,Hitek Medical Imaging,6464 Yonge Street,Unit 101A,North York,ON,M2M3X4,416-222-6989,Hitek Medical Imaging Inc. ," Bone Mineral DXA, Radiography, General Ultrasound, Vascular Ultrasound",2025-04-17,2025-07-21,Met standards.
,Hitek Medical Imaging,4800 Leslie Street,Lower Level,North York,ON,M2J2K9,416-493-1011,Hitek Medical Imaging Inc. ," Bone Mineral DXA, Radiography, General Ultrasound, Vascular Ultrasound",2025-04-17,2025-07-21,Met standards.
,Bathurst Medical Centre X-Ray & Ultrasound,4256 Bathurst Street,Suite 104,North York,ON,M3H5Y8,416-997-6170,WNR Inc. ," Bone Mineral DXA, Mammography, Radiography, General Ultrasound",2025-05-01,2025-07-30,Met standards.
,Dr. Kranemann Medicine Professional Corporation,4100 Yonge Street,Suite 110B,North York,ON,M2P2B7,416-289-4000,Dr. Kranemann Medicine Professional Corporation , Ophthalmic Ultrasound,2025-05-20,2025-09-19,Met standards.
,Rajinder Rathee Medicine Professional Corporation,18 Wynford Drive,Suite 108,North York,ON,M3C3S2,416-494-7455,Rajinder Rathee Medicine Professional Corporation , Ophthalmic Ultrasound,2025-06-06,2025-09-12,Met standards with some recommendations made for improvement.
,North York Sleep & Diagnostic Centre Inc.,2 Champagne Drive,Unit B15,North York,ON,M3J2C5,416-642-4232,North York Sleep & Diagnostic Centre Inc. , Sleep Studies,2025-06-06,2025-10-09,Met standards.
,ONTARIO IMAGING DIAGNOSTIC - Wynford,20 Wynford Drive,Suite 312,North York,ON,M3C1J4,416-443-2626,1000876099 Ontario Inc. ," Radiography, General Ultrasound",2025-06-21,2025-06-21,Facility has not been assessed during current ownership.
,Humber Diagnostic Center,1017 Wilson Avenue,Suite 100,North York,ON,M3K1Z1,613-631-7581,1000980102 Ontario Inc. , Bone Mineral DXA,2024-10-31,2024-10-31,Facility has not been assessed during current ownership.
,Humber Diagnostic Centre,1017 Wilson Avenue,Suite 100,North York,ON,M3K1Z1,416-631-7581,1000980102 Ontario Inc. ," Radiography, General Ultrasound",2025-10-01,2025-10-01,Facility has not been assessed during current ownership.
,Lighthouse Medical Imaging - Fairview,5 Fairview Mall Drive,Suite 105,North York,ON,M2J2Z1,416-499-3559,GTA East Medical Imaging Corp. ," Bone Mineral DXA, Mammography, Radiography, General Ultrasound",2025-09-10,2026-04-10,Met standards.
,Toronto Cardiac Diagnostics Inc.,18 Wynford Drive,Suite 511,North York,ON,M3C3S2,416-691-3111,Toronto Cardiac Diagnostics Inc. ," Nuclear Medicine - In Vivo - General, Nuclear Medicine - In Vivo - SPECT",2025-07-31,2025-10-14,Met standards.
,CCMSU Medical Imaging,240 Duncan Mill Road,Suite 804,North York,ON,M3B3S6,416-391-5778,1405067 Ontario Inc. ," General Ultrasound, Vascular Ultrasound",2025-07-03,2025-09-15,Met standards.
,CCMSU Medical Imaging,240 Duncan Mill Road,Suite 804,North York,ON,M3B3S6,416-391-5778,1405067 Ontario Inc. , Radiography,2025-07-03,2025-09-17,Met standards.
,York Finch Eye Associates,2115 Finch Avenue West,Suite 316,North York,ON,M3N2V6,416-745-6969,Steve A Arshinoff Medicine Professional Corporation , Ophthalmic Ultrasound,2025-03-01,2025-03-01,Facility has not been assessed during current ownership.
,Bathurst-Sheppard Diagnostic Imaging Centre,4430 Bathurst Street,Suite 207,North York,ON,M3H3S3,416-226-6941,TBA Diagnostic Imaging Services Inc. , Radiography,2025-06-10,2025-09-15,Met standards.
,Jane Wilson Imaging Centre,2141 Jane Street,Lower Level,North York,ON,M3M1A2,416-245-4111,Jane Wilson Imaging Centre Inc. ," Fluoroscopy, Radiography, General Ultrasound",2025-10-07,2026-01-20,Met standards.
,PDS Diagnostic Imaging,2 Champagne Drive,Unit B23,North York,ON,M3J2C5,416-741-2766,Specialty Medical Partners (HVI) Inc. ," Radiography, Mammography, Bone Mineral DXA, Vascular Ultrasound",2025-04-24,2025-04-24,Facility has not been assessed during current ownership.
,Tripod Fertility,2225 Sheppard Avenue East,Suite 901,North York,ON,M2J5C2,905-201-3420,Tripod Medical Inc. , Obs/Gyn Ultrasound,2025-11-26,2026-02-17,Met standards.
,True North Imaging - The Board Walk,36 York Mills Road,Suite 100,North York,ON,M2P2E9,416-229-6887,Clearview Diagnostic Imaging Inc. , General Ultrasound,2026-02-24,2026-04-10,Met standards.
,KMH Cardiology Centres Inc.,1310 Don Mills Road,Unit 5,North York,ON,M3B2W6,905-855-1860,KMH Cardiology Centres Inc. ," Nuclear Medicine - In Vivo - General, Nuclear Medicine - In Vivo - SPECT",2026-02-23,2026-04-10,Met standards.
,Downsview X-Ray and Ultrasound,1056 Wilson Avenue,Unit 105,North York,ON,M3K1G6,416-633-6619,1001036091 Ontario Inc. ," Bone Mineral DXA, Fluoroscopy, Mammography, Radiography, General Ultrasound",2025-12-18,2025-12-18,Facility has not been assessed during current ownership.
,PDS Diagnostic Imaging,2 Champagne Drive,Unit B23,North York,ON,M3J2C5,416-741-2766,Specialty Medical Partners (HVI) Inc. ," General Ultrasound, Radiography",2026-03-17,2026-03-17,Facility has not been assessed during current ownership.
,Wentworth-Halton X-Ray and Ultrasound Inc.,2525 Old Bronte Road,Suite 140,Oakville,ON,L6M4J2,905-469-2524,Wentworth-Halton X-Ray and Ultrasound Inc. ," Mobile General Ultrasound, Mobile Vascular Ultrasound",2021-11-11,2022-06-02,Met standards.
,Ontario Diagnostic Centre (ODC) - Oakville,2315 Bristol Circle,,Oakville,ON,L6H6P8,905-287-2038,8831335 Canada Inc. ," Mammography, Radiography, General Ultrasound, Vascular Ultrasound",2023-04-13,2023-06-21,Met standards.
,Prism Eye Institute Inc.,2201 Bristol Circle,Unit 101,Oakville,ON,L6H0J8,905-456-3937,Prism Eye Institute Inc. , Ophthalmic Ultrasound,2023-02-17,2023-04-14,Met standards.
,True North Imaging - Oakville,2035 Cornwall Road,,Oakville,ON,L6J7S2,905-707-1777,Clearview Diagnostic Imaging Inc. , General Ultrasound,2023-10-17,2023-12-07,Met standards.
,Bronte Vascular Ultrasound,2525 Old Bronte Road,Suite 310,Oakville,ON,L6M4J2,905-901-5252,1000748207 Ontario Inc. ," Vascular Ultrasound, General Ultrasound",2024-02-21,2024-02-21,Facility has not been assessed during current ownership.
,Hospital Gate X-Ray & Ultrasound,3075 Hospital Gate,Suite 208,Oakville,ON,L6M1M1,905-825-8545,2548781 Ontario Limited (GDI Gam Diagnostic Imaging) ," Bone Mineral DXA, Radiography, General Ultrasound, Vascular Ultrasound",2024-10-24,2025-01-21,Met standards.
,Trafalgar X-Ray and Ultrasound,1235 Trafalgar Road,Suite B4,Oakville,ON,L6H3P1,905-845-0014,2548781 Ontario Limited (GDI Gam Diagnostic Imaging) ," Bone Mineral DXA, Fluoroscopy, Mammography, Radiography, General Ultrasound, Vascular Ultrasound",2024-10-24,2025-01-28,Met standards.
,One Vascular Imaging - Oakville,1405 Cornwall Road,Unit A 1-2,Oakville,ON,L6J7T5,905-815-0999,One Vascular Corp. ," Vascular Ultrasound, General Ultrasound",2024-10-30,2025-01-09,Met standards.
,Wentworth-Halton X-Ray and Ultrasound Inc.,"1060 Speers Road, Suite 111",Oakville Health Centre,Oakville,ON,L6L2X4,905-844-0181,Wentworth-Halton X-Ray and Ultrasound Inc. ," Bone Mineral DXA, Mammography, Radiography, General Ultrasound",2025-08-19,2025-10-09,Met standards.
,Wentworth-Halton X-Ray and Ultrasound Inc.,2525 Old Bronte Road,Suite 140,Oakville,ON,L6M4J2,905-469-2524,Wentworth-Halton X-Ray and Ultrasound Inc. ," Bone Mineral DXA, Radiography, General Ultrasound",2025-01-31,2025-05-28,Met standards.
,"Peak Sleep, Oakville",420 North Service Road East,Unit 1,Oakville,ON,L6H5R2,905-338-3331,2598407 Ontario Inc. , Sleep Studies,2026-01-12,2026-04-10,Met standards.
,Delta Scan Medical Imaging Inc.,1158 Winston Churchill Boulevard,,Oakville,ON,L6J0A3,647-860-3272,Delta Scan Medical Imaging Inc. ," Bone Mineral DXA, Radiography, General Ultrasound",2025-04-16,2025-04-16,Facility has not been assessed during current ownership.
,Heart and Vascular Centre of Excellence,1235 Trafalgar Road,Suite B1,Oakville,ON,L6H3P1,289-529-0395,Heart and Vascular Centre of Excellence Inc. ," Nuclear Medicine - In Vivo - General, Nuclear Medicine - In Vivo - SPECT",2026-04-23,2026-04-23,Facility has not been assessed during current ownership.
,Canadian Diagnostic Network,4270 Innes Road,,Orleans,ON,K4A5E6,613-824-3252,Canadian Medical Licences Inc. , General Ultrasound,2016-03-15,2016-06-13,Met standards.
,Premier Imaging Inc.,4289 Innes Road,,Orleans,ON,K1E0A8,613-686-1904,Premier Imaging Inc. ," Bone Mineral DXA, Mammography, Radiography, General Ultrasound, Vascular Ultrasound",2023-04-21,2023-06-14,Met standards.
,Ottawa Cardiovascular Centre - Orleans,5929 Jeanne D'Arc Boulevard South,Unit 24,Orleans,ON,K1C6V8,613-749-5421,Specialty Medical Partners (Ottawa) Inc. ," Nuclear Medicine - In Vivo - General, Nuclear Medicine - In Vivo - SPECT",2023-02-10,2023-02-10,Facility has not been assessed during current ownership.
,Canadian Diagnostic Network,1220 Promenade Place D'Orleans,Suite 103,Orleans,ON,K1C7K3,613-824-3252,Canadian Diagnostic Network East Inc. ," Bone Mineral DXA, Radiography, General Ultrasound",2025-10-24,2026-02-04,Met standards.
,Canadian Diagnostic Network East Inc.,2003 St. Joseph Boulevard,,Orleans,ON,K1C1E5,613-824-3252,Canadian Diagnostic Network East Inc. ," Bone Mineral DXA, Mammography, Radiography, General Ultrasound, Vascular Ultrasound",2025-02-14,2025-05-15,Met standards.
,True North Imaging - Oshawa,419 King Street West,Suite 115,Oshawa,ON,L1J2K5,905-707-1777,Clearview Diagnostic Imaging Inc. , Obs/Gyn Ultrasound,2016-12-15,2016-12-15,Facility has not been assessed during current ownership.
,Oshawa Advanced Imaging,115 Simcoe Street South,,Oshawa,ON,L1H4G7, ,Oshawa Advanced Imaging Inc. , General Ultrasound,2020-04-30,2020-04-30,Facility has not been assessed during current ownership.
,Oshawa Ultrasound Diagnostic Services,550 Bond Street West,,Oshawa,ON,L1J0E4,905-576-2622,1000005758 Ontario Inc. , General Ultrasound,2023-11-16,2024-02-09,Met standards.
,WELL Health Diagnostic Centres,300 King Street West,Suite 201,Oshawa,ON,L1J2K1,905-723-3110,MyHealth Partners Inc. ," Bone Mineral DXA, Nuclear Medicine - In Vivo - General, Nuclear Medicine - In Vivo - SPECT",2023-09-12,2023-12-08,Met standards.
,King Street X-Ray & Ultrasound,1290 Keith Ross Court,,Oshawa,ON,L1H7K4,905-721-3588,Levine Myers Medicine Professional Corporation ," Radiography, General Ultrasound, Vascular Ultrasound",2023-11-16,2024-02-13,Met standards.
,Oshawa Vascular Laboratory and Ultrasound Imaging,247 Simcoe Street North,Suites 301 and 302,Oshawa,ON,L1G4T3,905-438-0555,2582124 Ontario Inc. ," General Ultrasound, Vascular Ultrasound",2024-10-17,2025-01-14,Met standards.
,Oshawa X-Ray and Ultrasound,11 Gibb Street,,Oshawa,ON,L1H2J9,905-579-1445,Impexxus Medical Imaging Inc. ," Radiography, General Ultrasound, Vascular Ultrasound, Bone Mineral DXA, Mammography",2024-10-21,2025-02-25,Met standards.
,Oshawa-Durham Sleep Laboratory,292 King Street West,Unit 101,Oshawa,ON,L1J2J9,905-436-6163,Oshawa-Durham Sleep Laboratory Inc. , Sleep Studies,2024-11-05,2025-02-10,Met standards.
,Oshawa Diagnostic Imaging,247 Simcoe Street North,Suite 301,Oshawa,ON,L1G4T3,905-438-0555,2582124 Ontario Inc. , Radiography,2025-06-05,2026-02-03,Met standards with some recommendations made for improvement.
,GNMI X-Ray Ultrasound,1400 Ritson Road North,Suite 001,Oshawa,ON,L1G7W4,905-579-1208,Greater Niagara Medical Imaging Inc. ," Radiography, General Ultrasound",2024-09-23,2024-09-23,Facility has not been assessed during current ownership.
,Dr. M. Mikhail Medicine Professional Corporation,149 King Street West,,Oshawa,ON,L1J2J3,905-434-2669,Dr. M. Mikhail Medicine Professional Corporation , Ophthalmic Ultrasound,2025-09-26,2026-02-02,Met standards.
,Canadian Medical Licences Inc.,550 Terminal Avenue,,Ottawa,ON,K1G0Z3,613-824-3252,Canadian Medical Licences Inc. ," Bone Mineral DXA, Radiography, General Ultrasound",2016-11-24,2018-03-19,Licensee has indicated that all recommendations have been addressed.
,Canadian Diagnostic Network,1545 Carling Avenue,,Ottawa,ON,K1Z8P9,613-824-3252,Canadian Medical Licences Inc. ," Radiography, General Ultrasound",2014-06-02,2014-06-02,Facility has not been assessed during current ownership.
,Canadian Diagnostic Network,100 Queen Street,,Ottawa,ON,K1P1A5,613-824-3252,Canadian Medical Licences Inc. ," Bone Mineral DXA, Radiography, General Ultrasound",2014-06-28,2014-06-28,Facility has not been assessed during current ownership.
,Canadian Diagnostic Network,1081 Carling Avenue,,Ottawa,ON,K1Y4G2,613-824-3252,Canadian Medical Licences Inc. ," Radiography, General Ultrasound",2014-06-28,2014-06-28,Facility has not been assessed during current ownership.
,Canadian Diagnostic Network,380 Hunt Club Road,Unit 103,Ottawa,ON,K1V1C1,613-824-3252,Canadian Diagnostic Network West Inc. ," Radiography, General Ultrasound",2021-03-03,2021-05-04,Met standards.
,Bank Respiratory Services,1385 Bank Street,Suite 515,Ottawa,ON,K1H8N4,613-523-4444,Dr. Omar Kify Medicine Professional Corporation ," Pulmonary Function A - Pure Screening, Pulmonary Function B - Lung Volumes & Diffusion, Pulmonary Function - Other Fee Codes, Pulmonary Function C - Escalated Testing",2022-05-28,2022-08-18,Met standards.
,Focus Medical Ancillary Inc.,1105 Carling Avenue,,Ottawa,ON,K1Y4G5,613-226-2801,Dr. Frank E. Bastianelli , Ophthalmic Ultrasound,2022-05-04,2022-06-29,Met standards.
,Women's Ultrasound Centre,1355 Bank Street,Suites 203 and 205,Ottawa,ON,K1H8K7,613-913-0494,MR Imaging Corp , Obs/Gyn Ultrasound,2022-05-30,2022-09-01,Met standards.
,Canadian Medical Licences Inc.,770 Broadview Avenue,Suite B2,Ottawa,ON,K2A3Z3,613-824-3252,Canadian Medical Licences Inc. , Radiography,2022-11-03,2023-01-19,Met standards.
,Ottawa Fertility Centre,955 Green Valley Crescent,Unit 100,Ottawa,ON,K2C3V4,613-686-3378,The Ottawa Fertility Centre Inc. , Obs/Gyn Ultrasound,2022-11-18,2023-01-26,Met standards.
,Ottawa Eye Clinic,680 Montreal Road,,Ottawa,ON,K1K0T3,613-558-5581,Dr. Steven Poleski , Ophthalmic Ultrasound,2022-11-21,2023-01-12,Met standards.
,Merivale-Hunt Club,1145 Hunt Club Road,Suite 550,Ottawa,ON,K1V0Y3,613-727-1072,Merivale Medical Imaging Inc. ," General Ultrasound, Vascular Ultrasound",2023-04-03,2023-05-08,Met standards.
,iCare Surgical Centre,2148 Carling Avenue,Suite 205,Ottawa,ON,K2A1H1,613-596-0300,Bhatti Medicine Professional Corporation , Ophthalmic Ultrasound,2023-04-25,2023-05-16,Met standards.
,The Ottawa Cardiovascular Centre,1355 Bank Street,Suite 502,Ottawa,ON,K1H8K7,613-738-1584,Specialty Medical Partners (Ottawa) Inc. ," Nuclear Medicine - In Vivo - General, Nuclear Medicine - In Vivo - SPECT",2023-02-10,2023-02-10,Facility has not been assessed during current ownership.
,Dr. Peter Agapitos,1919 Riverside Drive,Suite 209,Ottawa,ON,K1H1A2,613-236-9929,Dr. Peter Agapitos , Ophthalmic Ultrasound,2023-11-06,2024-01-24,Met standards.
,Sound Diagnosis,1919 Riverside Drive,Suite 212,Ottawa,ON,K1H1A2,416-839-0383,1001299977 Ontario Inc. , Obs/Gyn Ultrasound,2024-02-26,2024-04-19,Met standards.
,iCare Surgical Centre,2148 Carling Avenue,Unit 205,Ottawa,ON,K2A1H1,613-596-0300,Dr. Adil Bhatti , Ophthalmic Ultrasound,2025-08-26,2025-10-17,Met standards.
,Merivale Medical Imaging - Hunt Club,1145 Hunt Club Road,Unit 550,Ottawa,ON,K1V0Y3,613-727-1072,Merivale Medical Imaging Inc. ," Radiography, Urologic Ultrasound",2022-09-09,2022-09-09,Facility has not been assessed during current ownership.
,Precision Cornea Centre Inc.,1730 St. Laurent Boulevard,Suite 100,Ottawa,ON,K1G5L1,613-746-2244,Precision Cornea Centre Inc. , Ophthalmic Ultrasound,2024-10-29,2025-03-18,Met standards.
,Canadian Diagnostic Network,168 Charlotte Street,,Ottawa,ON,K1N8K6,613-824-3252,Canadian Diagnostic Network North Inc. ," Bone Mineral DXA, Mammography, Radiography, General Ultrasound",2024-12-06,2025-05-08,Met standards.
,Carling Pulmonary Function Services,1081 Carling Avenue,Suite 201,Ottawa,ON,K1Y4G2,613-729-8262,Carling Pulmonary Function Services Inc. ," Pulmonary Function A - Pure Screening, Pulmonary Function B - Lung Volumes & Diffusion",2024-10-25,2025-02-07,Met standards.
,Canadian Diagnostic Network,595 Montreal Road,Suite 205,Ottawa,ON,K1K4L2,613-824-3252,Canadian Diagnostic Network Inc. ," Bone Mineral DXA, Mammography, Radiography, General Ultrasound, Vascular Ultrasound",2025-02-14,2025-05-15,Met standards.
,Bio-Test Radiology Services,1929 Russell Road,Suite 102,Ottawa,ON,K1G4G3,613-737-6872,Bio-Test Laboratory Inc. , Radiography,2025-01-15,2025-06-03,Met standards.
,Canadian Diagnostic Network,1181 Hunt Club Road,Building A,Ottawa,ON,K1V8S4,613-824-3252,Can Med Equipment Inc. ," Bone Mineral DXA, Mammography, Radiography, General Ultrasound",2025-04-28,2025-08-01,Met standards.
,West Ottawa Sleep Centre,1840 Woodward Avenue,Unit 2A,Ottawa,ON,K2C9P7,613-722-9900,MedSleep Inc. , Sleep Studies,2025-06-06,2025-08-12,Met standards.
,Adrian Tsang Medicine Professional Corporation,350 Sparks Street,Suite 216,Ottawa,ON,K1R7S8,613-237-3166,Adrian Tsang Medicine Professional Corporation , Ophthalmic Ultrasound,2024-12-01,2024-12-01,Facility has not been assessed during current ownership.
,Pickering Centre For Sleep Disorders,1099 Kingston Road,Unit 5D,Pickering,ON,L1V1B5,905-420-9626,Pickering Centre For Sleep Disorders Inc. , Sleep Studies,2022-07-23,2022-10-12,Met standards.
,Pickering Diagnostic Imaging Centre,1885 Glenanna Road,Suites 103/105/106,Pickering,ON,L1V6R6,905-831-2255,1997207 Ontario Incorporated ," Bone Mineral DXA, Fluoroscopy, Mammography, Radiography, General Ultrasound, Vascular Ultrasound, Pulmonary Function A - Pure Screening, Pulmonary Function B - Lung Volumes & Diffusion, Pulmonary Function C - Escalated Testing, Nuclear Medicine - In Vivo - SPECT, Nuclear Medicine - In Vivo - General",2023-02-16,2023-05-04,Met standards.
,EXR Medical Imaging - Pickering Location,1690 Dersan Street,Suite 130,Pickering,ON,L1V2P8,905-839-1806,Ellesmere X-Ray Inc. ," Radiography, General Ultrasound, Vascular Ultrasound, Bone Mineral DXA, Mammography",2024-11-07,2025-02-10,Met standards.
,Dialysis Management Clinics Inc.,1550 Kingston Road,Unit 6,Pickering,ON,L1V1C3,905-831-1200,Dialysis Management Clinics Inc. , Dialysis,2025-01-31,2025-10-16,Met standards.
,WELL Health Diagnostic Centres,1105 Kingston Road,Unit D202,Pickering,ON,L1V1B5,905-420-3068,MyHealth Partners Inc. ," Bone Mineral DXA, Mammography, Radiography, General Ultrasound, Vascular Ultrasound, Nuclear Medicine - In Vivo - SPECT, Nuclear Medicine - In Vivo - General",2025-11-11,2026-02-23,Met standards.
,Village East Medical/Digestive Health Clinic,1031 Brock Road,,Pickering,ON,L1W3T7,905-683-1700,The Digestive Health Clinic Inc. , GI-Endoscopy,2025-10-20,2025-10-31,Pre-licensing inspection passed and approved for operation
,Richmond Hill Diagnostic Centre,10243 Yong Street,2nd Floor,Richmond Hill,ON,L4C3B2,905-884-0904,2845360 Ontario Inc. , Radiography,2016-09-21,2017-01-23,Met standards.
,York Region Sleep Disorders Centre,13291 Yonge Street,Suite 300 and Fourth Floor,Richmond Hill,ON,L4E4L6,905-773-7843,1882601 Ontario Inc. ," Sleep Studies, Pulmonary Function A - Pure Screening, Pulmonary Function B - Lung Volumes & Diffusion, Pulmonary Function - Other Fee Codes",2022-05-12,2022-09-01,Met standards.
,X-Ray Associates,250 Harding Boulevard West,Suite B02,Richmond Hill,ON,L4C9M7,905-737-0595,X-Ray Associates Inc. , Radiography,2022-06-21,2022-08-19,Met standards.
,Dr. Ali Ahadian,9080 Yonge Street,"Unit 15, Level 2",Richmond Hill,ON,L4C0Y7,905-707-9333,Dr. Ali Ahadian Medicine Professional Corporation , Ophthalmic Ultrasound,2022-03-29,2022-03-29,Facility has not been assessed during current ownership.
,Richmond Hill Diagnostic Center,10243 Yonge Street,Second Floor,Richmond Hill,ON,L4C3B2,905-884-0904,2845360 Ontario Inc. ," General Ultrasound, Vascular Ultrasound",2022-03-22,2022-03-22,Facility has not been assessed during current ownership.
,Chalmers Gate X-Ray & Ultrasound,328 Highway 7 East,Suite 308,Richmond Hill,ON,L4B3P7,905-731-4007,EFES Management Limited ," Bone Mineral DXA, Mammography, Radiography, General Ultrasound, Vascular Ultrasound",2023-03-31,2023-05-16,Met standards.
,Bayview Hill Diagnostic Imaging,1 Spadina Road,Unit 19,Richmond Hill,ON,L4B3M2,905-237-9366,Bayview Hill Diagnostic Imaging Inc. ," Radiography, General Ultrasound",2023-05-12,2023-08-14,Met standards.
,Oak Ridges Medical Diagnostic Imaging,13291 Yonge Street,Suite 301,Richmond Hill,ON,L4E4L6,905-773-6861,Oak Ridges Medical Diagnostic Imaging Inc. ," Bone Mineral DXA, Mammography, Radiography, General Ultrasound, Vascular Ultrasound, Nuclear Medicine - In Vivo - General, Nuclear Medicine - In Vivo - SPECT",2024-12-10,2025-02-20,Met standards.
,Bayview Diagnostic Centre,9160 Bayview Avenue,Unit B01,Richmond Hill,ON,L4B0E6,905-604-8400,9731873 Canada Corporation ," Radiography, Vascular Ultrasound",2025-10-09,2026-03-20,Met standards.
,Care Medical Imaging,9651 Yonge Street,,Richmond Hill,ON,L4C1V7,905-780-1125,11805177 Canada Inc. ," Radiography, Vascular Ultrasound, Bone Mineral DXA, General Ultrasound",2025-11-13,2026-04-10,Met standards.
,Richmond Hill Sleep and Lung Institute,330 Highway 7 East,Unit 205,Richmond Hill,ON,L4B3P8,905-764-8808,1001104531 Ontario Inc. ," Sleep Studies, Pulmonary Function A - Pure Screening",2026-02-23,2026-04-10,Met standards.
,Schroeder Ambulatory Centre,9355 Leslie Street,Unit 100,Richmond Hill,ON,L4B0J3,905-787-5700,Schroeder Ambulatory Centre , GI-Endoscopy,2025-10-28,2025-10-31,Pre-licensing inspection passed and approved for operation
,Schroeder Ambulatory Centre,9355 Leslie Street,Unit 100,Richmond Hill,ON,L4B0J3,905-787-5700,Schroeder Ambulatory Centre ," Computed Tomography, Magnetic Resonance Imaging",2026-03-02,2026-03-31,Pre-licensing inspection passed and approved for operation
,Metro Radiology (Markham),1371 Neilson Road,Suite 309,Scarborough,ON,M1B4Z8,416-781-2050,2456462 Ontario Limited ," Fluoroscopy, Radiography, General Ultrasound, Vascular Ultrasound",2021-11-09,2022-03-07,Met standards.
,Sheppard Court X-Ray & Ultrasound,3410 Sheppard Avenue East,,Scarborough,ON,M1T3K4,416-226-3444,1076254 Ontario Limited , Radiography,2012-02-24,2012-05-16,Met standards.
,Silver Star X-Ray & Ultrasound,385 Silver Star Boulevard,Suite 209,Scarborough,ON,M1V0E3,416-221-2644,EFES Management Limited ," Radiography, General Ultrasound",2014-12-10,2015-02-05,Met standards.
,Donvale Ultrasound Services Ltd.,521 Victoria Park Avenue,Suite B1,Scarborough,ON,M4C5H1,905-626-9426,Donvale Ultrasound Services Ltd. , General Ultrasound,2017-11-30,2018-06-22,Met standards.
,Donvale X-Ray,521 Victoria Park Avenue,Suite B1,Scarborough,ON,M4C5H1,416-694-2194,Donvale Ultrasound Services Ltd. , Radiography,2017-11-30,2018-06-22,Met standards.
,Scarborough Women's Imaging Centre,2025 Midland Avenue,Suite 200,Scarborough,ON,M1P3E2,416-296-1911,Toronto Vascular Ultrasound Inc. ," Bone Mineral DXA, Fluoroscopy, Mammography, Radiography, General Ultrasound, Vascular Ultrasound",2020-11-24,2021-04-21,Met standards.
,Lighthouse Medical Imaging - Finch,4168 Finch Avenue East,"Suite G18, G51, G52",Scarborough,ON,M1S5H6,416-293-5940,GTA East Medical Imaging Corp. ," Bone Mineral DXA, Mammography, Radiography, General Ultrasound",2020-09-11,2021-02-03,Met standards.
,Ontario Imaging Diagnostics (OID) - 3000 Lawrence,3000 Lawrence Avenue East,Suite C-11,Scarborough,ON,M1P2V2,416-431-5885,12147416 Canada Inc. , Mammography,2023-04-26,2023-06-13,Met standards.
,IVF Canada,2347 Kennedy Road,Suite 304,Scarborough,ON,M1T3T8,416-754-1010,L.S.G. Holding Ltd. , Obs/Gyn Ultrasound,2022-04-25,2022-10-03,Met standards.
,Ming Wui Medical Centre,2900 Markham Road,Unit 16,Scarborough,ON,M1X0C8,437-562-2080,1000595104 Ontario Inc. , General Ultrasound,2021-12-20,2021-12-20,Facility has not been assessed during current ownership.
,Agincourt Pulmonary Services,240 Alton Towers Circle,Suite 208,Scarborough,ON,M1V4P3,416-321-2613,Dr. Charles K.N. Chan ," Pulmonary Function A - Pure Screening, Pulmonary Function B - Lung Volumes & Diffusion",2022-06-15,2022-08-08,Met standards.
,Ellesmere X-Ray Associates,2880 Ellesmere Road,,Scarborough,ON,M1E4B8,416-284-1697,EXR Medical Imaging Inc. ," Bone Mineral DXA, Mammography, Radiography, General Ultrasound, Vascular Ultrasound",2022-06-30,2022-09-21,Met standards.
,Lawrence and Midland Radiology Centre,2683 Lawrence Avenue East,Unit 5,Scarborough,ON,M1P2S2,416-288-1333,Toronto Vascular Ultrasound Inc. ," Bone Mineral DXA, Radiography, General Ultrasound",2024-01-23,2024-04-03,Met standards.
,Goldberg Centre,2235 Kennedy Road,2nd Floor,Scarborough,ON,M1T3G8,416-754-3937,Dr. Chaim J. Goldberg , Ophthalmic Ultrasound,2022-10-28,2023-01-11,Met standards.
,Milliken Wells X-Ray and Ultrasound,2130 Lawrence Avenue East,Suite 300,Scarborough,ON,M1R3A6,416-321-2670,Alpha Diagnostic Imaging Inc. ," Bone Mineral DXA, Radiography, General Ultrasound",2022-11-28,2023-01-26,Met standards.
,Scarborough Cardiac Diagnostic Centre,2391 Eglinton Avenue East,,Scarborough,ON,M1K2M5,416-750-9000,Northwest Nuclear Imaging Limited ," Nuclear Medicine - In Vivo - General, Nuclear Medicine - In Vivo - SPECT",2022-11-22,2023-02-02,Met standards.
,Toronto East X-Ray and Ultrasound,1145 Morningside Avenue,Unit 12,Scarborough,ON,M1B0A7,647-350-0401,8909750 Canada Inc. , General Ultrasound,2022-11-17,2023-02-10,Met standards.
,Toronto East X-Ray and Ultrasound,1145 Morningside Avenue,Unit 12,Scarborough,ON,M1B0A7,647-350-0401,8909750 Canada Inc. , Radiography,2022-11-17,2023-02-14,Met standards.
,Sleep-Wake Disorders Clinic,2130 Lawrence Avenue East,Suite 410,Scarborough,ON,M1R3A6,416-751-4356,1609910 Ontario Inc. , Sleep Studies,2022-12-22,2023-03-22,Met standards with some recommendations made for improvement.
,North Scarborough X-Ray & Ultrasound,3420 Finch Avenue East,Suite 101,Scarborough,ON,M1W2R6,416-497-4452,B & D Diagnostic Imaging Inc. ," Radiography, General Ultrasound",2022-11-09,2023-01-25,Met standards with some recommendations made for improvement.
,Milliken Finch Diagnostic Imaging,4040 Finch Avenue East,Lower Level 4,Scarborough,ON,M1S4V5,416-292-1505,EXR Medical Imaging Inc. ," Bone Mineral DXA, Fluoroscopy, Radiography, General Ultrasound",2022-11-14,2023-02-01,Met standards.
,Ellesmere Sleep Disorders Centre,520 Ellesmere Road,301,Scarborough,ON,M1R0B1,416-439-0130,Mr. Udaya Shankar Padmakaran , Sleep Studies,2023-01-12,2023-03-28,Met standards.
,Toronto Lung Care Clinic,520 Ellesmere Road,301,Scarborough,ON,M1R0B1,416-439-0120,Mr. Udaya Shankar Padmakaran , Pulmonary Function B - Lung Volumes & Diffusion,2023-01-11,2023-03-21,Met standards.
,North Toronto Sleep Centre Inc.,4040 Finch Avenue East,Suite 108,Scarborough,ON,M1S4V5,416-293-3233,North Toronto Sleep Centre Inc. , Sleep Studies,2023-03-04,2023-05-03,Met standards.
,Ontario Imaging Diagnostics (OID) - Markham & Ellesmere,1200 Markham Road,Suite 112,Scarborough,ON,M1H3C3,416-439-4866,Markham Medical Imaging Inc. ," Bone Mineral DXA, Fluoroscopy, Radiography, General Ultrasound",2023-02-16,2023-05-10,Met standards.
,Antrim X-Ray and Ultrasound,2 Antrim Crescent,Unit 1A,Scarborough,ON,M1P2N3,647-352-6314,Parkmount X-Ray & Ultrasound Services Ltd. ," Fluoroscopy, Radiography, General Ultrasound",2023-04-14,2023-06-12,Met standards.
,Lawrence-Kingston Road X-Ray & Ultrasound,4125 Lawrence Avenue East,Suite 210,Scarborough,ON,M1E2S2,416-281-4167,Mr. Raja Hamid ," Bone Mineral DXA, Radiography, General Ultrasound",2023-02-09,2023-04-19,Met standards.
,Quantum Medical Imaging Services Inc.,"2330 Kennedy Road, Suite 402",Agincourt Professional Centre,Scarborough,ON,M1T0A2,416-756-7667,Quantum Medical Imaging Services Inc. ," Bone Mineral DXA, Mammography, Radiography, General Ultrasound, Vascular Ultrasound",2023-03-23,2023-05-04,Met standards.
,Brimley Wenlock X-Ray & Ultrasound,3333 Brimley Road,Unit D,Scarborough,ON,M1V2J7,416-292-3883,2478187 Ontario Limited ," Radiography, General Ultrasound",2023-05-09,2023-08-30,Met standards.
,Ontario Imaging Diagnostics (OID) - Compu-Sound Vascular Lab,3000 Lawrence Avenue East,Building C - Suite C02,Scarborough,ON,M1P2V1,416-431-5885,12147416 Canada Inc. ," General Ultrasound, Vascular Ultrasound, Radiography",2023-10-13,2024-02-06,Met standards.
,Trillium Sleep Laboratory,4190 Finch Avenue East,Suite 405,Scarborough,ON,M1S4T7,416-292-8292,Trillium Sleep Laboratory Inc. , Sleep Studies,2023-09-30,2024-01-22,Met standards.
,True North Imaging - Sheppard,1780 Markham Road,Units 5 & 6,Scarborough,ON,M1B2W2,416-291-4770,Clearview Diagnostic Imaging Inc. ," General Ultrasound, Bone Mineral DXA, Mammography, Radiography",2023-11-09,2023-12-07,Met standards.
,True North Imaging,2330 Kennedy Road,Suite 317,Scarborough,ON,M1T0A2,905-707-1777,Clearview Diagnostic Imaging Inc. ," Radiography, General Ultrasound, Vascular Ultrasound",2023-10-17,2023-12-06,Met standards.
,King-Mar Diagnostic Centre,3227 Eglinton Avenue East,Unit 148,Scarborough,ON,M1J3M5,416-264-4343,2341164 Ontario Inc. ," Radiography, General Ultrasound",2023-10-05,2023-12-11,Met standards.
,Uptown Eye Specialists (Scarborough),2101 Brimley Road,Unit 203,Scarborough,ON,M1S2B4,416-292-0330,East Toronto Eye Consultants Inc. , Ophthalmic Ultrasound,2023-09-08,2023-11-17,Met standards.
,"Bellesmere X-Ray, Ultrasound & Bone Density",1920 Ellesmere Road,Suite 311 and 311A,Scarborough,ON,M1H2V6,416-289-2280,Bellesmere Medical Diagnostic Centre Inc. ," Bone Mineral DXA, General Ultrasound, Radiography, Vascular Ultrasound, Pulmonary Function A - Pure Screening, Pulmonary Function B - Lung Volumes & Diffusion",2023-12-05,2024-02-23,Met standards.
,"Brimley X-Ray,Ultrasound & BMD",2020 Brimley Road,Basement,Scarborough,ON,M1S4R7,416-299-7677,Brimley Medical Diagnostic Centre Inc. ," Bone Mineral DXA, Radiography, General Ultrasound",2023-12-19,2024-02-27,Met standards.
,Clarity Eye Institute,2855 Markham Road,Suite 408,Scarborough,ON,M1X0C3,416-663-3937,Clarity Eye Institute Inc. , Ophthalmic Ultrasound,2024-01-05,2024-03-04,Met standards.
,SLEEP CARE Solutions Scarborough,520 Ellesmere Road,Suite 301,Scarborough,ON,M1R0B1,416-292-3218,Mr. Udaya Shankar Padmakaran , Sleep Studies,2025-04-25,2025-08-01,Met standards.
,Diagnostic Assessment Centre,4810 Sheppard Avenue East,,Scarborough,ON,M1S4N6,416-291-7300,Ms. Maribeth Sabongui ," Mobile General Ultrasound, Mobile Vascular Ultrasound",See Comment Below,2023-05-18,Facility has not been assessed during current ownership.
,East End Breast Imaging,4002 Sheppard Avenue East,Suite 204,Scarborough,ON,M1S1S6,416-820-3143,BSA Diagnostic Imaging Inc. ," Mammography, Radiography",2025-06-24,2026-03-19,Met standards with some recommendations made for improvement.
,Scarborough Eye Associates,2941 Lawrence Avenue East,,Scarborough,ON,M1P2V6,416-438-6001,Dr. Jordan W. Cheskes , Ophthalmic Ultrasound,2024-01-19,2024-03-21,Met standards.
,West Hill Medical Imaging Inc.,4637 Kingston Road,Unit 3,Scarborough,ON,M1E2P8,416-792-8222,West Hill Medical Imaging Inc. , General Ultrasound,2024-02-08,2024-03-04,Met standards.
,Ming Wui Medical Centre,2900 Markham Road,Unit# U16,Scarborough,ON,M1X1E6,437-562-2080,1000595104 Ontario Inc. , Radiography,2023-12-15,2023-12-15,Facility has not been assessed during current ownership.
,Dr. Walter Liao,4040 Finch Avenue East,Suite 310B,Scarborough,ON,M1S4V5,416-299-1484,Dr. Walter Liao , Ophthalmic Ultrasound,2024-03-15,2024-03-15,Facility has not been assessed during current ownership.
,Alton Towers X-Ray and Ultrasound,240 Alton Towers Circle,Suite 203A,Scarborough,ON,M1V4P3,416-792-6314,2282058 Ontario Limited ," Bone Mineral DXA, Radiography, General Ultrasound, Vascular Ultrasound, Mammography",2024-11-05,2025-02-18,Met standards.
,Med Image Diagnostic Centre,31 Tapscott Road,Unit 85,Scarborough,ON,M1B4Y7,416-287-1818,1921323 Ontario Inc. ," Bone Mineral DXA, Radiography, General Ultrasound",2024-10-21,2025-02-25,Met standards.
,WELL Health Diagnostic Centres,462 Birchmount Avenue,Unit 1 B,Scarborough,ON,M1K1N8,416-690-9437,MyHealth Partners Inc. ," Bone Mineral DXA, General Ultrasound",2024-10-30,2025-02-10,Met standards.
,Lucent Medical Imaging,3410 Sheppard Avenue East,Suite 303,Scarborough,ON,M1T3K4,416-466-4152,11102362 Canada Inc. ," Radiography, General Ultrasound",2025-08-05,2025-10-23,Met standards.
,WELL Health Diagnostic Centres,462 Birchmount Road,Unit 1B,Scarborough,ON,M1K1N8,416-690-9437,MyHealth Partners Inc. , Radiography,2024-10-30,2025-02-11,Met standards.
,Toronto Lung Care Clinic - East,520 Ellesmere Road,Suite 301,Scarborough,ON,M1R0B1,416-439-0120,Metro Health Network Inc. ," Pulmonary Function A - Pure Screening, Pulmonary Function B - Lung Volumes & Diffusion",2025-02-21,2025-05-29,Met standards.
,Markham-Lawrence X-Ray and Ultrasound,3585 Lawrence Avenue East,Unit 1A,Scarborough,ON,M1G1P4,416-431-1889,Scarborough Diagnostic Radiology Inc. , Bone Mineral DXA,2025-10-27,2026-02-02,Met standards.
,Warden Woods X-Ray and Ultrasound,99 Firvalley Court,,Scarborough,ON,M1L1P2,416-699-6222,2382219 Ontario Inc. ," Radiography, General Ultrasound",2025-03-11,2025-05-16,Met standards.
,Kennedy & Sheppard Diagnostic Clinic,4002 Sheppard Avenue East,Suite 304,Scarborough,ON,M1S1S6,416-299-9895,Toronto West Cardiac and Medical Imaging Centre Ltd. ," Nuclear Medicine - In Vivo - General, Nuclear Medicine - In Vivo - SPECT",2025-02-20,2025-05-28,Met standards.
,Markham-Lawrence X-Ray & Ultrasound,3585 Lawrence Avenue East,Unit 1A,Scarborough,ON,M1G1P4,416-431-1889,Scarborough Diagnostic Radiology Inc. ," Radiography, General Ultrasound",2025-02-20,2025-05-05,Met standards.
,Scarborough Radiology,2374 Eglinton Avenue East,,Scarborough,ON,M1K2P4,416-757-8497,J.B.V. Management Services Ltd. ," Bone Mineral DXA, Radiography, General Ultrasound",2025-04-10,2025-07-21,Met standards.
,Malvern Sleep Clinic,1371 Neilson Road,Suite 306,Scarborough,ON,M1B4Z8,416-282-9119,2024514 Ontario Inc. , Sleep Studies,2025-04-11,2025-06-04,Met standards.
,Kennedy and Sheppard Diagnostic Clinic,4002 Sheppard Avenue East,Suite 304,Scarborough,ON,M1S1S6,416-299-9895,BSA Diagnostics Limited ," General Ultrasound, Bone Mineral DXA, Fluoroscopy, Radiography",2025-06-24,2026-01-08,Met standards with some recommendations made for improvement.
,KMH Cardiology Centres Inc.,100 Consilium Place,Suite 201/202,Scarborough,ON,M1H3E3,905-855-1860,KMH Cardiology Centres Inc. ," Nuclear Medicine - In Vivo - General, Nuclear Medicine - In Vivo - SPECT",2025-06-23,2025-08-01,Met standards.
,WELL Health Diagnostic Centres,462 Birchmount Avenue,Unit 1 B,Scarborough,ON,M1K1N8,416-690-9437,MyHealth Partners Inc. , Radiography,2024-10-30,2025-02-11,Met standards.
,Lighthouse Medical Imaging - Finch,4168 Finch Avenue East,"Suite G18, G51, G52",Scarborough,ON,M1S5H6,416-293-5940,GTA East Medical Imaging Corp. , Vascular Ultrasound,2025-09-11,2026-04-10,Met standards.
,Toronto Diagnostic Centre,1261 Kennedy Road,Suite 3,Scarborough,ON,M1P2L4,416-288-1114,2549416 Ontario Inc. ," Bone Mineral DXA, Radiography",2025-08-12,2025-10-28,Met standards.
,Eglinton Danforth Road Radiology,2805 Eglinton Avenue East,,Scarborough,ON,M1J2E1,416-977-2548,Bar Nik Inc. , Radiography,2025-07-17,2025-11-04,Met standards.
,Ontario Imaging Diagnostics (OID) - VPM,520 Ellesmere Road,"Lower Level, Suite B15",Scarborough,ON,M1R0B1,416-759-3462,2785068 Ontario Inc. ," Mammography, General Ultrasound",2025-08-21,2025-12-02,Met standards.
,Ontario Imaging Diagnostics (OID) - VPM,520 Ellesmere Road,"Lower Level, Suite B15",Scarborough,ON,M1R0B1,416-759-3462,2785068 Ontario Inc. , Radiography,2025-08-21,2025-12-02,Met standards.
,Ontario Imaging Diagnostics â VPM,520 Ellesmere Road,Suite B15,Scarborough,ON,M1R0B1,416-759-3462,2785068 Ontario Inc. ," General Ultrasound, Bone Mineral DXA",2025-08-21,2025-12-02,Met standards.
,Eglinton Danforth Road Radiology,2805 Eglinton Avenue East,,Scarborough,ON,M1J2E1,416-977-2548,Bar Nik Inc. , General Ultrasound,2025-07-17,2025-11-04,Met standards.
,Toronto Diagnostic Centre,1261 Kennedy Road,Suite 3,Scarborough,ON,M1P2L4,416-288-1114,2549416 Ontario Inc. , General Ultrasound,2025-08-12,2025-10-23,Met standards.
,Golden Radiology,1880 Eglinton Avenue East,,Scarborough,ON,M1L2L1,416-701-1222,Golden Radiology Inc. ," Radiography, General Ultrasound",2025-10-07,2026-01-20,Met standards.
,Respiratory & PFT Services Inc.,2130 Lawrence Avenue East,Suite 410,Scarborough,ON,M1R3A6,647-343-3579,Respiratory & PFT Services Inc. ," Pulmonary Function A - Pure Screening, Pulmonary Function B - Lung Volumes & Diffusion",2025-11-26,2026-02-02,Met standards.
,Radiant Medical Imaging,385 Silver Star Boulevard,"Units 210, 211 and 212",Scarborough,ON,M1V0E3,416-321-9243,10712078 Canada Ltd. ," Fluoroscopy, Radiography, General Ultrasound",2025-11-27,2026-04-10,Met standards.
,Taigu X-Ray and Ultrasound,3447 Kennedy Road,"Suite 200, 216, 223",Scarborough,ON,M1V3S1,416-299-3443,2771409 Ontario Inc. ," Radiography, General Ultrasound",2025-11-28,2026-02-02,Met standards.
,Scarborough North Pulmonary Function Services Inc.,4040 Finch Avenue East,Suite LL5,Scarborough,ON,M1S4V5,416-293-3233,Scarborough North Pulmonary Function Services Inc. ," Pulmonary Function A - Pure Screening, Pulmonary Function B - Lung Volumes & Diffusion",2025-10-23,2026-03-27,Met standards.
,WELL Health Diagnostic Centres,462 Birchmount Road,Unit 1B,Scarborough,ON,M1K1N8,416-690-9437,MyHealth Partners Inc. ," Bone Mineral DXA, General Ultrasound",2024-10-30,2024-12-27,Met standards.
,WELL Health Diagnostic Centres,462 Birchmount Road,Unit 1B,Scarborough,ON,M1K1N8,416-690-9437,MyHealth Partners Inc. ," Nuclear Medicine - In Vivo - General, Nuclear Medicine - In Vivo - SPECT",2024-10-30,2024-12-27,Met standards.
,Ultimate Diagnostics,4190 Finch Avenue East,Suite LL04,Scarborough,ON,M1S4T7,416-298-3656,1000138491 Ontario Inc. ," Radiography, General Ultrasound",2026-02-06,2026-04-10,Met standards.
,WELL Health Diagnostic Centres,325 Milner Avenue,Suite 410,Scarborough,ON,M1B5N1,416-284-4744,MyHealth Partners Inc. ," Nuclear Medicine - In Vivo - General, Nuclear Medicine - In Vivo - SPECT",2024-02-26,2024-02-26,Facility has not been assessed during current ownership.
,GTA ENDOSCOPY SERVICES INC.,305 Milner Avenue,Unit 920,Scarborough,ON,M1B3V4,416-321-3883,GTA ENDOSCOPY SERVICES INC. , GI-Endoscopy,2026-02-18,2026-02-22,Pre-licensing inspection passed and approved for operation
,Wentworth-Halton X-Ray and Ultrasound Inc.,325 Winterberry Drive,Heritage Green Professional Arts,Stoney Creek,ON,L8J0B6,905-549-0433,Wentworth-Halton X-Ray and Ultrasound Inc. ," Mammography, Radiography, General Ultrasound, Bone Mineral DXA, Vascular Ultrasound",2023-05-30,2023-07-19,Met standards.
,Southmount Medical Imaging Inc.,35 Upper Centennial Parkway,,Stoney Creek,ON,L8J3W2,905-387-4551,Southmount Medical Imaging Inc. ," Bone Mineral DXA, Mammography, Radiography, General Ultrasound",2023-11-16,2024-01-25,Met standards.
,KMH Cardiology Centres Inc.,35 Upper Centennial Parkway,Suite 3G,Stoney Creek,ON,L8J3W2,905-855-1860,KMH Cardiology Centres Inc. ," Nuclear Medicine - In Vivo - General, Nuclear Medicine - In Vivo - SPECT",2024-01-25,2024-03-07,Met standards.
,Dr. Mark Fava,835 Paramount Drive,Unit 102,Stoney Creek,ON,L8J0B4,905-561-2200,Mark Fava Medicine Professional Corporation , Ophthalmic Ultrasound,2025-12-10,2026-01-15,Met standards.
,Wentworth-Halton X-Ray and Ultrasound Inc.,15 Mountain Avenue South,,Stoney Creek,ON,L8G2V6,905-662-4953,Wentworth-Halton X-Ray and Ultrasound Inc. ," Bone Mineral DXA, Mammography, Radiography, General Ultrasound, Vascular Ultrasound",2025-01-20,2025-04-18,Met standards.
,Wentworth-Halton X-Ray and Ultrasound Inc.,325 Winterberry Drive,Unit 105,Stoney Creek,ON,L8J0B6,905-549-0433,Wentworth-Halton X-Ray and Ultrasound Inc. , Radiography,2025-01-31,2025-06-03,Met standards.
,One Vascular Imaging - Hamilton,35 Upper Centennial Parkway,Suite 3C,Stoney Creek,ON,L8J3W2,365-650-6882,One Vascular Corp. ," General Ultrasound, Vascular Ultrasound",2025-07-15,2025-09-09,Met standards.
,123 Edward Street Diagnostic Imaging Ltd.,123 Edward Street,Suite 210,Toronto,ON,M5G1E2,416-781-2050,2642170 Ontario Limited ," Nuclear Medicine - In Vivo - General, Nuclear Medicine - In Vivo - SPECT",2010-02-01,2010-06-03,Met standards.
,Metro Radiology (Bay & Gerrard),790 Bay Street,Suite 935,Toronto,ON,M5G1N8,416-781-2050,2456462 Ontario Limited ," Radiography, General Ultrasound",2013-10-17,2013-10-17,Met standards.
,Dr. Jeff Charendoff,491 Eglinton Avenue West,2nd Floor,Toronto,ON,M5N1A8,416-782-6111,Dr. Jeff S. Charendoff ," Urologic Ultrasound, General Ultrasound",2015-07-22,2015-11-05,Met standards.
,MedSleep Inc.,549 King Street East,Unit B,Toronto,ON,M5A3J5,416-703-0505,MedSleep Inc. , Sleep Studies,2019-08-12,2019-11-08,Met standards.
,WELL Health Diagnostic Centres,11 King Street West,"Concourse Level, Unit C-100",Toronto,ON,M5H4C7,416-864-1814,MyHealth Partners Inc. ," Fluoroscopy, Radiography, General Ultrasound, Vascular Ultrasound, Nuclear Medicine - In Vivo - SPECT, Nuclear Medicine - In Vivo - General",2020-12-15,2021-05-03,Met standards.
,West End Diagnostic Imaging,2425 Bloor Street West,Unit 103,Toronto,ON,M6S4W4,416-763-4331,West End Radiological Laboratories Limited , Bone Mineral DXA,2021-11-18,2022-06-20,Met standards.
,Toronto Vascular Ultrasound,217 Davenport Road,,Toronto,ON,M5R1J3,416-929-9032,Toronto Vascular Ultrasound Inc. , Vascular Ultrasound,2020-12-08,2021-04-21,Met standards.
,123 Edward Street Diagnostic Imaging Ltd.,123 Edward Street,Suite 600,Toronto,ON,M5G1E2,416-781-2050,2642170 Ontario Limited ," Bone Mineral DXA, Fluoroscopy, Mammography, Radiography, General Ultrasound, Vascular Ultrasound",2021-03-11,2021-06-01,Met standards.
,Charm Ultrasound,101 Westmore Drive,Suite 203,Toronto,ON,M9V3Y6,416-748-2800,Charm Ultrasound Inc. ," Mobile General Ultrasound, Mobile Vascular Ultrasound",2022-04-28,2022-10-06,Met standards.
,Medcan Health Management Inc.,150 York Street,Suite 1500,Toronto,ON,M5H3S5,416-350-0590,Medcan Health Management Inc. , Radiography,2022-09-09,2022-11-25,Met standards.
,Pape Avenue X-Ray Ltd.,757 Pape Avenue,,Toronto,ON,M4K3T1,416-461-9848,Pape Avenue X-Ray Ltd. , Radiography,2022-06-20,2022-09-09,Met standards.
,Bloor Christie Diagnostic Services,716 Bloor Street West,,Toronto,ON,M6G1L4,416-588-5937,J.B.V. Management Services Ltd. ," Bone Mineral DXA, Radiography, General Ultrasound",2022-09-12,2022-12-09,Met standards.
,Albany Medical Clinic,807 Broadview Avenue,,Toronto,ON,M4K2P8,416-461-9471,Albany Medical Clinic , General Ultrasound,2022-06-02,2022-09-02,Met standards.
,SLEEP CARE Solutions Yonge & Davisville,1835 Yonge Street,Suite 303,Toronto,ON,M4S1X8,416-792-9436,Mr. Udaya Shankar Padmakaran , Sleep Studies,2022-09-24,2022-12-07,Met standards.
,Hannam Fertility Centre,160 Bloor Street East,Suite 1500,Toronto,ON,M4W1B9,416-595-1521,Thomas Hannam Medicine Professional Corporation , General Ultrasound,2022-06-07,2022-08-19,Met standards.
,Albany Diagnostic Radiology,807 Broadview Avenue,,Toronto,ON,M4K2P8,416-461-9471,Albany Medical Clinic ," Bone Mineral DXA, Fluoroscopy, Mammography, Radiography, Vascular Ultrasound, Pulmonary Function B - Lung Volumes & Diffusion",2022-05-26,2022-09-08,Met standards.
,The Toronto Asthma Centre,399 Bathurst Street,"Room 7-451, New East Wing",Toronto,ON,M5T2S8,416-603-5377,Asthma & Airway Centre ," Pulmonary Function A - Pure Screening, Pulmonary Function B - Lung Volumes & Diffusion, Pulmonary Function C - Escalated Testing, Pulmonary Function - Other Fee Codes",2022-06-17,2022-08-08,Met standards.
,(Don Mills) Insight Diagnostic Imaging,658 Danforth Avenue,Suite 101,Toronto,ON,M4J5B9,416-465-5735,Insight Diagnostic Imaging Corp. , Obs/Gyn Ultrasound,2022-11-03,2023-02-03,Met standards.
,Spadina Bloor Ultrasound,720 Spadina Avenue,Suite 200,Toronto,ON,M5S2T9,416-519-9699,Insight Diagnostic Imaging Corp. , General Ultrasound,2022-11-03,2023-02-08,Met standards.
,Ophthalmology Associates SHSC,2075 Bayview Avenue,"Suite M1, Room 202C",Toronto,ON,M4N3M5,416-480-4763,Ophthalmology Associates SHSC , Ophthalmic Ultrasound,2022-10-14,2022-11-29,Met standards.
,Toronto Ultrasound Imaging,180 Bloor Street West,Suite 204,Toronto,ON,M5S2V6,416-921-1333,2525102 Ontario Ltd. , General Ultrasound,2022-11-21,2023-01-27,Met standards.
,New Dufferin Diagnostic Imaging,150 Eglinton Avenue East,Suite 301,Toronto,ON,M4P1E8,416-781-2050,2456462 Ontario Limited ," Fluoroscopy, Radiography, General Ultrasound, Vascular Ultrasound, Bone Mineral DXA",2023-01-31,2023-04-20,Met standards.
,Riverside Cardiology & Diagnostic Imaging,5 Junction Road,,Toronto,ON,M6N1B5,416-766-1162,2259351 Ontario Inc. ," Bone Mineral DXA, Nuclear Medicine - In Vivo - General, Nuclear Medicine - In Vivo - SPECT",2023-03-07,2023-05-08,Met standards.
,Respiratory Services Limited,1849 Yonge Street,LF20,Toronto,ON,M4S1Y2,416-920-3737,Respiratory Services Limited ," Pulmonary Function A - Pure Screening, Pulmonary Function B - Lung Volumes & Diffusion, Pulmonary Function C - Escalated Testing, Pulmonary Function - Other Fee Codes",2023-02-24,2023-04-21,Met standards.
,(Don Mills) Insight Diagnostic Imaging,720 Spadina Avenue,Suite 205,Toronto,ON,M5S2T9,416-519-9699,Insight Diagnostic Imaging Corp. , Radiography,2023-04-17,2023-05-30,Met standards.
,Kensington Diagnostic Imaging Centre,340 College Street,Suite 410,Toronto,ON,M5T3A9,416-962-3202,The Kensington Eye Institute ," Bone Mineral DXA, Mammography, Radiography, General Ultrasound, Vascular Ultrasound",2023-02-17,2023-04-28,Met standards.
,Bay Cardiac Diagnostic Inc.,790 Bay Street,Suite 312,Toronto,ON,M5G1N8,416-591-1333,Bay Cardiac Diagnostic Inc. ," Bone Mineral DXA, Nuclear Medicine - In Vivo - General, Nuclear Medicine - In Vivo - SPECT",2023-03-09,2023-09-11,Met standards with some recommendations made for improvement.
,Toronto Sleep & Pulmonary Centre,123 Edward Street,Suite 1011,Toronto,ON,M5G1E2,416-813-2277,Mr. Udaya Shankar Padmakaran ," Sleep Studies, Pulmonary Function A - Pure Screening, Pulmonary Function B - Lung Volumes & Diffusion",2023-03-02,2023-05-05,Met standards.
,Metro Radiology (Glencairn),150 Eglinton Avenue East,5th Floor,Toronto,ON,M4P1E8,416-781-2050,2456462 Ontario Limited ," Radiography, General Ultrasound",2023-06-12,2023-09-13,Met standards.
,Inspiration Research Limited,340 College Street,Suite 315,Toronto,ON,M5T3A9,416-944-9602,Inspiration Research Limited ," Pulmonary Function A - Pure Screening, Pulmonary Function B - Lung Volumes & Diffusion",2023-07-28,2023-10-04,Met standards.
,Dr. John Christakis,245 Danforth Avenue,Suite 200,Toronto,ON,M4K1N2,416-462-0393,Dr. John T. Christakis , Ophthalmic Ultrasound,2023-09-17,2023-12-14,Met standards.
,True North Imaging - Evolve,655 Bay Street,11th Floor,Toronto,ON,M5G2K4,905-707-1777,Clearview Diagnostic Imaging Inc. ," Obs/Gyn Ultrasound, General Ultrasound",2023-07-26,2023-11-06,Met standards.
,Coxwell Ultrasound,1577 Danforth Avenue,Unit 7,Toronto,ON,M4C1H7,416-465-4679,Insight Diagnostic Imaging Corp. ," General Ultrasound, Vascular Ultrasound",2024-01-18,2024-03-01,Met standards.
,Central Toronto Diagnostic Imaging,658 Danforth Avenue,Suite 101,Toronto,ON,M4J5B9,416-465-5735,Insight Diagnostic Imaging Corp. ," Bone Mineral DXA, Mammography, Radiography",2023-08-10,2023-11-03,Met standards.
,Central Toronto Diagnostic Imaging,658 Danforth Avenue,Suite 101,Toronto,ON,M4J5B9,416-465-5735,Insight Diagnostic Imaging Corp. ," Mammography, Radiography, General Ultrasound",2023-08-10,2023-11-06,Met standards.
,Ontario Imaging Diagnostics (OID) - Yonge,1366 Yonge Street,Suite 101,Toronto,ON,M4T3A7,416-975-8951,1000350689 Ontario Inc. ," Bone Mineral DXA, Radiography, General Ultrasound, Vascular Ultrasound",2025-11-13,2026-02-17,Met standards.
,City X-Ray Services,1980 St. Clair Avenue West,Unit 207,Toronto,ON,M6N0A3,416-534-8487,1000384458 Ontario Inc. ," Bone Mineral DXA, Fluoroscopy, Radiography, General Ultrasound",2024-02-05,2024-04-24,Met standards with some recommendations made for improvement.
,Yonge & Eglinton Diagnostic Imaging,2401 Yonge Street,LL11,Toronto,ON,M4P3H1,416-485-5793,Specialty Medical Partners (HVI) Inc. ," Bone Mineral DXA, Radiography, General Ultrasound",2024-01-26,2024-03-04,Met standards.
,Best Care Imaging,1670 Dufferin Street,Unit B-1,Toronto,ON,M6H3M2,416-531-1123,Sunlark Imaging Inc. ," Radiography, General Ultrasound",2024-02-09,2024-04-12,Met standards.
,Bochner Eye Institute,40 Prince Arthur Avenue,,Toronto,ON,M5R1A9,416-972-1100,Dr. Raymond M. Stein , Ophthalmic Ultrasound,2024-01-05,2024-04-09,Met standards.
,Ontario Diagnostic Centre (ODC) - Roncesvalles,27 Roncesvalles Avenue,Suite 105,Toronto,ON,M6R3B2,416-533-7078,1000252112 Ontario Inc. ," Bone Mineral DXA, Fluoroscopy, Mammography, Radiography, General Ultrasound",2024-02-01,2024-03-28,Met standards.
,Toronto Sleep Clinic,1835 Yonge Street,Unit 303,Toronto,ON,M4S1X8,416-792-9436,Sleep Medicine Health Network Inc. , Sleep Studies,2025-04-08,2025-06-04,Met standards.
,Rosedale Medical Imaging,600 Sherbourne Street,Suites B1/B7 and B6,Toronto,ON,M4X1W4,416-968-1360,2711518 Ontario Ltd. ," General Ultrasound, Vascular Ultrasound, Bone Mineral DXA, Mammography, Radiography",2025-01-16,2025-03-05,Met standards.
,Margolin Medicine Professional Corporation,801 Eglinton Avenue West,Suite 301,Toronto,ON,M5N1E3,647-748-8377,Margolin Medicine Professional Corporation , Ophthalmic Ultrasound,2023-10-11,2023-10-11,Facility has not been assessed during current ownership.
,Thorncliffe Radiology,45 Overlea Boulevard,Suite B6,Toronto,ON,M4H1C3,416-696-9836,1000609517 Ontario Inc. , General Ultrasound,2025-04-01,2025-04-01,Facility has not been assessed during current ownership.
,Create Fertility Centre,790 Bay Street,Suite 1100,Toronto,ON,M5G1N8,416-231-4100,Create Fertility Clinic Inc. , General Ultrasound,2025-04-01,2025-04-01,Facility has not been assessed during current ownership.
,True North Imaging - Pollin,2360 Yonge Street,2nd Floor,Toronto,ON,M4P0E2,905-707-1777,Clearview Diagnostic Imaging Inc. , General Ultrasound,2025-02-25,2025-05-29,Met standards.
,Thorncliffe Radiology,45 Overlea Boulevard,Suite B6,Toronto,ON,M4H1C3,416-696-9836,1000609517 Ontario Inc. ," Bone Mineral DXA, Radiography",2024-05-15,2024-05-15,Facility has not been assessed during current ownership.
,Bay Street Ultrasound,655 Bay Street,18th Floor,Toronto,ON,M5G2K4,416-597-1933,Clearview Diagnostic Imaging Inc. ," General Ultrasound, Vascular Ultrasound",2024-10-09,2025-01-14,Met standards.
,Midtown Diagnostic Imaging,1849 Yonge Street,"Lower Level, Room 6",Toronto,ON,M4S1Y2,416-485-9155,Clearview Diagnostic Imaging Inc. ," Mammography, Radiography, General Ultrasound, Bone Mineral DXA",2025-04-01,2025-04-01,Facility has not been assessed during current ownership.
,College Diagnostic Imaging,474 College Street,Suite B4,Toronto,ON,M6G1A4,416-925-3823,Specialty Medical Partners (HVI) Inc. ," Bone Mineral DXA, Fluoroscopy, Mammography, Radiography, General Ultrasound, Vascular Ultrasound",2024-11-12,2025-03-05,Met standards.
,St. Clair Diagnostic Imaging,1223 St. Clair Avenue West,Suite 102,Toronto,ON,M6E1B5,416-656-6034,Specialty Medical Partners (HVI) Inc. ," Bone Mineral DXA, Fluoroscopy, Mammography, Radiography, General Ultrasound, Vascular Ultrasound",2024-11-19,2025-02-21,Met standards.
,Toronto Cardiac Clinic,829 St. Clair Avenue West,,Toronto,ON,M6C1C2,416-833-3783,Specialty Medical Partners (TCC) Inc. ," Nuclear Medicine - In Vivo - General, Nuclear Medicine - In Vivo - SPECT",2024-05-01,2024-05-01,Facility has not been assessed during current ownership.
,West End Radiological Laboratories Limited,2425 Bloor Street West,Suite 103,Toronto,ON,M6S4W4,416-763-4331,West End Radiological Laboratories Limited ," Mammography, Radiography, General Ultrasound, Vascular Ultrasound",2024-10-22,2025-03-14,Met standards.
,ReGen Scientific Inc.,181 University Avenue,Suite 1605,Toronto,ON,M5H3M7,416-350-3608,ReGen Scientific Inc. ," Radiography, General Ultrasound",2024-11-05,2025-02-07,Met standards.
,Don Valley X-Ray and Ultrasound,855 Broadview Avenue,Basement and Unit 305,Toronto,ON,M4K3Z1,416-461-9891,KCB Imaging Inc. ," Bone Mineral DXA, Radiography, General Ultrasound",2024-11-19,2025-02-20,Met standards.
,Centre for Sleep and Chronobiology Inc.,295 College Street,Suite 301,Toronto,ON,M5T1S2,416-603-9531,Centre for Sleep and Chronobiology Inc. , Sleep Studies,2024-11-26,2025-03-18,Met standards.
,Twig Fertility,313 Eglinton Avenue West,,Toronto,ON,M5N1A1, ,Clearview Diagnostic Imaging Inc. , Obs/Gyn Ultrasound,2025-11-07,2025-12-05,Met standards.
,Clairhurst X-ray and Ultrasound,1466 Bathurst Street,Basement,Toronto,ON,M5R3S3,416-792-0083,2387755 Ontario Inc. ," Radiography, General Ultrasound",2025-08-22,2025-10-23,Met standards.
,Kainam Pulmonary Investigation,600 Sherbourne Street,Suite 402,Toronto,ON,M4X1W4,416-975-1613,Dr. Charles K.N. Chan ," Pulmonary Function A - Pure Screening, Pulmonary Function B - Lung Volumes & Diffusion",2025-09-18,2026-01-21,Met standards.
,Clarity Eye Institute,2238 Dundas Street West,Suite 308,Toronto,ON,M6R3A9,416-663-3937,Clarity Eye Institute Inc. , Ophthalmic Ultrasound,2025-05-26,2025-05-26,Facility has not been assessed during current ownership.
,Meridia Medical,1881 Yonge Street,Suite 501,Toronto,ON,M4S3C4,416-484-8383,Meridia Medical Inc. , General Ultrasound,2025-10-21,2026-02-12,Met standards.
,Toronto Vascular Centre Inc.,1881 Yonge Street,Suite 402,Toronto,ON,M4S3C4,416-966-3886,Toronto Vascular Centre Inc. ," General Ultrasound, Vascular Ultrasound",2025-08-19,2025-10-27,Met standards.
,Sleep and Alertness Clinic,790 Bay Street,Suite 800,Toronto,ON,M5G1N8,416-837-8181,Straight Sleep Inc. , Sleep Studies,2025-04-22,2025-08-01,Met standards.
,Dragon City X-Ray & Ultrasound,280 Spadina Avenue,Suite 306,Toronto,ON,M5T3A5,416-603-1197,1900476 Ontario Inc. ," Bone Mineral DXA, Mammography, Radiography, General Ultrasound, Vascular Ultrasound",2025-02-06,2025-04-02,Met standards.
,True North Imaging - Twig Path,130 King Street West,Concourse Level,Toronto,ON,M5X2A2,905-707-1777,Clearview Diagnostic Imaging Inc. , General Ultrasound,2025-02-25,2025-05-26,Met standards.
,WELL Health Diagnostic Centres,1849 Yonge Street,Suite 218,Toronto,ON,M4S1Y2,416-928-3467,MyHealth Partners Inc. ," Nuclear Medicine - In Vivo - General, Nuclear Medicine - In Vivo - SPECT",2025-01-09,2025-04-09,Met standards.
,Toronto Cardiovascular Ultrasound,1033 Bay Street,Unit 311,Toronto,ON,M5S3A5,416-551-1269,2639003 Ontario Inc. , Vascular Ultrasound,2025-02-06,2025-05-26,Met standards.
,Annex Medical Imaging,800 Bathurst Street,Suite 302,Toronto,ON,M5R3M8,416-531-1128,2639451 Ontario Ltd. ," General Ultrasound, Vascular Ultrasound",2025-01-21,2025-05-08,Met standards.
,Kensington Vision & Research Centre,340 College Street,Suite 501,Toronto,ON,M5T3A9,416-520-7130,The Kensington Eye Institute , Ophthalmic Ultrasound,2025-04-15,2025-07-24,Met standards.
,Metro Central Ultrasound,27 Queen Street East,Suite 101,Toronto,ON,M5C2M6,416-777-2186,1000695826 Ontario Inc. ," General Ultrasound, Vascular Ultrasound",2025-08-18,2025-08-18,Facility has not been assessed during current ownership.
,KMH Cardiology Centres Inc.,236 Avenue Road,,Toronto,ON,M5R2J4,905-855-1860,KMH Cardiology Centres Inc. ," Nuclear Medicine - In Vivo - General, Nuclear Medicine - In Vivo - SPECT",2025-09-23,2025-12-04,Met standards.
,Catalyst Surgical,325 Eglinton Avenue East,,Toronto,ON,M4P1L7,647-255-7525,Bryan Tak-Chee Chung Medical Professional Corporation , Plastic Surgery,2025-04-01,2025-04-01,Facility has not been assessed during current ownership.
,Clarity Eye Institute,1849 Yonge Street,Suite 705,Toronto,ON,M4S1Y2,416-663-3937,Clarity Eye Institute Inc. , Ophthalmic Ultrasound,2025-09-19,2026-02-12,Met standards.
,WELL Health Diagnostic Centres,790 Bay Street,Suite 716,Toronto,ON,M5G1N8,416-260-9382,MyHealth Partners Inc. ," Radiography, General Ultrasound",2025-11-11,2026-01-27,Met standards.
,Annex Medical Imaging,800 Bathurst Street,Suite 304,Toronto,ON,M5R3M8,416-531-1128,2639451 Ontario Ltd. ," Bone Mineral DXA, Fluoroscopy, Mammography, Radiography",2025-10-17,2026-01-07,Met standards.
,East Toronto Vascular Clinic,1805 Queen Street East,Units 1 - 3,Toronto,ON,M4L3Y3,416-691-2030,Andrew D. Dueck Medicine Professional Corporation ," Pulmonary Function A - Pure Screening, Vascular Ultrasound, General Ultrasound",2025-10-07,2026-03-19,Met standards.
,RR Imaging,234 Eglinton Avenue East,Suite 207,Toronto,ON,M4P1K5,416-485-9471,2548877 Ontario Inc. ," Radiography, General Ultrasound",2025-10-30,2026-02-02,Met standards.
,Forest Hill Medical Imaging,491 Eglinton Avenue West,Suite 302,Toronto,ON,M5N1A8,416-640-1103,Forest Hill Medical Imaging Inc. ," Fluoroscopy, Radiography, General Ultrasound",2025-11-06,2026-01-16,Met standards.
,Ontario Imaging Diagnostics (OID) - Danforth & Main,2494 Danforth Avenue,Unit 3A,Toronto,ON,M4C1K9,416-691-5071,2785063 Ontario Inc. ," Mammography, Radiography, General Ultrasound",2025-11-20,2026-01-15,Met standards.
,Bloor Street East Ultrasound,160 Bloor Street East,15th Floor,Toronto,ON,M4W1B9,416-572-9392,Clearview Diagnostic Imaging Inc. , General Ultrasound,2025-11-07,2025-12-05,Met standards.
,Toronto Endoscopy Clinic,790 Bay Street,Unit 700,Toronto,ON,M5G1N8,416-551-6006,Toronto Endoscopy Clinic Inc. , GI-Endoscopy,2025-11-20,2025-10-31,Pre-licensing inspection passed and approved for operation
,The Toronto Centre for Medical Imaging,150 York Street,Suite 910,Toronto,ON,M5H3S5,416-368-8488,1001228178 Ontario Inc. ," Bone Mineral DXA, Mammography, Radiography, General Ultrasound",2025-07-08,2025-07-08,Facility has not been assessed during current ownership.
,X-Ray Associates,955 Major Mackenzie Drive,Suite 102,Vaughan,ON,L6A4P9,289-553-6336,X-Ray Associates Inc. ," Radiography, General Ultrasound, Vascular Ultrasound, Bone Mineral DXA, Nuclear Medicine - In Vivo - General, Nuclear Medicine - In Vivo - SPECT",2025-01-28,2025-05-15,Met standards.
,Vaughan Pulmonary Function,3865 Major Mackenzie Drive,Unit 106,Vaughan,ON,L4H4P4,289-217-6211,Dr. Vikram R. Comondore Medicine Professional Corporation ," Pulmonary Function A - Pure Screening, Pulmonary Function B - Lung Volumes & Diffusion",2025-11-07,2026-01-28,Met standards.
,Waterloo Nuclear & Radiography,380 King Street North,,Waterloo,ON,N2J2Z3,519-206-0707,2537431 Ontario Inc. ," Bone Mineral DXA, Mammography, Radiography, General Ultrasound, Vascular Ultrasound",2020-08-27,2021-02-12,Met standards.
,True North Imaging,430 The Boardwalk,,Waterloo,ON,N2T0C1,519-576-8760,Clearview Diagnostic Imaging Inc. ," Mobile General Ultrasound, Mobile Vascular Ultrasound",2022-04-11,2022-06-29,Met standards.
,True North Imaging - Belmont,430 The Boardwalk,Suite 108,Waterloo,ON,N2L0C1,519-576-8760,Clearview Diagnostic Imaging Inc. , General Ultrasound,2023-11-07,2024-01-09,Met standards.
,WNR,380 King Street North,Unit 4,Waterloo,ON,N2J2Z3,519-206-0707,2537431 Ontario Inc. ," Ophthalmic Ultrasound, Nuclear Medicine - In Vitro, Nuclear Medicine - In Vivo - SPECT, Nuclear Medicine - In Vivo - General",2021-05-01,2021-05-01,Facility has not been assessed during current ownership.
,Cosmetic Surgery Clinic of Waterloo,50 Albert Street,,Waterloo,ON,N2L3S2,519-746-1132,Dr. Robert Shenker Medicine Professional Corporation , Plastic Surgery,2023-10-09,2023-12-05,Met standards.
,K W Cardio Pulmonary Services,435 The Boardwalk,Suite 303,Waterloo,ON,N2T0C2,519-741-5252,K W Cardio Pulmonary Services Inc. ," Pulmonary Function A - Pure Screening, Pulmonary Function B - Lung Volumes & Diffusion, Pulmonary Function - Other Fee Codes",2024-02-06,2024-04-05,Met standards.
,TRS Waterloo Sleep Institute,435 The Boardwalk,Suite 108,Waterloo,ON,N2T0C2,519-886-5029,1000882243 Ontario Inc. , Sleep Studies,2024-10-30,2024-10-30,Facility has not been assessed during current ownership.
,Mobile Ultrasound,65 University Avenue East,,Waterloo,ON,N2J2V9,519-746-3457,Clearview Diagnostic Imaging Inc. , Mobile General Ultrasound,2025-04-03,2025-07-21,Met standards.
,True North Imaging,65 University Avenue East,Unit 17,Waterloo,ON,N2J2V9,519-746-3457,Clearview Diagnostic Imaging Inc. ," Bone Mineral DXA, Mammography, Radiography, General Ultrasound, Vascular Ultrasound",2024-11-15,2024-11-15,Facility has not been assessed during current ownership.
,New Karma Ultrasound,435 The Boardwalk,Unit 503,Waterloo,ON,N2T0C2,519-570-3660,Ivycroft Enterprises Inc. , General Ultrasound,2025-07-21,2025-10-17,Met standards.
,Waterloo X-Ray,826 King Street North,Unit 18,Waterloo,ON,N2J4G8,519-206-7777,2537431 Ontario Inc. ," Ophthalmic Ultrasound, Vascular Ultrasound",2025-03-24,2025-03-24,Facility has not been assessed during current ownership.
,True North Imaging,430 The Boardwalk,Suite 108,Waterloo,ON,N2T0C1,519-576-8760,Clearview Diagnostic Imaging Inc. ," Bone Mineral DXA, Mammography, Radiography, General Ultrasound, Vascular Ultrasound",2026-02-04,2026-04-10,Met standards.
,Revive Fertility Clinic,131 Union Street East,Unit 105,Waterloo,ON,N2J1C4,519-939-2207,K. Murad Medicine Professional Corporation , Obs/Gyn Ultrasound,2025-08-18,2025-08-18,Facility has not been assessed during current ownership.
,WELL Health Diagnostic Centres,220 Dundas Street West,Suite 104,Whitby,ON,L1N8M7,905-430-3277,MyHealth Partners Inc. ," Bone Mineral DXA, Nuclear Medicine - In Vivo - General, Nuclear Medicine - In Vivo - SPECT, Vascular Ultrasound",2017-08-24,2018-03-15,Met standards.
,Impexxus Medical Imaging,1615 Dundas Street East,,Whitby,ON,L1N2L1,905-576-9729,Impexxus Medical Imaging Inc. ," Bone Mineral DXA, Fluoroscopy, Mammography, Radiography, General Ultrasound, Vascular Ultrasound",2021-06-29,2021-09-27,Met standards.
,WELL Health Diagnostic Centres,1615 Dundas Street East,"Unit 17X, The Whitby Mall",Whitby,ON,L1N2L1,905-430-3277,MyHealth Partners Inc. ," Fluoroscopy, Radiography, General Ultrasound, Nuclear Medicine - In Vivo - General, Nuclear Medicine - In Vivo - SPECT",2022-09-14,2023-01-13,Met standards.
,Whitby Centre For Sleep Disorders,320 Byron Street South,,Whitby,ON,L1N4P8,905-668-5590,Whitby Centre For Sleep Disorders Inc. , Sleep Studies,2022-07-24,2022-10-12,Met standards.
,Whitby Health Centre,198 Des Newman Boulevard,,Whitby,ON,L1P0P9,905-721-3588,Clinic Management & Technical Services ," Bone Mineral DXA, Mammography, Radiography, General Ultrasound, Vascular Ultrasound",2022-11-22,2023-03-28,Met standards.
,Whitby Cardiovascular,3020 Brock Street North,,Whitby,ON,L1R3J7,905-666-9504,Whitby Diagnostics Centre Limited ," Vascular Ultrasound, Pulmonary Function A - Pure Screening, Pulmonary Function C - Escalated Testing, Pulmonary Function - Other Fee Codes",2023-02-21,2023-04-21,Met standards.
,Whitby Medical X-Ray and Ultrasound,220 Dundas Street West,Suite 402,Whitby,ON,L1N8M7,905-430-1781,J.B.V. Management Services Ltd. ," Bone Mineral DXA, Radiography, General Ultrasound, Vascular Ultrasound",2023-06-07,2023-08-30,Met standards.
,Whitby X-Ray & Ultrasound Imaging,3050 Garden Street,Unit 109,Whitby,ON,L1R2G7,905-493-3775,North American Diagnostic Network Services Inc. ," General Ultrasound, Vascular Ultrasound, Radiography",2023-05-15,2023-06-26,Met standards.
,West Whitby Sleep Clinic,198 Des Newman Boulevard,,Whitby,ON,L1P0P9,905-721-4052,Clinic Management & Technical Services , Sleep Studies,2025-04-04,2025-06-05,Met standards.
,GNMI X-Ray & Ultrasound,200 Brock Street North,,Whitby,ON,L1N4H5,905-666-4206,Greater Niagara Medical Imaging Inc. ," Mammography, Radiography, General Ultrasound",2024-02-06,2024-04-12,Met standards.
,Whitby Health Center,3800 Brock Street North,,Whitby,ON,L1R3A5,905-444-9292,2865842 Ontario Inc. ," General Ultrasound, Vascular Ultrasound, Mammography, Radiography",2023-09-25,2023-09-25,Facility has not been assessed during current ownership.
,Durham Medical Centre,605 Brock Street North,Units 1 and 2,Whitby,ON,L1N8R2,905-493-9447,Hafeez Health Services Inc. ," General Ultrasound, Vascular Ultrasound, Mammography",2024-10-18,2025-01-28,Met standards.
,North Whitby X-Ray and Ultrasound,5959 Anderson Street,Suite L6,Whitby,ON,L1M2E9,905-655-8313,North Whitby X-Ray & Ultrasound Inc. ," General Ultrasound, Vascular Ultrasound, Bone Mineral DXA, Radiography",2025-09-23,2026-02-09,Met standards.
,Whitby Health Center,3800 Brock Street North,2nd Floor,Whitby,ON,L1R3A5,905-444-9292,2865842 Ontario Inc. , Ophthalmic Ultrasound,2025-11-17,2025-11-17,Facility has not been assessed during current ownership.
