Permit Number,Permit Application Type,Date Issued,Building Use,Work Class,Estimated Cost of Construction,Number of Units,Number of Stories,Stats Can # of Units Lost,Location,LocType,Subdivision Code,Name,Contact Type Description,Construction Type
PRBS202503592,Basement Development,2026-01-02 00:00:00,Residential,Alteration and improvements,14000,0,0,,"5313 MCKENNA CRESCENT, REGINA, SK S4W0H2",Address,Harbour Landing,RENOFIX COMPANY,Contractor,"110-Single House, single detached home, bungalow, linked home (linked at the foundation), single family dwelling"
PRFR202503561,Foundation Repair,2026-01-02 00:00:00,Residential,Alteration and improvements,12700,0,0,,"3319 29TH AVENUE, REGINA, SK S4S2P1",Address,Parliament Place,AAA SOLID FOUNDATION,Contractor,"110-Single House, single detached home, bungalow, linked home (linked at the foundation), single family dwelling"
PRSF202503240,Single/Semi-Detached Dwelling 1-2 units,2026-01-02 00:00:00,Residential,New construction,1161651,1,1,,"498 GREENSIDE TERRACE, REGINA, SK S4Y0A8",Address,UNDEVELOP,MUNRO HOMES LTD.,Contractor,"110-Single House, single detached home, bungalow, linked home (linked at the foundation), single family dwelling"
PRRN202503350,Renovation/Alteration,2026-01-03 00:00:00,Residential,Alteration and improvements,1750,0,0,,"28 RICHARDSON CRESCENT, REGINA, SK S4S4J3",Address,Whitmore Park,REDACTED,Property Owner,"110-Single House, single detached home, bungalow, linked home (linked at the foundation), single family dwelling"
PRRN202503132,Renovation/Alteration,2026-01-04 00:00:00,Commercial,Alteration and improvements,40000,0,0,,"1700 ELPHINSTONE STREET, Unit:G, REGINA, SK S4P2Z6",Address,Old 33,REGINA EXHIBITION ASSOCIATION LTD.,Property Owner,"560-Indoor recreational building; sports complex, tennis court and squash, community center, arena, curling club, swimming pool"
PRFR202503586,Foundation Repair,2026-01-05 00:00:00,Residential,Alteration and improvements,5700,0,0,,"1238 N FLEXMAN CRESCENT, REGINA, SK S4X2Y8",Address,Lakewood,JS GROUP OF COMPANIES,Contractor,"110-Single House, single detached home, bungalow, linked home (linked at the foundation), single family dwelling"
PRNR202502011,New Commercial,2026-01-05 00:00:00,Industrial,New construction,50000,0,0,,"325 N MCDONALD STREET, REGINA, SK S4N7M1",Address,UNDEVELOP,PLAINS MIDSTREAM CANADA ULC,Property Owner,"480-Utility building; hydro control building, oil refinery building, water"
PRRN202502850,Renovation/Alteration,2026-01-05 00:00:00,Commercial,Alteration and improvements,9500,0,1,,"1802 9TH AVENUE N, REGINA, SK S4R7T4",Address,Mount Pleasant,REAL PRAIRIE PROPERTIES INC.,Property Owner,"510-Retail and wholesale outlets; retail outlet, department store, photographic studio, rental service, beauty salon, hairdressing salon, lumber yard, dry cleaner, laundromat"
PRRN202503390,Renovation/Alteration,2026-01-05 00:00:00,Commercial,Alteration and improvements,200394.45,0,1,,"700 VICTORIA AVENUE, REGINA, SK S4N0R3",Address,Arcola Sub,THEM LIEN 888 REAL ESTATE HOLDINGS LTD.,Property Owner,"510-Retail and wholesale outlets; retail outlet, department store, photographic studio, rental service, beauty salon, hairdressing salon, lumber yard, dry cleaner, laundromat"
PRRN202503505,Renovation/Alteration,2026-01-05 00:00:00,Commercial,Alteration and improvements,200000,0,1,,"302 ALBERT STREET, REGINA, SK S4R3C1",Address,Coronation Park,102037163 SASKATCHEWAN LTD.,Property Owner,"540-Restaurant, bar, tavern, night club, diner, donut shop"
PRSF202503384,Single/Semi-Detached Dwelling 1-2 units,2026-01-05 00:00:00,Residential,New construction,400000,1,2,,"8782 WHEAT CRESCENT, REGINA, SK S4Y0H5",Address,Westerra,COLBY KIRKPATRICK - PACESETTER HOMES,Contractor,"110-Single House, single detached home, bungalow, linked home (linked at the foundation), single family dwelling"
PRSF202503408,Single/Semi-Detached Dwelling 1-2 units,2026-01-05 00:00:00,Residential,New construction,400000,1,2,,"8625 WHEAT CRESCENT, REGINA, SK S4Y0H7",Address,Westerra,PACESETTER HOMES REGINA,Contractor,"110-Single House, single detached home, bungalow, linked home (linked at the foundation), single family dwelling"
PRSS202503465,Secondary Suite,2026-01-05 00:00:00,Residential,Alteration and improvements,54000,1,0,,"8746 WHEAT CRESCENT, REGINA, SK S4Y0H6",Address,Westerra,GREEN STONE RENOVATIONS LTD,Contractor,"110-Single House, single detached home, bungalow, linked home (linked at the foundation), single family dwelling"
PRSS202503546,Secondary Suite,2026-01-05 00:00:00,Residential,Alteration and improvements,25000,1,0,,"8605 WHEAT CRESCENT, REGINA, SK S4Y0H7",Address,Westerra,PACESETTER NEW HOMES LTD.,Contractor,"110-Single House, single detached home, bungalow, linked home (linked at the foundation), single family dwelling"
PRSS202503557,Secondary Suite,2026-01-05 00:00:00,Residential,Alteration and improvements,50000,1,0,,"3145 FAVEL DRIVE, REGINA, SK S4V4C7",Address,The Towns,REDACTED,Property Owner,"110-Single House, single detached home, bungalow, linked home (linked at the foundation), single family dwelling"
PRSS202503560,Secondary Suite,2026-01-05 00:00:00,Residential,Alteration and improvements,47000,1,0,,"2912 WELBY WAY, REGINA, SK S4V4A4",Address,The Towns,LUCKY LINKS BUILDING SERVICES LTD. - LUCKY ALUGE,Contractor,"210-Semi-Detached or Double House, single attached home"
PRAD202503020,Addition,2026-01-06 00:00:00,Residential,Addition to existing building commercial & residential,150000,1,2,,"3114 E JENKINS DRIVE, REGINA, SK S4N6X9",Address,Parkridge,REDACTED,Property Owner,"110-Single House, single detached home, bungalow, linked home (linked at the foundation), single family dwelling"
PRBS202600018,Basement Development,2026-01-06 00:00:00,Residential,Alteration and improvements,50000,0,0,,"5205 CANUCK CRESCENT, REGINA, SK S4W0H1",Address,Harbour Landing,HIBBERT HOMES & RENOVATIONS INC.,Contractor,"110-Single House, single detached home, bungalow, linked home (linked at the foundation), single family dwelling"
PRDK202503305,Deck/Sunroom,2026-01-06 00:00:00,Residential,Alteration and improvements,5000,0,0,,"875 ROYAL STREET, REGINA, SK S4T4Z5",Address,Transcona,REDACTED,Property Owner,"110-Single House, single detached home, bungalow, linked home (linked at the foundation), single family dwelling"
PRFR202503533,Foundation Repair,2026-01-06 00:00:00,Residential,Alteration and improvements,21500,0,0,,"731 QUEEN STREET, REGINA, SK S4T4A4",Address,Parkdale,THE GENUINE BUILDER & CO.,Contractor,"110-Single House, single detached home, bungalow, linked home (linked at the foundation), single family dwelling"
PRFR202600021,Foundation Repair,2026-01-06 00:00:00,Residential,Alteration and improvements,2500,0,0,,"37 LAMONT CRESCENT, REGINA, SK S4S4A3",Address,Hillsdale,REDACTED,Property Owner,"110-Single House, single detached home, bungalow, linked home (linked at the foundation), single family dwelling"
PRMU202502672,Multi-Unit Dwelling 3+ Units,2026-01-06 00:00:00,Residential,New construction,1459300,6,2,,4925 PADWICK ROAD | 4929 PADWICK ROAD | 4933 PADWICK ROAD | 4937 PADWICK ROAD | 4941 PADWICK ROAD | 4945 PADWICK ROAD,Address,Harbour Landing,NORTH RIDGE DEVELOPMENT CORPORATION,Contractor,"330-Row House, garden home, town house, carriage home, quadrex"
PRRN202503516,Renovation/Alteration,2026-01-06 00:00:00,Commercial,Alteration and improvements,45000,0,1,,"870 ALBERT STREET, REGINA, SK S4R2P5",Address,Washington Park,CHANGING SPACES - DARRELL STASUIK,Contractor,"560-Indoor recreational building; sports complex, tennis court and squash, community center, arena, curling club, swimming pool"
PRSF202502507,Single/Semi-Detached Dwelling 1-2 units,2026-01-06 00:00:00,Residential,New construction,1000000,1,2,,"4444 WILD ROSE DRIVE, REGINA, SK S4V3V6",Address,The Creeks,DARI CONSTRUCTION LTD,Contractor,"110-Single House, single detached home, bungalow, linked home (linked at the foundation), single family dwelling"
PRSF202503422,Single/Semi-Detached Dwelling 1-2 units,2026-01-06 00:00:00,Residential,New construction,409405,1,2,,4952 PADWICK ROAD,Address,Harbour Landing,EHRENBURG PROPERTIES - REGINA LIMITED,Contractor,"110-Single House, single detached home, bungalow, linked home (linked at the foundation), single family dwelling"
PRSF202503424,Single/Semi-Detached Dwelling 1-2 units,2026-01-06 00:00:00,Residential,New construction,311170,1,2,,4956 PADWICK ROAD,Address,Harbour Landing,102175216 SASKATCHEWAN LTD.,Property Owner,"110-Single House, single detached home, bungalow, linked home (linked at the foundation), single family dwelling"
PRSF202503425,Single/Semi-Detached Dwelling 1-2 units,2026-01-06 00:00:00,Residential,New construction,409405,1,0,,4964 PADWICK ROAD,Address,Harbour Landing,EHRENBURG HOMES LTD.,Contractor,"110-Single House, single detached home, bungalow, linked home (linked at the foundation), single family dwelling"
PRSF202503426,Single/Semi-Detached Dwelling 1-2 units,2026-01-06 00:00:00,Residential,New construction,311170,1,2,,4968 PADWICK ROAD,Address,Harbour Landing,EHRENBURG PROPERTIES - REGINA LIMITED,Contractor,"110-Single House, single detached home, bungalow, linked home (linked at the foundation), single family dwelling"
PRSS202503464,Secondary Suite,2026-01-06 00:00:00,Residential,Alteration and improvements,60000,1,0,,"4657 FERNDALE CRESCENT, REGINA, SK S4V4A1",Address,The Towns,REDACTED,Property Owner,"110-Single House, single detached home, bungalow, linked home (linked at the foundation), single family dwelling"
PRAD202502928,Addition,2026-01-07 00:00:00,Residential,Addition to existing building commercial & residential,100000,0,0,,"1450 ARTHUR STREET, REGINA, SK S4T4W1",Address,Belvedere,REDACTED,Property Owner,"110-Single House, single detached home, bungalow, linked home (linked at the foundation), single family dwelling"
PRAH202503474,Alternative Family Care Home,2026-01-07 00:00:00,Commercial,Alteration and improvements,5000,0,1,,"11357 WASCANA MEADOWS, REGINA, SK S4V2V4",Address,Wascana View,REDACTED,Property Owner,"110-Single House, single detached home, bungalow, linked home (linked at the foundation), single family dwelling"
PRDE202503501,Demolition,2026-01-07 00:00:00,Residential,Demolition,4000,0,0,,"209 E DOUGLAS AVENUE, REGINA, SK S4N1H4",Address,Douglas Place,BOYCHUK EXCAVATING INC. - EVAN BOYCHUK,Contractor,"110-Single House, single detached home, bungalow, linked home (linked at the foundation), single family dwelling"
PRDK202502821,Deck/Sunroom,2026-01-07 00:00:00,Residential,Alteration and improvements,6000,0,0,,"3101 GREEN TURTLE ROAD, REGINA, SK S4V4C5",Address,The Towns,REDACTED,Property Owner,"110-Single House, single detached home, bungalow, linked home (linked at the foundation), single family dwelling"
PRFR202600010,Foundation Repair,2026-01-07 00:00:00,Residential,Alteration and improvements,7500,0,0,,"42 SUSSEX CRESCENT, REGINA, SK S4T6A5",Address,Pasqua Place,AAA SOLID FOUNDATION,Contractor,"110-Single House, single detached home, bungalow, linked home (linked at the foundation), single family dwelling"
PRFR202600011,Foundation Repair,2026-01-07 00:00:00,Residential,Alteration and improvements,4025,0,0,,"1147 DOROTHY STREET, REGINA, SK S4X2T9",Address,Normanview W. Addn.,AAA SOLID FOUNDATION,Contractor,"110-Single House, single detached home, bungalow, linked home (linked at the foundation), single family dwelling"
PRFR202600028,Foundation Repair,2026-01-07 00:00:00,Residential,Alteration and improvements,3500,0,0,,"4004 REGINA AVENUE, REGINA, SK S4S0H9",Address,River Heights,AAA SOLID FOUNDATION,Contractor,"110-Single House, single detached home, bungalow, linked home (linked at the foundation), single family dwelling"
PRNR202503324,New Commercial,2026-01-07 00:00:00,Commercial,New construction,50000,0,1,,"6302 DEWALT AVENUE, REGINA, SK S4X0J2",Address,Skyview,SEYMOUR PACIFIC DEVELOPMENTS LTD.,Contractor,"460-Storage building; warehouse (for storage purposes only), industrial mall, grain elevator, locker rental, silo, quonset, refrigerated storage terminal"
PRRN202503245,Renovation/Alteration,2026-01-07 00:00:00,Institutional,Alteration and improvements,76211,0,0,,"3769 WASCANA PARKWAY, REGINA, SK S4S0A2",Address,Wascana Park,THE UNIVERSITY OF REGINA,Property Owner,626-University
PRBS202600029,Basement Development,2026-01-08 00:00:00,Residential,Alteration and improvements,40000,0,0,,"3518 GREEN CREEK ROAD, REGINA, SK S4V3H3",Address,The Greens on Gardiner,REDACTED,Property Owner,"110-Single House, single detached home, bungalow, linked home (linked at the foundation), single family dwelling"
PRDE202503554,Demolition,2026-01-08 00:00:00,Residential,Demolition,29900,0,0,1,"1053 RETALLACK STREET, REGINA, SK S4T2H4",Address,Old 33,ADAIR'S DEMOLITION LTD.,Contractor,"110-Single House, single detached home, bungalow, linked home (linked at the foundation), single family dwelling"
PRNR202503217,New Commercial,2026-01-08 00:00:00,Commercial,New construction,5500000,0,2,,"710 HONEYMAN BAY, REGINA, SK S4N4N7",Address,Industrial Ross,WESTRIDGE DEVELOPMENTS LTD.,Property Owner,"460-Storage building; warehouse (for storage purposes only), industrial mall, grain elevator, locker rental, silo, quonset, refrigerated storage terminal"
PRRN202503485,Renovation/Alteration,2026-01-08 00:00:00,Commercial,Alteration and improvements,292300,0,4,,"4177 ALBERT STREET, REGINA, SK S4S3R6",Address,Hillsdale,REGINA TRAVELODGE LTD.,Property Owner,"530-Hotel, hotel/motel, motor hotel"
PRSF202503587,Single/Semi-Detached Dwelling 1-2 units,2026-01-08 00:00:00,Residential,New construction,740000,1,1,,"8041 EDGEWATER BAY, REGINA, SK S4Y0A5",Address,Fairways West,STHAMANN HOMES INC.,Contractor,"110-Single House, single detached home, bungalow, linked home (linked at the foundation), single family dwelling"
PRSS202503523,Secondary Suite,2026-01-08 00:00:00,Residential,Alteration and improvements,50000,1,0,,"4629 E MUTRIE CRESCENT, REGINA, SK S4V3Y3",Address,The Towns,LUCKY LINKS BUILDING SERVICES LTD. - LUCKY ALUGE,Contractor,"210-Semi-Detached or Double House, single attached home"
PRSS202503537,Secondary Suite,2026-01-08 00:00:00,Residential,Alteration and improvements,46500,1,0,,"3223 GREEN BROOK ROAD, REGINA, SK S4V3R3",Address,The Towns,LUCKY LINKS BUILDING SERVICES LTD. - LUCKY ALUGE,Contractor,"330-Row House, garden home, town house, carriage home, quadrex"
PRTN202503579,Tent / Temporary Structure,2026-01-08 00:00:00,Institutional,Other,75000,0,0,,"2405 LEGISLATIVE DRIVE, REGINA, SK S4S0B3",Address,Wascana Park,CROWN IN RIGHT OF SASKATCHEWAN,Property Owner,Not Applicable
PRRN202501963,Renovation/Alteration,2026-01-09 00:00:00,Commercial,Alteration and improvements,50000,0,0,,"2339 LORNE STREET, REGINA, SK S4P2N2",Address,Old 33,RRME CONSTRUCTION,Contractor,315-Apartment - Condominium
PRRN202503373,Renovation/Alteration,2026-01-09 00:00:00,Commercial,Alteration and improvements,140000,0,1,,"1050 SCARTH STREET, REGINA, SK S4R2C9",Address,Old 33,LEDCOR CONSTRUCTION - JON KING,Contractor,"450-Maintenance building; hangar, repair shop, accessory building, railway shed, aircraft hangars"
PRRN202600006,Renovation/Alteration,2026-01-09 00:00:00,Residential,Alteration and improvements,50000,0,0,,"414 RINK AVENUE, REGINA, SK S4X2C6",Address,Mccarthy Park,BOUSS CONSTRUCTION INC.,Property Owner,"110-Single House, single detached home, bungalow, linked home (linked at the foundation), single family dwelling"
PRSF202503439,Single/Semi-Detached Dwelling 1-2 units,2026-01-09 00:00:00,Residential,New construction,402375,1,2,,4960 PADWICK ROAD,Address,Harbour Landing,EHRENBURG HOMES LTD.,Contractor,"110-Single House, single detached home, bungalow, linked home (linked at the foundation), single family dwelling"
PRBS202600051,Basement Development,2026-01-10 00:00:00,Residential,Alteration and improvements,35000,0,0,,"2340 BETTERIDGE DRIVE, REGINA, SK S4X0N7",Address,Kensington Greens,REDACTED,Property Owner,"110-Single House, single detached home, bungalow, linked home (linked at the foundation), single family dwelling"
PRSS202503591,Secondary Suite,2026-01-11 00:00:00,Residential,Alteration and improvements,65000,1,2,,"5631 NORSEMAN CRESCENT, REGINA, SK S4W0J6",Address,Harbour Landing,REDACTED,Property Owner,"110-Single House, single detached home, bungalow, linked home (linked at the foundation), single family dwelling"
PRDE202503124,Demolition,2026-01-12 00:00:00,Residential,Demolition,34802.5,0,0,1,"3611 MCCALLUM AVENUE, REGINA, SK S4S0S6",Address,Lakeview A,FIRST CHOICE EXCAVATION & DEMOLITION,Contractor,"110-Single House, single detached home, bungalow, linked home (linked at the foundation), single family dwelling"
PRRN202503558,Renovation/Alteration,2026-01-12 00:00:00,Commercial,Alteration and improvements,8000,0,2,,"501 VICTORIA AVENUE, REGINA, SK S4N0P8",Address,Broders Annex,102009671 SASKATCHEWAN LTD.,Property Owner,"522-Office complex; office/store, office/apartment"
PRRN202600016,Renovation/Alteration,2026-01-12 00:00:00,Residential,Alteration and improvements,15000,0,0,,"5004 1ST AVENUE, REGINA, SK S4T0A5",Address,Rosemont North,REDACTED,Property Owner,"110-Single House, single detached home, bungalow, linked home (linked at the foundation), single family dwelling"
PRMH202600092,Plumbing,2026-01-13 00:00:00,Residential,Alteration and improvements,1700,0,0,,"2614 ELLIOTT DRIVE, REGINA, SK S4N3H7",Address,Arnhem Place,REDACTED,Property Owner,"110-Single House, single detached home, bungalow, linked home (linked at the foundation), single family dwelling"
PRSS202503575,Secondary Suite,2026-01-13 00:00:00,Residential,Alteration and improvements,60000,1,0,,"2972 WELBY WAY, REGINA, SK S4V4A2",Address,The Towns,REDACTED,Property Owner,"210-Semi-Detached or Double House, single attached home"
PRDE202503363,Demolition,2026-01-14 00:00:00,Residential,Demolition,15000,0,0,1,"832 RETALLACK STREET, REGINA, SK S4T2G8",Address,Washington Park,REDACTED,Property Owner,"110-Single House, single detached home, bungalow, linked home (linked at the foundation), single family dwelling"
PRRN202502137,Renovation/Alteration,2026-01-14 00:00:00,Residential,Alteration and improvements,1400,0,0,,"2471 ELLIOTT STREET, REGINA, SK S4N3H4",Address,Assiniboia  Place,REDACTED,Property Owner,"110-Single House, single detached home, bungalow, linked home (linked at the foundation), single family dwelling"
PRRN202600012,Renovation/Alteration,2026-01-14 00:00:00,Commercial,Alteration and improvements,70000,0,3,,"2102 11TH AVENUE, REGINA, SK S4P0J5",Address,Old 33,CORNWALL CENTRE INC.,Property Owner,"512-Retail complex; plaza, mall, shopping centre, store/office building"
PRSF202503407,Single/Semi-Detached Dwelling 1-2 units,2026-01-14 00:00:00,Residential,New construction,400000,1,2,,"8621 WHEAT CRESCENT, REGINA, SK S4Y0H7",Address,Westerra,COLBY KIRKPATRICK - PACESETTER HOMES,Contractor,"110-Single House, single detached home, bungalow, linked home (linked at the foundation), single family dwelling"
PRSF202503479,Single/Semi-Detached Dwelling 1-2 units,2026-01-14 00:00:00,Residential,New construction,400000,1,2,,"8609 WHEAT CRESCENT, REGINA, SK S4Y0H7",Address,Westerra,COLBY KIRKPATRICK - PACESETTER HOMES,Contractor,"110-Single House, single detached home, bungalow, linked home (linked at the foundation), single family dwelling"
PRSS202503563,Secondary Suite,2026-01-14 00:00:00,Residential,Alteration and improvements,65000,1,0,,"3407 GREEN TURTLE ROAD, REGINA, SK S4V3N7",Address,The Greens on Gardiner,REDACTED,Property Owner,"110-Single House, single detached home, bungalow, linked home (linked at the foundation), single family dwelling"
PRSS202503564,Secondary Suite,2026-01-14 00:00:00,Residential,Alteration and improvements,65000,1,0,,"3267 VALLEY GREEN WAY, REGINA, SK S4V3R1",Address,The Towns,REDACTED,Property Owner,"110-Single House, single detached home, bungalow, linked home (linked at the foundation), single family dwelling"
PRSS202600032,Secondary Suite,2026-01-14 00:00:00,Residential,Alteration and improvements,46000,1,0,,"3133 GREEN TURTLE ROAD, REGINA, SK S4V4C5",Address,The Towns,LUCKY LINKS BUILDING SERVICES LTD. - LUCKY ALUGE,Contractor,"110-Single House, single detached home, bungalow, linked home (linked at the foundation), single family dwelling"
PRBS202600038,Basement Development,2026-01-15 00:00:00,Residential,Alteration and improvements,30000,0,0,,"5120 E GREEN JEWEL BOULEVARD, REGINA, SK S4V3T2",Address,The Greens on Gardiner,AFE VENTURES,Contractor,"330-Row House, garden home, town house, carriage home, quadrex"
PRBS202600101,Basement Development,2026-01-15 00:00:00,Residential,Alteration and improvements,25000,0,0,,"2715 NARCISSE DRIVE, Unit:214, REGINA, SK S4X0P8",Address,Hawkstone,REDACTED,Property Owner,335-Row House - Condominium
PRFR202600053,Foundation Repair,2026-01-15 00:00:00,Residential,Alteration and improvements,10275,0,0,,"1547 GARNET STREET, REGINA, SK S4T2Y8",Address,Old 33,AAA SOLID FOUNDATION,Contractor,"110-Single House, single detached home, bungalow, linked home (linked at the foundation), single family dwelling"
PRFR202600111,Foundation Repair,2026-01-15 00:00:00,Residential,Alteration and improvements,4350,0,0,,"14 MACBETH PLACE, REGINA, SK S4X1N7",Address,Sherwood Estates,AAA SOLID FOUNDATION,Contractor,"110-Single House, single detached home, bungalow, linked home (linked at the foundation), single family dwelling"
PRGA202600086,Garage/Carport,2026-01-15 00:00:00,Residential,Garage/Carport/Accessory Structure,29300,0,0,,"5416 E NICHOLSON AVENUE, REGINA, SK S4V4B4",Address,The Towns,DREAM TOWNS LANDS SOUTH (GP) INC.,Contractor,"110-Single House, single detached home, bungalow, linked home (linked at the foundation), single family dwelling"
PRRN202503524,Renovation/Alteration,2026-01-15 00:00:00,Commercial,Alteration and improvements,52700,0,1,,"2101 E QUANCE STREET, REGINA, SK S4V3L9",Address,Gardiner Park,BTA REAL ESTATE GROUP INC.,Property Owner,"522-Office complex; office/store, office/apartment"
PRRN202503570,Renovation/Alteration,2026-01-15 00:00:00,Commercial,Alteration and improvements,2047668,0,9,,"1901 SCARTH STREET, REGINA, SK S4P4L4",Address,Old 33,PCL CONSTRUCTION - JADEN PDERSON,Contractor,"520-Office building; consultant’s office, doctor’s office, insurance company, bank, taxi stand, office/cafeteria, office/smoke shop"
PRSF202503099,Single/Semi-Detached Dwelling 1-2 units,2026-01-15 00:00:00,Residential,New construction,250000,2,2,,"2972 KAUFMAN WAY, REGINA, SK S4V3Z5",Address,The Towns,CRAWFORD HOMES (1991) LTD.,Property Owner,"110-Single House, single detached home, bungalow, linked home (linked at the foundation), single family dwelling"
PRSF202503280,Single/Semi-Detached Dwelling 1-2 units,2026-01-15 00:00:00,Residential,New construction,250000,1,2,,"3147 GREEN STONE ROAD, REGINA, SK S4V3R8",Address,The Towns,CRAWFORD HOMES (1991) LTD.,Contractor,"110-Single House, single detached home, bungalow, linked home (linked at the foundation), single family dwelling"
PRSF202503339,Single/Semi-Detached Dwelling 1-2 units,2026-01-15 00:00:00,Residential,New construction,800000,2,2,,"2700 LACON STREET, REGINA, SK S4N2A7",Address,Dominion Heights,NORDWEST CONSTRUCTION,Contractor,"110-Single House, single detached home, bungalow, linked home (linked at the foundation), single family dwelling"
PRSF202503502,Single/Semi-Detached Dwelling 1-2 units,2026-01-15 00:00:00,Residential,New construction,800000,1,2,,"3432 MASON AVENUE, REGINA, SK S4S0Z4",Address,Lakeview A,ENCORA DEVELOPMENTS INC.,Contractor,"110-Single House, single detached home, bungalow, linked home (linked at the foundation), single family dwelling"
PRSF202503594,Single/Semi-Detached Dwelling 1-2 units,2026-01-15 00:00:00,Residential,New construction,300000,1,2,,"8666 WHEAT CRESCENT, REGINA, SK S4Y0H7",Address,Westerra,CRAWFORD HOMES (EBUILD),Contractor,"110-Single House, single detached home, bungalow, linked home (linked at the foundation), single family dwelling"
PRSS202503316,Secondary Suite,2026-01-15 00:00:00,Residential,Alteration and improvements,45000,1,0,,"4696 FERNDALE CRESCENT, REGINA, SK S4V4A4",Address,The Towns,AFE VENTURES,Contractor,"110-Single House, single detached home, bungalow, linked home (linked at the foundation), single family dwelling"
PRSS202503504,Secondary Suite,2026-01-15 00:00:00,Residential,Alteration and improvements,65000,1,0,,"4692 FERNDALE CRESCENT, REGINA, SK S4V4A4",Address,The Towns,REDACTED,Property Owner,"210-Semi-Detached or Double House, single attached home"
PRSS202503517,Secondary Suite,2026-01-15 00:00:00,Residential,Alteration and improvements,65000,1,0,,"4720 FERNDALE CRESCENT, REGINA, SK S4V4A4",Address,The Towns,AFE VENTURES CORPORATION,Contractor,"210-Semi-Detached or Double House, single attached home"
PRSS202503550,Secondary Suite,2026-01-15 00:00:00,Residential,Alteration and improvements,40000,1,0,,"3129 GREEN STONE ROAD, REGINA, SK S4V3X4",Address,The Towns,CRAWFORD HOMES (EBUILD),Contractor,"110-Single House, single detached home, bungalow, linked home (linked at the foundation), single family dwelling"
PRFR202600114,Foundation Repair,2026-01-16 00:00:00,Residential,Alteration and improvements,5500,0,0,,"86 CANNON STREET, REGINA, SK S4N1M1",Address,Glencairn,REDACTED,Property Owner,"110-Single House, single detached home, bungalow, linked home (linked at the foundation), single family dwelling"
PRRN202600035,Renovation/Alteration,2026-01-16 00:00:00,Residential,Alteration and improvements,50000,0,0,,"2520 MCTAVISH STREET, REGINA, SK S4S0K8",Address,River Heights,REDACTED,Property Owner,"110-Single House, single detached home, bungalow, linked home (linked at the foundation), single family dwelling"
PRRN202600089,Renovation/Alteration,2026-01-16 00:00:00,Residential,Alteration and improvements,172000,0,0,,"3022 ZARAN CRESCENT, REGINA, SK S4V1Y3",Address,Gardiner Heights,MUNRO HOMES LTD.,Contractor,"110-Single House, single detached home, bungalow, linked home (linked at the foundation), single family dwelling"
PRTN202600083,Tent / Temporary Structure,2026-01-16 00:00:00,Institutional,Other,15000,0,0,,"2405 LEGISLATIVE DRIVE, REGINA, SK S4S0B3",Address,Wascana Park,SPECIAL EVENTS RENTALS - KARSON,Contractor,Not Applicable
PRRN202600004,Renovation/Alteration,2026-01-17 00:00:00,Residential,Alteration and improvements,24000,0,0,,"2234 MONTREAL STREET, REGINA, SK S4P1L6",Address,Old 33,PLETCO HOME RENOVATIONS - KEVIN PLETTENBERG,Contractor,"110-Single House, single detached home, bungalow, linked home (linked at the foundation), single family dwelling"
PRSS202503529,Secondary Suite,2026-01-17 00:00:00,Residential,Alteration and improvements,40000,1,0,,"2989 WELBY WAY, REGINA, SK S4V4A2",Address,The Towns,FIRST CALL CONSTRUCTION INC.,Contractor,"330-Row House, garden home, town house, carriage home, quadrex"
PRSS202503584,Secondary Suite,2026-01-17 00:00:00,Residential,Alteration and improvements,30000,1,0,,"4724 FERNDALE CRESCENT, REGINA, SK S4V4A4",Address,The Towns,FIRST CALL CONSTRUCTION INC.,Contractor,"210-Semi-Detached or Double House, single attached home"
PRSS202600003,Secondary Suite,2026-01-17 00:00:00,Residential,Alteration and improvements,40000,1,0,,"3747 GEE CRESCENT, REGINA, SK S4V3P1",Address,The Greens on Gardiner,FIRST CALL CONSTRUCTION INC.,Contractor,"110-Single House, single detached home, bungalow, linked home (linked at the foundation), single family dwelling"
PRDE202600034,Demolition,2026-01-18 00:00:00,Residential,Demolition,20000,0,0,1,"2919 ATHOL STREET, REGINA, SK S4S1Y4",Address,Lakeview,1911 HOMES LTD.,Contractor,"110-Single House, single detached home, bungalow, linked home (linked at the foundation), single family dwelling"
PRFR202600109,Foundation Repair,2026-01-18 00:00:00,Residential,Alteration and improvements,9750,0,0,,"91 MARKWELL DRIVE, REGINA, SK S4X1K2",Address,Sherwood Estates,AAA SOLID FOUNDATION,Contractor,"210-Semi-Detached or Double House, single attached home"
PRFR202600056,Foundation Repair,2026-01-19 00:00:00,Residential,Alteration and improvements,20084,0,0,,"1006 N GOODMURPHY BAY, REGINA, SK S4X2P7",Address,Sherwood Estates,THE GENUINE BUILDER & CO.,Contractor,"110-Single House, single detached home, bungalow, linked home (linked at the foundation), single family dwelling"
PRFR202600103,Foundation Repair,2026-01-19 00:00:00,Residential,Alteration and improvements,15000,0,0,,"11 COLEMAN CRESCENT, REGINA, SK S4N5J4",Address,Glencairn Village,JS GROUP OF COMPANIES,Contractor,"110-Single House, single detached home, bungalow, linked home (linked at the foundation), single family dwelling"
PRFR202600108,Foundation Repair,2026-01-19 00:00:00,Residential,Alteration and improvements,24900,0,0,,"5010 1ST AVENUE N, REGINA, SK S4R6Y2",Address,Normanview,AAA SOLID FOUNDATION,Contractor,"110-Single House, single detached home, bungalow, linked home (linked at the foundation), single family dwelling"
PRFR202600136,Foundation Repair,2026-01-19 00:00:00,Residential,Alteration and improvements,32500,0,0,,"2738 BORDEN STREET, REGINA, SK S4N2L1",Address,Assiniboia East,JS GROUP OF COMPANIES,Contractor,"110-Single House, single detached home, bungalow, linked home (linked at the foundation), single family dwelling"
PRRN202503535,Renovation/Alteration,2026-01-19 00:00:00,Commercial,Alteration and improvements,594600,0,1,,"755 BROAD STREET, REGINA, SK S4R8G3",Address,Industrial Park,CAPITAL AUTOMOTIVE PROPERTIES INC.,Property Owner,"572-Service station, repair garage and specialty shop; gasoline station, service station/car wash, muffler shop, transmission shop, service station/garage"
PRRN202503539,Renovation/Alteration,2026-01-19 00:00:00,Commercial,Alteration and improvements,2077800,0,1,,"755 BROAD STREET, REGINA, SK S4R8G3",Address,Industrial Park,CAPITAL AUTOMOTIVE PROPERTIES INC.,Property Owner,"572-Service station, repair garage and specialty shop; gasoline station, service station/car wash, muffler shop, transmission shop, service station/garage"
PRSF202503281,Single/Semi-Detached Dwelling 1-2 units,2026-01-19 00:00:00,Residential,New construction,250000,1,2,,"5229 E GREEN CRESCENT, REGINA, SK S4V3S9",Address,The Greens on Gardiner,CRAWFORD HOMES (1991) LTD.,Contractor,"110-Single House, single detached home, bungalow, linked home (linked at the foundation), single family dwelling"
PRSF202503567,Single/Semi-Detached Dwelling 1-2 units,2026-01-19 00:00:00,Residential,New construction,300000,2,2,,"3131 BOWEN STREET, REGINA, SK S4V4C6",Address,The Towns,PACESETTER NEW HOMES LTD.,Contractor,"110-Single House, single detached home, bungalow, linked home (linked at the foundation), single family dwelling"
PRSF202600054,Single/Semi-Detached Dwelling 1-2 units,2026-01-19 00:00:00,Residential,New construction,400000,2,2,,"3001 GREEN TURTLE ROAD, REGINA, SK S4V4E6",Address,The Towns,COLBY KIRKPATRICK - PACESETTER HOMES,Contractor,"110-Single House, single detached home, bungalow, linked home (linked at the foundation), single family dwelling"
PRSS202503168,Secondary Suite,2026-01-19 00:00:00,Residential,Alteration and improvements,30000,1,0,,"5325 MCKENNA CRESCENT, REGINA, SK S4W0H2",Address,Harbour Landing,REDACTED,Property Owner,"110-Single House, single detached home, bungalow, linked home (linked at the foundation), single family dwelling"
PRAD202503369,Addition,2026-01-20 00:00:00,Institutional,Addition to existing building commercial & residential,2429691.61,0,2,,"205 HAMILTON STREET, REGINA, SK S4R2N9",Address,Highland Park,WESTRIDGE CONSTRUCTION - JESSE CLAYTON,Contractor,"620-Elementary school, kindergarten"
PRAH202503085,Alternative Family Care Home,2026-01-20 00:00:00,Residential,Alteration and improvements,4000,0,0,,"1432 LACON STREET, REGINA, SK S4N1Z1",Address,Rothwell Place,SAYLAH SUITES PROPERTY MANAGEMENT LTD.,Property Owner,"210-Semi-Detached or Double House, single attached home"
PRBS202503545,Basement Development,2026-01-20 00:00:00,Residential,Alteration and improvements,3500,0,0,,"1934 MONTAGUE STREET, REGINA, SK S4T3J5",Address,Old 33,REDACTED,Property Owner,"110-Single House, single detached home, bungalow, linked home (linked at the foundation), single family dwelling"
PRFR202600107,Foundation Repair,2026-01-20 00:00:00,Residential,Alteration and improvements,4115,0,0,,"150 N ST JOHN STREET, REGINA, SK S4R2V9",Address,Churchill Downs,AAA SOLID FOUNDATION,Contractor,"110-Single House, single detached home, bungalow, linked home (linked at the foundation), single family dwelling"
PRGA202600084,Garage/Carport,2026-01-20 00:00:00,Residential,Garage/Carport/Accessory Structure,29300,0,0,,"5520 E NICHOLSON AVENUE, REGINA, SK S4V4B4",Address,The Towns,DREAM TOWNS LANDS SOUTH (GP) INC.,Contractor,"110-Single House, single detached home, bungalow, linked home (linked at the foundation), single family dwelling"
PRMH202600141,Plumbing,2026-01-20 00:00:00,Residential,Mechanical,6100,0,0,,"2729 24TH AVENUE, REGINA, SK S4S1J6",Address,Lakeview Place,REDACTED,Property Owner,"110-Single House, single detached home, bungalow, linked home (linked at the foundation), single family dwelling"
PRRN202503553,Renovation/Alteration,2026-01-20 00:00:00,Commercial,Alteration and improvements,135000,0,2,,"2110 7TH AVENUE, REGINA, SK S4R1C4",Address,Old 33,LYNCH PROPERTIES SERVICES,Contractor,"572-Service station, repair garage and specialty shop; gasoline station, service station/car wash, muffler shop, transmission shop, service station/garage"
PRSS202502634,Secondary Suite,2026-01-20 00:00:00,Residential,Alteration and improvements,45000,1,0,,"12 WALDEN CRESCENT, REGINA, SK S4N1L2",Address,Glencairn,REDACTED,Property Owner,"110-Single House, single detached home, bungalow, linked home (linked at the foundation), single family dwelling"
PRSS202502970,Secondary Suite,2026-01-20 00:00:00,Residential,Alteration and improvements,45500,1,0,,"1744 MUSTARD STREET, REGINA, SK S4Y0G1",Address,Westerra,LUCKY LINKS BUILDING SERVICES LTD. - LUCKY ALUGE,Contractor,"330-Row House, garden home, town house, carriage home, quadrex"
PRSS202503528,Secondary Suite,2026-01-20 00:00:00,Residential,Alteration and improvements,40000,1,0,,"2944 WELBY WAY, REGINA, SK S4V4A2",Address,The Towns,HAUP CONSTRUCTIONS INC,Contractor,"210-Semi-Detached or Double House, single attached home"
PRSS202503562,Secondary Suite,2026-01-20 00:00:00,Residential,Alteration and improvements,45000,1,0,,"3253 GREEN TURTLE ROAD, REGINA, SK S4V4B1",Address,The Towns,REDACTED,Property Owner,"110-Single House, single detached home, bungalow, linked home (linked at the foundation), single family dwelling"
PRSS202600023,Secondary Suite,2026-01-20 00:00:00,Residential,Alteration and improvements,72000,1,0,,"3141 GREEN STONE ROAD, REGINA, SK S4V3R8",Address,The Towns,REDACTED,Property Owner,"110-Single House, single detached home, bungalow, linked home (linked at the foundation), single family dwelling"
PRSS202600026,Secondary Suite,2026-01-20 00:00:00,Residential,Alteration and improvements,72000,1,0,,"3171 GREEN STONE ROAD, REGINA, SK S4V3R8",Address,The Towns,REDACTED,Property Owner,"110-Single House, single detached home, bungalow, linked home (linked at the foundation), single family dwelling"
PRSS202600027,Secondary Suite,2026-01-20 00:00:00,Residential,Alteration and improvements,64000,1,0,,"3360 CROSBIE CRESCENT, REGINA, SK S4V3S4",Address,The Towns,REDACTED,Property Owner,"110-Single House, single detached home, bungalow, linked home (linked at the foundation), single family dwelling"
PRBS202600135,Basement Development,2026-01-21 00:00:00,Residential,Alteration and improvements,25000,0,0,,"2715 NARCISSE DRIVE, Unit:215, REGINA, SK S4X0P8",Address,Hawkstone,REDACTED,Property Owner,"330-Row House, garden home, town house, carriage home, quadrex"
PRGA202600013,Garage/Carport,2026-01-21 00:00:00,Residential,Garage/Carport/Accessory Structure,29740,0,0,,"5656 VEDETTE ROAD, REGINA, SK S4W0P8",Address,Harbour Landing,DK PRIME CONSTRUCTION,Contractor,"110-Single House, single detached home, bungalow, linked home (linked at the foundation), single family dwelling"
PRRN202503459,Renovation/Alteration,2026-01-21 00:00:00,Commercial,Alteration and improvements,100000,0,1,,"365 HOFFER DRIVE, REGINA, SK S4N6E2",Address,Industrial Ross,504 LAKE INVESTMENTS LTD. | LUXERMAN HOLDINGS LIMITED | ROBB HOLDINGS LTD. | ROCOM MANAGEMENT LTD. | WOLMAN PROPERTIES LTD.,Property Owner,"460-Storage building; warehouse (for storage purposes only), industrial mall, grain elevator, locker rental, silo, quonset, refrigerated storage terminal"
PRRN202503525,Renovation/Alteration,2026-01-21 00:00:00,Commercial,Alteration and improvements,700000,0,4,,"1920 COLLEGE AVENUE, REGINA, SK S4P1C4",Address,Old 33,102109172 SASKATCHEWAN LTD.,Property Owner,"520-Office building; consultant’s office, doctor’s office, insurance company, bank, taxi stand, office/cafeteria, office/smoke shop"
PRRN202503602,Renovation/Alteration,2026-01-21 00:00:00,Residential,Alteration and improvements,2500,0,0,,"835 SHANNON ROAD, REGINA, SK S4S5K1",Address,Whitmore Park,REDACTED,Property Owner,"110-Single House, single detached home, bungalow, linked home (linked at the foundation), single family dwelling"
PRSF202503440,Single/Semi-Detached Dwelling 1-2 units,2026-01-21 00:00:00,Residential,New construction,337255,1,2,,4972 PADWICK ROAD,Address,Harbour Landing,EHRENBURG PROPERTIES - REGINA LIMITED,Contractor,"110-Single House, single detached home, bungalow, linked home (linked at the foundation), single family dwelling"
PRSF202600055,Single/Semi-Detached Dwelling 1-2 units,2026-01-21 00:00:00,Residential,New construction,400000,2,2,,"3089 GREEN TURTLE ROAD, REGINA, SK S4V4E5",Address,The Towns,PACESETTER NEW HOMES LTD.,Contractor,"110-Single House, single detached home, bungalow, linked home (linked at the foundation), single family dwelling"
PRSF202600100,Single/Semi-Detached Dwelling 1-2 units,2026-01-21 00:00:00,Residential,New construction,400000,1,2,,"8701 WHEAT CRESCENT, REGINA, SK S4Y0H8",Address,Westerra,COLBY KIRKPATRICK - PACESETTER HOMES,Contractor,"110-Single House, single detached home, bungalow, linked home (linked at the foundation), single family dwelling"
PRDE202503547,Demolition,2026-01-22 00:00:00,Residential,Demolition,5000,0,0,1,"38 GARUIK CRESCENT, REGINA, SK S4R7E6",Address,Argyle Park,DIRTY WORK RESTORATIONS,Contractor,130-Mobile Home
PRFR202600143,Foundation Repair,2026-01-22 00:00:00,Residential,Alteration and improvements,4010.4,0,0,,"2953 RAE STREET, REGINA, SK S4S1R6",Address,Lakeview,TRIPLE R CONCRETE CUTTING,Contractor,"110-Single House, single detached home, bungalow, linked home (linked at the foundation), single family dwelling"
PRFR202600156,Foundation Repair,2026-01-22 00:00:00,Residential,Alteration and improvements,7230,0,0,,"710 N BARD CRESCENT, REGINA, SK S4X2K5",Address,Mccarthy Park,AAA SOLID FOUNDATION,Contractor,"110-Single House, single detached home, bungalow, linked home (linked at the foundation), single family dwelling"
PRRN202501880,Renovation/Alteration,2026-01-22 00:00:00,Commercial,Alteration and improvements,250000,0,1,,"5048 SHERWOOD DRIVE, REGINA, SK S4R4C2",Address,Normanview,ADVANCE RESTORATION INC,Contractor,"660-Religious building; church, cathedral, temple, citadel, synagogue"
PRRN202600020,Renovation/Alteration,2026-01-22 00:00:00,Residential,Alteration and improvements,30000,0,0,,"1520 PARKER AVENUE, REGINA, SK S4S4R8",Address,Hillsdale,REDACTED,Property Owner,"110-Single House, single detached home, bungalow, linked home (linked at the foundation), single family dwelling"
PRRN202600068,Renovation/Alteration,2026-01-22 00:00:00,Commercial,Alteration and improvements,9000,0,2,,"400 BROAD STREET, REGINA, SK S4R1X3",Address,Highland Park,GEORGE GORDON TLE HOLDINGS LTD.,Property Owner,"512-Retail complex; plaza, mall, shopping centre, store/office building"
PRSS202600039,Secondary Suite,2026-01-22 00:00:00,Residential,Alteration and improvements,65000,1,0,,"2940 WELBY WAY, REGINA, SK S4V4A2",Address,The Towns,REDACTED,Property Owner,"210-Semi-Detached or Double House, single attached home"
PRSS202600122,Secondary Suite,2026-01-22 00:00:00,Residential,Alteration and improvements,65000,1,0,,"3842 GEE CRESCENT, REGINA, SK S4V3N9",Address,The Greens on Gardiner,DHAMI CONSTRUCTION INC.,Contractor,"210-Semi-Detached or Double House, single attached home"
PRFR202600094,Foundation Repair,2026-01-23 00:00:00,Residential,Alteration and improvements,60000,0,0,,"1323 BROWN STREET, REGINA, SK S4N5C7",Address,Glencairn Village,RSR CONSTRUCTION - TERRY PAUN,Contractor,"110-Single House, single detached home, bungalow, linked home (linked at the foundation), single family dwelling"
PRRN202600151,Renovation/Alteration,2026-01-23 00:00:00,Residential,Alteration and improvements,5500,0,0,,"103 LAUBACH CRESCENT, REGINA, SK S4S6M2",Address,Lewvan Park,REDACTED,Property Owner,"110-Single House, single detached home, bungalow, linked home (linked at the foundation), single family dwelling"
PRSF202503494,Single/Semi-Detached Dwelling 1-2 units,2026-01-23 00:00:00,Residential,New construction,250000,1,0,,"8694 WHEAT CRESCENT, REGINA, SK S4Y0H8",Address,Westerra,CRAWFORD HOMES (1991) LTD.,Contractor,"110-Single House, single detached home, bungalow, linked home (linked at the foundation), single family dwelling"
PRSS202600080,Secondary Suite,2026-01-23 00:00:00,Residential,Alteration and improvements,46000,1,0,,"5628 WATERER ROAD, REGINA, SK S4W0N5",Address,Harbour Landing,LUCKY LINKS BUILDING SERVICES LTD. - LUCKY ALUGE,Contractor,"210-Semi-Detached or Double House, single attached home"
PRSS202600090,Secondary Suite,2026-01-23 00:00:00,Residential,Alteration and improvements,68000,1,0,,"7 NORRIS ROAD, REGINA, SK S4S5N1",Address,Whitmore Park,LUCKY LINKS BUILDING SERVICES LTD. - LUCKY ALUGE,Contractor,"110-Single House, single detached home, bungalow, linked home (linked at the foundation), single family dwelling"
PRBS202503167,Basement Development,2026-01-26 00:00:00,Residential,Alteration and improvements,20000,0,0,,"809 SHANNON ROAD, REGINA, SK S4S5K1",Address,Whitmore Park,SDM RENOS & SERVICES,Contractor,"110-Single House, single detached home, bungalow, linked home (linked at the foundation), single family dwelling"
PRBS202600128,Basement Development,2026-01-26 00:00:00,Residential,Alteration and improvements,13500,0,0,,"3436 TAMARACK GROVE, REGINA, SK S4V2S5",Address,Woodland Grove,REDACTED,Property Owner,"110-Single House, single detached home, bungalow, linked home (linked at the foundation), single family dwelling"
PRDE202600166,Demolition,2026-01-26 00:00:00,Residential,Demolition,10000,0,0,,"180 DOROTHY STREET, REGINA, SK S4T5V3",Address,Dieppe Place,HOPE CONSTRUCTION LTD.,Contractor,"110-Single House, single detached home, bungalow, linked home (linked at the foundation), single family dwelling"
PRRN202500916,Renovation/Alteration,2026-01-26 00:00:00,Residential,Alteration and improvements,5500,0,0,,"6017 EAGLES COVE, REGINA, SK S4X0H5",Address,Skyview,REDACTED,Property Owner,"110-Single House, single detached home, bungalow, linked home (linked at the foundation), single family dwelling"
PRRN202503061,Renovation/Alteration,2026-01-26 00:00:00,Commercial,Alteration and improvements,30000,0,1,,"1375 SCARTH STREET, REGINA, SK S4R2E7",Address,Old 33,102153355 SASKATCHEWAN LTD.,Property Owner,"510-Retail and wholesale outlets; retail outlet, department store, photographic studio, rental service, beauty salon, hairdressing salon, lumber yard, dry cleaner, laundromat"
PRRN202503521,Renovation/Alteration,2026-01-26 00:00:00,Commercial,Alteration and improvements,100,0,1,,"2800 23RD AVENUE, REGINA, SK S4S1E6",Address,Lakeview Centre,102183927 SASKATCHEWAN CORP.,Property Owner,"650-Day care, nursing home, rest home, home for the blind, charitable home, detoxification center"
PRRN202503581,Renovation/Alteration,2026-01-26 00:00:00,Commercial,Alteration and improvements,80000,0,14,,"2476 VICTORIA AVENUE, REGINA, SK S4N6M5",Address,Old 33,CITY OF REGINA,Property Owner,"520-Office building; consultant’s office, doctor’s office, insurance company, bank, taxi stand, office/cafeteria, office/smoke shop"
PRRN202600110,Renovation/Alteration,2026-01-26 00:00:00,Commercial,Alteration and improvements,25000,0,14,,"1945 HAMILTON STREET, REGINA, SK S4P2C7",Address,Old 33,SASKBUILDS CONSTRUCTION SERVICES - GORDON HAMILTON,Contractor,"520-Office building; consultant’s office, doctor’s office, insurance company, bank, taxi stand, office/cafeteria, office/smoke shop"
PRRN202600133,Renovation/Alteration,2026-01-26 00:00:00,Residential,Alteration and improvements,1500,0,0,,"3437 21ST AVENUE, REGINA, SK S4S0T8",Address,Lakeview A,REDACTED,Property Owner,"110-Single House, single detached home, bungalow, linked home (linked at the foundation), single family dwelling"
PRRN202600153,Renovation/Alteration,2026-01-26 00:00:00,Residential,Alteration and improvements,13000,0,0,,"1238 N FLEXMAN CRESCENT, REGINA, SK S4X2Y8",Address,Lakewood,JS GROUP OF COMPANIES,Contractor,"110-Single House, single detached home, bungalow, linked home (linked at the foundation), single family dwelling"
PRSF202503102,Single/Semi-Detached Dwelling 1-2 units,2026-01-26 00:00:00,Residential,New construction,400000,2,2,,"2704 LACON STREET, REGINA, SK S4N2A7",Address,Dominion Heights,NORDWEST STUCCO LTD. - ERDAL SEZEN,Contractor,"110-Single House, single detached home, bungalow, linked home (linked at the foundation), single family dwelling"
PRSS202503599,Secondary Suite,2026-01-26 00:00:00,Residential,Alteration and improvements,68000,1,0,,"3184 FAVEL DRIVE, REGINA, SK S4V4C7",Address,The Towns,REDACTED,Property Owner,"110-Single House, single detached home, bungalow, linked home (linked at the foundation), single family dwelling"
PRSS202600005,Secondary Suite,2026-01-26 00:00:00,Residential,Alteration and improvements,60000,1,0,,"2949 GREEN STONE ROAD, REGINA, SK S4V3Z9",Address,The Towns,REDACTED,Property Owner,"330-Row House, garden home, town house, carriage home, quadrex"
PRSS202600036,Secondary Suite,2026-01-26 00:00:00,Residential,Alteration and improvements,65000,1,0,,"4809 FERNDALE CRESCENT, REGINA, SK S4V4A5",Address,The Towns,REDACTED,Property Owner,"110-Single House, single detached home, bungalow, linked home (linked at the foundation), single family dwelling"
PRDE202600147,Demolition,2026-01-27 00:00:00,Residential,Demolition,27000,0,0,1,"1346 RETALLACK STREET, REGINA, SK S4T2H9",Address,Old 33,DAVIES EXCAVATING LTD,Contractor,"110-Single House, single detached home, bungalow, linked home (linked at the foundation), single family dwelling"
PRDE202600148,Demolition,2026-01-27 00:00:00,Residential,Demolition,30000,0,0,1,"1057 RAE STREET, REGINA, SK S4T2B7",Address,Old 33,DAVIES EXCAVATING LTD,Contractor,"110-Single House, single detached home, bungalow, linked home (linked at the foundation), single family dwelling"
PRFR202600183,Foundation Repair,2026-01-27 00:00:00,Residential,Alteration and improvements,17325,0,0,,"4730 MCTAVISH STREET, REGINA, SK S4S6N6",Address,Albert Park,TRIPLE R CONCRETE CUTTING,Contractor,"110-Single House, single detached home, bungalow, linked home (linked at the foundation), single family dwelling"
PRRN202503180,Renovation/Alteration,2026-01-27 00:00:00,Commercial,Alteration and improvements,150000,0,1,,"3750 CHUKA BOULEVARD, REGINA, SK S4V4C2",Address,The Greens on Gardiner,AVISH CONSTRUCTION,Contractor,"540-Restaurant, bar, tavern, night club, diner, donut shop"
PRRN202600129,Renovation/Alteration,2026-01-27 00:00:00,Residential,Alteration and improvements,17123,0,0,,"1502 JUBILEE AVENUE, REGINA, SK S4S3T3",Address,Hillsdale,PRAIRIE PROBUILT,Contractor,335-Row House - Condominium
PRSF202600079,Single/Semi-Detached Dwelling 1-2 units,2026-01-27 00:00:00,Residential,New construction,375000,1,1,,"2312 SAUNDERS CRESCENT, REGINA, SK S4X0N8",Address,Kensington Greens,STHAMANN HOMES INC.,Contractor,"110-Single House, single detached home, bungalow, linked home (linked at the foundation), single family dwelling"
PRSS202600059,Secondary Suite,2026-01-27 00:00:00,Residential,Alteration and improvements,80000,1,0,,"3222 GREEN STONE ROAD, REGINA, SK S4V3R3",Address,The Towns,REDACTED,Property Owner,"210-Semi-Detached or Double House, single attached home"
PRBS202600171,Basement Development,2026-01-28 00:00:00,Residential,Alteration and improvements,10000,0,0,,"1120 GRYPHONS WALK, REGINA, SK S4S6X1",Address,Hillsdale,REDACTED,Property Owner,"330-Row House, garden home, town house, carriage home, quadrex"
PRFR202600200,Foundation Repair,2026-01-28 00:00:00,Residential,Alteration and improvements,6000,0,0,,"414 RINK AVENUE, REGINA, SK S4X2C6",Address,Mccarthy Park,BOUSS CONSTRUCTION INC.,Property Owner,"110-Single House, single detached home, bungalow, linked home (linked at the foundation), single family dwelling"
PRFR202600219,Foundation Repair,2026-01-28 00:00:00,Residential,Alteration and improvements,5500,0,0,,"26 EDDY STREET, REGINA, SK S4R4P9",Address,Regent Park,SHAMAYA CONSTRUCTION,Contractor,"110-Single House, single detached home, bungalow, linked home (linked at the foundation), single family dwelling"
PRRN202600106,Renovation/Alteration,2026-01-28 00:00:00,Institutional,Alteration and improvements,307665.83,0,6,,"4101 DEWDNEY AVENUE, REGINA, SK S4T1A5",Address,Old 33,TRANS CANADA CONTRACTING LTD. - KEITH HUBELIT,Contractor,"640-Hospital; general, military, specialized"
PRSF202600077,Single/Semi-Detached Dwelling 1-2 units,2026-01-28 00:00:00,Residential,New construction,400000,2,2,,3040 FAVEL DRIVE,Address,The Towns,PACESETTER NEW HOMES LTD.,Contractor,"110-Single House, single detached home, bungalow, linked home (linked at the foundation), single family dwelling"
PRSS202600117,Secondary Suite,2026-01-28 00:00:00,Residential,Alteration and improvements,45500,1,0,,"4728 FERNDALE CRESCENT, REGINA, SK S4V4A4",Address,The Towns,LUCKY LINKS BUILDING SERVICES LTD. - LUCKY ALUGE,Contractor,"210-Semi-Detached or Double House, single attached home"
PRAD202600043,Addition,2026-01-29 00:00:00,Institutional,Addition to existing building commercial & residential,1594000,0,2,,"5757 ROCHDALE BOULEVARD, REGINA, SK S4X3P5",Address,Garden Ridge,THE BOARD OF EDUCATION OF THE REGINA ROMAN CATHOLIC SEPARATE SCHOOL DIVISION NO. 81,Property Owner,"622-Secondary school, high school, junior high school"
PRBS202600191,Basement Development,2026-01-29 00:00:00,Residential,Alteration and improvements,54000,0,0,,"3601 GREEN MARSH CRESCENT, Unit:115, REGINA, SK S4V4C9",Address,The Greens on Gardiner,NORTH RIDGE DEVELOPMENT CORP. - NIGEL CATER,Contractor,335-Row House - Condominium
PRFR202600224,Foundation Repair,2026-01-29 00:00:00,Residential,Alteration and improvements,3000,0,0,,"35 BOTHWELL CRESCENT, REGINA, SK S4R5Y7",Address,Uplands,REDACTED,Property Owner,"110-Single House, single detached home, bungalow, linked home (linked at the foundation), single family dwelling"
PRFR202600230,Foundation Repair,2026-01-29 00:00:00,Residential,Alteration and improvements,9430,0,0,,"626 ABERDEEN CRESCENT, REGINA, SK S4T6A9",Address,Rosemont North,AAA SOLID FOUNDATION,Contractor,"110-Single House, single detached home, bungalow, linked home (linked at the foundation), single family dwelling"
PRFR202600231,Foundation Repair,2026-01-29 00:00:00,Residential,Alteration and improvements,7525,0,0,,"1415 SOUTHAM STREET, REGINA, SK S4T6X6",Address,Grand Trunk Annex,REDACTED,Property Owner,"110-Single House, single detached home, bungalow, linked home (linked at the foundation), single family dwelling"
PRNR202502614,New Commercial,2026-01-29 00:00:00,Industrial,New construction,1900000,0,1,,"3540 EAST BYPASS SERVICE ROAD, Unit:HDR, REGINA, SK S4V3L7",Address,Chuka Creek Business,THE OWNERS: CONDOMINIUM CORPORATION NO. 102134249,Property Owner,"460-Storage building; warehouse (for storage purposes only), industrial mall, grain elevator, locker rental, silo, quonset, refrigerated storage terminal"
PRRN202600121,Renovation/Alteration,2026-01-29 00:00:00,Commercial,Alteration and improvements,85000,0,1,,"3806 ALBERT STREET, REGINA, SK S4S3R1",Address,Parliament Place,4187415 CANADA INC.,Property Owner,"512-Retail complex; plaza, mall, shopping centre, store/office building"
PRRN202600126,Renovation/Alteration,2026-01-29 00:00:00,Commercial,Alteration and improvements,15000,0,1,,"855 PARK STREET, REGINA, SK S4N6M1",Address,Industrial Ross,NOBEL REIT GP INC. / COMMANDITE FPI NOBEL INC.,Property Owner,"460-Storage building; warehouse (for storage purposes only), industrial mall, grain elevator, locker rental, silo, quonset, refrigerated storage terminal"
PRRN202600158,Renovation/Alteration,2026-01-29 00:00:00,Residential,Alteration and improvements,90000,0,0,,"5906 HAGUE CRESCENT, REGINA, SK S4X3K5",Address,Lakewood,TECHNIQUE CONSTRUCTION,Contractor,"110-Single House, single detached home, bungalow, linked home (linked at the foundation), single family dwelling"
PRSG202600091,Sign,2026-01-29 00:00:00,Commercial,Alteration and improvements,55000,0,0,,"3710 E QUANCE STREET, REGINA, SK S4V3A4",Address,Spruce Meadows,CALLOWAY REIT (REGINA E2) INC.,Property Owner,Not Applicable
PRSS202600130,Secondary Suite,2026-01-29 00:00:00,Residential,Addition to existing building commercial & residential,46500,1,0,,"2913 WELBY WAY, REGINA, SK S4V4A4",Address,The Towns,REDACTED,Property Owner,"210-Semi-Detached or Double House, single attached home"
PRBS202600236,Basement Development,2026-01-30 00:00:00,Residential,Alteration and improvements,50000,0,0,,"5528 NORSEMAN CRESCENT, REGINA, SK S4W0J8",Address,Harbour Landing,REDACTED,Property Owner,"110-Single House, single detached home, bungalow, linked home (linked at the foundation), single family dwelling"
PRFR202600222,Foundation Repair,2026-01-30 00:00:00,Residential,Alteration and improvements,5000,0,0,,"49 LANGLEY STREET, REGINA, SK S4S3V5",Address,Hillsdale,HRC CONSTRUCTION LTD. - CAL ROSE,Contractor,"110-Single House, single detached home, bungalow, linked home (linked at the foundation), single family dwelling"
PRGA202600115,Garage/Carport,2026-01-30 00:00:00,Residential,Garage/Carport/Accessory Structure,15000,0,0,,"1765 RED SPRING STREET, REGINA, SK S4Y0G4",Address,Westerra,PACESETTER NEW HOMES LTD.,Contractor,"330-Row House, garden home, town house, carriage home, quadrex"
PRMH202600238,Plumbing,2026-01-30 00:00:00,Residential,Mechanical,5000,0,0,,"459 FROOM CRESCENT, REGINA, SK S4N1T5",Address,Glen Elm Park S.,102142248 SASKATCHEWAN CORP.,Property Owner,"110-Single House, single detached home, bungalow, linked home (linked at the foundation), single family dwelling"
PRPO202600182,Pool,2026-01-30 00:00:00,Residential,Swimming pool,250000,0,0,,"3078 WASCANA GLEN, REGINA, SK S4V2L3",Address,Wascana View,REDACTED,Property Owner,"110-Single House, single detached home, bungalow, linked home (linked at the foundation), single family dwelling"
PRSF202600123,Single/Semi-Detached Dwelling 1-2 units,2026-01-30 00:00:00,Residential,New construction,433000,1,2,,"7205 MAPLE IVY DRIVE, REGINA, SK S4X0P1",Address,Maple Ridge,GILROY HOMES INC.,Contractor,"110-Single House, single detached home, bungalow, linked home (linked at the foundation), single family dwelling"
PRSS202503590,Secondary Suite,2026-01-30 00:00:00,Residential,Alteration and improvements,40000,1,0,,"5217 CRANE CRESCENT, REGINA, SK S4W0J3",Address,Harbour Landing,FIRST CALL CONSTRUCTION INC.,Contractor,"110-Single House, single detached home, bungalow, linked home (linked at the foundation), single family dwelling"
PRSS202600132,Secondary Suite,2026-01-30 00:00:00,Residential,Addition to existing building commercial & residential,65000,1,0,,"3136 FAVEL DRIVE, REGINA, SK S4V4C8",Address,The Towns,REDACTED,Property Owner,"110-Single House, single detached home, bungalow, linked home (linked at the foundation), single family dwelling"
PRDE202600194,Demolition,2026-02-02 00:00:00,Residential,Demolition,1000,0,0,1,"2778 BRODER STREET, REGINA, SK S4N3T7",Address,Assiniboia  Place,ALAIR HOMES - ANDREW MANN,Contractor,"110-Single House, single detached home, bungalow, linked home (linked at the foundation), single family dwelling"
PRFR202600146,Foundation Repair,2026-02-02 00:00:00,Residential,Alteration and improvements,30000,0,0,,"10 SELKIRK CRESCENT, REGINA, SK S4S6J4",Address,Albert Park,GCA CONSTRUCTION,Contractor,"110-Single House, single detached home, bungalow, linked home (linked at the foundation), single family dwelling"
PRRN202503017,Renovation/Alteration,2026-02-02 00:00:00,Commercial,Alteration and improvements,70000,0,0,,"1920 COLLEGE AVENUE, REGINA, SK S4P1C4",Address,Old 33,102109172 SASKATCHEWAN LTD.,Property Owner,"520-Office building; consultant’s office, doctor’s office, insurance company, bank, taxi stand, office/cafeteria, office/smoke shop"
PRDE202502215,Demolition,2026-02-03 00:00:00,Residential,Demolition,0,0,0,1,"101 BROAD STREET, REGINA, SK S4R1W8",Address,North Annex,SJH HOLDINGS LTD.,Property Owner,"110-Single House, single detached home, bungalow, linked home (linked at the foundation), single family dwelling"
PRDK202502331,Deck/Sunroom,2026-02-03 00:00:00,Residential,Alteration and improvements,5000,0,0,,"200 N SCARTH STREET, REGINA, SK S4R2Z5",Address,Cityview,REDACTED,Property Owner,"110-Single House, single detached home, bungalow, linked home (linked at the foundation), single family dwelling"
PRFR202600258,Foundation Repair,2026-02-03 00:00:00,Residential,Alteration and improvements,6000,0,1,,"7119 BLAKENEY DRIVE, REGINA, SK S4X2M4",Address,Sherwood Estates,REDACTED,Property Owner,"110-Single House, single detached home, bungalow, linked home (linked at the foundation), single family dwelling"
PRRN202502203,Renovation/Alteration,2026-02-03 00:00:00,Commercial,Alteration and improvements,900000,0,1,,"1300 8TH AVENUE, REGINA, SK S4R1E2",Address,Old 33,KLOAK HOLDINGS LTD.,Property Owner,"512-Retail complex; plaza, mall, shopping centre, store/office building"
PRRN202600138,Renovation/Alteration,2026-02-03 00:00:00,Residential,Alteration and improvements,5000,0,0,,"1756 TORONTO STREET, REGINA, SK S4P1M4",Address,Old 33,CHIDERA INVESTMENTS LIMITED,Property Owner,"110-Single House, single detached home, bungalow, linked home (linked at the foundation), single family dwelling"
PRSS202503366,Secondary Suite,2026-02-03 00:00:00,Residential,Addition to existing building commercial & residential,49000,1,0,,"3055 TROMBLEY STREET, REGINA, SK S4V3V7",Address,The Towns,REDACTED,Property Owner,"330-Row House, garden home, town house, carriage home, quadrex"
PRBS202600185,Basement Development,2026-02-04 00:00:00,Residential,Alteration and improvements,15000,0,0,,"4700 FERNDALE CRESCENT, REGINA, SK S4V4A4",Address,The Towns,REDACTED,Property Owner,"210-Semi-Detached or Double House, single attached home"
PRDE202503364,Demolition,2026-02-04 00:00:00,Residential,Demolition,10000,0,0,,"2615 E DEWDNEY AVENUE, REGINA, SK S4N4P5",Address,Glencairn Village,REDACTED,Property Owner,"110-Single House, single detached home, bungalow, linked home (linked at the foundation), single family dwelling"
PRDK202600205,Deck/Sunroom,2026-02-04 00:00:00,Residential,Alteration and improvements,10000,0,0,,"2801 ROCHDALE BOULEVARD, REGINA, SK S4X0N1",Address,Hawkstone,VARSITY HOMES LTD.,Contractor,"210-Semi-Detached or Double House, single attached home"
PRFR202600199,Foundation Repair,2026-02-04 00:00:00,Residential,Alteration and improvements,20000,0,0,,"2811 SINTON AVENUE, REGINA, SK S4S1K4",Address,Lakeview Centre,REDACTED,Property Owner,"110-Single House, single detached home, bungalow, linked home (linked at the foundation), single family dwelling"
PRFR202600235,Foundation Repair,2026-02-04 00:00:00,Residential,Alteration and improvements,5000,0,0,,"470 HAMILTON STREET, REGINA, SK S4R2A7",Address,Highland Park,REGINA HOUSE LEVELING - TRAVIS ZERIE,Contractor,"110-Single House, single detached home, bungalow, linked home (linked at the foundation), single family dwelling"
PRFR202600265,Foundation Repair,2026-02-04 00:00:00,Residential,Alteration and improvements,4000,0,0,,"32 ATCHISON CRESCENT, REGINA, SK S4R5J9",Address,Normanview,ISH'S CONSTRUCTION INC.,Contractor,"110-Single House, single detached home, bungalow, linked home (linked at the foundation), single family dwelling"
PRRN202600188,Renovation/Alteration,2026-02-04 00:00:00,Residential,Alteration and improvements,10000,0,0,,"2352 ATHOL STREET, REGINA, SK S4T3G3",Address,Old 33,REDACTED,Property Owner,"110-Single House, single detached home, bungalow, linked home (linked at the foundation), single family dwelling"
PRRN202600227,Renovation/Alteration,2026-02-04 00:00:00,Residential,Alteration and improvements,3000,0,0,,"150 ANGUS ROAD, REGINA, SK S4R3L5",Address,Coronation Park N.,REDACTED,Property Owner,"110-Single House, single detached home, bungalow, linked home (linked at the foundation), single family dwelling"
PRSF202600177,Single/Semi-Detached Dwelling 1-2 units,2026-02-04 00:00:00,Residential,New construction,400000,1,2,,"3176 FAVEL DRIVE, REGINA, SK S4V4C7",Address,The Towns,PACESETTER NEW HOMES LTD.,Contractor,"110-Single House, single detached home, bungalow, linked home (linked at the foundation), single family dwelling"
PRSS202600198,Secondary Suite,2026-02-04 00:00:00,Residential,Other,65000,1,0,,"8802 WHEAT CRESCENT, REGINA, SK S4Y0H5",Address,Westerra,REDACTED,Property Owner,"110-Single House, single detached home, bungalow, linked home (linked at the foundation), single family dwelling"
PRSS202600201,Secondary Suite,2026-02-04 00:00:00,Residential,Alteration and improvements,64000,1,0,,"5501 GILBERT CRESCENT, REGINA, SK S4W0J7",Address,Harbour Landing,REDACTED,Property Owner,"110-Single House, single detached home, bungalow, linked home (linked at the foundation), single family dwelling"
PRSS202600215,Secondary Suite,2026-02-04 00:00:00,Residential,Other,72000,1,0,,"4600 E BUCKINGHAM DRIVE, REGINA, SK S4V3X8",Address,The Towns,REDACTED,Property Owner,"110-Single House, single detached home, bungalow, linked home (linked at the foundation), single family dwelling"
PRSS202600216,Secondary Suite,2026-02-04 00:00:00,Residential,Addition to existing building commercial & residential,55000,1,0,,"3149 GREEN TURTLE ROAD, REGINA, SK S4V4C5",Address,The Towns,REDACTED,Property Owner,"110-Single House, single detached home, bungalow, linked home (linked at the foundation), single family dwelling"
PRFR202600256,Foundation Repair,2026-02-05 00:00:00,Residential,Alteration and improvements,40000,0,1,,"700 MCINTOSH STREET, REGINA, SK S4T5B2",Address,Rosemont North,REDACTED,Property Owner,"110-Single House, single detached home, bungalow, linked home (linked at the foundation), single family dwelling"
PRNR202503201,New Commercial,2026-02-05 00:00:00,Commercial,Foundation (new),80000,0,0,,"4400 4TH AVENUE, REGINA, SK S4T0H8",Address,Transcona,LEDCOR CONSTRUCTION - MARK BEHRNS,Contractor,"510-Retail and wholesale outlets; retail outlet, department store, photographic studio, rental service, beauty salon, hairdressing salon, lumber yard, dry cleaner, laundromat"
PRRN202503051,Renovation/Alteration,2026-02-05 00:00:00,Industrial,Alteration and improvements,19657700,0,2,,"1660 PARK STREET, REGINA, SK S4N2G1",Address,Tuxedo Park,GRAHAM CONSTRUCTION,Contractor,"610-Government legislative and administration building other than office building; city hall, court of justice, embassy, parliament and senate building"
PRRN202503571,Renovation/Alteration,2026-02-05 00:00:00,Residential,Alteration and improvements,5000,0,0,,"1358 MONTAGUE STREET, REGINA, SK S4T3H9",Address,Old 33,REDACTED,Property Owner,"110-Single House, single detached home, bungalow, linked home (linked at the foundation), single family dwelling"
PRSS202503593,Secondary Suite,2026-02-05 00:00:00,Residential,Alteration and improvements,60000,1,0,,"2904 WELBY WAY, REGINA, SK S4V4A4",Address,The Towns,REDACTED,Property Owner,"210-Semi-Detached or Double House, single attached home"
PRSS202600078,Secondary Suite,2026-02-05 00:00:00,Residential,Alteration and improvements,60000,1,0,,"2981 WELBY WAY, REGINA, SK S4V4A2",Address,The Towns,GREEN STONE RENOVATIONS LTD,Contractor,"330-Row House, garden home, town house, carriage home, quadrex"
PRSS202600163,Secondary Suite,2026-02-05 00:00:00,Residential,Alteration and improvements,57000,1,0,,"4732 FERNDALE CRESCENT, REGINA, SK S4V4A4",Address,The Towns,LUCKY LINKS BUILDING SERVICES LTD. - LUCKY ALUGE,Contractor,"210-Semi-Detached or Double House, single attached home"
PRTN202600192,Tent / Temporary Structure,2026-02-05 00:00:00,Commercial,Other,5000,0,0,,"1700 ELPHINSTONE STREET, REGINA, SK S4P2Z6",Address,Old 33,CITY OF REGINA,Property Owner,Not Applicable
PRNR202402840,New Commercial,2026-02-06 00:00:00,Commercial,New construction,1200000,0,2,,"676 SOLOMON CRESCENT, REGINA, SK S4N6H9",Address,Industrial Ross,PIPKO HOLDINGS  LTD.,Property Owner,"460-Storage building; warehouse (for storage purposes only), industrial mall, grain elevator, locker rental, silo, quonset, refrigerated storage terminal"
PRNR202502837,New Commercial,2026-02-06 00:00:00,Commercial,Superstructure or part of new building,46300000,0,5,,4755 GRASSLAND STREET,Address,Wascana Park,GRAHAM CONSTRUCTION - TYSON SNIDER | GRAHAM DESIGN BUILDERS LP,Contractor,"650-Day care, nursing home, rest home, home for the blind, charitable home, detoxification center"
PRRN202503297,Renovation/Alteration,2026-02-06 00:00:00,Residential,Alteration and improvements,10000,0,0,,"2716 WINNIPEG STREET, REGINA, SK S4P1H9",Address,Wascana Addition,REDACTED,Property Owner,"110-Single House, single detached home, bungalow, linked home (linked at the foundation), single family dwelling"
PRRN202600190,Renovation/Alteration,2026-02-06 00:00:00,Residential,Alteration and improvements,2000,0,0,,"5425 E BUCKINGHAM DRIVE, REGINA, SK S4V4B5",Address,The Towns,WOOD COUNTRY BUILDING SERVICES LTD. - RYAN WILSON,Contractor,"330-Row House, garden home, town house, carriage home, quadrex"
PRRN202600212,Renovation/Alteration,2026-02-06 00:00:00,Residential,Alteration and improvements,7000,0,0,,"207 MCCANNEL STREET, REGINA, SK S4R3V2",Address,Regent Park,REDACTED,Property Owner,"110-Single House, single detached home, bungalow, linked home (linked at the foundation), single family dwelling"
PRRN202600233,Renovation/Alteration,2026-02-06 00:00:00,Residential,Alteration and improvements,5000,0,0,,"93 BELL STREET, REGINA, SK S4S5V2",Address,Hillsdale,REDACTED,Property Owner,"110-Single House, single detached home, bungalow, linked home (linked at the foundation), single family dwelling"
PRSF202600195,Single/Semi-Detached Dwelling 1-2 units,2026-02-06 00:00:00,Residential,New construction,403800,1,2,,"3268 FAVEL DRIVE, REGINA, SK S4V4B2",Address,The Towns,"DKM ENGINEERING LTD. - JIM  MARKATOS, P.ENG | HOMES BY DREAM",Contractor,"110-Single House, single detached home, bungalow, linked home (linked at the foundation), single family dwelling"
PRMH202600291,Plumbing,2026-02-09 00:00:00,Commercial,Mechanical,70000,0,0,,"2105 HAMILTON STREET, REGINA, SK S4P2E6",Address,Old 33,CERTIFIED PLUMBING & HEATING LTD.,Contractor,"310-Apartment, apartment building, duplex, triplex, quadruple"
PRRN202600085,Renovation/Alteration,2026-02-09 00:00:00,Commercial,Alteration and improvements,60000,0,3,,"3085 ALBERT STREET, REGINA, SK S4S0B1",Address,Wascana Park,CROWN IN RIGHT OF SASKATCHEWAN,Property Owner,"522-Office complex; office/store, office/apartment"
PRRN202600088,Renovation/Alteration,2026-02-09 00:00:00,Commercial,Alteration and improvements,2500000,0,1,,"2231 E QUANCE STREET, REGINA, SK S4V2Z3",Address,Glen Elm Park,CROMBIE FC PROPERTIES LIMITED,Property Owner,"510-Retail and wholesale outlets; retail outlet, department store, photographic studio, rental service, beauty salon, hairdressing salon, lumber yard, dry cleaner, laundromat"
PRSS202600144,Secondary Suite,2026-02-09 00:00:00,Residential,Alteration and improvements,45000,1,0,,"3122 BOWEN STREET, REGINA, SK S4V4C6",Address,The Towns,LUCKY LINKS BUILDING SERVICES LTD. - LUCKY ALUGE,Contractor,"110-Single House, single detached home, bungalow, linked home (linked at the foundation), single family dwelling"
PRBS202600152,Basement Development,2026-02-10 00:00:00,Residential,Alteration and improvements,7000,0,0,,"4638 HAMES CRESCENT, REGINA, SK S4W0B4",Address,Harbour Landing,REDACTED,Property Owner,"110-Single House, single detached home, bungalow, linked home (linked at the foundation), single family dwelling"
PRFR202502722,Foundation Repair,2026-02-10 00:00:00,Residential,Alteration and improvements,18000,0,0,,"36 BIRCHWOOD ROAD, REGINA, SK S4S5N2",Address,Whitmore Park,GCA CONSTRUCTION,Contractor,"110-Single House, single detached home, bungalow, linked home (linked at the foundation), single family dwelling"
PRFR202503565,Foundation Repair,2026-02-10 00:00:00,Residential,Alteration and improvements,2000,0,0,,"1407 12TH AVENUE N, REGINA, SK S4R7W6",Address,Uplands,REGINA HOUSE LEVELING - TRAVIS ZERIE,Contractor,"110-Single House, single detached home, bungalow, linked home (linked at the foundation), single family dwelling"
PRFR202600314,Foundation Repair,2026-02-10 00:00:00,Residential,Alteration and improvements,7000,0,0,,"73 ACADEMY PARK ROAD, REGINA, SK S4S4T8",Address,Whitmore Park,GCA CONSTRUCTION,Contractor,"110-Single House, single detached home, bungalow, linked home (linked at the foundation), single family dwelling"
PRMH202600304,Plumbing,2026-02-10 00:00:00,Residential,Mechanical,11621.96,0,0,,"139 SUNSET DRIVE, REGINA, SK S4S2S1",Address,Albert Park,REDACTED,Property Owner,"110-Single House, single detached home, bungalow, linked home (linked at the foundation), single family dwelling"
PRRN202503538,Renovation/Alteration,2026-02-10 00:00:00,Commercial,Alteration and improvements,3311236,0,2,,"4020 ROCHDALE BOULEVARD, REGINA, SK S4X4P7",Address,Hawkstone,WESTRIDGE CONSTRUCTION - LIAM CLARKE,Contractor,"572-Service station, repair garage and specialty shop; gasoline station, service station/car wash, muffler shop, transmission shop, service station/garage"
PRRN202600017,Renovation/Alteration,2026-02-10 00:00:00,Commercial,Alteration and improvements,150000,0,1,,"459 HENDERSON DRIVE, REGINA, SK S4N5W8",Address,Industrial Ross,QUEEN CITY AUTO BODY LTD.,Property Owner,"572-Service station, repair garage and specialty shop; gasoline station, service station/car wash, muffler shop, transmission shop, service station/garage"
PRSF202600247,Single/Semi-Detached Dwelling 1-2 units,2026-02-10 00:00:00,Residential,New construction,402850,1,2,,"3033 GREEN TURTLE ROAD, REGINA, SK S4V4E6",Address,The Towns,HOMES BY DREAM,Contractor,"110-Single House, single detached home, bungalow, linked home (linked at the foundation), single family dwelling"
PRSS202600223,Secondary Suite,2026-02-10 00:00:00,Residential,Alteration and improvements,50000,1,0,,"3016 KAUFMAN WAY, REGINA, SK S4V3Z5",Address,The Towns,CRAWFORD HOMES (1991) LTD.,Contractor,"110-Single House, single detached home, bungalow, linked home (linked at the foundation), single family dwelling"
PRSS202600229,Secondary Suite,2026-02-10 00:00:00,Residential,Alteration and improvements,65000,1,0,,"2936 WELBY WAY, REGINA, SK S4V4A2",Address,The Towns,REDACTED,Property Owner,"210-Semi-Detached or Double House, single attached home"
PRTN202600225,Tent / Temporary Structure,2026-02-10 00:00:00,Commercial,Other,19000,0,0,,2190 VICTORIA AVENUE,Address,Old 33,SUPERIOR TENT RENTALS - CHRIS SISSON,Contractor,Not Applicable
PRBS202600318,Basement Development,2026-02-11 00:00:00,Residential,Alteration and improvements,15000,0,0,,"1753 RED SPRING STREET, REGINA, SK S4Y0G4",Address,Westerra,REDACTED,Property Owner,"110-Single House, single detached home, bungalow, linked home (linked at the foundation), single family dwelling"
PRFR202600260,Foundation Repair,2026-02-11 00:00:00,Residential,Alteration and improvements,6028,0,0,,"215 MAGEE CRESCENT, REGINA, SK S4R6K6",Address,Argyle Park,REGINA BASEMENT BRACING - COLE CROWLEY,Contractor,"110-Single House, single detached home, bungalow, linked home (linked at the foundation), single family dwelling"
PRFR202600261,Foundation Repair,2026-02-11 00:00:00,Residential,Alteration and improvements,2730,0,0,,"937 EDGAR STREET, REGINA, SK S4N3J3",Address,Eastview,REGINA BASEMENT BRACING - COLE CROWLEY,Contractor,"110-Single House, single detached home, bungalow, linked home (linked at the foundation), single family dwelling"
PRFR202600293,Foundation Repair,2026-02-11 00:00:00,Residential,Alteration and improvements,50000,0,0,,"2752 ROTHWELL STREET, REGINA, SK S4N2E4",Address,Dominion Heights,RSR CONSTRUCTION  TERRY PAUN,Contractor,"110-Single House, single detached home, bungalow, linked home (linked at the foundation), single family dwelling"
PRFR202600327,Foundation Repair,2026-02-11 00:00:00,Residential,Alteration and improvements,2960,0,0,,"840 GRACE STREET, REGINA, SK S4T5M3",Address,Rosemont North,AAA SOLID FOUNDATION,Contractor,"110-Single House, single detached home, bungalow, linked home (linked at the foundation), single family dwelling"
PRRN202600259,Renovation/Alteration,2026-02-11 00:00:00,Commercial,Alteration and improvements,130000,0,0,,"1870 ALBERT STREET, REGINA, SK S4P4B7",Address,Old 33,HREIT HOLDINGS 50 CORPORATION,Property Owner,"520-Office building; consultant’s office, doctor’s office, insurance company, bank, taxi stand, office/cafeteria, office/smoke shop"
PRSS202503089,Secondary Suite,2026-02-11 00:00:00,Residential,Alteration and improvements,45000,1,0,,"2945 NARCISSE DRIVE, REGINA, SK S4X0M6",Address,Hawkstone,REDACTED,Property Owner,"210-Semi-Detached or Double House, single attached home"
PRBS202600349,Basement Development,2026-02-12 00:00:00,Residential,Alteration and improvements,6000,0,0,,"31 LAIRD CRESCENT, REGINA, SK S4R4N7",Address,Regent Park,REDACTED,Property Owner,"110-Single House, single detached home, bungalow, linked home (linked at the foundation), single family dwelling"
PRFR202600324,Foundation Repair,2026-02-12 00:00:00,Residential,Alteration and improvements,6300,0,0,,"179 MCINNIS CRESCENT, REGINA, SK S4R3E9",Address,Coronation Park N.,TRIPLE R CONCRETE CUTTING,Contractor,"110-Single House, single detached home, bungalow, linked home (linked at the foundation), single family dwelling"
PRFR202600325,Foundation Repair,2026-02-12 00:00:00,Residential,Alteration and improvements,8200,0,0,,"246 WELLS STREET, REGINA, SK S4R6T2",Address,Walsh Acres,TRIPLE R CONCRETE CUTTING,Contractor,"110-Single House, single detached home, bungalow, linked home (linked at the foundation), single family dwelling"
PRRN202600176,Renovation/Alteration,2026-02-12 00:00:00,Residential,Alteration and improvements,20000,0,0,,"33 PARKWOOD ROAD, REGINA, SK S4S2Z8",Address,Albert Park,INCEPTION CONTRACTING LTD.,Contractor,"110-Single House, single detached home, bungalow, linked home (linked at the foundation), single family dwelling"
PRRN202600245,Renovation/Alteration,2026-02-12 00:00:00,Commercial,Alteration and improvements,10000,0,1,,"2160 BROAD STREET, REGINA, SK S4P1Y5",Address,Old 33,JASON WALL -FUSION DEVELOPMENT SOLUTIONS LTD,Contractor,"520-Office building; consultant’s office, doctor’s office, insurance company, bank, taxi stand, office/cafeteria, office/smoke shop"
PRSF202600097,Single/Semi-Detached Dwelling 1-2 units,2026-02-12 00:00:00,Residential,New construction,400000,1,2,,"8705 WHEAT CRESCENT, REGINA, SK S4Y0H8",Address,Westerra,PACESETTER NEW HOMES LTD.,Contractor,"110-Single House, single detached home, bungalow, linked home (linked at the foundation), single family dwelling"
PRSF202600098,Single/Semi-Detached Dwelling 1-2 units,2026-02-12 00:00:00,Residential,New construction,400000,1,2,,"8709 WHEAT CRESCENT, REGINA, SK S4Y0H8",Address,Westerra,COLBY KIRKPATRICK - PACESETTER HOMES,Contractor,"110-Single House, single detached home, bungalow, linked home (linked at the foundation), single family dwelling"
PRBS202502409,Basement Development,2026-02-13 00:00:00,Residential,Alteration and improvements,35000,0,0,,"5613 CEDERHOLM AVENUE, REGINA, SK S4W0M9",Address,Harbour Landing,REDACTED,Property Owner,"330-Row House, garden home, town house, carriage home, quadrex"
PRSF202600145,Single/Semi-Detached Dwelling 1-2 units,2026-02-13 00:00:00,Residential,New construction,375000,1,2,,"2416 BETTERIDGE DRIVE, REGINA, SK S4X0N7",Address,Kensington Greens,CRAWFORD HOMES (1991) LTD.,Contractor,"110-Single House, single detached home, bungalow, linked home (linked at the foundation), single family dwelling"
PRSF202600243,Single/Semi-Detached Dwelling 1-2 units,2026-02-13 00:00:00,Residential,New construction,326590,2,2,,"2998 DUMONT WAY, REGINA, SK S4V4E4 | 3000 DUMONT WAY, REGINA, SK S4V4E4",Address,The Towns,CITY OF REGINA,Property Owner,"210-Semi-Detached or Double House, single attached home"
PRSS202600210,Secondary Suite,2026-02-13 00:00:00,Residential,Alteration and improvements,50000,1,0,,"4406 WOLF WILLOW PLACE, REGINA, SK S4V3L3",Address,The Creeks,REDACTED,Property Owner,"110-Single House, single detached home, bungalow, linked home (linked at the foundation), single family dwelling"
PRSS202600218,Secondary Suite,2026-02-13 00:00:00,Residential,Alteration and improvements,60000,1,0,,"5131 E KAUFMAN AVENUE, REGINA, SK S4V3W3",Address,The Towns,REDACTED,Property Owner,"110-Single House, single detached home, bungalow, linked home (linked at the foundation), single family dwelling"
PRMU202502201,Multi-Unit Dwelling 3+ Units,2026-02-17 00:00:00,Residential,New construction,2368896,16,2,,1830 ALFALFA STREET,Address,Westerra,102206569 SASKATCHEWAN LTD.,Property Owner,335-Row House - Condominium
PRMU202600040,Multi-Unit Dwelling 3+ Units,2026-02-17 00:00:00,Residential,New construction,2368896,16,2,,1830 ALFALFA STREET,Address,Westerra,102206569 SASKATCHEWAN LTD.,Property Owner,335-Row House - Condominium
PRMU202600041,Multi-Unit Dwelling 3+ Units,2026-02-17 00:00:00,Residential,New construction,1184448,8,2,,1830 ALFALFA STREET,Address,Westerra,AVANA DEVELOPMENTS INC.,Contractor,335-Row House - Condominium
PRMU202600042,Multi-Unit Dwelling 3+ Units,2026-02-17 00:00:00,Residential,New construction,2072784,14,2,,1830 ALFALFA STREET,Address,Westerra,102206569 SASKATCHEWAN LTD.,Property Owner,335-Row House - Condominium
PRMU202600044,Multi-Unit Dwelling 3+ Units,2026-02-17 00:00:00,Residential,New construction,2072784,14,2,,1830 ALFALFA STREET,Address,Westerra,AVANA DEVELOPMENTS INC.,Contractor,335-Row House - Condominium
PRMU202600045,Multi-Unit Dwelling 3+ Units,2026-02-17 00:00:00,Residential,New construction,1184448,8,2,,1830 ALFALFA STREET,Address,Westerra,102206569 SASKATCHEWAN LTD.,Property Owner,335-Row House - Condominium
PRMU202600046,Multi-Unit Dwelling 3+ Units,2026-02-17 00:00:00,Residential,New construction,1776672,12,2,,1830 ALFALFA STREET,Address,Westerra,102206569 SASKATCHEWAN LTD.,Property Owner,335-Row House - Condominium
PRMU202600047,Multi-Unit Dwelling 3+ Units,2026-02-17 00:00:00,Residential,New construction,2368896,16,2,,1830 ALFALFA STREET,Address,Westerra,102206569 SASKATCHEWAN LTD.,Property Owner,335-Row House - Condominium
PRMU202600048,Multi-Unit Dwelling 3+ Units,2026-02-17 00:00:00,Residential,New construction,1776672,12,2,,1830 ALFALFA STREET,Address,Westerra,102206569 SASKATCHEWAN LTD.,Property Owner,"330-Row House, garden home, town house, carriage home, quadrex"
PRMU202600049,Multi-Unit Dwelling 3+ Units,2026-02-17 00:00:00,Residential,New construction,1184448,8,2,,1830 ALFALFA STREET,Address,Westerra,102206569 SASKATCHEWAN LTD.,Property Owner,335-Row House - Condominium
PRMU202600050,Multi-Unit Dwelling 3+ Units,2026-02-17 00:00:00,Residential,New construction,2072784,14,2,,1830 ALFALFA STREET,Address,Westerra,102206569 SASKATCHEWAN LTD.,Property Owner,"330-Row House, garden home, town house, carriage home, quadrex"
PRRN202502822,Renovation/Alteration,2026-02-17 00:00:00,Residential,Alteration and improvements,56000,0,0,,"3921 VICTORIA AVENUE, REGINA, SK S4T1M7",Address,Old 33,REDACTED,Property Owner,"110-Single House, single detached home, bungalow, linked home (linked at the foundation), single family dwelling"
PRRN202503519,Renovation/Alteration,2026-02-17 00:00:00,Commercial,Alteration and improvements,20000,0,1,,"3040 5TH AVENUE, REGINA, SK S4T0L5",Address,Old 33,CURRY BOX RESTAURANT INC.,Property Owner,"540-Restaurant, bar, tavern, night club, diner, donut shop"
PRSS202600001,Secondary Suite,2026-02-17 00:00:00,Residential,Alteration and improvements,60000,1,0,,"3118 BOWEN STREET, REGINA, SK S4V4C6",Address,The Towns,REDACTED,Property Owner,"110-Single House, single detached home, bungalow, linked home (linked at the foundation), single family dwelling"
PRSS202600264,Secondary Suite,2026-02-17 00:00:00,Residential,Alteration and improvements,33000,1,0,,"3232 FAVEL DRIVE, REGINA, SK S4V4B3",Address,The Towns,PACESETTER NEW HOMES LTD.,Contractor,"110-Single House, single detached home, bungalow, linked home (linked at the foundation), single family dwelling"
PRTN202600320,Tent / Temporary Structure,2026-02-17 00:00:00,Commercial,Other,80000,0,0,,"4450 ROCHDALE BOULEVARD, REGINA, SK S4X4N9",Address,Lakeridge,BMO LIFE ASSURANCE COMPANY / BMO SOCIETE D`ASSURANCE-VIE | LOBLAW PROPERTIES WEST INC.,Property Owner,Not Applicable
PRDK202502273,Deck/Sunroom,2026-02-18 00:00:00,Residential,Alteration and improvements,5000,0,0,,"1909 CONNAUGHT STREET, REGINA, SK S4T4T6",Address,Cpr Annex,REDACTED,Property Owner,"110-Single House, single detached home, bungalow, linked home (linked at the foundation), single family dwelling"
PRFR202600400,Foundation Repair,2026-02-18 00:00:00,Residential,Alteration and improvements,10025,0,0,,"211 CATHERWOOD CRESCENT, REGINA, SK S4R7K4",Address,Uplands,AAA SOLID FOUNDATION,Contractor,"110-Single House, single detached home, bungalow, linked home (linked at the foundation), single family dwelling"
PRMH202600394,Plumbing,2026-02-18 00:00:00,Residential,Mechanical,6000,0,0,,"517 E 20TH AVENUE, REGINA, SK S4N1J8",Address,Douglas Place,REDACTED,Property Owner,"110-Single House, single detached home, bungalow, linked home (linked at the foundation), single family dwelling"
PRRN202600262,Renovation/Alteration,2026-02-18 00:00:00,Residential,Alteration and improvements,400,0,0,,"3363 GREEN TURTLE ROAD, REGINA, SK S4V3N6",Address,UNDEVELOP,REDACTED,Property Owner,"110-Single House, single detached home, bungalow, linked home (linked at the foundation), single family dwelling"
PRRN202600296,Renovation/Alteration,2026-02-18 00:00:00,Commercial,Alteration and improvements,4500,0,0,,"3104 VICTORIA AVENUE, REGINA, SK S4T1L2",Address,Old 33,2822761 ONTARIO INC.,Property Owner,"310-Apartment, apartment building, duplex, triplex, quadruple"
PRRN202600346,Renovation/Alteration,2026-02-18 00:00:00,Residential,Alteration and improvements,28988.01,0,0,,"55 LITZENBERGER CRESCENT, REGINA, SK S4R6G7",Address,Walsh Acres,RESTOREX DISASTER RESTORATION,Contractor,"110-Single House, single detached home, bungalow, linked home (linked at the foundation), single family dwelling"
PRSS202600155,Secondary Suite,2026-02-18 00:00:00,Residential,Alteration and improvements,42000,1,0,,"3170 25TH AVENUE, REGINA, SK S4S1K9",Address,Lakeview Centre,PROWESS CONSTRUCTION INC - ADRIAN MWELWA,Contractor,"110-Single House, single detached home, bungalow, linked home (linked at the foundation), single family dwelling"
PRTN202600319,Tent / Temporary Structure,2026-02-18 00:00:00,Commercial,Other,80000,0,0,,"2055 PRINCE OF WALES DRIVE, REGINA, SK S4V3A3",Address,Eastgate,LOBLAW PROPERTIES WEST INC.,Property Owner,Not Applicable
PRAD202502402,Addition,2026-02-19 00:00:00,Residential,Addition to existing building commercial & residential,120000,0,0,,"1632 GRANT DRIVE, REGINA, SK S4S4N2",Address,Whitmore Park,REDACTED,Property Owner,"110-Single House, single detached home, bungalow, linked home (linked at the foundation), single family dwelling"
PRBS202600388,Basement Development,2026-02-19 00:00:00,Residential,Alteration and improvements,18000,0,0,,"1010 GULL ROAD, REGINA, SK S4N7S1",Address,Parkridge,REDACTED,Property Owner,"110-Single House, single detached home, bungalow, linked home (linked at the foundation), single family dwelling"
PRBS202600397,Basement Development,2026-02-19 00:00:00,Residential,Alteration and improvements,20000,0,0,,"1443 PRINCESS STREET, REGINA, SK S4T3Z2",Address,Old 33,REDACTED,Property Owner,"110-Single House, single detached home, bungalow, linked home (linked at the foundation), single family dwelling"
PRFR202600401,Foundation Repair,2026-02-19 00:00:00,Residential,Alteration and improvements,19850,0,0,,"1829 FORGET STREET, REGINA, SK S4T4Y8",Address,Cpr Annex,AAA SOLID FOUNDATION,Contractor,"110-Single House, single detached home, bungalow, linked home (linked at the foundation), single family dwelling"
PRRN202500752,Renovation/Alteration,2026-02-19 00:00:00,Industrial,Alteration and improvements,569000,0,1,,"225 E 6TH AVENUE, REGINA, SK S4N6A6",Address,Industrial Ross,CROWN SHRED & RECYCLING INC.,Property Owner,"460-Storage building; warehouse (for storage purposes only), industrial mall, grain elevator, locker rental, silo, quonset, refrigerated storage terminal"
PRRN202600316,Renovation/Alteration,2026-02-19 00:00:00,Residential,Alteration and improvements,4000,0,0,,"103 SUNSET DRIVE, REGINA, SK S4S5V7",Address,Albert Park,REDACTED,Property Owner,"110-Single House, single detached home, bungalow, linked home (linked at the foundation), single family dwelling"
PRRN202600348,Renovation/Alteration,2026-02-19 00:00:00,Residential,Alteration and improvements,25000,0,0,,"2551 E MARGARET PLACE, REGINA, SK S4V1Z5",Address,University Park East,ALAIR HOMES - DEVAN KNOLL,Contractor,"110-Single House, single detached home, bungalow, linked home (linked at the foundation), single family dwelling"
PRSF202600226,Single/Semi-Detached Dwelling 1-2 units,2026-02-19 00:00:00,Residential,New construction,400000,1,1,,"5601 PARLIAMENT AVENUE, Unit:22, REGINA, SK S4W0V4",Address,Harbour Landing,PACESETTER NEW HOMES LTD.,Contractor,115-Single House - Condominium
PRSF202600269,Single/Semi-Detached Dwelling 1-2 units,2026-02-19 00:00:00,Residential,New construction,326590,2,2,,2950 DUMONT WAY | 2954 DUMONT WAY,Address,The Towns,ROHIT COMMUNITIES INC.,Contractor,"210-Semi-Detached or Double House, single attached home"
PRSF202600284,Single/Semi-Detached Dwelling 1-2 units,2026-02-19 00:00:00,Residential,New construction,326590,2,2,,2974 DUMONT WAY | 2978 DUMONT WAY,Address,The Towns,ROHIT COMMUNITIES INC.,Contractor,"210-Semi-Detached or Double House, single attached home"
PRSS202600014,Secondary Suite,2026-02-19 00:00:00,Residential,Alteration and improvements,42500,1,0,,"4809 E GREEN ROCK ROAD, REGINA, SK S4V3L1",Address,The Greens on Gardiner,PROWESS CONSTRUCTION INC - ADRIAN MWELWA,Contractor,"210-Semi-Detached or Double House, single attached home"
PRSS202600248,Secondary Suite,2026-02-19 00:00:00,Residential,Alteration and improvements,65000,1,0,,"2837 ELGAARD DRIVE, REGINA, SK S4X0M4",Address,Hawkstone,REDACTED,Property Owner,"110-Single House, single detached home, bungalow, linked home (linked at the foundation), single family dwelling"
PRAD202600009,Addition,2026-02-20 00:00:00,Residential,Addition to existing building commercial & residential,120000,1,0,,"354 HANLEY CRESCENT, REGINA, SK S4R5B1",Address,Normanview,REDACTED,Property Owner,"110-Single House, single detached home, bungalow, linked home (linked at the foundation), single family dwelling"
PRBS202600157,Basement Development,2026-02-20 00:00:00,Residential,Alteration and improvements,70000,0,0,,"4316 BULRUSH WAY, REGINA, SK S4V3L4",Address,The Creeks,KRATZ DEVELOPMENTS,Contractor,"110-Single House, single detached home, bungalow, linked home (linked at the foundation), single family dwelling"
PRBS202600395,Basement Development,2026-02-20 00:00:00,Residential,Alteration and improvements,46440,0,0,,"3301 GREEN BROOK ROAD, REGINA, SK S4V3K2",Address,The Greens on Gardiner,REDACTED,Property Owner,"110-Single House, single detached home, bungalow, linked home (linked at the foundation), single family dwelling"
PRDK202600220,Deck/Sunroom,2026-02-20 00:00:00,Residential,Alteration and improvements,5000,0,0,,"3005 GREEN STONE ROAD, REGINA, SK S4V3Z2",Address,The Towns,101301324 SASKATCHEWAN LTD.,Contractor,"110-Single House, single detached home, bungalow, linked home (linked at the foundation), single family dwelling"
PRDK202600221,Deck/Sunroom,2026-02-20 00:00:00,Residential,Alteration and improvements,5000,0,0,,"3025 GREEN STONE ROAD, REGINA, SK S4V3Z2",Address,The Towns,REDACTED,Property Owner,"110-Single House, single detached home, bungalow, linked home (linked at the foundation), single family dwelling"
PRFR202600409,Foundation Repair,2026-02-20 00:00:00,Residential,Alteration and improvements,9500,0,0,,"75 ROBINSON CRESCENT, REGINA, SK S4R3R1",Address,Coronation Park,AAA SOLID FOUNDATION,Contractor,"110-Single House, single detached home, bungalow, linked home (linked at the foundation), single family dwelling"
PRFR202600412,Foundation Repair,2026-02-20 00:00:00,Residential,Alteration and improvements,7000,0,1,,"130 UPLAND DRIVE, REGINA, SK S4R0C3",Address,Uplands,REGINA HOUSE LEVELING - TRAVIS ZERIE,Contractor,"110-Single House, single detached home, bungalow, linked home (linked at the foundation), single family dwelling"
PRRN202600285,Renovation/Alteration,2026-02-20 00:00:00,Residential,Alteration and improvements,100000,0,0,,"34 SIHVON BAY, REGINA, SK S4R7T3",Address,Walsh Acres,COLLABORATIVE CONSTRUCTION INC. (EBUILD),Contractor,"110-Single House, single detached home, bungalow, linked home (linked at the foundation), single family dwelling"
PRSF202600099,Single/Semi-Detached Dwelling 1-2 units,2026-02-20 00:00:00,Residential,New construction,400000,1,2,,"8713 WHEAT CRESCENT, REGINA, SK S4Y0H8",Address,Westerra,COLBY KIRKPATRICK - PACESETTER HOMES,Contractor,"110-Single House, single detached home, bungalow, linked home (linked at the foundation), single family dwelling"
PRSF202600102,Single/Semi-Detached Dwelling 1-2 units,2026-02-20 00:00:00,Residential,New construction,400000,1,2,,"8717 WHEAT CRESCENT, REGINA, SK S4Y0H8",Address,Westerra,PACESETTER NEW HOMES LTD.,Contractor,"110-Single House, single detached home, bungalow, linked home (linked at the foundation), single family dwelling"
PRBS202600186,Basement Development,2026-02-21 00:00:00,Residential,Alteration and improvements,30000,0,0,,"12 MASSEY ROAD, REGINA, SK S4S4M7",Address,Hillsdale,REDACTED,Property Owner,"110-Single House, single detached home, bungalow, linked home (linked at the foundation), single family dwelling"
PRDE202600170,Demolition,2026-02-23 00:00:00,Residential,Demolition,20000,0,0,1,"13 LATTA STREET, REGINA, SK S4S3Y2",Address,Hillsdale,FOUR SEASONS CONSTRUCTION AND RENOVATIONS INC.,Property Owner,"110-Single House, single detached home, bungalow, linked home (linked at the foundation), single family dwelling"
PRFR202600357,Foundation Repair,2026-02-23 00:00:00,Residential,Alteration and improvements,60000,0,0,,"6647 MAPLE PLACE, REGINA, SK S4X3Y7",Address,Maple Ridge,RSR CONSTRUCTION  TERRY PAUN,Contractor,"110-Single House, single detached home, bungalow, linked home (linked at the foundation), single family dwelling"
PRMH202600433,Plumbing,2026-02-23 00:00:00,Residential,Mechanical,12000,0,0,,"2722 MACKAY STREET, REGINA, SK S4N2T7",Address,Assiniboia  Place,REDACTED,Property Owner,"110-Single House, single detached home, bungalow, linked home (linked at the foundation), single family dwelling"
PRRN202503382,Renovation/Alteration,2026-02-23 00:00:00,Commercial,Alteration and improvements,30000,0,0,,"1874 SCARTH STREET, REGINA, SK S4P4B3",Address,Old 33,15877873 CANADA INC. | HDL INVESTMENTS INC. | THE CANADA LIFE ASSURANCE COMPANY,Property Owner,"520-Office building; consultant’s office, doctor’s office, insurance company, bank, taxi stand, office/cafeteria, office/smoke shop"
PRRN202600294,Renovation/Alteration,2026-02-23 00:00:00,Commercial,Alteration and improvements,10000,0,0,,"2010 12TH AVENUE, REGINA, SK S4P0M3",Address,Old 33,15877873 CANADA INC. | HARVARD DIVERSIFIED ENTERPRISES INC.,Property Owner,"520-Office building; consultant’s office, doctor’s office, insurance company, bank, taxi stand, office/cafeteria, office/smoke shop"
PRSS202600202,Secondary Suite,2026-02-23 00:00:00,Residential,Alteration and improvements,65000,1,0,,"5188 CRANE CRESCENT, REGINA, SK S4W0H8",Address,Harbour Landing,REDACTED,Property Owner,"110-Single House, single detached home, bungalow, linked home (linked at the foundation), single family dwelling"
PRAD202503542,Addition,2026-02-24 00:00:00,Commercial,Addition to existing building commercial & residential,150000,0,0,,"1700 ELPHINSTONE STREET, Unit:YQR, REGINA, SK S4P2Z6",Address,Old 33,REGINA EXHIBITION ASSOCIATION LTD.,Property Owner,"430-Plant for manufacturing, processing and assembling goods; factory, plant, mill, bakery, cannery,  printing plant"
PRBS202600413,Basement Development,2026-02-24 00:00:00,Residential,Alteration and improvements,60000,0,0,,"61 HALLERAN CRESCENT, REGINA, SK S4R3Z3",Address,Coronation Park N.,REDACTED,Property Owner,"110-Single House, single detached home, bungalow, linked home (linked at the foundation), single family dwelling"
PRDK202502318,Deck/Sunroom,2026-02-24 00:00:00,Residential,Alteration and improvements,15000,0,0,,"5121 SNOWBIRDS CRESCENT, REGINA, SK S4W0H4",Address,Harbour Landing,JAGG CONSTRUCTION LTD.,Contractor,"110-Single House, single detached home, bungalow, linked home (linked at the foundation), single family dwelling"
PRFR202600427,Foundation Repair,2026-02-24 00:00:00,Residential,Alteration and improvements,15000,0,0,,"2480 EDGAR STREET, REGINA, SK S4N3L3",Address,Assiniboia  Place,JS GROUP OF COMPANIES,Contractor,"110-Single House, single detached home, bungalow, linked home (linked at the foundation), single family dwelling"
PRGA202600290,Garage/Carport,2026-02-24 00:00:00,Residential,Garage/Carport/Accessory Structure,22000,0,0,,"3058 BELLEGARDE CRESCENT, REGINA, SK S4V3W3",Address,The Towns,NUFAB BUILDING PRODUCTS - NATHAN EDE,Contractor,"110-Single House, single detached home, bungalow, linked home (linked at the foundation), single family dwelling"
PRRN202503333,Renovation/Alteration,2026-02-24 00:00:00,Commercial,Alteration and improvements,2650000,0,2,,"2055 PRINCE OF WALES DRIVE, REGINA, SK S4V3A3",Address,Eastgate,PRETIUM CONSTRUCTION WEST - PETER PETRYK,Contractor,"510-Retail and wholesale outlets; retail outlet, department store, photographic studio, rental service, beauty salon, hairdressing salon, lumber yard, dry cleaner, laundromat"
PRRN202600263,Renovation/Alteration,2026-02-24 00:00:00,Commercial,Alteration and improvements,7000,0,0,,"329 E COLLEGE AVENUE, REGINA, SK S4N0V9",Address,Assiniboia  Place,METIS ADDICTIONS COUNCIL OF SASKATCHEWAN INC.,Property Owner,"310-Apartment, apartment building, duplex, triplex, quadruple"
PRSF202600187,Single/Semi-Detached Dwelling 1-2 units,2026-02-24 00:00:00,Residential,New construction,500000,2,2,,"2979 KAUFMAN WAY, REGINA, SK S4V3Z5",Address,The Towns,CRAWFORD HOMES (1991) LTD.,Contractor,"110-Single House, single detached home, bungalow, linked home (linked at the foundation), single family dwelling"
PRSS202600300,Secondary Suite,2026-02-24 00:00:00,Residential,Alteration and improvements,65000,1,0,,"2971 KAUFMAN WAY, REGINA, SK S4V3Z5",Address,The Towns,CRAWFORD HOMES (1991) LTD.,Contractor,"110-Single House, single detached home, bungalow, linked home (linked at the foundation), single family dwelling"
PRSS202600302,Secondary Suite,2026-02-24 00:00:00,Residential,Alteration and improvements,40000,1,0,,"2976 KAUFMAN WAY, REGINA, SK S4V3Z5",Address,The Towns,CRAWFORD HOMES (EBUILD),Contractor,"110-Single House, single detached home, bungalow, linked home (linked at the foundation), single family dwelling"
PRAH202600095,Alternative Family Care Home,2026-02-25 00:00:00,Residential,Alteration and improvements,430000,0,0,,"1934 E DUNNISON CRESCENT, REGINA, SK S4V0N8",Address,Gardiner Park,SASKATCHEWAN HOUSING CORPORATION,Property Owner,"110-Single House, single detached home, bungalow, linked home (linked at the foundation), single family dwelling"
PRBS202600437,Basement Development,2026-02-25 00:00:00,Residential,Alteration and improvements,20000,0,0,,"162 GREEN MEADOW ROAD, REGINA, SK S4V0A8",Address,University Park,REDACTED,Property Owner,"110-Single House, single detached home, bungalow, linked home (linked at the foundation), single family dwelling"
PRDE202600380,Demolition,2026-02-25 00:00:00,Residential,Demolition,62000,0,0,1,"1051 ROBINSON STREET, REGINA, SK S4T2M8",Address,Old 33,DAVIES EXCAVATING LTD,Contractor,"110-Single House, single detached home, bungalow, linked home (linked at the foundation), single family dwelling"
PRFR202600430,Foundation Repair,2026-02-25 00:00:00,Residential,Alteration and improvements,9080,0,0,,"2729 12TH AVENUE, REGINA, SK S4T1J3",Address,Old 33,AAA SOLID FOUNDATION,Contractor,"110-Single House, single detached home, bungalow, linked home (linked at the foundation), single family dwelling"
PRFR202600434,Foundation Repair,2026-02-25 00:00:00,Residential,Alteration and improvements,29700,0,0,,"3255 ANGUS STREET, REGINA, SK S4S1P6",Address,Lakeview,JS GROUP OF COMPANIES,Contractor,"110-Single House, single detached home, bungalow, linked home (linked at the foundation), single family dwelling"
PRFR202600445,Foundation Repair,2026-02-25 00:00:00,Residential,Alteration and improvements,9000,0,0,,"43 WHEATON CRESCENT, REGINA, SK S4S2Z3",Address,Albert Park,AAA SOLID FOUNDATION,Contractor,"110-Single House, single detached home, bungalow, linked home (linked at the foundation), single family dwelling"
PRGA202503344,Garage/Carport,2026-02-25 00:00:00,Residential,Garage/Carport/Accessory Structure,133834,0,0,,"180 DOROTHY STREET, REGINA, SK S4T5V3",Address,Dieppe Place,HOPE CONSTRUCTION LTD.,Contractor,"110-Single House, single detached home, bungalow, linked home (linked at the foundation), single family dwelling"
PRRN202600305,Renovation/Alteration,2026-02-25 00:00:00,Residential,Alteration and improvements,3080,0,0,,"78 LANGLEY STREET, REGINA, SK S4S3V6",Address,Hillsdale,JS GROUP OF COMPANIES,Contractor,"110-Single House, single detached home, bungalow, linked home (linked at the foundation), single family dwelling"
PRSF202600307,Single/Semi-Detached Dwelling 1-2 units,2026-02-25 00:00:00,Residential,New construction,466282.5,1,2,,"3072 GREEN TURTLE ROAD, REGINA, SK S4V4E5",Address,The Towns,HOMES BY DREAM,Contractor,"110-Single House, single detached home, bungalow, linked home (linked at the foundation), single family dwelling"
PRSS202600239,Secondary Suite,2026-02-25 00:00:00,Residential,Alteration and improvements,50000,1,0,,"4764 FERNDALE CRESCENT, REGINA, SK S4V4A5",Address,The Towns,OBA BUILDS INC.,Contractor,"110-Single House, single detached home, bungalow, linked home (linked at the foundation), single family dwelling"
PRSS202600308,Secondary Suite,2026-02-25 00:00:00,Residential,Alteration and improvements,53000,1,0,,"2924 WELBY WAY, REGINA, SK S4V4A4",Address,The Towns,LUCKY LINKS BUILDING SERVICES LTD. - LUCKY ALUGE,Contractor,"210-Semi-Detached or Double House, single attached home"
PRBS202600407,Basement Development,2026-02-26 00:00:00,Residential,Alteration and improvements,18000,0,0,,"279 HALIFAX STREET, REGINA, SK S4R1S9",Address,North Annex,REDACTED,Property Owner,"110-Single House, single detached home, bungalow, linked home (linked at the foundation), single family dwelling"
PRMH202600421,Plumbing,2026-02-26 00:00:00,Commercial,Mechanical,15000,0,0,,"1700 ELPHINSTONE STREET, REGINA, SK S4P2Z6",Address,Old 33,CITY OF REGINA,Property Owner,"510-Retail and wholesale outlets; retail outlet, department store, photographic studio, rental service, beauty salon, hairdressing salon, lumber yard, dry cleaner, laundromat"
PRRN202503127,Renovation/Alteration,2026-02-26 00:00:00,Commercial,Alteration and improvements,1000000,0,3,,"1831 COLLEGE AVENUE, REGINA, SK S4P4V5",Address,Wascana Park,CROWN IN RIGHT OF SASKATCHEWAN,Property Owner,"520-Office building; consultant’s office, doctor’s office, insurance company, bank, taxi stand, office/cafeteria, office/smoke shop"
PRRN202503265,Renovation/Alteration,2026-02-26 00:00:00,Commercial,Alteration and improvements,28600,0,0,,"4104 DEWDNEY AVENUE, REGINA, SK S4T1A3",Address,Old 33,SASKATCHEWAN CANCER  AGENCY,Property Owner,"642-Clinic, health unit; out-patient clinic, first aid station"
PRRN202600160,Renovation/Alteration,2026-02-26 00:00:00,Commercial,Alteration and improvements,3837792,0,9,,"1901 SCARTH STREET, REGINA, SK S4P4L4",Address,Old 33,PCL CONSTRUCTION - MICHELLE MCKENNA,Contractor,"522-Office complex; office/store, office/apartment"
PRRN202600162,Renovation/Alteration,2026-02-26 00:00:00,Institutional,Alteration and improvements,4925787,0,11,,"2350 ALBERT STREET, REGINA, SK S4P4A6",Address,Old 33,CROWN IN RIGHT OF SASKATCHEWAN,Property Owner,"520-Office building; consultant’s office, doctor’s office, insurance company, bank, taxi stand, office/cafeteria, office/smoke shop"
PRSS202600125,Secondary Suite,2026-02-26 00:00:00,Residential,Alteration and improvements,53000,1,0,,"4676 FERNDALE CRESCENT, REGINA, SK S4V4A4",Address,The Towns,LUCKY LINKS BUILDING SERVICES LTD. - LUCKY ALUGE,Contractor,"210-Semi-Detached or Double House, single attached home"
PRTN202600270,Tent / Temporary Structure,2026-02-26 00:00:00,Commercial,Other,7500,0,0,,"7 COVENTRY ROAD, REGINA, SK S4T5Z4",Address,Coventry Place,SUNCOR ENERGY INC.,Property Owner,Not Applicable
PRRN202502585,Renovation/Alteration,2026-02-27 00:00:00,Commercial,Alteration and improvements,60000,0,2,,"835 VICTORIA AVENUE, REGINA, SK S4N0R5",Address,Broders Annex,DARI CONSTRUCTION LTD - KIPAN PREET,Contractor,"530-Hotel, hotel/motel, motor hotel"
PRSS202600326,Secondary Suite,2026-02-27 00:00:00,Residential,Alteration and improvements,65000,1,0,,"5330 UNIVERSAL CRESCENT, REGINA, SK S4W0K7",Address,Harbour Landing,REDACTED,Property Owner,"110-Single House, single detached home, bungalow, linked home (linked at the foundation), single family dwelling"
PRBS202600429,Basement Development,2026-03-01 00:00:00,Residential,Alteration and improvements,25000,0,0,,"7972 CANOLA AVENUE, REGINA, SK S4Y0E8",Address,Westerra,REDACTED,Property Owner,"330-Row House, garden home, town house, carriage home, quadrex"
PRDE202600419,Demolition,2026-03-02 00:00:00,Residential,Demolition,20000,0,1,1,"1820 ALEXANDRA STREET, REGINA, SK S4T4P3",Address,Cpr Annex,FIRST CHOICE EXCAVATION & DEMOLITION,Contractor,"110-Single House, single detached home, bungalow, linked home (linked at the foundation), single family dwelling"
PRFR202600470,Foundation Repair,2026-03-02 00:00:00,Residential,Alteration and improvements,11730,0,0,,"62 MCGILLIVRAY CRESCENT, REGINA, SK S4R4V7",Address,Regent Park,CANADA MORTGAGE AND HOUSING CORPORATION,Property Owner,"110-Single House, single detached home, bungalow, linked home (linked at the foundation), single family dwelling"
PRGA202600315,Garage/Carport,2026-03-02 00:00:00,Residential,Garage/Carport/Accessory Structure,21040,0,0,,"2849 NARCISSE DRIVE, REGINA, SK S4X0M6",Address,Hawkstone,REGINA GARAGE BUILDERS INC.,Contractor,"210-Semi-Detached or Double House, single attached home"
PRRN202600422,Renovation/Alteration,2026-03-02 00:00:00,Residential,Alteration and improvements,3100,0,0,,"3612 MASON AVENUE, REGINA, SK S4S0Z6",Address,Lakeview A,THE GENUINE BUILDER - REESE PROBE,Contractor,"110-Single House, single detached home, bungalow, linked home (linked at the foundation), single family dwelling"
PRSF202600240,Single/Semi-Detached Dwelling 1-2 units,2026-03-02 00:00:00,Residential,New construction,173800,1,2,,2942 DUMONT WAY,Address,The Towns,CITY OF REGINA,Property Owner,"110-Single House, single detached home, bungalow, linked home (linked at the foundation), single family dwelling"
PRSF202600266,Single/Semi-Detached Dwelling 1-2 units,2026-03-02 00:00:00,Residential,New construction,357720,2,2,,"2990 DUMONT WAY, REGINA, SK S4V4E4 | 2994 DUMONT WAY, REGINA, SK S4V4E4",Address,The Towns,ROHIT COMMUNITIES INC.,Contractor,"210-Semi-Detached or Double House, single attached home"
PRSF202600379,Single/Semi-Detached Dwelling 1-2 units,2026-03-02 00:00:00,Residential,New construction,650000,1,1,,"4118 FIELDSTONE WAY, REGINA, SK S4V3V3",Address,The Creeks,VARSITY HOMES LTD.,Property Owner,"110-Single House, single detached home, bungalow, linked home (linked at the foundation), single family dwelling"
PRBS202600367,Basement Development,2026-03-03 00:00:00,Residential,Alteration and improvements,21000,0,0,,"731 QUEEN STREET, REGINA, SK S4T4A4",Address,Parkdale,THE GENUINE BUILDER & CO.,Contractor,"110-Single House, single detached home, bungalow, linked home (linked at the foundation), single family dwelling"
PRBS202600467,Basement Development,2026-03-03 00:00:00,Residential,Alteration and improvements,45000,0,0,,"262 FORSYTH CRESCENT, REGINA, SK S4R5L5",Address,Normanview,CREEK CONSTRUCTION,Contractor,"110-Single House, single detached home, bungalow, linked home (linked at the foundation), single family dwelling"
PRBS202600476,Basement Development,2026-03-03 00:00:00,Residential,Alteration and improvements,54000,0,0,,"3601 GREEN MARSH CRESCENT, Unit:114, REGINA, SK S4V4C9",Address,The Greens on Gardiner,NORTH RIDGE HOLDINGS LTD.,Contractor,335-Row House - Condominium
PRDK202503093,Deck/Sunroom,2026-03-03 00:00:00,Residential,Alteration and improvements,10000,0,0,,"7720 WALSH AVENUE, REGINA, SK S4Y0H2",Address,Rosewood Park,REDACTED,Property Owner,"210-Semi-Detached or Double House, single attached home"
PRMH202600377,Plumbing,2026-03-03 00:00:00,Residential,Mechanical,10000,0,0,,"1008 SHANNON ROAD, REGINA, SK S4S5K5",Address,Whitmore Park,REDACTED,Property Owner,"110-Single House, single detached home, bungalow, linked home (linked at the foundation), single family dwelling"
PRRN202503156,Renovation/Alteration,2026-03-03 00:00:00,Industrial,Alteration and improvements,250000,0,1,,"652 ADAMS STREET, REGINA, SK S4N6R8",Address,Eastview,OLYMPIC REAL ESTATE DEVELOPMENT CORPORATION,Property Owner,"460-Storage building; warehouse (for storage purposes only), industrial mall, grain elevator, locker rental, silo, quonset, refrigerated storage terminal"
PRRN202503588,Renovation/Alteration,2026-03-03 00:00:00,Commercial,Alteration and improvements,100000,0,0,,"2102 11TH AVENUE, REGINA, SK S4P0J5",Address,Old 33,CORNWALL CENTRE INC.,Property Owner,"512-Retail complex; plaza, mall, shopping centre, store/office building"
PRRN202600168,Renovation/Alteration,2026-03-03 00:00:00,Residential,Alteration and improvements,25000,0,0,,"3030 WHITMORE AVENUE, REGINA, SK S4S1B8",Address,Lakeview Centre,STAHELI CONSTRUCTION CO. LTD.,Property Owner,"110-Single House, single detached home, bungalow, linked home (linked at the foundation), single family dwelling"
PRSS202600082,Secondary Suite,2026-03-03 00:00:00,Residential,Alteration and improvements,65000,1,0,,"2993 GREEN STONE ROAD, REGINA, SK S4V3Z7",Address,The Towns,REDACTED,Property Owner,"330-Row House, garden home, town house, carriage home, quadrex"
PRBS202600488,Basement Development,2026-03-04 00:00:00,Residential,Alteration and improvements,28000,0,0,,"3065 GREEN BANK ROAD, REGINA, SK S4V3P9",Address,The Towns,DHAMI CONSTRUCTION INC.,Contractor,"110-Single House, single detached home, bungalow, linked home (linked at the foundation), single family dwelling"
PRDE202600058,Demolition,2026-03-04 00:00:00,Residential,Demolition,0,0,0,1,"1524 VICTORIA AVENUE, REGINA, SK S4P0P5",Address,Old 33,CARA HOMES LTD.,Contractor,"110-Single House, single detached home, bungalow, linked home (linked at the foundation), single family dwelling"
PRDK202503006,Deck/Sunroom,2026-03-04 00:00:00,Residential,Alteration and improvements,4200,0,0,,"5601 PARLIAMENT AVENUE, Unit:28, REGINA, SK S4W0V4",Address,Harbour Landing,REDACTED,Property Owner,"110-Single House, single detached home, bungalow, linked home (linked at the foundation), single family dwelling"
PRFR202600471,Foundation Repair,2026-03-04 00:00:00,Residential,Alteration and improvements,4500,0,0,,"2626 EHMAN BAY, REGINA, SK S4V0L6",Address,Gardiner Park,AAA SOLID FOUNDATION,Contractor,"110-Single House, single detached home, bungalow, linked home (linked at the foundation), single family dwelling"
PRRN202503518,Renovation/Alteration,2026-03-04 00:00:00,Institutional,Alteration and improvements,2035224,0,11,,"4500 WASCANA PARKWAY, REGINA, SK S4S5W9",Address,Wascana Park,CROWN IN RIGHT OF SASKATCHEWAN,Property Owner,"624-Post-secondary institution; technical institute, trade school"
PRSF202503559,Single/Semi-Detached Dwelling 1-2 units,2026-03-04 00:00:00,Residential,New construction,600000,2,2,,"633 ROYAL STREET, REGINA, SK S4T4Z3",Address,Transcona,OLSON BUILDERS,Contractor,"210-Semi-Detached or Double House, single attached home"
PRSF202600273,Single/Semi-Detached Dwelling 1-2 units,2026-03-04 00:00:00,Residential,New construction,357720,2,2,,2966 DUMONT WAY | 2970 DUMONT WAY,Address,The Towns,ROHIT COMMUNITIES INC.,Contractor,"210-Semi-Detached or Double House, single attached home"
PRSS202600255,Secondary Suite,2026-03-04 00:00:00,Residential,Alteration and improvements,65000,1,0,,"4637 PADWICK ROAD, REGINA, SK S4W0C3",Address,Harbour Landing,REDACTED,Property Owner,"110-Single House, single detached home, bungalow, linked home (linked at the foundation), single family dwelling"
PRSS202600442,Secondary Suite,2026-03-04 00:00:00,Residential,Alteration and improvements,51060,1,0,,"3126 BOWEN STREET, REGINA, SK S4V4C6",Address,The Towns,LUCKY LINKS BUILDING SERVICES LTD. - LUCKY ALUGE,Contractor,"110-Single House, single detached home, bungalow, linked home (linked at the foundation), single family dwelling"
PRSS202600443,Secondary Suite,2026-03-04 00:00:00,Residential,Alteration and improvements,65000,1,0,,"3128 COPELAND ROAD, REGINA, SK S4V3R9",Address,The Towns,CRAWFORD HOMES (1991) LTD.,Property Owner,"110-Single House, single detached home, bungalow, linked home (linked at the foundation), single family dwelling"
PRBS202600457,Basement Development,2026-03-05 00:00:00,Residential,Alteration and improvements,164100,0,0,,"3339 VICTORIA AVENUE, REGINA, SK S4T1L7",Address,Old 33,MUNRO HOMES LTD.,Contractor,"110-Single House, single detached home, bungalow, linked home (linked at the foundation), single family dwelling"
PRDE202503397,Demolition,2026-03-05 00:00:00,Residential,Demolition,15000,0,0,1,"3604 ALBERT STREET, REGINA, SK S4S3P6",Address,Lakeview Place,CRAWFORD HOMES (EBUILD),Contractor,"110-Single House, single detached home, bungalow, linked home (linked at the foundation), single family dwelling"
PRFR202502735,Foundation Repair,2026-03-05 00:00:00,Residential,Alteration and improvements,10000,0,0,,"2150 7TH AVENUE N, REGINA, SK S4R0J8",Address,Cityview,AM21 CONSTRUCTION,Contractor,"110-Single House, single detached home, bungalow, linked home (linked at the foundation), single family dwelling"
PRMH202600366,Plumbing,2026-03-05 00:00:00,Residential,Mechanical,10000,0,0,,"33 PARKWOOD ROAD, REGINA, SK S4S2Z8",Address,Albert Park,ABLE PLUMBING AND HEATING LTD,Contractor,"110-Single House, single detached home, bungalow, linked home (linked at the foundation), single family dwelling"
PRMU202600060,Multi-Unit Dwelling 3+ Units,2026-03-05 00:00:00,Residential,New construction,592224,4,1,,8325 WASACASE BOULEVARD,Address,Westerra,102167322 SASKATCHEWAN LTD.,Property Owner,335-Row House - Condominium
PRMU202600061,Multi-Unit Dwelling 3+ Units,2026-03-05 00:00:00,Residential,New construction,592224,4,1,,8325 WASACASE BOULEVARD,Address,Westerra,102167322 SASKATCHEWAN LTD.,Property Owner,335-Row House - Condominium
PRMU202600062,Multi-Unit Dwelling 3+ Units,2026-03-05 00:00:00,Residential,New construction,592224,4,1,,8325 WASACASE BOULEVARD,Address,Westerra,102167322 SASKATCHEWAN LTD.,Property Owner,335-Row House - Condominium
PRMU202600063,Multi-Unit Dwelling 3+ Units,2026-03-05 00:00:00,Residential,New construction,592224,4,1,,8325 WASACASE BOULEVARD,Address,Westerra,102167322 SASKATCHEWAN LTD.,Property Owner,335-Row House - Condominium
PRMU202600064,Multi-Unit Dwelling 3+ Units,2026-03-05 00:00:00,Residential,New construction,592224,4,1,,8325 WASACASE BOULEVARD,Address,Westerra,102167322 SASKATCHEWAN LTD.,Property Owner,335-Row House - Condominium
PRMU202600066,Multi-Unit Dwelling 3+ Units,2026-03-05 00:00:00,Residential,New construction,592224,4,1,,8325 WASACASE BOULEVARD,Address,Westerra,102167322 SASKATCHEWAN LTD.,Property Owner,335-Row House - Condominium
PRMU202600067,Multi-Unit Dwelling 3+ Units,2026-03-05 00:00:00,Residential,New construction,592224,4,1,,8325 WASACASE BOULEVARD,Address,Westerra,102167322 SASKATCHEWAN LTD.,Property Owner,335-Row House - Condominium
PRMU202600069,Multi-Unit Dwelling 3+ Units,2026-03-05 00:00:00,Residential,New construction,592224,4,2,,8325 WASACASE BOULEVARD,Address,Westerra,102167322 SASKATCHEWAN LTD.,Property Owner,335-Row House - Condominium
PRMU202600070,Multi-Unit Dwelling 3+ Units,2026-03-05 00:00:00,Residential,New construction,1480560,10,2,,8325 WASACASE BOULEVARD,Address,Westerra,102167322 SASKATCHEWAN LTD.,Property Owner,335-Row House - Condominium
PRMU202600071,Multi-Unit Dwelling 3+ Units,2026-03-05 00:00:00,Residential,New construction,1184448,8,2,,8325 WASACASE BOULEVARD,Address,Westerra,102167322 SASKATCHEWAN LTD.,Property Owner,335-Row House - Condominium
PRMU202600072,Multi-Unit Dwelling 3+ Units,2026-03-05 00:00:00,Residential,New construction,1776672,12,2,,8325 WASACASE BOULEVARD,Address,Westerra,102167322 SASKATCHEWAN LTD.,Property Owner,335-Row House - Condominium
PRMU202600073,Multi-Unit Dwelling 3+ Units,2026-03-05 00:00:00,Residential,New construction,1480560,10,2,,8325 WASACASE BOULEVARD,Address,Westerra,102167322 SASKATCHEWAN LTD.,Property Owner,335-Row House - Condominium
PRMU202600074,Multi-Unit Dwelling 3+ Units,2026-03-05 00:00:00,Residential,New construction,1184448,8,2,,8325 WASACASE BOULEVARD,Address,Westerra,102167322 SASKATCHEWAN LTD.,Property Owner,335-Row House - Condominium
PRMU202600075,Multi-Unit Dwelling 3+ Units,2026-03-05 00:00:00,Residential,New construction,1480560,10,2,,8325 WASACASE BOULEVARD,Address,Westerra,102167322 SASKATCHEWAN LTD.,Property Owner,335-Row House - Condominium
PRRN202600180,Renovation/Alteration,2026-03-05 00:00:00,Institutional,Alteration and improvements,30000,0,0,,"4500 WASCANA PARKWAY, REGINA, SK S4S5W9",Address,Wascana Park,CROWN IN RIGHT OF SASKATCHEWAN,Property Owner,"624-Post-secondary institution; technical institute, trade school"
PRRN202600410,Renovation/Alteration,2026-03-05 00:00:00,Commercial,Alteration and improvements,280000,0,1,,"1901 SCARTH STREET, REGINA, SK S4P4L4",Address,Old 33,PCL CONSTRUCTION - MICHELLE MCKENNA,Contractor,"540-Restaurant, bar, tavern, night club, diner, donut shop"
PRSS202600424,Secondary Suite,2026-03-05 00:00:00,Residential,Alteration and improvements,40000,1,0,,"1308 N KINGBIRD ROAD, REGINA, SK S4X0N6",Address,Kensington Greens,CRAWFORD HOMES (EBUILD),Contractor,"110-Single House, single detached home, bungalow, linked home (linked at the foundation), single family dwelling"
PRBS202600472,Basement Development,2026-03-06 00:00:00,Residential,Alteration and improvements,25000,0,0,,"14 LANGLEY STREET, REGINA, SK S4S3V6",Address,Hillsdale,REDACTED,Property Owner,"110-Single House, single detached home, bungalow, linked home (linked at the foundation), single family dwelling"
PRBS202600497,Basement Development,2026-03-06 00:00:00,Residential,Alteration and improvements,30000,0,0,,"4622 PADWICK ROAD, REGINA, SK S4W0C3",Address,Harbour Landing,ARKIGER CONTRACTING INC.,Contractor,"110-Single House, single detached home, bungalow, linked home (linked at the foundation), single family dwelling"
PRNR202503576,New Commercial,2026-03-06 00:00:00,Industrial,New construction,150000,0,1,,2605 E REDBEAR AVENUE,Address,East Regina Industrial Land,CITY OF REGINA,Property Owner,"450-Maintenance building; hangar, repair shop, accessory building, railway shed, aircraft hangars"
PRRN202600426,Renovation/Alteration,2026-03-06 00:00:00,Commercial,Alteration and improvements,126500,0,1,,"3939 ROCHDALE BOULEVARD, REGINA, SK S4X4P7",Address,Hawkstone,CALLOWAY REIT (REGINA N) INC.,Property Owner,"512-Retail complex; plaza, mall, shopping centre, store/office building"
PRSF202600189,Single/Semi-Detached Dwelling 1-2 units,2026-03-06 00:00:00,Residential,New construction,173800,1,2,,2946 DUMONT WAY,Address,The Towns,CITY OF REGINA,Property Owner,"110-Single House, single detached home, bungalow, linked home (linked at the foundation), single family dwelling"
PRSS202600387,Secondary Suite,2026-03-06 00:00:00,Residential,Alteration and improvements,90000,1,0,,"3116 FAVEL DRIVE, REGINA, SK S4V4C8",Address,The Towns,REDACTED,Property Owner,"110-Single House, single detached home, bungalow, linked home (linked at the foundation), single family dwelling"
PRFR202600510,Foundation Repair,2026-03-08 00:00:00,Residential,Alteration and improvements,18885,0,0,,"2322 RETALLACK STREET, REGINA, SK S4T2K8",Address,Old 33,REGINA BASEMENT BRACING - COLE CROWLEY,Contractor,"110-Single House, single detached home, bungalow, linked home (linked at the foundation), single family dwelling"
PRGA202502631,Garage/Carport,2026-03-08 00:00:00,Residential,Garage/Carport/Accessory Structure,55000,0,0,,"704 E DOUGLAS PARK CRESCENT, REGINA, SK S4N2S2",Address,Douglas Place,CAMELOT HOMES,Contractor,"110-Single House, single detached home, bungalow, linked home (linked at the foundation), single family dwelling"
PRDK202502706,Deck/Sunroom,2026-03-09 00:00:00,Residential,Alteration and improvements,2000,0,0,,"151 N SMITH STREET, REGINA, SK S4R3B3",Address,Cityview,REDACTED,Property Owner,"110-Single House, single detached home, bungalow, linked home (linked at the foundation), single family dwelling"
PRFR202600509,Foundation Repair,2026-03-09 00:00:00,Residential,Alteration and improvements,25900,0,0,,"1405 HORACE STREET, REGINA, SK S4T5L9",Address,Rosemont,REGINA BASEMENTS & BRACING,Contractor,"110-Single House, single detached home, bungalow, linked home (linked at the foundation), single family dwelling"
PRMH202600513,Plumbing,2026-03-09 00:00:00,Residential,Mechanical,5401,0,0,,"1160 GARRY STREET, REGINA, SK S4T5R4",Address,Mount Royal,REDACTED,Property Owner,"110-Single House, single detached home, bungalow, linked home (linked at the foundation), single family dwelling"
PRRN202600105,Renovation/Alteration,2026-03-09 00:00:00,Commercial,Alteration and improvements,302886.3,0,5,,"2700 MONTAGUE STREET, REGINA, SK S4S0J9",Address,Lakeview,THE TERRACES AT RIVER HEIGHTS CONDOMINIUM CORPORATION,Property Owner,"310-Apartment, apartment building, duplex, triplex, quadruple"
PRSF202600241,Single/Semi-Detached Dwelling 1-2 units,2026-03-09 00:00:00,Residential,New construction,182710,1,2,,2938 DUMONT WAY,Address,The Towns,CITY OF REGINA,Property Owner,"110-Single House, single detached home, bungalow, linked home (linked at the foundation), single family dwelling"
PRSF202600271,Single/Semi-Detached Dwelling 1-2 units,2026-03-09 00:00:00,Residential,New construction,357720,2,2,,2982 DUMONT WAY | 2986 DUMONT WAY,Address,The Towns,ROHIT GROUP,Contractor,"210-Semi-Detached or Double House, single attached home"
PRSF202600301,Single/Semi-Detached Dwelling 1-2 units,2026-03-09 00:00:00,Residential,New construction,357720,2,1,,2958 DUMONT WAY | 2962 DUMONT WAY,Address,The Towns,CITY OF REGINA,Property Owner,"210-Semi-Detached or Double House, single attached home"
PRSS202600361,Secondary Suite,2026-03-09 00:00:00,Residential,Alteration and improvements,35000,1,0,,"4209 E GREEN OLIVE WAY, REGINA, SK S4V1P9",Address,The Greens on Gardiner,AFRA SERVICE SOLUTIONS INC.,Contractor,"110-Single House, single detached home, bungalow, linked home (linked at the foundation), single family dwelling"
PRTN202600474,Tent / Temporary Structure,2026-03-09 00:00:00,Commercial,Other,80000,0,0,,"3806 ALBERT STREET, REGINA, SK S4S3R1",Address,Parliament Place,4187415 CANADA INC.,Property Owner,Not Applicable
PRSF202600378,Single/Semi-Detached Dwelling 1-2 units,2026-03-10 00:00:00,Residential,New construction,500000,2,2,,"8850 WHEAT CRESCENT, REGINA, SK S4Y0H4",Address,Westerra,CRAWFORD HOMES (1991) LTD,Contractor,"110-Single House, single detached home, bungalow, linked home (linked at the foundation), single family dwelling"
PRBS202600539,Basement Development,2026-03-11 00:00:00,Residential,Alteration and improvements,1800,0,0,,"4636 MARIGOLD DRIVE, REGINA, SK S4X4S5",Address,Garden Ridge,REDACTED,Property Owner,"330-Row House, garden home, town house, carriage home, quadrex"
PRFR202600534,Foundation Repair,2026-03-11 00:00:00,Residential,Alteration and improvements,9180,0,0,,"1244 ELPHINSTONE STREET, REGINA, SK S4T3M3",Address,Old 33,REDACTED,Property Owner,"110-Single House, single detached home, bungalow, linked home (linked at the foundation), single family dwelling"
PRMU202502463,Multi-Unit Dwelling 3+ Units,2026-03-11 00:00:00,Commercial,New construction,2295085.89,12,2,,"1881 TORONTO STREET, REGINA, SK S4P1M7",Address,Old 33,102156899 SASKATCHEWAN LTD.,Property Owner,315-Apartment - Condominium
PRBS202600514,Basement Development,2026-03-12 00:00:00,Residential,Alteration and improvements,31000,0,0,,"7956 LENTIL AVENUE, REGINA, SK S4Y0E9",Address,Westerra,LUCKY LINKS BUILDING SERVICES LTD. - LUCKY ALUGE,Contractor,"330-Row House, garden home, town house, carriage home, quadrex"
PRRN202600214,Renovation/Alteration,2026-03-12 00:00:00,Residential,Alteration and improvements,7000,0,0,,"1166 CARRICK CRESCENT, REGINA, SK S4N7R6",Address,Creekside,AHMADIYYA MUSLIM JAMA` AT CANADA INC.,Property Owner,"110-Single House, single detached home, bungalow, linked home (linked at the foundation), single family dwelling"
PRSS202600019,Secondary Suite,2026-03-12 00:00:00,Residential,Alteration and improvements,55000,1,0,,"197 THOMSON AVENUE, REGINA, SK S4N5L2",Address,Glencairn Village,REDACTED,Property Owner,"210-Semi-Detached or Double House, single attached home"
PRBS202600469,Basement Development,2026-03-13 00:00:00,Residential,Alteration and improvements,36000,0,0,,"4002 SANDHILL CRESCENT, Unit:208, REGINA, SK S4V3J1",Address,The Creeks,U.L.S. 360 RENOVATION,Contractor,335-Row House - Condominium
PRFR202600524,Foundation Repair,2026-03-13 00:00:00,Residential,Alteration and improvements,7500,0,0,,"825 BROADWAY AVENUE, REGINA, SK S4N1C6",Address,Assiniboia  Place,JS GROUP OF COMPANIES,Contractor,"110-Single House, single detached home, bungalow, linked home (linked at the foundation), single family dwelling"
PRFR202600550,Foundation Repair,2026-03-13 00:00:00,Residential,Alteration and improvements,27000,0,0,,"1413 ROBINSON STREET, REGINA, SK S4T2N7",Address,Old 33,AAA SOLID FOUNDATION,Contractor,"110-Single House, single detached home, bungalow, linked home (linked at the foundation), single family dwelling"
PRFR202600551,Foundation Repair,2026-03-13 00:00:00,Residential,Alteration and improvements,13000,0,0,,"119 OSLER STREET, REGINA, SK S4R1V3",Address,North Annex,REGINA HOUSE LEVELING - TRAVIS ZERIE,Contractor,"110-Single House, single detached home, bungalow, linked home (linked at the foundation), single family dwelling"
PRFR202600556,Foundation Repair,2026-03-13 00:00:00,Residential,Alteration and improvements,8500,0,0,,"4113 MCTAVISH STREET, REGINA, SK S4S3M7",Address,Parliament Place,JS GROUP OF COMPANIES,Contractor,"110-Single House, single detached home, bungalow, linked home (linked at the foundation), single family dwelling"
PRSF202600428,Single/Semi-Detached Dwelling 1-2 units,2026-03-13 00:00:00,Residential,New construction,512500,1,2,,"3044 GREEN TURTLE ROAD, REGINA, SK S4V4E5",Address,The Towns,HOMES BY DREAM,Contractor,"110-Single House, single detached home, bungalow, linked home (linked at the foundation), single family dwelling"
PRSS202600250,Secondary Suite,2026-03-13 00:00:00,Residential,Alteration and improvements,30000,1,0,,"2917 WELBY WAY, REGINA, SK S4V4A4",Address,The Towns,FIRST CALL CONSTRUCTION INC.,Contractor,"210-Semi-Detached or Double House, single attached home"
PRSS202600251,Secondary Suite,2026-03-13 00:00:00,Residential,Alteration and improvements,40000,1,0,,"4857 FERNDALE CRESCENT, REGINA, SK S4V4A3",Address,The Towns,FIRST CALL CONSTRUCTION INC.,Contractor,"110-Single House, single detached home, bungalow, linked home (linked at the foundation), single family dwelling"
PRSS202600351,Secondary Suite,2026-03-13 00:00:00,Residential,Alteration and improvements,30000,1,0,,"7720 WALSH AVENUE, REGINA, SK S4Y0H2",Address,Rosewood Park,FIRST CALL CONSTRUCTION INC.,Contractor,"210-Semi-Detached or Double House, single attached home"
PRBS202600498,Basement Development,2026-03-16 00:00:00,Residential,Alteration and improvements,40000,0,0,,"3085 GREEN BANK ROAD, REGINA, SK S4V3P9",Address,The Towns,HIBBERT HOMES & RENOVATIONS INC.,Contractor,"110-Single House, single detached home, bungalow, linked home (linked at the foundation), single family dwelling"
PRFR202600538,Foundation Repair,2026-03-16 00:00:00,Residential,Alteration and improvements,21840,0,0,,"3626 E BERTHIAUME BAY, REGINA, SK S4N7J4",Address,Parkridge,REDACTED,Property Owner,"110-Single House, single detached home, bungalow, linked home (linked at the foundation), single family dwelling"
PRFR202600559,Foundation Repair,2026-03-16 00:00:00,Residential,Alteration and improvements,16000,0,0,,"1601 LACON STREET, REGINA, SK S4N1Z5",Address,Glen Elm Park,REDACTED,Property Owner,"110-Single House, single detached home, bungalow, linked home (linked at the foundation), single family dwelling"
PRMH202600570,Plumbing,2026-03-16 00:00:00,Residential,Mechanical,14000,0,0,,"2811 SINTON AVENUE, REGINA, SK S4S1K4",Address,Lakeview Centre,REDACTED,Property Owner,"110-Single House, single detached home, bungalow, linked home (linked at the foundation), single family dwelling"
PRMU202503495,Multi-Unit Dwelling 3+ Units,2026-03-16 00:00:00,Residential,New construction,867400,4,2,,4301 E ARENS ROAD | 4305 E ARENS ROAD | 4309 E ARENS ROAD | 4313 E ARENS ROAD,Address,The Towns,NORTH RIDGE DEVELOPMENT CORPORATION OF REGINA - CONTRACTOR,Contractor,"330-Row House, garden home, town house, carriage home, quadrex"
PRMU202600321,Multi-Unit Dwelling 3+ Units,2026-03-16 00:00:00,Residential,New construction,592224,4,1,,8345 WASACASE BOULEVARD,Address,Westerra,102206571 SASKATCHEWAN LTD.,Property Owner,335-Row House - Condominium
PRMU202600322,Multi-Unit Dwelling 3+ Units,2026-03-16 00:00:00,Residential,New construction,592224,4,1,,8345 WASACASE BOULEVARD,Address,Westerra,AVANA DEVELOPMENTS INC.,Contractor,335-Row House - Condominium
PRMU202600323,Multi-Unit Dwelling 3+ Units,2026-03-16 00:00:00,Residential,New construction,592224,4,2,,8345 WASACASE BOULEVARD,Address,Westerra,AVANA DEVELOPMENTS INC.,Contractor,335-Row House - Condominium
PRMU202600328,Multi-Unit Dwelling 3+ Units,2026-03-16 00:00:00,Residential,New construction,592224,4,1,,8345 WASACASE BOULEVARD,Address,Westerra,102206571 SASKATCHEWAN LTD.,Property Owner,335-Row House - Condominium
PRMU202600330,Multi-Unit Dwelling 3+ Units,2026-03-16 00:00:00,Residential,New construction,592224,4,1,,8345 WASACASE BOULEVARD,Address,Westerra,AVANA DEVELOPMENTS INC.,Contractor,335-Row House - Condominium
PRMU202600332,Multi-Unit Dwelling 3+ Units,2026-03-16 00:00:00,Residential,New construction,592224,4,1,,8345 WASACASE BOULEVARD,Address,Westerra,AVANA DEVELOPMENTS INC.,Contractor,335-Row House - Condominium
PRMU202600334,Multi-Unit Dwelling 3+ Units,2026-03-16 00:00:00,Residential,New construction,592224,4,1,,8345 WASACASE BOULEVARD,Address,Westerra,AVANA DEVELOPMENTS INC.,Contractor,335-Row House - Condominium
PRMU202600336,Multi-Unit Dwelling 3+ Units,2026-03-16 00:00:00,Residential,New construction,592224,4,1,,8345 WASACASE BOULEVARD,Address,Westerra,AVANA DEVELOPMENTS INC.,Contractor,335-Row House - Condominium
PRMU202600339,Multi-Unit Dwelling 3+ Units,2026-03-16 00:00:00,Residential,New construction,592224,4,1,,8345 WASACASE BOULEVARD,Address,Westerra,AVANA DEVELOPMENTS INC.,Contractor,335-Row House - Condominium
PRMU202600340,Multi-Unit Dwelling 3+ Units,2026-03-16 00:00:00,Residential,New construction,592224,4,1,,8345 WASACASE BOULEVARD,Address,Westerra,AVANA DEVELOPMENTS INC.,Contractor,335-Row House - Condominium
PRMU202600342,Multi-Unit Dwelling 3+ Units,2026-03-16 00:00:00,Residential,New construction,1184448,8,2,,8345 WASACASE BOULEVARD,Address,Westerra,AVANA DEVELOPMENTS INC.,Contractor,335-Row House - Condominium
PRMU202600343,Multi-Unit Dwelling 3+ Units,2026-03-16 00:00:00,Residential,New construction,1480560,10,2,,8345 WASACASE BOULEVARD,Address,Westerra,AVANA DEVELOPMENTS INC.,Contractor,335-Row House - Condominium
PRMU202600344,Multi-Unit Dwelling 3+ Units,2026-03-16 00:00:00,Residential,New construction,1184448,8,2,,8345 WASACASE BOULEVARD,Address,Westerra,AVANA DEVELOPMENTS INC.,Contractor,335-Row House - Condominium
PRMU202600345,Multi-Unit Dwelling 3+ Units,2026-03-16 00:00:00,Residential,New construction,1480560,10,2,,8345 WASACASE BOULEVARD,Address,Westerra,AVANA DEVELOPMENTS INC.,Contractor,335-Row House - Condominium
PRMU202600358,Multi-Unit Dwelling 3+ Units,2026-03-16 00:00:00,Residential,New construction,1480560,10,2,,8345 WASACASE BOULEVARD,Address,Westerra,AVANA DEVELOPMENTS INC.,Contractor,335-Row House - Condominium
PRSF202500269,Single/Semi-Detached Dwelling 1-2 units,2026-03-16 00:00:00,Residential,New construction,600000,2,2,,"68 CHARLES CRESCENT, REGINA, SK S4T5X4",Address,Coventry Place,OLSON BUILDERS LTD.,Contractor,"210-Semi-Detached or Double House, single attached home"
PRSS202600487,Secondary Suite,2026-03-16 00:00:00,Residential,Alteration and improvements,75000,1,0,,"4526 DEWDNEY AVENUE, REGINA, SK S4T1B2",Address,Belvedere,TRAVIS WOODS CARPENTRY,Contractor,"110-Single House, single detached home, bungalow, linked home (linked at the foundation), single family dwelling"
PRBS202600519,Basement Development,2026-03-17 00:00:00,Residential,Alteration and improvements,25000,0,0,,"5245 E GREEN QUARTZ BAY, REGINA, SK S4V3T1",Address,The Greens on Gardiner,HOME INSIGHT MANAGEMENT,Contractor,"110-Single House, single detached home, bungalow, linked home (linked at the foundation), single family dwelling"
PRBS202600568,Basement Development,2026-03-17 00:00:00,Residential,Alteration and improvements,40000,0,0,,"1781 WEST MARKET STREET, REGINA, SK S4Y0G2",Address,Westerra,COLLABORATIVE CONSTRUCTION INC. (EBUILD),Contractor,"110-Single House, single detached home, bungalow, linked home (linked at the foundation), single family dwelling"
PRDK202600547,Deck/Sunroom,2026-03-17 00:00:00,Residential,Alteration and improvements,220750,0,0,,"8717 KESTRAL DRIVE, REGINA, SK S4Y1H5",Address,Edgewater,BISON BUILDERS LTD.,Contractor,"110-Single House, single detached home, bungalow, linked home (linked at the foundation), single family dwelling"
PRFR202600586,Foundation Repair,2026-03-17 00:00:00,Residential,Alteration and improvements,6000,0,0,,"3511 PEDERSON CRESCENT, REGINA, SK S4V2A7",Address,Varsity Park,JS GROUP OF COMPANIES,Contractor,"110-Single House, single detached home, bungalow, linked home (linked at the foundation), single family dwelling"
PRGA202600466,Garage/Carport,2026-03-17 00:00:00,Residential,Garage/Carport/Accessory Structure,15000,0,0,,"2949 NARCISSE DRIVE, REGINA, SK S4X0M6",Address,Hawkstone,VARSITY HOMES LTD.,Contractor,"210-Semi-Detached or Double House, single attached home"
PRMU202502743,Multi-Unit Dwelling 3+ Units,2026-03-17 00:00:00,Commercial,New construction,1200000,10,2,,3301 ROCHDALE BOULEVARD,Address,Hawkstone,VARSITY HOMES LTD.,Contractor,315-Apartment - Condominium
PRRN202502944,Renovation/Alteration,2026-03-17 00:00:00,Residential,Alteration and improvements,28000,0,0,,"4126 SKINNER BAY, REGINA, SK S4W0A2",Address,Harbour Landing,REDACTED,Property Owner,"110-Single House, single detached home, bungalow, linked home (linked at the foundation), single family dwelling"
PRSS202600350,Secondary Suite,2026-03-17 00:00:00,Residential,Alteration and improvements,30000,1,0,,"2929 WELBY WAY, REGINA, SK S4V4A4",Address,The Towns,FIRST CALL CONSTRUCTION INC.,Contractor,"330-Row House, garden home, town house, carriage home, quadrex"
PRBS202600530,Basement Development,2026-03-18 00:00:00,Residential,Alteration and improvements,50000,0,0,,"7916 LENTIL AVENUE, REGINA, SK S4Y0E9",Address,Westerra,REDACTED,Property Owner,"330-Row House, garden home, town house, carriage home, quadrex"
PRFR202600435,Foundation Repair,2026-03-18 00:00:00,Residential,Alteration and improvements,60000,0,0,,"91 MOLLARD CRESCENT, REGINA, SK S4T6J4",Address,Mount Royal,RSR CONSTRUCTION  TERRY PAUN,Contractor,"110-Single House, single detached home, bungalow, linked home (linked at the foundation), single family dwelling"
PRRN202600544,Renovation/Alteration,2026-03-18 00:00:00,Residential,Alteration and improvements,12000,0,0,,"234 HANLEY CRESCENT, REGINA, SK S4R5B1",Address,Normanview,102220916 SASKATCHEWAN LIMITED,Contractor,"110-Single House, single detached home, bungalow, linked home (linked at the foundation), single family dwelling"
PRDE202500289,Demolition,2026-03-19 00:00:00,Commercial,Demolition,150000,0,3,,"2184 12TH AVENUE, REGINA, SK S4P0M5",Address,Old 33,SILVERADO DEMOLITION OPERATIONS INC,Contractor,"522-Office complex; office/store, office/apartment"
PRFR202600594,Foundation Repair,2026-03-19 00:00:00,Residential,Alteration and improvements,20000,0,0,,"827 15TH AVENUE, REGINA, SK S4N0V2",Address,Broders Annex,REGINA HOUSE LEVELING - TRAVIS ZERIE,Contractor,"110-Single House, single detached home, bungalow, linked home (linked at the foundation), single family dwelling"
PRMU202600341,Multi-Unit Dwelling 3+ Units,2026-03-19 00:00:00,Residential,New construction,1776672,12,2,,8345 WASACASE BOULEVARD,Address,Westerra,AVANA DEVELOPMENTS INC.,Contractor,335-Row House - Condominium
PRRN202502592,Renovation/Alteration,2026-03-19 00:00:00,Residential,Alteration and improvements,38000,0,0,,"1735 MONTREAL STREET, REGINA, SK S4P1K8",Address,Old 33,REDACTED,Property Owner,"110-Single House, single detached home, bungalow, linked home (linked at the foundation), single family dwelling"
PRRN202503419,Renovation/Alteration,2026-03-19 00:00:00,Commercial,Alteration and improvements,745946.38,0,4,,"1831 COLLEGE AVENUE, REGINA, SK S4P4V5",Address,Wascana Park,CROWN IN RIGHT OF SASKATCHEWAN,Property Owner,"520-Office building; consultant’s office, doctor’s office, insurance company, bank, taxi stand, office/cafeteria, office/smoke shop"
PRRN202503596,Renovation/Alteration,2026-03-19 00:00:00,Institutional,Alteration and improvements,769269.56,0,3,,"10 RESEARCH DRIVE, REGINA, SK S4S7J7",Address,Wascana Park,SASKATCHEWAN OPPORTUNITIES CORPORATION,Property Owner,"520-Office building; consultant’s office, doctor’s office, insurance company, bank, taxi stand, office/cafeteria, office/smoke shop"
PRRN202600246,Renovation/Alteration,2026-03-19 00:00:00,Commercial,Alteration and improvements,30000,0,18,,"1874 SCARTH STREET, REGINA, SK S4P4B3",Address,Old 33,15877873 CANADA INC. | HDL INVESTMENTS INC. | THE CANADA LIFE ASSURANCE COMPANY,Property Owner,"520-Office building; consultant’s office, doctor’s office, insurance company, bank, taxi stand, office/cafeteria, office/smoke shop"
PRRN202600494,Renovation/Alteration,2026-03-19 00:00:00,Residential,Alteration and improvements,120000,0,0,,"1715 UHRICH AVENUE, REGINA, SK S4S4R6",Address,Hillsdale,STRINGZ CONSTRUCTION & ELECTRICAL INC,Contractor,"110-Single House, single detached home, bungalow, linked home (linked at the foundation), single family dwelling"
PRSF202600274,Single/Semi-Detached Dwelling 1-2 units,2026-03-19 00:00:00,Residential,New construction,300000,1,2,,"2910 GARNET STREET, REGINA, SK S4S1X2",Address,Lakeview,NEW HORIZON GROUP OF COMPANIE,Contractor,"110-Single House, single detached home, bungalow, linked home (linked at the foundation), single family dwelling"
PRSS202502705,Secondary Suite,2026-03-19 00:00:00,Residential,Alteration and improvements,120000,1,0,,"31 MCMURCHY AVENUE, REGINA, SK S4R3G3",Address,Coronation Park N.,REDACTED,Property Owner,"210-Semi-Detached or Double House, single attached home"
PRBS202600528,Basement Development,2026-03-20 00:00:00,Residential,Alteration and improvements,30000,0,0,,"2923 KUTARNA CRESCENT, REGINA, SK S4V0T2",Address,Wood Meadows,CREEK CONSTRUCTION,Contractor,"110-Single House, single detached home, bungalow, linked home (linked at the foundation), single family dwelling"
PRRN202600495,Renovation/Alteration,2026-03-20 00:00:00,Commercial,Alteration and improvements,12000,0,1,,"1322 LORNE STREET, REGINA, SK S4R2K1",Address,Old 33,RALLOHCS HOLDINGS CORP.,Property Owner,"522-Office complex; office/store, office/apartment"
PRRN202600523,Renovation/Alteration,2026-03-20 00:00:00,Residential,Alteration and improvements,4000,0,0,,"39 FUHRMANN CRESCENT, REGINA, SK S4R5S4",Address,Walsh Acres,REDACTED,Property Owner,"110-Single House, single detached home, bungalow, linked home (linked at the foundation), single family dwelling"
PRRN202600563,Renovation/Alteration,2026-03-20 00:00:00,Residential,Alteration and improvements,25000,0,0,,"2751 HIGHGROVE ROAD, REGINA, SK S4V0N2",Address,Windsor Park,SUPREME GROUP OF COMPANIES,Contractor,"110-Single House, single detached home, bungalow, linked home (linked at the foundation), single family dwelling"
PRSS202600507,Secondary Suite,2026-03-20 00:00:00,Residential,Alteration and improvements,70000,1,0,,"3165 GREEN STONE ROAD, REGINA, SK S4V3R8",Address,The Towns,REDACTED,Property Owner,"110-Single House, single detached home, bungalow, linked home (linked at the foundation), single family dwelling"
PRAD202600432,Addition,2026-03-23 00:00:00,Commercial,Addition to existing building commercial & residential,1887185.37,0,2,,"5757 ROCHDALE BOULEVARD, REGINA, SK S4X3P5",Address,Garden Ridge,WESTRIDGE CONSTRUCTION - NICK EDWARDS,Contractor,"622-Secondary school, high school, junior high school"
PRBS202600560,Basement Development,2026-03-23 00:00:00,Residential,Alteration and improvements,2500,0,0,,"3457 ELGAARD DRIVE, REGINA, SK S4X0N4",Address,Hawkstone,REDACTED,Property Owner,335-Row House - Condominium
PRMH202600607,Plumbing,2026-03-23 00:00:00,Commercial,Mechanical,7000,0,1,,"1411 CORNWALL STREET, REGINA, SK S4R2H8",Address,Old 33,PRECISE TEMP REFRIGERATION LTD.,Property Owner,"560-Indoor recreational building; sports complex, tennis court and squash, community center, arena, curling club, swimming pool"
PRMH202600638,Plumbing,2026-03-23 00:00:00,Residential,Mechanical,4500,0,0,,"3432 29TH AVENUE, REGINA, SK S4S2P3",Address,Parliament Place,HYBRID RENOVATIONS,Contractor,"110-Single House, single detached home, bungalow, linked home (linked at the foundation), single family dwelling"
PRRN202502132,Renovation/Alteration,2026-03-23 00:00:00,Institutional,Alteration and improvements,10000,0,0,,"4415 JAMES HILL ROAD, REGINA, SK S4W0P3",Address,Harbour Landing,CITY OF REGINA,Property Owner,"620-Elementary school, kindergarten"
PRRN202600475,Renovation/Alteration,2026-03-23 00:00:00,Commercial,Alteration and improvements,30000,0,1,,"2610 E VICTORIA AVENUE, REGINA, SK S4N6M5",Address,Mayfair,BISON PROPERTIES LIMITED,Property Owner,"572-Service station, repair garage and specialty shop; gasoline station, service station/car wash, muffler shop, transmission shop, service station/garage"
PRSS202600196,Secondary Suite,2026-03-23 00:00:00,Residential,Alteration and improvements,50000,1,0,,"5108 E SIMARD AVENUE, REGINA, SK S4V3W5",Address,The Towns,REDACTED,Property Owner,"110-Single House, single detached home, bungalow, linked home (linked at the foundation), single family dwelling"
PRSS202600213,Secondary Suite,2026-03-23 00:00:00,Residential,Alteration and improvements,60000,1,0,,"8626 WHEAT CRESCENT, REGINA, SK S4Y0H7",Address,Westerra,AFE VENTURES,Contractor,"210-Semi-Detached or Double House, single attached home"
PRTN202600540,Tent / Temporary Structure,2026-03-23 00:00:00,Commercial,New,0,0,0,,"2900 13TH AVENUE, REGINA, SK S4T1N7",Address,Old 33,CITY OF REGINA,Property Owner,Not Applicable
PRDE202503577,Demolition,2026-03-24 00:00:00,Residential,Demolition,9000,0,0,1,"2169 MCARA STREET, REGINA, SK S4N2V9",Address,Broders Annex,ZARYSKI CONSTRUCTION LTD.,Contractor,"110-Single House, single detached home, bungalow, linked home (linked at the foundation), single family dwelling"
PRDK202600596,Deck/Sunroom,2026-03-24 00:00:00,Residential,Alteration and improvements,10000,0,0,,"3140 GREEN TURTLE ROAD, REGINA, SK S4V4C5",Address,The Towns,REDACTED,Property Owner,"110-Single House, single detached home, bungalow, linked home (linked at the foundation), single family dwelling"
PRRN202600473,Renovation/Alteration,2026-03-24 00:00:00,Commercial,Alteration and improvements,265000,0,2,,"855 PARK STREET, REGINA, SK S4N6M1",Address,Industrial Ross,WESTRIDGE CONSTRUCTION LTD,Contractor,"460-Storage building; warehouse (for storage purposes only), industrial mall, grain elevator, locker rental, silo, quonset, refrigerated storage terminal"
PRRN202600486,Renovation/Alteration,2026-03-24 00:00:00,Commercial,Alteration and improvements,10000,0,1,,"924 PARK STREET, REGINA, SK S4N4Y3",Address,Industrial Ross,JUNIORS CONSTRUCTION,Contractor,"510-Retail and wholesale outlets; retail outlet, department store, photographic studio, rental service, beauty salon, hairdressing salon, lumber yard, dry cleaner, laundromat"
PRSF202600242,Single/Semi-Detached Dwelling 1-2 units,2026-03-24 00:00:00,Residential,New construction,182710,1,2,,2934 DUMONT WAY,Address,The Towns,CITY OF REGINA,Property Owner,"110-Single House, single detached home, bungalow, linked home (linked at the foundation), single family dwelling"
PRSF202600329,Single/Semi-Detached Dwelling 1-2 units,2026-03-24 00:00:00,Residential,New construction,336515,1,2,,"3005 GREEN TURTLE ROAD, REGINA, SK S4V4E6",Address,The Towns,EHRENBURG HOMES LTD.,Contractor,"110-Single House, single detached home, bungalow, linked home (linked at the foundation), single family dwelling"
PRSF202600331,Single/Semi-Detached Dwelling 1-2 units,2026-03-24 00:00:00,Residential,New construction,336515,1,2,,"3013 GREEN TURTLE ROAD, REGINA, SK S4V4E6",Address,The Towns,EHRENBURG HOMES LTD.,Contractor,"110-Single House, single detached home, bungalow, linked home (linked at the foundation), single family dwelling"
PRSF202600333,Single/Semi-Detached Dwelling 1-2 units,2026-03-24 00:00:00,Residential,New construction,336515,1,2,,"3037 GREEN TURTLE ROAD, REGINA, SK S4V4E6",Address,The Towns,EHRENBURG HOMES LTD.,Contractor,"110-Single House, single detached home, bungalow, linked home (linked at the foundation), single family dwelling"
PRSF202600337,Single/Semi-Detached Dwelling 1-2 units,2026-03-24 00:00:00,Residential,New construction,374810,1,2,,3012 FAVEL DRIVE,Address,The Towns,EHRENBURG HOMES LTD.,Contractor,"110-Single House, single detached home, bungalow, linked home (linked at the foundation), single family dwelling"
PRSF202600338,Single/Semi-Detached Dwelling 1-2 units,2026-03-24 00:00:00,Residential,New construction,409405,1,2,,3016 FAVEL DRIVE,Address,The Towns,EHRENBURG HOMES LTD.,Contractor,"110-Single House, single detached home, bungalow, linked home (linked at the foundation), single family dwelling"
PRSF202600352,Single/Semi-Detached Dwelling 1-2 units,2026-03-24 00:00:00,Residential,New construction,287860,1,2,,"3045 GREEN TURTLE ROAD, REGINA, SK S4V4E5",Address,The Towns,EHRENBURG HOMES LTD.,Contractor,"110-Single House, single detached home, bungalow, linked home (linked at the foundation), single family dwelling"
PRSF202600353,Single/Semi-Detached Dwelling 1-2 units,2026-03-24 00:00:00,Residential,New construction,287860,1,2,,"3049 GREEN TURTLE ROAD, REGINA, SK S4V4E5",Address,The Towns,EHRENBURG HOMES LTD.,Contractor,"110-Single House, single detached home, bungalow, linked home (linked at the foundation), single family dwelling"
PRSF202600354,Single/Semi-Detached Dwelling 1-2 units,2026-03-24 00:00:00,Residential,New construction,287860,1,2,,"3061 GREEN TURTLE ROAD, REGINA, SK S4V4E5",Address,The Towns,EHRENBURG PROPERTIES - REGINA LIMITED,Contractor,"110-Single House, single detached home, bungalow, linked home (linked at the foundation), single family dwelling"
PRSF202600355,Single/Semi-Detached Dwelling 1-2 units,2026-03-24 00:00:00,Residential,New construction,287860,1,2,,"3069 GREEN TURTLE ROAD, REGINA, SK S4V4E5",Address,The Towns,EHRENBURG HOMES - HANNAH UYTTERHAGEN,Contractor,"110-Single House, single detached home, bungalow, linked home (linked at the foundation), single family dwelling"
PRSF202600362,Single/Semi-Detached Dwelling 1-2 units,2026-03-24 00:00:00,Residential,New construction,314315,1,2,,"3009 GREEN TURTLE ROAD, REGINA, SK S4V4E6",Address,The Towns,EHRENBURG HOMES LTD.,Contractor,"110-Single House, single detached home, bungalow, linked home (linked at the foundation), single family dwelling"
PRSF202600363,Single/Semi-Detached Dwelling 1-2 units,2026-03-24 00:00:00,Residential,New construction,314315,1,2,,"3041 GREEN TURTLE ROAD, REGINA, SK S4V4E6",Address,The Towns,EHRENBURG HOMES - HANNAH UYTTERHAGEN,Contractor,"110-Single House, single detached home, bungalow, linked home (linked at the foundation), single family dwelling"
PRSF202600364,Single/Semi-Detached Dwelling 1-2 units,2026-03-24 00:00:00,Residential,New construction,314315,1,2,,"3065 GREEN TURTLE ROAD, REGINA, SK S4V4E5",Address,The Towns,EHRENBURG HOMES LTD.,Contractor,"110-Single House, single detached home, bungalow, linked home (linked at the foundation), single family dwelling"
PRSF202600365,Single/Semi-Detached Dwelling 1-2 units,2026-03-24 00:00:00,Residential,New construction,314315,1,2,,"3012 GREEN TURTLE ROAD, REGINA, SK S4V4E6",Address,The Towns,EHRENBURG HOMES LTD.,Contractor,"110-Single House, single detached home, bungalow, linked home (linked at the foundation), single family dwelling"
PRSF202600389,Single/Semi-Detached Dwelling 1-2 units,2026-03-24 00:00:00,Residential,New construction,287860,1,2,,"3073 GREEN TURTLE ROAD, REGINA, SK S4V4E5",Address,The Towns,EHRENBURG HOMES - HANNAH UYTTERHAGEN,Contractor,"110-Single House, single detached home, bungalow, linked home (linked at the foundation), single family dwelling"
PRSF202600391,Single/Semi-Detached Dwelling 1-2 units,2026-03-24 00:00:00,Residential,New construction,287860,1,2,,"3081 GREEN TURTLE ROAD, REGINA, SK S4V4E5",Address,The Towns,EHRENBURG HOMES - HANNAH UYTTERHAGEN,Contractor,"110-Single House, single detached home, bungalow, linked home (linked at the foundation), single family dwelling"
PRSF202600392,Single/Semi-Detached Dwelling 1-2 units,2026-03-24 00:00:00,Residential,New construction,287860,1,2,,"3085 GREEN TURTLE ROAD, REGINA, SK S4V4E5",Address,The Towns,EHRENBURG HOMES LTD.,Contractor,"110-Single House, single detached home, bungalow, linked home (linked at the foundation), single family dwelling"
PRSS202600517,Secondary Suite,2026-03-24 00:00:00,Residential,Alteration and improvements,40000,1,0,,"2973 WELBY WAY, REGINA, SK S4V4A2",Address,The Towns,FIRST CALL CONSTRUCTION INC.,Contractor,"210-Semi-Detached or Double House, single attached home"
PRBS202600546,Basement Development,2026-03-25 00:00:00,Residential,Alteration and improvements,45000,0,0,,"49 LANGLEY STREET, REGINA, SK S4S3V5",Address,Hillsdale,HRC CONSTRUCTION LTD. - CAL ROSE,Contractor,"110-Single House, single detached home, bungalow, linked home (linked at the foundation), single family dwelling"
PRDE202600592,Demolition,2026-03-25 00:00:00,Residential,Demolition,500,0,0,,"2912 MCCALLUM AVENUE, REGINA, SK S4S0R2",Address,Lakeview,BOUSS CONSTRUCTION INC.,Contractor,"110-Single House, single detached home, bungalow, linked home (linked at the foundation), single family dwelling"
PRRN202502261,Renovation/Alteration,2026-03-25 00:00:00,Residential,Alteration and improvements,6000,0,0,,"4 CECIL CRESCENT, REGINA, SK S4T5Y4",Address,Coventry Place,REDACTED,Property Owner,"110-Single House, single detached home, bungalow, linked home (linked at the foundation), single family dwelling"
PRRN202600436,Renovation/Alteration,2026-03-25 00:00:00,Institutional,Alteration and improvements,290000,0,1,,"4500 WASCANA PARKWAY, REGINA, SK S4S5W9",Address,Wascana Park,CROWN IN RIGHT OF SASKATCHEWAN,Property Owner,"624-Post-secondary institution; technical institute, trade school"
PRRN202600496,Renovation/Alteration,2026-03-25 00:00:00,Residential,Alteration and improvements,4384,0,0,,"5127 HOLASH WAY, REGINA, SK S4X4M3",Address,Lakeridge,REDACTED,Property Owner,"110-Single House, single detached home, bungalow, linked home (linked at the foundation), single family dwelling"
PRRN202600525,Renovation/Alteration,2026-03-25 00:00:00,Commercial,Alteration and improvements,10000,0,0,,"1450 ANGUS STREET, REGINA, SK S4T1Y9",Address,Old 33,MASICK CONSTRUCTION,Contractor,"310-Apartment, apartment building, duplex, triplex, quadruple"
PRSF202600574,Single/Semi-Detached Dwelling 1-2 units,2026-03-25 00:00:00,Residential,New construction,286935,1,2,,2941 GREEN TURTLE ROAD,Address,The Towns,EHRENBURG HOMES - HANNAH UYTTERHAGEN,Contractor,"110-Single House, single detached home, bungalow, linked home (linked at the foundation), single family dwelling"
PRSF202600576,Single/Semi-Detached Dwelling 1-2 units,2026-03-25 00:00:00,Residential,New construction,286935,1,2,,2949 GREEN TURTLE ROAD,Address,The Towns,EHRENBURG HOMES LTD.,Contractor,"110-Single House, single detached home, bungalow, linked home (linked at the foundation), single family dwelling"
PRSF202600577,Single/Semi-Detached Dwelling 1-2 units,2026-03-25 00:00:00,Residential,New construction,286935,1,2,,2973 GREEN TURTLE ROAD,Address,The Towns,EHRENBURG HOMES LTD.,Contractor,"110-Single House, single detached home, bungalow, linked home (linked at the foundation), single family dwelling"
PRBS202600630,Basement Development,2026-03-26 00:00:00,Residential,Alteration and improvements,25500,0,0,,"4351 JAMES HILL ROAD, REGINA, SK S4W0L4",Address,Harbour Landing,DHAMI CONSTRUCTION INC.,Contractor,"330-Row House, garden home, town house, carriage home, quadrex"
PRBS202600639,Basement Development,2026-03-26 00:00:00,Residential,Alteration and improvements,30500,0,0,,"8857 BAROOTES WAY, REGINA, SK S4Y0C4",Address,Edgewater,DHAMI CONSTRUCTION INC.,Contractor,"110-Single House, single detached home, bungalow, linked home (linked at the foundation), single family dwelling"
PRFR202600561,Foundation Repair,2026-03-26 00:00:00,Residential,Alteration and improvements,38000,0,0,,"69 BOBOLINK BAY, REGINA, SK S4S4K2",Address,Whitmore Park,JS GROUP OF COMPANIES,Contractor,"110-Single House, single detached home, bungalow, linked home (linked at the foundation), single family dwelling"
PRRN202600406,Renovation/Alteration,2026-03-26 00:00:00,Commercial,Alteration and improvements,425000,0,1,,"3998 ALBERT STREET, REGINA, SK S4S3R1",Address,Parliament Place,G.N.K.M. ENTERPRISES INC. | NEXT2 ENTERPRISES LTD.,Property Owner,"540-Restaurant, bar, tavern, night club, diner, donut shop"
PRRN202600451,Renovation/Alteration,2026-03-26 00:00:00,Commercial,Alteration and improvements,60000,0,1,,"3303 HILLSDALE STREET, REGINA, SK S4S4J8",Address,Hillsdale,3303 HILLSDALE PROPERTIES LTD.,Property Owner,"520-Office building; consultant’s office, doctor’s office, insurance company, bank, taxi stand, office/cafeteria, office/smoke shop"
PRRN202600458,Renovation/Alteration,2026-03-26 00:00:00,Institutional,Alteration and improvements,200000,0,1,,"4500 WASCANA PARKWAY, REGINA, SK S4S5W9",Address,Wascana Park,CROWN IN RIGHT OF SASKATCHEWAN,Property Owner,"624-Post-secondary institution; technical institute, trade school"
PRRN202600595,Renovation/Alteration,2026-03-26 00:00:00,Residential,Alteration and improvements,120000,0,0,,"10 SELKIRK CRESCENT, REGINA, SK S4S6J4",Address,Albert Park,BLACK PEARL CONSTRUCTION,Contractor,"110-Single House, single detached home, bungalow, linked home (linked at the foundation), single family dwelling"
PRSF202600500,Single/Semi-Detached Dwelling 1-2 units,2026-03-26 00:00:00,Residential,New construction,494000,1,2,,"1664 N MAPLE HILL CRESCENT, REGINA, SK S4X0P1",Address,Maple Ridge,GILROY HOMES INC.,Contractor,"110-Single House, single detached home, bungalow, linked home (linked at the foundation), single family dwelling"
PRSS202600564,Secondary Suite,2026-03-26 00:00:00,Residential,Addition to existing building commercial & residential,56000,1,0,,"2973 BELLEGARDE CRESCENT, REGINA, SK S4V3W4",Address,The Towns,REDACTED,Property Owner,"110-Single House, single detached home, bungalow, linked home (linked at the foundation), single family dwelling"
PRGA202600347,Garage/Carport,2026-03-27 00:00:00,Residential,Garage/Carport/Accessory Structure,80000,0,0,,"3508 ALLEN AVENUE, REGINA, SK S4S0Z9",Address,Lakeview Centre,REDACTED,Property Owner,"110-Single House, single detached home, bungalow, linked home (linked at the foundation), single family dwelling"
PRGA202600593,Garage/Carport,2026-03-27 00:00:00,Residential,Garage/Carport/Accessory Structure,35000,0,0,,"2912 MCCALLUM AVENUE, REGINA, SK S4S0R2",Address,Lakeview,BOUSS CONSTRUCTION INC.,Contractor,"110-Single House, single detached home, bungalow, linked home (linked at the foundation), single family dwelling"
PRRN202503119,Renovation/Alteration,2026-03-27 00:00:00,Commercial,Alteration and improvements,20500,0,2,,"3004 13TH AVENUE, REGINA, SK S4T1N9",Address,Old 33,102202011 SASKATCHEWAN LTD.,Property Owner,"540-Restaurant, bar, tavern, night club, diner, donut shop"
PRSF202600408,Single/Semi-Detached Dwelling 1-2 units,2026-03-27 00:00:00,Residential,New construction,400000,1,2,,"2967 KAUFMAN WAY, REGINA, SK S4V3Z5",Address,The Towns,CRAWFORD HOMES - DAVE ATKINSON,Contractor,"110-Single House, single detached home, bungalow, linked home (linked at the foundation), single family dwelling"
PRFR202600625,Foundation Repair,2026-03-28 00:00:00,Residential,Alteration and improvements,70000,0,0,,"3127 RAE STREET, REGINA, SK S4S1R9",Address,Lakeview,REGINA HOUSE LEVELING - TRAVIS ZERIE,Contractor,"110-Single House, single detached home, bungalow, linked home (linked at the foundation), single family dwelling"
PRDK202600616,Deck/Sunroom,2026-03-30 00:00:00,Residential,Alteration and improvements,7000,0,0,,"1011 12TH AVENUE N, REGINA, SK S4R7W4",Address,Uplands,RAMZ CONSTRUCTION,Contractor,"210-Semi-Detached or Double House, single attached home"
PRFR202600647,Foundation Repair,2026-03-30 00:00:00,Residential,Alteration and improvements,5570,0,0,,"901 MCTAVISH STREET, REGINA, SK S4T3V2",Address,Parkdale,REDACTED,Property Owner,"110-Single House, single detached home, bungalow, linked home (linked at the foundation), single family dwelling"
PRRN202503544,Renovation/Alteration,2026-03-30 00:00:00,Commercial,Alteration and improvements,100,0,1,,"3231 WHITMORE AVENUE, REGINA, SK S4S1C1",Address,Lakeview Centre,102183927 SASKATCHEWAN CORP.,Property Owner,"650-Day care, nursing home, rest home, home for the blind, charitable home, detoxification center"
PRAD202502945,Addition,2026-03-31 00:00:00,Residential,Addition to existing building commercial & residential,30000,0,0,,"1614 N MAPLE GARDEN ROAD, REGINA, SK S4X0P2",Address,Maple Ridge,REDACTED,Property Owner,"110-Single House, single detached home, bungalow, linked home (linked at the foundation), single family dwelling"
PRDK202600033,Deck/Sunroom,2026-03-31 00:00:00,Residential,New construction,35000,0,0,,"1324 N BENJAMIN CRESCENT, REGINA, SK S4X4K1",Address,Lakeridge,THE ULTIMATE DECK SHOP INC.,Contractor,"110-Single House, single detached home, bungalow, linked home (linked at the foundation), single family dwelling"
PRDK202600602,Deck/Sunroom,2026-03-31 00:00:00,Residential,Alteration and improvements,2000,0,0,,"104 N ST JOHN STREET, REGINA, SK S4R2V9",Address,Churchill Downs,REDACTED,Property Owner,"110-Single House, single detached home, bungalow, linked home (linked at the foundation), single family dwelling"
PRFR202600489,Foundation Repair,2026-03-31 00:00:00,Residential,Alteration and improvements,5950,0,0,,"3921 QU'APPELLE DRIVE, REGINA, SK S4S0E1",Address,River Heights,REDACTED,Property Owner,"110-Single House, single detached home, bungalow, linked home (linked at the foundation), single family dwelling"
PRFR202600646,Foundation Repair,2026-03-31 00:00:00,Residential,Alteration and improvements,3300,0,0,,"79 MCMURCHY AVENUE, REGINA, SK S4R3G5",Address,Coronation Park N.,AAA SOLID FOUNDATION,Contractor,"110-Single House, single detached home, bungalow, linked home (linked at the foundation), single family dwelling"
PRFR202600648,Foundation Repair,2026-03-31 00:00:00,Residential,Alteration and improvements,50000,0,0,,"3610 FONYO BAY, REGINA, SK S4V2H5",Address,Richmond Place,RSR CONSTRUCTION  TERRY PAUN,Contractor,"110-Single House, single detached home, bungalow, linked home (linked at the foundation), single family dwelling"
PRFR202600691,Foundation Repair,2026-03-31 00:00:00,Residential,Alteration and improvements,18500,0,0,,"66 MCNAB CRESCENT, REGINA, SK S4S4B2",Address,Hillsdale,JS GROUP OF COMPANIES,Contractor,"110-Single House, single detached home, bungalow, linked home (linked at the foundation), single family dwelling"
PRRN202600493,Renovation/Alteration,2026-03-31 00:00:00,Commercial,Alteration and improvements,250000,0,2,,"2900 13TH AVENUE, REGINA, SK S4T1N7",Address,Old 33,HIPPERSON CONSTRUCTION - MITCH,Contractor,"560-Indoor recreational building; sports complex, tennis court and squash, community center, arena, curling club, swimming pool"
PRRN202600536,Renovation/Alteration,2026-03-31 00:00:00,Commercial,Alteration and improvements,12000,0,1,,"350 N MCCARTHY BOULEVARD, REGINA, SK S4R7M2",Address,Normanview West,EXTOL DEVELOPMENTS INC. - JORDAN BROWN,Contractor,"520-Office building; consultant’s office, doctor’s office, insurance company, bank, taxi stand, office/cafeteria, office/smoke shop"
PRRN202600633,Renovation/Alteration,2026-03-31 00:00:00,Residential,Alteration and improvements,50000,0,0,,"3541 EVANS COURT, REGINA, SK S4S0A9",Address,Hillsdale,ELEMENT CONSTRUCTION,Contractor,"110-Single House, single detached home, bungalow, linked home (linked at the foundation), single family dwelling"
PRBS202600603,Basement Development,2026-04-01 00:00:00,Residential,Alteration and improvements,26000,0,0,,"1769 RED SPRING STREET, REGINA, SK S4Y0G4",Address,Westerra,LUCKY LINKS BUILDING SERVICES LTD. - LUCKY ALUGE,Contractor,"330-Row House, garden home, town house, carriage home, quadrex"
PRFR202600655,Foundation Repair,2026-04-01 00:00:00,Residential,Alteration and improvements,4000,0,0,,"4137 MCTAVISH STREET, REGINA, SK S4S3M7",Address,Parliament Place,"DKM ENGINEERING LTD. - JIM  MARKATOS, P.ENG | REGINA HOUSE LEVELING - TRAVIS ZERIE",Contractor,"110-Single House, single detached home, bungalow, linked home (linked at the foundation), single family dwelling"
PRFR202600658,Foundation Repair,2026-04-01 00:00:00,Residential,Alteration and improvements,9450,0,0,,"1734 E BOYD STREET, REGINA, SK S4V1S6",Address,Gardiner Park,REDACTED,Property Owner,"110-Single House, single detached home, bungalow, linked home (linked at the foundation), single family dwelling"
PRFR202600659,Foundation Repair,2026-04-01 00:00:00,Residential,Alteration and improvements,10725,0,0,,"2245 MONTAGUE STREET, REGINA, SK S4T3K4",Address,Old 33,AAA SOLID FOUNDATION,Contractor,"110-Single House, single detached home, bungalow, linked home (linked at the foundation), single family dwelling"
PRFR202600690,Foundation Repair,2026-04-01 00:00:00,Residential,Alteration and improvements,28000,0,0,,"6119 DALGLIESH DRIVE, REGINA, SK S4X2K3",Address,Mccarthy Park,JS GROUP OF COMPANIES,Contractor,"110-Single House, single detached home, bungalow, linked home (linked at the foundation), single family dwelling"
PRFR202600692,Foundation Repair,2026-04-01 00:00:00,Residential,Alteration and improvements,17000,0,0,,"3601 21ST AVENUE, REGINA, SK S4S0V3",Address,Lakeview A,REDACTED,Property Owner,"110-Single House, single detached home, bungalow, linked home (linked at the foundation), single family dwelling"
PRFR202600699,Foundation Repair,2026-04-01 00:00:00,Residential,Alteration and improvements,7690,0,0,,"6 PETERSMEYER STREET, REGINA, SK S4R7P7",Address,Argyle Park,REDACTED,Property Owner,"110-Single House, single detached home, bungalow, linked home (linked at the foundation), single family dwelling"
PRFR202600726,Foundation Repair,2026-04-01 00:00:00,Residential,Alteration and improvements,5640,0,0,,"2411 ATHOL STREET, REGINA, SK S4T3G6",Address,Riverside,AAA SOLID FOUNDATION,Contractor,"110-Single House, single detached home, bungalow, linked home (linked at the foundation), single family dwelling"
PRSS202600502,Secondary Suite,2026-04-01 00:00:00,Residential,Alteration and improvements,65000,1,0,,"3309 FAVEL DRIVE, REGINA, SK S4V4B2",Address,The Towns,REDACTED,Property Owner,"110-Single House, single detached home, bungalow, linked home (linked at the foundation), single family dwelling"
PRBS202600529,Basement Development,2026-04-02 00:00:00,Residential,Alteration and improvements,74126,0,0,,"59 WINDFIELD ROAD, REGINA, SK S4V0E8",Address,University Park,1 OAK CONSTRUCTION LTD. - MATTHEW ROGINA,Contractor,"110-Single House, single detached home, bungalow, linked home (linked at the foundation), single family dwelling"
PRBS202600704,Basement Development,2026-04-02 00:00:00,Residential,Alteration and improvements,12000,0,0,,"2953 ARGYLE STREET, REGINA, SK S4S2B1",Address,Normandy Heights,REDACTED,Property Owner,"110-Single House, single detached home, bungalow, linked home (linked at the foundation), single family dwelling"
PRDE202600628,Demolition,2026-04-02 00:00:00,Residential,Demolition,7100,0,0,,"2604 CORONATION STREET, REGINA, SK S4S0L3",Address,River Heights,K.B.F. RESIDENTIAL BUILDING SERVICES LTD.,Contractor,"110-Single House, single detached home, bungalow, linked home (linked at the foundation), single family dwelling"
PRDK202600613,Deck/Sunroom,2026-04-02 00:00:00,Residential,Alteration and improvements,10142.63,0,0,,"3 BROCKELBANK CRESCENT, REGINA, SK S4R6J5",Address,Argyle Park,DK PRIME CONSTRUCTION - KYLE@DKPRIME.CA,Contractor,"110-Single House, single detached home, bungalow, linked home (linked at the foundation), single family dwelling"
PRDK202600683,Deck/Sunroom,2026-04-02 00:00:00,Residential,Alteration and improvements,74000,0,0,,"9423 WASCANA MEWS, REGINA, SK S4V2V6",Address,Wascana View,REDACTED,Property Owner,"110-Single House, single detached home, bungalow, linked home (linked at the foundation), single family dwelling"
PRFR202600728,Foundation Repair,2026-04-02 00:00:00,Residential,Alteration and improvements,19000,0,0,,"2471 BRODER STREET, REGINA, SK S4N3T1",Address,Assiniboia  Place,COLOSSAL FOUNDATION REPAIR INC,Contractor,"110-Single House, single detached home, bungalow, linked home (linked at the foundation), single family dwelling"
PRGA202600687,Garage/Carport,2026-04-02 00:00:00,Residential,Garage/Carport/Accessory Structure,20000,0,0,,"5131 E KAUFMAN AVENUE, REGINA, SK S4V3W3",Address,The Towns,REDACTED,Property Owner,"110-Single House, single detached home, bungalow, linked home (linked at the foundation), single family dwelling"
PRMU202600024,Multi-Unit Dwelling 3+ Units,2026-04-02 00:00:00,Residential,New construction,1800000,8,3,,2910 KAUFMAN WAY,Address,The Towns,ARGYLE DEVELOPMENTS GP INC.,Property Owner,335-Row House - Condominium
PRRN202600283,Renovation/Alteration,2026-04-02 00:00:00,Commercial,Alteration and improvements,75000,0,11,,"1800 HAMILTON STREET, REGINA, SK S4P4K7",Address,Old 33,15877873 CANADA INC. | HDL INVESTMENTS INC.,Property Owner,"490-Engineering; parking garage, tunnel, dock"
PRRN202600552,Renovation/Alteration,2026-04-02 00:00:00,Commercial,Alteration and improvements,12000,0,1,,"955 WINNIPEG STREET, REGINA, SK S4R1J1",Address,Eastview,101030898 SASKATCHEWAN LTD.,Property Owner,"570-Motor vehicle show room (new and used); car dealership, used car, motorcycle and tractor sale"
PRRN202600617,Renovation/Alteration,2026-04-02 00:00:00,Residential,Alteration and improvements,300,1,0,,"2666 E HOWELL DRIVE, REGINA, SK S4N6K5",Address,Glencairn Village,REDACTED,Property Owner,"110-Single House, single detached home, bungalow, linked home (linked at the foundation), single family dwelling"
PRRN202600670,Renovation/Alteration,2026-04-02 00:00:00,Residential,Alteration and improvements,3000,0,0,,"1634 TORONTO STREET, REGINA, SK S4P1M2",Address,Old 33,REDACTED,Property Owner,"110-Single House, single detached home, bungalow, linked home (linked at the foundation), single family dwelling"
PRSF202600415,Single/Semi-Detached Dwelling 1-2 units,2026-04-02 00:00:00,Residential,New construction,550000,2,1,,"1760 WEST MARKET STREET, REGINA, SK S4Y0G3",Address,Westerra,CRAWFORD HOMES (EBUILD),Contractor,"110-Single House, single detached home, bungalow, linked home (linked at the foundation), single family dwelling"
PRSF202600511,Single/Semi-Detached Dwelling 1-2 units,2026-04-02 00:00:00,Residential,New construction,405125,1,2,,"3053 GREEN TURTLE ROAD, REGINA, SK S4V4E5",Address,The Towns,HOMES BY DREAM,Contractor,"110-Single House, single detached home, bungalow, linked home (linked at the foundation), single family dwelling"
PRSF202600553,Single/Semi-Detached Dwelling 1-2 units,2026-04-02 00:00:00,Residential,New construction,330000,1,2,,"1138 ATKINSON STREET, REGINA, SK S4N3V4",Address,Eastern Annex,HIBBERT HOMES & RENOVATIONS INC.,Property Owner,"110-Single House, single detached home, bungalow, linked home (linked at the foundation), single family dwelling"
PRSF202600615,Single/Semi-Detached Dwelling 1-2 units,2026-04-02 00:00:00,Residential,New construction,350000,2,2,,"2963 KAUFMAN WAY, REGINA, SK S4V3Z5",Address,The Towns,CRAWFORD HOMES (EBUILD),Contractor,"110-Single House, single detached home, bungalow, linked home (linked at the foundation), single family dwelling"
PRDE202600503,Demolition,2026-04-04 00:00:00,Residential,Demolition,20000,0,0,1,"1275 CAMERON STREET, REGINA, SK S4T2T2",Address,Old 33,FIRST CHOICE EXCAVATION & DEMOLITION,Contractor,"110-Single House, single detached home, bungalow, linked home (linked at the foundation), single family dwelling"
PRBS202600542,Basement Development,2026-04-06 00:00:00,Residential,Alteration and improvements,50000,0,0,,"2508 MCARA STREET, REGINA, SK S4N2W7",Address,Assiniboia  Place,ETHOS CONSTRUCTION,Contractor,"110-Single House, single detached home, bungalow, linked home (linked at the foundation), single family dwelling"
PRFR202600725,Foundation Repair,2026-04-06 00:00:00,Residential,Alteration and improvements,5570,0,0,,"986 N GARRY STREET, REGINA, SK S4X2N1",Address,Mccarthy Park,AAA SOLID FOUNDATION,Contractor,"110-Single House, single detached home, bungalow, linked home (linked at the foundation), single family dwelling"
PRBS202600583,Basement Development,2026-04-07 00:00:00,Residential,Alteration and improvements,50000,0,0,,"3601 GREEN MARSH CRESCENT, Unit:103, REGINA, SK S4V4C9",Address,The Greens on Gardin,CREEK CONSTRUCTION,Contractor,"330-Row House, garden home, town house, carriage home, quadrex"
PRBS202600667,Basement Development,2026-04-07 00:00:00,Residential,Alteration and improvements,48000,0,0,,"5601 PARLIAMENT AVENUE, Unit:40, REGINA, SK S4W0V4",Address,Harbour Landing,REDACTED,Property Owner,"330-Row House, garden home, town house, carriage home, quadrex"
PRDE202600591,Demolition,2026-04-07 00:00:00,Commercial,Demolition,800000,0,0,,"2048 ROSE STREET, REGINA, SK S4P2A2",Address,Old 33,DAVE MIHALICZ EXCAVATING LTD,Contractor,"440-Transportation terminal; bus and truck terminal, airport, railway station"
PRFR202600732,Foundation Repair,2026-04-07 00:00:00,Residential,Alteration and improvements,13390,0,0,,"25 BOBOLINK BAY, REGINA, SK S4S4K2",Address,Whitmore Park,AAA SOLID FOUNDATION,Contractor,"110-Single House, single detached home, bungalow, linked home (linked at the foundation), single family dwelling"
PRPO202600600,Pool,2026-04-07 00:00:00,Residential,Swimming pool,95000,0,0,,"330 PLAINSVIEW DRIVE, REGINA, SK S4S6Z8",Address,Albert Park,PARADISE LEISURESCAPES,Contractor,315-Apartment - Condominium
PRRN202600640,Renovation/Alteration,2026-04-07 00:00:00,Residential,Alteration and improvements,9000,0,0,,"2936 GEORGE STREET, REGINA, SK S4V3W1",Address,The Towns,FIRST CALL CONSTRUCTION INC.,Contractor,"310-Apartment, apartment building, duplex, triplex, quadruple"
PRSF202600581,Single/Semi-Detached Dwelling 1-2 units,2026-04-07 00:00:00,Residential,New construction,300000,2,2,,"4617 E GREEN BROOKS WAY, REGINA, SK S4V3K5",Address,The Greens on Gardin,TRI TECH HOMES REGINA,Contractor,"110-Single House, single detached home, bungalow, linked home (linked at the foundation), single family dwelling"
PRTN202600446,Tent / Temporary Structure,2026-04-07 00:00:00,Commercial,Other,1,0,0,,"2404 ELPHINSTONE STREET, REGINA, SK S4T7S7",Address,Mirror Sun Gardens,CITY OF REGINA,Property Owner,Not Applicable
PRTN202600587,Tent / Temporary Structure,2026-04-07 00:00:00,Commercial,Other,1,0,0,,"3118 14TH AVENUE, REGINA, SK S4T1R9",Address,Old 33,CITY OF REGINA,Property Owner,Not Applicable
PRTN202600668,Tent / Temporary Structure,2026-04-07 00:00:00,Commercial,Other,3000,0,0,,"2425 7TH AVENUE N, REGINA, SK S4R0K4",Address,Cityview,THE BRICK GP LTD,Property Owner,Not Applicable
PRBS202600724,Basement Development,2026-04-08 00:00:00,Residential,Alteration and improvements,10000,0,0,,"55 DUNCAN CRESCENT, REGINA, SK S4T6L4",Address,Dieppe Place,COLLABORATIVE CONSTRUCTION,Contractor,"110-Single House, single detached home, bungalow, linked home (linked at the foundation), single family dwelling"
PRBS202600755,Basement Development,2026-04-08 00:00:00,Residential,Alteration and improvements,20000,0,0,,"3343 GREEN SANDCHERRY STREET, REGINA, SK S4V3M2",Address,The Greens on Gardin,REDACTED,Property Owner,"210-Semi-Detached or Double House, single attached home"
PRDE202502606,Demolition,2026-04-08 00:00:00,Residential,Demolition,15000,0,0,1,"712 E 18TH AVENUE, REGINA, SK S4N1E7",Address,Assiniboia East,REDACTED,Property Owner,"110-Single House, single detached home, bungalow, linked home (linked at the foundation), single family dwelling"
PRFR202600656,Foundation Repair,2026-04-08 00:00:00,Residential,Alteration and improvements,11375,0,0,,"126 HAMILTON STREET, REGINA, SK S4R2A2",Address,Highland Park,AAA SOLID FOUNDATION,Contractor,"110-Single House, single detached home, bungalow, linked home (linked at the foundation), single family dwelling"
PRFR202600657,Foundation Repair,2026-04-08 00:00:00,Residential,Alteration and improvements,8000,0,0,,"1874 ROBINSON STREET, REGINA, SK S4T2P1",Address,Old 33,AAA SOLID FOUNDATION,Contractor,"110-Single House, single detached home, bungalow, linked home (linked at the foundation), single family dwelling"
PRFR202600778,Foundation Repair,2026-04-08 00:00:00,Residential,Alteration and improvements,5485,0,0,,"3418 E 7TH AVENUE, REGINA, SK S4N7A6",Address,Parkridge,AAA SOLID FOUNDATION,Contractor,"110-Single House, single detached home, bungalow, linked home (linked at the foundation), single family dwelling"
PRFR202600803,Foundation Repair,2026-04-08 00:00:00,Residential,Alteration and improvements,6900,0,0,,"1559 N LEE-GRAYSON CRESCENT, REGINA, SK S4X3Z9",Address,Lakewood,AAA SOLID FOUNDATION,Contractor,"110-Single House, single detached home, bungalow, linked home (linked at the foundation), single family dwelling"
PRNR202600149,New Commercial,2026-04-08 00:00:00,Commercial,Superstructure or part of new building,7730000,0,3,,"2735 5TH AVENUE, REGINA, SK S4T0L2",Address,Old 33,WESTRIDGE CONSTRUCTION - NICK EDWARDS,Contractor,"642-Clinic, health unit; out-patient clinic, first aid station"
PRRN202600478,Renovation/Alteration,2026-04-08 00:00:00,Commercial,Alteration,8000,0,1,,"4841 HARBOUR LANDING DRIVE, REGINA, SK S4W0B7",Address,Harbour Landing,HARVARD DIVERSIFIED ENTERPRISES INC.,Property Owner,"510-Retail and wholesale outlets; retail outlet, department store, photographic studio, rental service, beauty salon, hairdressing salon, lumber yard, dry cleaner, laundromat"
PRRN202600627,Renovation/Alteration,2026-04-08 00:00:00,Residential,Alteration and improvements,5000,0,0,,"2277 CAMERON STREET, REGINA, SK S4T2V9",Address,Old 33,REDACTED,Property Owner,"110-Single House, single detached home, bungalow, linked home (linked at the foundation), single family dwelling"
PRRN202600645,Renovation/Alteration,2026-04-08 00:00:00,Residential,Alteration and improvements,21811.5,0,0,,"3516 PARLIAMENT AVENUE, REGINA, SK S4S2M3",Address,Parliament Place,REDACTED,Property Owner,"110-Single House, single detached home, bungalow, linked home (linked at the foundation), single family dwelling"
PRRN202600664,Renovation/Alteration,2026-04-08 00:00:00,Residential,Alteration and improvements,11500,0,0,,"3650 WEDGWOOD WAY, REGINA, SK S4V2M6",Address,Richmond Place,REDACTED,Property Owner,335-Row House - Condominium
PRRN202600681,Renovation/Alteration,2026-04-08 00:00:00,Residential,Alteration and improvements,5000,0,0,,"93 BOBOLINK BAY, REGINA, SK S4S4K2",Address,Whitmore Park,REDACTED,Property Owner,"110-Single House, single detached home, bungalow, linked home (linked at the foundation), single family dwelling"
PRTN202600383,Tent / Temporary Structure,2026-04-08 00:00:00,Commercial,Other,6000,0,0,,"1070 MCDONALD STREET, REGINA, SK S4N2X8",Address,Eastern Annex,DARK HORSE HOLDINGS LTD.,Property Owner,Not Applicable
PRAD202600541,Addition,2026-04-09 00:00:00,Residential,Addition to existing building commercial & residential,155350,0,0,,"75 LEOPOLD CRESCENT, REGINA, SK S4T6N5",Address,Crescents,REDACTED,Property Owner,"110-Single House, single detached home, bungalow, linked home (linked at the foundation), single family dwelling"
PRBS202600463,Basement Development,2026-04-09 00:00:00,Residential,Alteration and improvements,75000,0,0,,"56 ANGUS CRESCENT, REGINA, SK S4T6N2",Address,Crescents,REDACTED,Property Owner,"110-Single House, single detached home, bungalow, linked home (linked at the foundation), single family dwelling"
PRBS202600723,Basement Development,2026-04-09 00:00:00,Residential,Alteration and improvements,3000,0,0,,"4313 E GREEN POPLAR LANE, REGINA, SK S4V1R1",Address,The Greens on Gardiner,REDACTED,Property Owner,"110-Single House, single detached home, bungalow, linked home (linked at the foundation), single family dwelling"
PRBS202600752,Basement Development,2026-04-09 00:00:00,Residential,Alteration and improvements,10000,0,0,,"2945 WELBY WAY, REGINA, SK S4V4A2",Address,The Towns,REVIVE INTERIORS - SPIRIDON LY BESHA,Contractor,"330-Row House, garden home, town house, carriage home, quadrex"
PRDE202502434,Demolition,2026-04-09 00:00:00,Residential,Demolition,0,0,0,,"854 ROBINSON STREET, REGINA, SK S4T2M3",Address,Washington Park,REDACTED,Property Owner,"110-Single House, single detached home, bungalow, linked home (linked at the foundation), single family dwelling"
PRDE202600444,Demolition,2026-04-09 00:00:00,Residential,Demolition,15000,0,0,1,"4609 ELGIN ROAD, REGINA, SK S4S4K5",Address,Whitmore Park,FOUR SEASONS CONSTRUCTION AND RENOVATIONS INC.,Property Owner,"110-Single House, single detached home, bungalow, linked home (linked at the foundation), single family dwelling"
PRFR202600698,Foundation Repair,2026-04-09 00:00:00,Residential,Alteration and improvements,6800,0,0,,"2231 TREETOP LANE, REGINA, SK S4P4V8",Address,Old 33,AAA SOLID FOUNDATION,Contractor,335-Row House - Condominium
PRGA202600703,Garage/Carport,2026-04-09 00:00:00,Residential,Garage/Carport/Accessory Structure,30000,0,0,,"2508 EDWARD STREET, REGINA, SK S4S0M8",Address,River Heights,REDACTED,Property Owner,"110-Single House, single detached home, bungalow, linked home (linked at the foundation), single family dwelling"
PRMU202600555,Multi-Unit Dwelling 3+ Units,2026-04-09 00:00:00,Residential,New construction,1000000,6,2,,5524 DAHLTON GROVE | 5528 DAHLTON GROVE | 5532 DAHLTON GROVE | 5536 DAHLTON GROVE | 5540 DAHLTON GROVE | 5544 DAHLTON GROVE,Address,The Towns,PACESETTER HOMES REGINA,Contractor,"330-Row House, garden home, town house, carriage home, quadrex"
PRRN202600203,Renovation/Alteration,2026-04-09 00:00:00,Commercial,Alteration and improvements,150000,0,4,,"4211 ALBERT STREET, REGINA, SK S4S3R6",Address,Hillsdale,LEDCOR CONSTRUCTION LIMITED - MARK BEHRNS,Contractor,"520-Office building; consultant’s office, doctor’s office, insurance company, bank, taxi stand, office/cafeteria, office/smoke shop"
PRRN202600501,Renovation/Alteration,2026-04-09 00:00:00,Institutional,Alteration and improvements,188000,0,3,,"1440 14TH AVENUE, REGINA, SK S4P0W5",Address,Old 33,CROWN IN RIGHT OF SASKATCHEWAN,Property Owner,"642-Clinic, health unit; out-patient clinic, first aid station"
PRRN202600526,Renovation/Alteration,2026-04-09 00:00:00,Institutional,Alteration and improvements,150000,0,6,,"1440 14TH AVENUE, REGINA, SK S4P0W5",Address,Old 33,CROWN IN RIGHT OF SASKATCHEWAN,Property Owner,"640-Hospital; general, military, specialized"
PRRN202600644,Renovation/Alteration,2026-04-09 00:00:00,Commercial,Alteration and improvements,80000,0,1,,"130 BROTHERTON AVENUE, REGINA, SK S4N0J7",Address,Glencairn,CITY OF REGINA,Property Owner,"560-Indoor recreational building; sports complex, tennis court and squash, community center, arena, curling club, swimming pool"
PRRN202600722,Renovation/Alteration,2026-04-09 00:00:00,Residential,Alteration and improvements,3250,0,0,,"45 TIBBITS ROAD, REGINA, SK S4S1N5",Address,Albert Park,102132958 SASKATCHEWAN LTD.,Property Owner,"110-Single House, single detached home, bungalow, linked home (linked at the foundation), single family dwelling"
PRSS202600169,Secondary Suite,2026-04-09 00:00:00,Residential,Alteration and improvements,74000,1,0,,"1536 HORACE STREET, REGINA, SK S4T5M1",Address,Wascana Crescents,HOPE CONSTRUCTION LTD.,Contractor,"110-Single House, single detached home, bungalow, linked home (linked at the foundation), single family dwelling"
PRSS202600643,Secondary Suite,2026-04-09 00:00:00,Residential,Alteration and improvements,55000,1,0,,"3157 GREEN TURTLE ROAD, REGINA, SK S4V4C5",Address,The Towns,REDACTED,Property Owner,"110-Single House, single detached home, bungalow, linked home (linked at the foundation), single family dwelling"
PRSS202600694,Secondary Suite,2026-04-09 00:00:00,Residential,Alteration and improvements,58000,1,0,,"2842 ELGAARD DRIVE, REGINA, SK S4X0M9",Address,Hawkstone,XPERT CONSTRUCTION LTD.,Contractor,"110-Single House, single detached home, bungalow, linked home (linked at the foundation), single family dwelling"
PRTN202600742,Tent / Temporary Structure,2026-04-09 00:00:00,Commercial,Not Applicable,614.5,0,0,,560 ELPHINSTONE STREET,Address,Premier Place,CITY OF REGINA,Property Owner,Not Applicable
PRAD202502968,Addition,2026-04-10 00:00:00,Residential,Addition to existing building commercial & residential,20000,0,0,,"675 GARNET STREET, REGINA, SK S4T2W9",Address,Washington Park,REDACTED,Property Owner,"110-Single House, single detached home, bungalow, linked home (linked at the foundation), single family dwelling"
PRBS202600753,Basement Development,2026-04-10 00:00:00,Residential,Alteration and improvements,54000,0,0,,"3601 GREEN MARSH CRESCENT, Unit:111, REGINA, SK S4V4C9",Address,The Greens on Gardiner,MONTEREY DEVELOPMENTS LTD.,Property Owner,"110-Single House, single detached home, bungalow, linked home (linked at the foundation), single family dwelling"
PRBS202600796,Basement Development,2026-04-10 00:00:00,Residential,Alteration and improvements,44000,0,0,,"3601 GREEN MARSH CRESCENT, Unit:123, REGINA, SK S4V4C9",Address,The Greens on Gardiner,NORTH RIDGE HOLDINGS LTD.,Contractor,335-Row House - Condominium
PRBS202600797,Basement Development,2026-04-10 00:00:00,Residential,Alteration and improvements,44000,0,0,,"3601 GREEN MARSH CRESCENT, Unit:129, REGINA, SK S4V4C9",Address,The Greens on Gardiner,NORTH RIDGE HOLDINGS LTD.,Contractor,335-Row House - Condominium
PRFR202502231,Foundation Repair,2026-04-10 00:00:00,Residential,Alteration and improvements,8000,0,0,,"52 PRICE CRESCENT, REGINA, SK S4R6R8",Address,Walsh Acres,MUSTANG CONSTRUCTION LTD. - MARTIN MEGGESON,Contractor,"110-Single House, single detached home, bungalow, linked home (linked at the foundation), single family dwelling"
PRGA202600708,Garage/Carport,2026-04-10 00:00:00,Residential,Garage/Carport/Accessory Structure,13850,0,0,,"266 EDWARD STREET, REGINA, SK S4R4W1",Address,Regent Park,REDACTED,Property Owner,"110-Single House, single detached home, bungalow, linked home (linked at the foundation), single family dwelling"
PRRN202600204,Renovation/Alteration,2026-04-10 00:00:00,Commercial,Alteration and improvements,150000,0,4,,"4211 ALBERT STREET, REGINA, SK S4S3R6",Address,Hillsdale,LEDCOR CONSTRUCTION - MARK BEHRNS,Contractor,"540-Restaurant, bar, tavern, night club, diner, donut shop"
PRRN202600206,Renovation/Alteration,2026-04-10 00:00:00,Commercial,Alteration and improvements,150000,0,4,,"4211 ALBERT STREET, REGINA, SK S4S3R6",Address,Hillsdale,LEDCOR CONSTRUCTION - MARK BEHRNS,Contractor,"540-Restaurant, bar, tavern, night club, diner, donut shop"
PRRN202600440,Renovation/Alteration,2026-04-10 00:00:00,Residential,Alteration and improvements,218000,0,0,,"4907 SHERWOOD DRIVE, REGINA, SK S4R4B9",Address,Regent Park,CHRISTIANSEN'S CUSTOM HOMES & CONSTRUCTION CHAD A.,Contractor,"110-Single House, single detached home, bungalow, linked home (linked at the foundation), single family dwelling"
PRSS202600619,Secondary Suite,2026-04-10 00:00:00,Residential,Alteration and improvements,55000,1,0,,"3302 GREEN LILY ROAD, REGINA, SK S4V3M2",Address,The Greens on Gardiner,GREEN STONE RENOVATIONS LTD,Contractor,"110-Single House, single detached home, bungalow, linked home (linked at the foundation), single family dwelling"
PRDE202600701,Demolition,2026-04-11 00:00:00,Residential,Demolition,5000,0,0,1,"412 18TH AVENUE, REGINA, SK S4N1G1",Address,Arnhem Place,CRAWFORD HOMES (EBUILD),Contractor,"110-Single House, single detached home, bungalow, linked home (linked at the foundation), single family dwelling"
PRAD202600604,Addition,2026-04-13 00:00:00,Residential,Addition to existing building commercial & residential,52880,0,0,,"5512 KARTUSCH PLACE, REGINA, SK S4X4K1",Address,Lakeridge,REDACTED,Property Owner,"110-Single House, single detached home, bungalow, linked home (linked at the foundation), single family dwelling"
PRDK202600588,Deck/Sunroom,2026-04-13 00:00:00,Residential,Alteration and improvements,29627.96,0,0,,"5021 ANTHONY WAY, REGINA, SK S4X0H4",Address,Lakeridge Addition,DK PRIME CONSTRUCTION,Contractor,"110-Single House, single detached home, bungalow, linked home (linked at the foundation), single family dwelling"
PRFR202600841,Foundation Repair,2026-04-13 00:00:00,Residential,Alteration and improvements,35000,0,0,,"32 FLAMINGO CRESCENT, REGINA, SK S4S0E9",Address,Whitmore Park,ISH'S CONSTRUCTION INC.,Contractor,"110-Single House, single detached home, bungalow, linked home (linked at the foundation), single family dwelling"
PRSS202600197,Secondary Suite,2026-04-13 00:00:00,Residential,Alteration and improvements,50000,1,0,,"3325 FAVEL DRIVE, REGINA, SK S4V4B1",Address,The Towns,REDACTED,Property Owner,"110-Single House, single detached home, bungalow, linked home (linked at the foundation), single family dwelling"
PRDE202600712,Demolition,2026-04-14 00:00:00,Commercial,Demolition,18000,0,0,,"1335 SCARTH STREET, REGINA, SK S4R2E7",Address,Old 33,"TYMARK CONSTRUCTION LTD., - KALVIN KORCHINSKI",Contractor,"460-Storage building; warehouse (for storage purposes only), industrial mall, grain elevator, locker rental, silo, quonset, refrigerated storage terminal"
PRFR202600827,Foundation Repair,2026-04-14 00:00:00,Residential,Alteration and improvements,14000,0,0,,"2804 GRANT ROAD, REGINA, SK S4S5G2",Address,Whitmore Park,REGINA HOUSE LEVELING - TRAVIS ZERIE,Contractor,"110-Single House, single detached home, bungalow, linked home (linked at the foundation), single family dwelling"
PRFR202600828,Foundation Repair,2026-04-14 00:00:00,Residential,Alteration and improvements,4500,0,0,,"212 ANGUS STREET, REGINA, SK S4R3K4",Address,Coronation Park,REGINA HOUSE LEVELING - TRAVIS ZERIE,Contractor,"110-Single House, single detached home, bungalow, linked home (linked at the foundation), single family dwelling"
PRFR202600834,Foundation Repair,2026-04-14 00:00:00,Residential,Alteration and improvements,5000,0,0,,"6311 1ST AVENUE N, REGINA, SK S4T7A1",Address,Normanview West,GCA CONSTRUCTION,Contractor,"110-Single House, single detached home, bungalow, linked home (linked at the foundation), single family dwelling"
PRRN202600382,Renovation/Alteration,2026-04-14 00:00:00,Commercial,Alteration and improvements,1000000,0,1,,"445 WINNIPEG STREET, REGINA, SK S4R8P2",Address,UNDEVELOP,PCL - TEGAN GEISSLER,Contractor,"534-Other accommodation; student’s residence, boarding house, religious residence, hostel, dormitory"
PRRN202600456,Renovation/Alteration,2026-04-14 00:00:00,Residential,Alteration and improvements,2800,0,0,,"19 LAWSON STREET, REGINA, SK S4R3P6",Address,Coronation Park N.,REDACTED,Property Owner,"110-Single House, single detached home, bungalow, linked home (linked at the foundation), single family dwelling"
PRRN202600580,Renovation/Alteration,2026-04-14 00:00:00,Residential,Alteration and improvements,6500,0,0,,"4212 QUEEN STREET, REGINA, SK S4S6G8",Address,Parliament Place,REDACTED,Property Owner,"110-Single House, single detached home, bungalow, linked home (linked at the foundation), single family dwelling"
PRRN202600713,Renovation/Alteration,2026-04-14 00:00:00,Commercial,Alteration and improvements,100000,0,1,,"2103 11TH AVENUE, REGINA, SK S4P3Z8",Address,Old 33,PCL CONSTRUCTION - ADAM KING,Contractor,"520-Office building; consultant’s office, doctor’s office, insurance company, bank, taxi stand, office/cafeteria, office/smoke shop"
PRRN202600719,Renovation/Alteration,2026-04-14 00:00:00,Commercial,Alteration and improvements,5148.6,0,3,,"2220 ROBINSON STREET, REGINA, SK S4T2P9",Address,Old 33,VOLTZ ELECTRIC 2020 INC. - JOSHUA GRAFF,Contractor,"310-Apartment, apartment building, duplex, triplex, quadruple"
PRRN202600720,Renovation/Alteration,2026-04-14 00:00:00,Commercial,Alteration and improvements,6541.9,0,3,,"2115 ANGUS STREET, REGINA, SK S4T2A1",Address,Old 33,BOULEVARD REAL ESTATE EQUITIES LTD.,Property Owner,"310-Apartment, apartment building, duplex, triplex, quadruple"
PRRN202600721,Renovation/Alteration,2026-04-14 00:00:00,Commercial,Alteration and improvements,6513.6,0,3,,"69 KLEISINGER CRESCENT, REGINA, SK S4R6Z4",Address,Mount Pleasant,VOLTZ ELECTRIC 2020 INC. - JOSHUA GRAFF,Contractor,"310-Apartment, apartment building, duplex, triplex, quadruple"
PRRN202600734,Renovation/Alteration,2026-04-14 00:00:00,Residential,Alteration and improvements,27587.4,0,0,,"27 WAKEFIELD CRESCENT, REGINA, SK S4R4T2",Address,Regent Park,PRAIRIE PROBUILT,Contractor,"110-Single House, single detached home, bungalow, linked home (linked at the foundation), single family dwelling"
PRSS202600717,Secondary Suite,2026-04-14 00:00:00,Residential,Alteration and improvements,50000,1,0,,"5501 E BUCKINGHAM DRIVE, REGINA, SK S4V4B5",Address,The Towns,LUCKY LINKS BUILDING SERVICES LTD. - LUCKY ALUGE,Contractor,"330-Row House, garden home, town house, carriage home, quadrex"
PRBS202600825,Basement Development,2026-04-15 00:00:00,Residential,Alteration and improvements,50000,0,0,,"4248 E ELDERBERRY CRESCENT, REGINA, SK S4V3V3",Address,The Creeks,REDACTED,Property Owner,"110-Single House, single detached home, bungalow, linked home (linked at the foundation), single family dwelling"
PRBS202600837,Basement Development,2026-04-15 00:00:00,Residential,Alteration and improvements,35000,0,0,,"3426 CLOVER PLACE, REGINA, SK S4V1J1",Address,Varsity Park,REDACTED,Property Owner,"110-Single House, single detached home, bungalow, linked home (linked at the foundation), single family dwelling"
PRBS202600843,Basement Development,2026-04-15 00:00:00,Residential,Alteration and improvements,40000,0,0,,"3181 FAVEL DRIVE, REGINA, SK S4V4C7",Address,The Towns,REDACTED,Property Owner,"110-Single House, single detached home, bungalow, linked home (linked at the foundation), single family dwelling"
PRFR202600842,Foundation Repair,2026-04-15 00:00:00,Residential,Alteration and improvements,14815,0,0,,"2678 ROBINSON STREET, REGINA, SK S4T2R4",Address,Riverside,AAA SOLID FOUNDATION,Contractor,"110-Single House, single detached home, bungalow, linked home (linked at the foundation), single family dwelling"
PRRN202600376,Renovation/Alteration,2026-04-15 00:00:00,Residential,Alteration and improvements,8000,0,0,,"2805 QUEEN STREET, REGINA, SK S4S2E5",Address,Normandy Heights,REDACTED,Property Owner,"110-Single House, single detached home, bungalow, linked home (linked at the foundation), single family dwelling"
PRRN202600532,Renovation/Alteration,2026-04-15 00:00:00,Residential,Alteration and improvements,3000,0,0,,"1114 BRETT BAY, REGINA, SK S4N6N7",Address,Parkridge,REDACTED,Property Owner,"110-Single House, single detached home, bungalow, linked home (linked at the foundation), single family dwelling"
PRSF202600718,Single/Semi-Detached Dwelling 1-2 units,2026-04-15 00:00:00,Residential,New construction,400000,1,2,,"3124 FAVEL DRIVE, REGINA, SK S4V4C8",Address,The Towns,COLBY KIRKPATRICK - PACESETTER HOMES,Contractor,"110-Single House, single detached home, bungalow, linked home (linked at the foundation), single family dwelling"
PRAH202600479,Alternative Family Care Home,2026-04-16 00:00:00,Residential,Alteration and improvements,80000,0,0,,"4730 MCTAVISH STREET, REGINA, SK S4S6N6",Address,Albert Park,TRIPLE R CONCRETE CUTTING,Contractor,"110-Single House, single detached home, bungalow, linked home (linked at the foundation), single family dwelling"
PRDK202600693,Deck/Sunroom,2026-04-16 00:00:00,Residential,Alteration and improvements,6500,0,0,,"4718 E MUTRIE CRESCENT, REGINA, SK S4V3Y3",Address,The Towns,PIVOT CONSTRUCTION,Contractor,"330-Row House, garden home, town house, carriage home, quadrex"
PRDK202600808,Deck/Sunroom,2026-04-16 00:00:00,Residential,Alteration and improvements,1651,0,0,,"5192 DONNELLY CRESCENT, REGINA, SK S4X4M9",Address,Garden Ridge,REDACTED,Property Owner,"110-Single House, single detached home, bungalow, linked home (linked at the foundation), single family dwelling"
PRDK202600835,Deck/Sunroom,2026-04-16 00:00:00,Residential,Alteration and improvements,3500,0,0,,"3272 FAVEL DRIVE, REGINA, SK S4V4B2",Address,The Towns,REDACTED,Property Owner,"110-Single House, single detached home, bungalow, linked home (linked at the foundation), single family dwelling"
PRFR202600286,Foundation Repair,2026-04-16 00:00:00,Residential,Alteration and improvements,35000,0,0,,"186 ANGUS CRESCENT, REGINA, SK S4T6N4",Address,Crescents,REDACTED,Property Owner,"110-Single House, single detached home, bungalow, linked home (linked at the foundation), single family dwelling"
PRFR202600748,Foundation Repair,2026-04-16 00:00:00,Residential,Alteration and improvements,15800,0,0,,"3814 SHERWOOD DRIVE, REGINA, SK S4R4A6",Address,Regent Park,TRIPLE R CONCRETE CUTTING,Contractor,"110-Single House, single detached home, bungalow, linked home (linked at the foundation), single family dwelling"
PRFR202600809,Foundation Repair,2026-04-16 00:00:00,Residential,Alteration and improvements,112000,0,0,,"420 19TH AVENUE, REGINA, SK S4N1H1",Address,Arnhem Place,JOHN WILKIE - RAMJACK SASKATCHEWAN,Contractor,"110-Single House, single detached home, bungalow, linked home (linked at the foundation), single family dwelling"
PRFR202600873,Foundation Repair,2026-04-16 00:00:00,Residential,Alteration and improvements,14900,0,0,,"3814 SHERWOOD DRIVE, REGINA, SK S4R4A6",Address,Regent Park,JS GROUP OF COMPANIES,Contractor,"110-Single House, single detached home, bungalow, linked home (linked at the foundation), single family dwelling"
PRFR202600893,Foundation Repair,2026-04-16 00:00:00,Residential,Alteration and improvements,21000,0,0,,"132 ANGUS STREET, REGINA, SK S4R3K4",Address,Coronation Park,JS GROUP OF COMPANIES,Contractor,"110-Single House, single detached home, bungalow, linked home (linked at the foundation), single family dwelling"
PRMH202600819,Plumbing,2026-04-16 00:00:00,Residential,Mechanical,14000,0,0,,"4907 SHERWOOD DRIVE, REGINA, SK S4R4B9",Address,Regent Park,REDACTED,Property Owner,"110-Single House, single detached home, bungalow, linked home (linked at the foundation), single family dwelling"
PRMH202600876,Plumbing,2026-04-16 00:00:00,Residential,Mechanical,4800,0,0,,"2228 ANGUS STREET, REGINA, SK S4T2A2",Address,Old 33,ABLE PLUMBING AND HEATING LTD,Contractor,"310-Apartment, apartment building, duplex, triplex, quadruple"
PRRN202600597,Renovation/Alteration,2026-04-16 00:00:00,Commercial,Alteration and improvements,500000,0,1,,860 WINNIPEG STREET,Address,Industrial Park,A-1 RENT-ALLS LTD.,Property Owner,"540-Restaurant, bar, tavern, night club, diner, donut shop"
PRRN202600660,Renovation/Alteration,2026-04-16 00:00:00,Residential,Alteration and improvements,8000,0,0,,"2112 RAE STREET, REGINA, SK S4T2E7",Address,Old 33,REDACTED,Property Owner,"110-Single House, single detached home, bungalow, linked home (linked at the foundation), single family dwelling"
PRRN202600740,Renovation/Alteration,2026-04-16 00:00:00,Residential,Alteration and improvements,1500,0,0,,"169 RINK AVENUE, REGINA, SK S4R7V3",Address,Walsh Acres,HYBRID RENOVATIONS - JASON DAUM,Contractor,"110-Single House, single detached home, bungalow, linked home (linked at the foundation), single family dwelling"
PRSF202600527,Single/Semi-Detached Dwelling 1-2 units,2026-04-16 00:00:00,Residential,New construction,450000,1,1,,"325 CAMERON STREET, REGINA, SK S4R3R6",Address,Coronation Park,SOUTHERN INTERIORS LTD.,Property Owner,"110-Single House, single detached home, bungalow, linked home (linked at the foundation), single family dwelling"
PRSF202600730,Single/Semi-Detached Dwelling 1-2 units,2026-04-16 00:00:00,Residential,New construction,400000,1,2,,2977 GREEN TURTLE ROAD,Address,The Towns,PACESETTER NEW HOMES LTD.,Contractor,"110-Single House, single detached home, bungalow, linked home (linked at the foundation), single family dwelling"
PRSS202600566,Secondary Suite,2026-04-16 00:00:00,Residential,Alteration and improvements,60000,1,0,,"5301 E NICHOLSON AVENUE, REGINA, SK S4V4B3",Address,The Towns,REDACTED,Property Owner,"110-Single House, single detached home, bungalow, linked home (linked at the foundation), single family dwelling"
PRSS202600622,Secondary Suite,2026-04-16 00:00:00,Residential,Alteration and improvements,60000,1,0,,"3094 DUMONT WAY, REGINA, SK S4V4E3",Address,The Towns,REDACTED,Property Owner,"110-Single House, single detached home, bungalow, linked home (linked at the foundation), single family dwelling"
PRAH202600761,Alternative Family Care Home,2026-04-17 00:00:00,Residential,Alteration and improvements,4000,0,0,,"422 RAE STREET, REGINA, SK S4R3M2",Address,Coronation Park,102025106 SASKATCHEWAN LTD.,Property Owner,"110-Single House, single detached home, bungalow, linked home (linked at the foundation), single family dwelling"
PRBS202600909,Basement Development,2026-04-17 00:00:00,Residential,Alteration and improvements,38700,0,0,,"2335 MCARA STREET, REGINA, SK S4N2W4",Address,Broders Annex,CHRISTIANSEN'S CUSTOM HOMES & CONSTRUCTION CHAD A.,Contractor,"110-Single House, single detached home, bungalow, linked home (linked at the foundation), single family dwelling"
PRDK202600866,Deck/Sunroom,2026-04-17 00:00:00,Residential,Alteration and improvements,10000,0,0,,"7201 MAPLE IVY DRIVE, REGINA, SK S4X0P1",Address,Maple Ridge,STHAMANN HOMES INC.,Contractor,"110-Single House, single detached home, bungalow, linked home (linked at the foundation), single family dwelling"
PRFR202600916,Foundation Repair,2026-04-17 00:00:00,Residential,Alteration and improvements,2700,0,0,,"189 N BROAD STREET, REGINA, SK S4R2X5",Address,Churchill Downs,AAA SOLID FOUNDATION,Contractor,"110-Single House, single detached home, bungalow, linked home (linked at the foundation), single family dwelling"
PRFR202600917,Foundation Repair,2026-04-17 00:00:00,Residential,Alteration and improvements,22840,0,0,,"19 DOLPHIN BAY, REGINA, SK S4S3J7",Address,Whitmore Park,AAA SOLID FOUNDATION,Contractor,"110-Single House, single detached home, bungalow, linked home (linked at the foundation), single family dwelling"
PRGA202600716,Garage/Carport,2026-04-17 00:00:00,Residential,Garage/Carport/Accessory Structure,16000,0,0,,"4430 SHERIDAN STREET, REGINA, SK S4W0K5",Address,Harbour Landing,REDACTED,Property Owner,"110-Single House, single detached home, bungalow, linked home (linked at the foundation), single family dwelling"
PRMU202600554,Multi-Unit Dwelling 3+ Units,2026-04-17 00:00:00,Residential,New construction,1000000,6,2,,5500 DAHLTON GROVE | 5504 DAHLTON GROVE | 5508 DAHLTON GROVE | 5512 DAHLTON GROVE | 5516 DAHLTON GROVE | 5520 DAHLTON GROVE,Address,The Towns,PACESETTER HOMES REGINA,Contractor,"330-Row House, garden home, town house, carriage home, quadrex"
PRNR202503416,New Commercial,2026-04-17 00:00:00,Commercial,Foundation (new),6000000,0,0,,"8701 DEWDNEY AVENUE, REGINA, SK S4Y0E2",Address,Westerra,LES ZORN - PEAK GROUP,Contractor,"510-Retail and wholesale outlets; retail outlet, department store, photographic studio, rental service, beauty salon, hairdressing salon, lumber yard, dry cleaner, laundromat"
PRPO202600868,Pool,2026-04-17 00:00:00,Residential,Swimming pool,1000,0,0,,"108 DALGLIESH DRIVE, REGINA, SK S4R5S9",Address,Walsh Acres,REDACTED,Property Owner,"110-Single House, single detached home, bungalow, linked home (linked at the foundation), single family dwelling"
PRRN202600585,Renovation/Alteration,2026-04-17 00:00:00,Industrial,Alteration and improvements,58252,0,2,,"230 HENDERSON DRIVE, REGINA, SK S4N5P7",Address,Industrial Ross,CASE CANADA CORPORATION,Property Owner,"460-Storage building; warehouse (for storage purposes only), industrial mall, grain elevator, locker rental, silo, quonset, refrigerated storage terminal"
PRRN202600736,Renovation/Alteration,2026-04-17 00:00:00,Residential,Alteration and improvements,15000,0,0,,"4 SECORD PLACE, REGINA, SK S4R3T4",Address,Regent Park,REDACTED,Property Owner,"110-Single House, single detached home, bungalow, linked home (linked at the foundation), single family dwelling"
PRRN202600831,Renovation/Alteration,2026-04-17 00:00:00,Residential,Alteration and improvements,2500,0,0,,"7206 WASCANA COVE WAY, REGINA, SK S4V3G2",Address,Wascana View,REDACTED,Property Owner,"110-Single House, single detached home, bungalow, linked home (linked at the foundation), single family dwelling"
PRSF202600438,Single/Semi-Detached Dwelling 1-2 units,2026-04-17 00:00:00,Residential,New construction,515900,1,2,,"3135 BOWEN STREET, REGINA, SK S4V4C6",Address,The Towns,HOMES BY DREAM,Contractor,"110-Single House, single detached home, bungalow, linked home (linked at the foundation), single family dwelling"
PRSF202600672,Single/Semi-Detached Dwelling 1-2 units,2026-04-17 00:00:00,Residential,New construction,530000,1,2,,"8798 WHEAT CRESCENT, REGINA, SK S4Y0H5",Address,Westerra,CRAWFORD HOMES (EBUILD),Contractor,"110-Single House, single detached home, bungalow, linked home (linked at the foundation), single family dwelling"
PRSF202600705,Single/Semi-Detached Dwelling 1-2 units,2026-04-17 00:00:00,Residential,New construction,586200,1,2,,"3029 GREEN TURTLE ROAD, REGINA, SK S4V4E6",Address,The Towns,DREAM TOWNS LANDS SOUTH (GP) INC.,Property Owner,"110-Single House, single detached home, bungalow, linked home (linked at the foundation), single family dwelling"
PRSS202600565,Secondary Suite,2026-04-17 00:00:00,Residential,Alteration and improvements,76757.61,1,0,,"5334 E PRIMROSE GREEN DRIVE, REGINA, SK S4V3S8",Address,The Towns,LUCKY LINKS BUILDING SERVICES LTD. - LUCKY ALUGE,Contractor,"330-Row House, garden home, town house, carriage home, quadrex"
PRSS202600582,Secondary Suite,2026-04-17 00:00:00,Residential,Alteration and improvements,65000,1,0,,"3261 GREEN WATER DRIVE, REGINA, SK S4V3R6",Address,The Towns,REDACTED,Property Owner,"110-Single House, single detached home, bungalow, linked home (linked at the foundation), single family dwelling"
PRSS202600715,Secondary Suite,2026-04-17 00:00:00,Residential,Alteration and improvements,65000,1,0,,"4008 DELHAYE WAY, REGINA, SK S4W0N3",Address,Harbour Landing,CRAWFORD HOMES (EBUILD),Contractor,"110-Single House, single detached home, bungalow, linked home (linked at the foundation), single family dwelling"
PRBS202600848,Basement Development,2026-04-18 00:00:00,Residential,Alteration and improvements,50000,0,0,,"3225 ANGUS STREET, REGINA, SK S4S1P6",Address,Lakeview,ETHOS CONSTRUCTION,Contractor,"110-Single House, single detached home, bungalow, linked home (linked at the foundation), single family dwelling"
PRAH202600505,Alternative Family Care Home,2026-04-20 00:00:00,Residential,Alteration and improvements,250000,0,0,,"25 CUSHING CRESCENT, REGINA, SK S4N1V2",Address,Glen Elm Park S.,RANCH EHRLO SOCIETY,Property Owner,"110-Single House, single detached home, bungalow, linked home (linked at the foundation), single family dwelling"
PRDE202600804,Demolition,2026-04-20 00:00:00,Residential,Demolition,1500,0,0,,"55 KNIGHT CRESCENT, REGINA, SK S4T6A8",Address,Pasqua Place,REDACTED,Property Owner,"110-Single House, single detached home, bungalow, linked home (linked at the foundation), single family dwelling"
PRFR202600884,Foundation Repair,2026-04-20 00:00:00,Residential,Alteration and improvements,90000,0,0,,"222 MICHENER DRIVE, REGINA, SK S4V0J2",Address,University Park,RSR CONSTRUCTION  TERRY PAUN,Contractor,"110-Single House, single detached home, bungalow, linked home (linked at the foundation), single family dwelling"
PRNR202600739,New Commercial,2026-04-20 00:00:00,Commercial,Superstructure or part of new building,353199,0,1,,"4400 4TH AVENUE, REGINA, SK S4T0H8",Address,Transcona,LEDCOR CONSTRUCTION LIMITED - MARK BEHRNS,Contractor,"510-Retail and wholesale outlets; retail outlet, department store, photographic studio, rental service, beauty salon, hairdressing salon, lumber yard, dry cleaner, laundromat"
PRPO202600112,Pool,2026-04-20 00:00:00,Residential,Swimming pool,50000,0,0,,"4252 SAGE PLACE, REGINA, SK S4V3H8",Address,The Creeks,ARMADA HOMES,Contractor,"110-Single House, single detached home, bungalow, linked home (linked at the foundation), single family dwelling"
PRRN202503087,Renovation/Alteration,2026-04-20 00:00:00,Commercial,Alteration and improvements,95000,0,1,,"2655 E QUANCE STREET, REGINA, SK S4V3B7",Address,River Bend,SUNSHINE JEWEL INVESTMENTS LIMITED,Property Owner,"520-Office building; consultant’s office, doctor’s office, insurance company, bank, taxi stand, office/cafeteria, office/smoke shop"
PRRN202600454,Renovation/Alteration,2026-04-20 00:00:00,Institutional,Alteration and improvements,227948.2,0,1,,7900 RITTER AVENUE,Address,UNDEVELOP,TYMARK CONSTRUCTION - TYLER KORCHINSKI,Contractor,"612-Other government building; police station, prison, fire station, military building"
PRSF202503077,Single/Semi-Detached Dwelling 1-2 units,2026-04-20 00:00:00,Residential,New construction,1300000,1,2,,"4252 SAGE PLACE, REGINA, SK S4V3H8",Address,The Creeks,ARMADA HOMES,Contractor,"110-Single House, single detached home, bungalow, linked home (linked at the foundation), single family dwelling"
PRSF202600678,Single/Semi-Detached Dwelling 1-2 units,2026-04-20 00:00:00,Residential,New construction,865000,1,2,,"4213 E ELDERBERRY CRESCENT, REGINA, SK S4V3V3",Address,The Creeks,GILROY HOMES INC.,Contractor,"110-Single House, single detached home, bungalow, linked home (linked at the foundation), single family dwelling"
PRTN202600882,Tent / Temporary Structure,2026-04-20 00:00:00,Commercial,Other,3000,0,0,,"2770 E VICTORIA AVENUE, REGINA, SK S4N6M5",Address,Mayfair,VICTORIA ACRES DEVELOPMENT CORPORATION,Property Owner,Not Applicable
PRBS202600830,Basement Development,2026-04-21 00:00:00,Residential,Alteration and improvements,6000,0,0,,"4862 WEBSTER CRESCENT, REGINA, SK S4X4T3",Address,Lakeridge,REDACTED,Property Owner,"110-Single House, single detached home, bungalow, linked home (linked at the foundation), single family dwelling"
PRBS202600883,Basement Development,2026-04-21 00:00:00,Residential,Alteration and improvements,8092,0,0,,"4950 MARIGOLD DRIVE, REGINA, SK S4X4P6",Address,Garden Ridge,REDACTED,Property Owner,335-Row House - Condominium
PRBS202600899,Basement Development,2026-04-21 00:00:00,Residential,Alteration and improvements,12000,0,0,,"2801 ELGAARD DRIVE, REGINA, SK S4X0M5",Address,Hawkstone,REDACTED,Property Owner,"110-Single House, single detached home, bungalow, linked home (linked at the foundation), single family dwelling"
PRBY202600385,Backyard/Laneway Suite,2026-04-21 00:00:00,Residential,New construction,80000,1,2,,"633 ROYAL STREET, REGINA, SK S4T4Z3",Address,Transcona,OLSON BUILDERS,Contractor,"210-Semi-Detached or Double House, single attached home"
PRDE202600838,Demolition,2026-04-21 00:00:00,Residential,Demolition,500,0,0,,"2521 CORONATION STREET, REGINA, SK S4S0L1",Address,River Heights,REDACTED,Property Owner,"110-Single House, single detached home, bungalow, linked home (linked at the foundation), single family dwelling"
PRDE202600890,Demolition,2026-04-21 00:00:00,Residential,Demolition,3200,0,0,,"20 LANCASTER PLACE, REGINA, SK S4S2Z4",Address,Albert Park,MUSTANG CONSTRUCTION LTD.,Contractor,"110-Single House, single detached home, bungalow, linked home (linked at the foundation), single family dwelling"
PRDK202600425,Deck/Sunroom,2026-04-21 00:00:00,Residential,Alteration and improvements,23402.48,0,0,,"6978 MAPLE VISTA DRIVE, REGINA, SK S4X0H8",Address,Maple Ridge,REDACTED,Property Owner,"110-Single House, single detached home, bungalow, linked home (linked at the foundation), single family dwelling"
PRFR202600897,Foundation Repair,2026-04-21 00:00:00,Residential,Alteration and improvements,24500,0,0,,"6146 7TH AVENUE N, REGINA, SK S4T7G8",Address,Normanview West,JS GROUP OF COMPANIES,Contractor,"110-Single House, single detached home, bungalow, linked home (linked at the foundation), single family dwelling"
PRGA202600558,Garage/Carport,2026-04-21 00:00:00,Residential,Garage/Carport/Accessory Structure,60000,0,0,,"808 ROYAL STREET, REGINA, SK S4T4Z4",Address,Transcona,REDACTED,Property Owner,"110-Single House, single detached home, bungalow, linked home (linked at the foundation), single family dwelling"
PRMH202600862,Plumbing,2026-04-21 00:00:00,Commercial,Mechanical,155000,0,0,,2395 COLLEGE AVENUE,Address,Wascana Park,HIPPERSON CONSTRUCTION - MITCH,Contractor,"560-Indoor recreational building; sports complex, tennis court and squash, community center, arena, curling club, swimming pool"
PRRN202600744,Renovation/Alteration,2026-04-21 00:00:00,Commercial,Alteration and improvements,950000,0,1,,"3130 E WOODHAMS DRIVE, REGINA, SK S4V2P9",Address,Windsor Park,HIPPERSON CONSTRUCTION - MITCH,Contractor,"560-Indoor recreational building; sports complex, tennis court and squash, community center, arena, curling club, swimming pool"
PRSF202600386,Single/Semi-Detached Dwelling 1-2 units,2026-04-21 00:00:00,Residential,New construction,500000,2,2,,"629 ROYAL STREET, REGINA, SK S4T4Z3",Address,Transcona,OLSON BUILDERS,Contractor,215-Semi-Detached or Double House - Condominium
PRSF202600589,Single/Semi-Detached Dwelling 1-2 units,2026-04-21 00:00:00,Residential,New construction,350000,1,2,,"3604 ALBERT STREET, REGINA, SK S4S3P6",Address,Lakeview Place,CRAWFORD HOMES (EBUILD),Contractor,"110-Single House, single detached home, bungalow, linked home (linked at the foundation), single family dwelling"
PRSF202600847,Single/Semi-Detached Dwelling 1-2 units,2026-04-21 00:00:00,Residential,New construction,400000,1,2,,"3056 GREEN TURTLE ROAD, REGINA, SK S4V4E5",Address,The Towns,COLBY KIRKPATRICK - PACESETTER HOMES,Contractor,"110-Single House, single detached home, bungalow, linked home (linked at the foundation), single family dwelling"
PRDE202600877,Demolition,2026-04-22 00:00:00,Residential,Demolition,0,0,0,1,"1366 GARNET STREET, REGINA, SK S4T2Y3",Address,Old 33,REDACTED,Property Owner,"110-Single House, single detached home, bungalow, linked home (linked at the foundation), single family dwelling"
PRDK202600801,Deck/Sunroom,2026-04-22 00:00:00,Residential,Alteration and improvements,12000,0,0,,"2421 E DEWDNEY AVENUE, REGINA, SK S4N4P4",Address,Glencairn Village,REDACTED,Property Owner,"110-Single House, single detached home, bungalow, linked home (linked at the foundation), single family dwelling"
PRFR202600919,Foundation Repair,2026-04-22 00:00:00,Residential,Alteration and improvements,7330,0,0,,"15 HALLERAN CRESCENT, REGINA, SK S4R3Z3",Address,Coronation Park N.,AAA SOLID FOUNDATION,Contractor,"110-Single House, single detached home, bungalow, linked home (linked at the foundation), single family dwelling"
PRFR202600930,Foundation Repair,2026-04-22 00:00:00,Residential,Alteration and improvements,10000,0,0,,"5701 2ND AVENUE, REGINA, SK S4T0C6",Address,Rosemont North,REDACTED,Property Owner,"110-Single House, single detached home, bungalow, linked home (linked at the foundation), single family dwelling"
PRMU202503299,Multi-Unit Dwelling 3+ Units,2026-04-22 00:00:00,Residential,New construction,500000,4,2,,"2450 HARVEY STREET, REGINA, SK S4N2N4",Address,Assiniboia  Place,102198459 SASKATCHEWAN LTD.,Property Owner,"330-Row House, garden home, town house, carriage home, quadrex"
PRNR202600234,New Commercial,2026-04-22 00:00:00,Commercial,Foundation (new),1400808.62,0,4,,3651 GREEN MARSH CRESCENT,Address,The Greens on Gardiner,NORTH RIDGE DEVELOPMENT CORPORATION OF REGINA - CONTRACTOR,Contractor,"490-Engineering; parking garage, tunnel, dock"
PRPO202600948,Pool,2026-04-22 00:00:00,Residential,Swimming pool,20000,0,0,,"7848 SAGEBRUSH CRESCENT, REGINA, SK S4Y0A9",Address,Fairways West,REDACTED,Property Owner,"110-Single House, single detached home, bungalow, linked home (linked at the foundation), single family dwelling"
PRRN202600929,Renovation/Alteration,2026-04-22 00:00:00,Residential,Alteration and improvements,1200,0,0,,"10290 WASCANA ESTATES, REGINA, SK S4V2X3",Address,Wascana View,JS GROUP OF COMPANIES,Contractor,"110-Single House, single detached home, bungalow, linked home (linked at the foundation), single family dwelling"
PRSS202600450,Secondary Suite,2026-04-22 00:00:00,Residential,Alteration and improvements,68000,1,0,,"4521 PADWICK ROAD, REGINA, SK S4W0C2",Address,Harbour Landing,REDACTED,Property Owner,"110-Single House, single detached home, bungalow, linked home (linked at the foundation), single family dwelling"
PRSS202600652,Secondary Suite,2026-04-22 00:00:00,Residential,Alteration and improvements,56000,1,0,,"3273 GREEN STONE ROAD, REGINA, SK S4V3R4",Address,The Towns,REDACTED,Property Owner,"330-Row House, garden home, town house, carriage home, quadrex"
PRSS202600709,Secondary Suite,2026-04-22 00:00:00,Residential,Alteration and improvements,60000,1,0,,"2709 MAKOWSKY CRESCENT, REGINA, SK S4X0M5",Address,Hawkstone,REDACTED,Property Owner,"110-Single House, single detached home, bungalow, linked home (linked at the foundation), single family dwelling"
PRSS202600785,Secondary Suite,2026-04-22 00:00:00,Residential,Alteration and improvements,65000,1,0,,"4716 FERNDALE CRESCENT, REGINA, SK S4V4A4",Address,The Towns,REDACTED,Property Owner,"210-Semi-Detached or Double House, single attached home"
PRBS202600859,Basement Development,2026-04-23 00:00:00,Residential,Alteration and improvements,23000,0,0,,"5650 MCCAUGHEY STREET, REGINA, SK S4W0P3",Address,Harbour Landing,REDACTED,Property Owner,"110-Single House, single detached home, bungalow, linked home (linked at the foundation), single family dwelling"
PRGA202600864,Garage/Carport,2026-04-23 00:00:00,Residential,Garage/Carport/Accessory Structure,25000,0,0,,"1444 BOND STREET, REGINA, SK S4N1X1",Address,Rothwell Place,NU-FAB BUILDING PRODUCTS,Contractor,"110-Single House, single detached home, bungalow, linked home (linked at the foundation), single family dwelling"
PRPO202600601,Pool,2026-04-23 00:00:00,Residential,Swimming pool,95000,0,0,,"330 PLAINSVIEW DRIVE, REGINA, SK S4S6Z8",Address,Albert Park,PARADISE LEISURESCAPES,Contractor,315-Apartment - Condominium
PRRN202600635,Renovation/Alteration,2026-04-23 00:00:00,Commercial,Alteration and improvements,25000,0,1,,"1950 BROAD STREET, REGINA, SK S4P1X9",Address,Old 33,PROPERTY DEVELOPMENTS LTD.,Property Owner,"520-Office building; consultant’s office, doctor’s office, insurance company, bank, taxi stand, office/cafeteria, office/smoke shop"
PRSF202600390,Single/Semi-Detached Dwelling 1-2 units,2026-04-23 00:00:00,Residential,New construction,287860,1,2,,"3077 GREEN TURTLE ROAD, REGINA, SK S4V4E5",Address,The Towns,EHRENBURG HOMES LTD.,Contractor,"110-Single House, single detached home, bungalow, linked home (linked at the foundation), single family dwelling"
PRBS202600943,Basement Development,2026-04-24 00:00:00,Residential,Alteration and improvements,30000,0,0,,"3610 FONYO BAY, REGINA, SK S4V2H5",Address,Richmond Place,REDACTED,Property Owner,"110-Single House, single detached home, bungalow, linked home (linked at the foundation), single family dwelling"
PRDK202600918,Deck/Sunroom,2026-04-24 00:00:00,Residential,New construction,7500,0,0,,"235 N FAIRWAY ROAD, REGINA, SK S4Y1H9",Address,Westhill Park,REDACTED,Property Owner,"110-Single House, single detached home, bungalow, linked home (linked at the foundation), single family dwelling"
PRGA202600860,Garage/Carport,2026-04-24 00:00:00,Residential,Garage/Carport/Accessory Structure,5500,0,0,,"1317 JUBILEE AVENUE, REGINA, SK S4S3S8",Address,Hillsdale,REDACTED,Property Owner,"110-Single House, single detached home, bungalow, linked home (linked at the foundation), single family dwelling"
PRGA202600934,Garage/Carport,2026-04-24 00:00:00,Residential,Garage/Carport/Accessory Structure,40000,0,0,,"2521 CORONATION STREET, REGINA, SK S4S0L1",Address,River Heights,REDACTED,Property Owner,"110-Single House, single detached home, bungalow, linked home (linked at the foundation), single family dwelling"
PRRN202600508,Renovation/Alteration,2026-04-24 00:00:00,Residential,Alteration and improvements,85000,0,0,,"2606 23RD AVENUE, REGINA, SK S4S6L3",Address,Lakeview,REDACTED,Property Owner,"110-Single House, single detached home, bungalow, linked home (linked at the foundation), single family dwelling"
PRRN202600548,Renovation/Alteration,2026-04-24 00:00:00,Residential,Alteration and improvements,150000,0,0,,"7106 DEWDNEY AVENUE, REGINA, SK S4T1E6",Address,Dieppe Place,REDACTED,Property Owner,"330-Row House, garden home, town house, carriage home, quadrex"
PRRN202600621,Renovation/Alteration,2026-04-24 00:00:00,Residential,Alteration and improvements,50000,0,0,,"2731 CAMERON STREET, REGINA, SK S4T2W7",Address,Riverside,CREEK CONSTRUCTION,Contractor,"110-Single House, single detached home, bungalow, linked home (linked at the foundation), single family dwelling"
PRSF202600846,Single/Semi-Detached Dwelling 1-2 units,2026-04-24 00:00:00,Residential,New construction,400000,1,2,,"3220 FAVEL DRIVE, REGINA, SK S4V4B6",Address,The Towns,PACESETTER NEW HOMES LTD.,Contractor,"110-Single House, single detached home, bungalow, linked home (linked at the foundation), single family dwelling"
PRSS202600836,Secondary Suite,2026-04-24 00:00:00,Residential,Alteration and improvements,35000,1,0,,"3092 DUMONT WAY, REGINA, SK S4V4E3",Address,The Towns,FIRST CALL CONSTRUCTION INC.,Contractor,"110-Single House, single detached home, bungalow, linked home (linked at the foundation), single family dwelling"
PRDK202600855,Deck/Sunroom,2026-04-25 00:00:00,Residential,Alteration and improvements,40000,0,0,,"10216 WASCANA ESTATES, REGINA, SK S4V3E5",Address,Wascana View,REDACTED,Property Owner,115-Single House - Condominium
PRBS202600398,Basement Development,2026-04-27 00:00:00,Residential,Alteration and improvements,1400,0,0,,"109 ACADEMY PARK ROAD, REGINA, SK S4S4G8",Address,Whitmore Park,REDACTED,Property Owner,"110-Single House, single detached home, bungalow, linked home (linked at the foundation), single family dwelling"
PRBS202600629,Basement Development,2026-04-27 00:00:00,Residential,Alteration and improvements,35000,0,0,,"4100 SANDHILL CRESCENT, Unit:116, REGINA, SK S4V3G9",Address,The Creeks,REDACTED,Property Owner,335-Row House - Condominium
PRBS202600988,Basement Development,2026-04-27 00:00:00,Residential,Alteration and improvements,20000,0,0,,"3696 GREEN BANK ROAD, REGINA, SK S4V1P6",Address,The Greens on Gardiner,REDACTED,Property Owner,"110-Single House, single detached home, bungalow, linked home (linked at the foundation), single family dwelling"
PRPO202600900,Pool,2026-04-27 00:00:00,Residential,Swimming pool,119824.5,0,0,,"4417 CHUKA DRIVE, REGINA, SK S4V3V4",Address,The Creeks,ELLIS POOLS & CONST. LTD.,Contractor,"110-Single House, single detached home, bungalow, linked home (linked at the foundation), single family dwelling"
PRRN202600784,Renovation/Alteration,2026-04-27 00:00:00,Commercial,Alteration and improvements,160000,0,1,,"4701 PARLIAMENT AVENUE, REGINA, SK S4W0T9",Address,Harbour Landing,DREAM HL COMMERCIAL GP INC.,Property Owner,"512-Retail complex; plaza, mall, shopping centre, store/office building"
PRSF202600706,Single/Semi-Detached Dwelling 1-2 units,2026-04-27 00:00:00,Residential,New construction,535000,1,2,,"3112 FAVEL DRIVE, REGINA, SK S4V4C8",Address,The Towns,DREAM TOWNS LANDS SOUTH (GP) INC.,Contractor,"110-Single House, single detached home, bungalow, linked home (linked at the foundation), single family dwelling"
PRFR202600949,Foundation Repair,2026-04-28 00:00:00,Residential,Alteration and improvements,27500,0,0,,"624 E INVER CRESCENT, REGINA, SK S4N2K6",Address,Douglas Place,GCA CONSTRUCTION,Contractor,"110-Single House, single detached home, bungalow, linked home (linked at the foundation), single family dwelling"
PRFR202601005,Foundation Repair,2026-04-28 00:00:00,Residential,Alteration and improvements,4500,0,0,,"3426 CLOVER PLACE, REGINA, SK S4V1J1",Address,Varsity Park,JS GROUP OF COMPANIES,Contractor,"110-Single House, single detached home, bungalow, linked home (linked at the foundation), single family dwelling"
PRGA202600967,Garage/Carport,2026-04-28 00:00:00,Residential,Garage/Carport/Accessory Structure,17000,0,0,,"5119 E KAUFMAN AVENUE, REGINA, SK S4V3W3",Address,The Towns,REDACTED,Property Owner,"110-Single House, single detached home, bungalow, linked home (linked at the foundation), single family dwelling"
PRSF202600571,Single/Semi-Detached Dwelling 1-2 units,2026-04-28 00:00:00,Residential,New construction,388870,1,2,,2905 GREEN TURTLE ROAD,Address,The Towns,EHRENBURG HOMES LTD.,Contractor,"110-Single House, single detached home, bungalow, linked home (linked at the foundation), single family dwelling"
PRSF202600572,Single/Semi-Detached Dwelling 1-2 units,2026-04-28 00:00:00,Residential,New construction,286935,1,2,,2913 GREEN TURTLE ROAD,Address,The Towns,EHRENBURG HOMES - HANNAH UYTTERHAGEN,Contractor,"110-Single House, single detached home, bungalow, linked home (linked at the foundation), single family dwelling"
PRSF202600573,Single/Semi-Detached Dwelling 1-2 units,2026-04-28 00:00:00,Residential,New construction,286935,1,2,,2921 GREEN TURTLE ROAD,Address,The Towns,EHRENBURG HOMES LTD.,Contractor,"110-Single House, single detached home, bungalow, linked home (linked at the foundation), single family dwelling"
PRSF202600575,Single/Semi-Detached Dwelling 1-2 units,2026-04-28 00:00:00,Residential,New construction,314315,1,2,,2945 GREEN TURTLE ROAD,Address,The Towns,EHRENBURG HOMES LTD.,Contractor,"110-Single House, single detached home, bungalow, linked home (linked at the foundation), single family dwelling"
PRSF202600620,Single/Semi-Detached Dwelling 1-2 units,2026-04-28 00:00:00,Residential,New construction,342435,1,2,,2969 GREEN TURTLE ROAD,Address,The Towns,EHRENBURG HOMES - HANNAH UYTTERHAGEN,Contractor,"110-Single House, single detached home, bungalow, linked home (linked at the foundation), single family dwelling"
PRSF202600626,Single/Semi-Detached Dwelling 1-2 units,2026-04-28 00:00:00,Residential,New construction,314315,1,2,,2917 GREEN TURTLE ROAD,Address,The Towns,EHRENBURG HOMES LTD.,Contractor,"110-Single House, single detached home, bungalow, linked home (linked at the foundation), single family dwelling"
PRAD202600908,Addition,2026-04-29 00:00:00,Commercial,Addition to existing building commercial & residential,60000,0,1,,2000 AURORA BOULEVARD,Address,East Victoria Lands,MPM CONSTRUCTION SERVICES LTD. - MIKE MATTERN,Contractor,"512-Retail complex; plaza, mall, shopping centre, store/office building"
PRDE202600737,Demolition,2026-04-29 00:00:00,Residential,Demolition,0,0,0,,"182 READ AVENUE, REGINA, SK S4T6P9",Address,Mount Royal,REDACTED,Property Owner,"110-Single House, single detached home, bungalow, linked home (linked at the foundation), single family dwelling"
PRDE202600782,Demolition,2026-04-29 00:00:00,Residential,Demolition,5000,0,0,1,"523 LORNE STREET, REGINA, SK S4R2J6 | 527 LORNE STREET, REGINA, SK S4R2J6",Address,Highland Park,REDACTED,Property Owner,"110-Single House, single detached home, bungalow, linked home (linked at the foundation), single family dwelling"
PRFR202600969,Foundation Repair,2026-04-29 00:00:00,Residential,Alteration and improvements,13000,0,0,,"4516 ELGIN ROAD, REGINA, SK S4S4K6",Address,Whitmore Park,REDACTED,Property Owner,"110-Single House, single detached home, bungalow, linked home (linked at the foundation), single family dwelling"
PRFR202600986,Foundation Repair,2026-04-29 00:00:00,Residential,Alteration and improvements,3865,0,0,,"668 ATHOL STREET, REGINA, SK S4T3B1",Address,Washington Park,AAA SOLID FOUNDATION,Contractor,"110-Single House, single detached home, bungalow, linked home (linked at the foundation), single family dwelling"
PRFR202600992,Foundation Repair,2026-04-29 00:00:00,Residential,Alteration and improvements,8105,0,0,,"906 MONTAGUE STREET, REGINA, SK S4T3H3",Address,Parkdale,AAA SOLID FOUNDATION,Contractor,"110-Single House, single detached home, bungalow, linked home (linked at the foundation), single family dwelling"
PRFR202600993,Foundation Repair,2026-04-29 00:00:00,Residential,Alteration and improvements,3720,0,0,,"2700 ARGYLE STREET, REGINA, SK S4S0K6",Address,Normandy Heights,REDACTED,Property Owner,"110-Single House, single detached home, bungalow, linked home (linked at the foundation), single family dwelling"
PRFR202600994,Foundation Repair,2026-04-29 00:00:00,Residential,Alteration and improvements,44500,0,0,,"10 DEERGROVE CRESCENT, REGINA, SK S4S5L9",Address,Whitmore Park,REDACTED,Property Owner,"110-Single House, single detached home, bungalow, linked home (linked at the foundation), single family dwelling"
PRGA202600623,Garage/Carport,2026-04-29 00:00:00,Residential,Garage/Carport/Accessory Structure,140000,0,0,,"2604 CORONATION STREET, REGINA, SK S4S0L3",Address,River Heights,K.B.F. RESIDENTIAL BUILDING SERVICES LTD.,Contractor,"110-Single House, single detached home, bungalow, linked home (linked at the foundation), single family dwelling"
PRSF202600731,Single/Semi-Detached Dwelling 1-2 units,2026-04-29 00:00:00,Residential,New construction,406500,1,2,,3032 FAVEL DRIVE,Address,The Towns,HOMES BY DREAM,Contractor,"110-Single House, single detached home, bungalow, linked home (linked at the foundation), single family dwelling"
PRSF202600935,Single/Semi-Detached Dwelling 1-2 units,2026-04-29 00:00:00,Residential,New construction,400000,1,2,,"3052 GREEN TURTLE ROAD, REGINA, SK S4V4E5",Address,The Towns,PACESETTER NEW HOMES LTD.,Contractor,"110-Single House, single detached home, bungalow, linked home (linked at the foundation), single family dwelling"
PRDE202600978,Demolition,2026-04-30 00:00:00,Residential,Demolition,1000,0,0,,"146 READ AVENUE, REGINA, SK S4T6P9",Address,Mount Royal,REDACTED,Property Owner,"110-Single House, single detached home, bungalow, linked home (linked at the foundation), single family dwelling"
PRDE202600982,Demolition,2026-04-30 00:00:00,Residential,Demolition,0,0,0,,"1560 RAE STREET, REGINA, SK S4T2C7",Address,Old 33,REDACTED,Property Owner,"110-Single House, single detached home, bungalow, linked home (linked at the foundation), single family dwelling"
PRFR202601024,Foundation Repair,2026-04-30 00:00:00,Residential,Alteration and improvements,6000,0,0,,"50 KRAUSS STREET, REGINA, SK S4T6G3",Address,Mount Royal,REGINA HOUSE LEVELING - TRAVIS ZERIE,Contractor,"110-Single House, single detached home, bungalow, linked home (linked at the foundation), single family dwelling"
PRFR202601034,Foundation Repair,2026-04-30 00:00:00,Residential,Alteration and improvements,4235,0,0,,"50 STOREY CRESCENT, REGINA, SK S4X1L4",Address,Sherwood Estates,REDACTED,Property Owner,"110-Single House, single detached home, bungalow, linked home (linked at the foundation), single family dwelling"
PRMU202600780,Multi-Unit Dwelling 3+ Units,2026-04-30 00:00:00,Residential,New construction,867400,4,2,,4317 E ARENS ROAD | 4321 E ARENS ROAD | 4325 E ARENS ROAD | 4329 E ARENS ROAD,Address,The Towns,NORTH RIDGE DEVELOPMENT CORPORATION,Contractor,"330-Row House, garden home, town house, carriage home, quadrex"
PRMU202600781,Multi-Unit Dwelling 3+ Units,2026-04-30 00:00:00,Residential,New construction,867400,4,2,,4333 E ARENS ROAD | 4337 E ARENS ROAD | 4341 E ARENS ROAD | 4345 E ARENS ROAD,Address,The Towns,NORTH RIDGE DEVELOPMENT CORPORATION,Contractor,"330-Row House, garden home, town house, carriage home, quadrex"
PRNR202600637,New Commercial,2026-04-30 00:00:00,Institutional,Superstructure or part of new building,12587292.55,0,2,,5051 E PRIMROSE GREEN DRIVE,Address,The Greens on Gardiner,CITY OF REGINA,Property Owner,"610-Government legislative and administration building other than office building; city hall, court of justice, embassy, parliament and senate building"
PRRN202600856,Renovation/Alteration,2026-04-30 00:00:00,Institutional,Alteration and improvements,886091,0,6,,"4101 DEWDNEY AVENUE, REGINA, SK S4T1A5",Address,Old 33,CROWN IN RIGHT OF SASKATCHEWAN,Property Owner,"640-Hospital; general, military, specialized"
PRRN202600903,Renovation/Alteration,2026-04-30 00:00:00,Commercial,Alteration and improvements,625000,0,2,,"2585 13TH AVENUE, REGINA, SK S4P4G3",Address,Old 33,CITY OF REGINA,Property Owner,"612-Other government building; police station, prison, fire station, military building"
PRSF202600798,Single/Semi-Detached Dwelling 1-2 units,2026-04-30 00:00:00,Residential,New construction,487600,1,2,,"3139 BOWEN STREET, REGINA, SK S4V4C6",Address,The Towns,HOMES BY DREAM,Contractor,"110-Single House, single detached home, bungalow, linked home (linked at the foundation), single family dwelling"
PRSF202600959,Single/Semi-Detached Dwelling 1-2 units,2026-04-30 00:00:00,Residential,New construction,400000,1,2,,"3036 GREEN TURTLE ROAD, REGINA, SK S4V4E6",Address,The Towns,PACESETTER NEW HOMES LTD.,Contractor,"110-Single House, single detached home, bungalow, linked home (linked at the foundation), single family dwelling"
PRSS202600924,Secondary Suite,2026-04-30 00:00:00,Residential,Alteration and improvements,50000,1,0,,"3154 BOWEN STREET, REGINA, SK S4V4C6",Address,The Towns,EHRENBURG HOMES LTD. ,Historic Owner,"110-Single House, single detached home, bungalow, linked home (linked at the foundation), single family dwelling"
PRSS202600976,Secondary Suite,2026-04-30 00:00:00,Residential,Alteration and improvements,50000,1,0,,"3056 DUMONT WAY, REGINA, SK S4V4E3",Address,The Towns,REDACTED,Property Owner,"110-Single House, single detached home, bungalow, linked home (linked at the foundation), single family dwelling"
PRTN202600610,Tent / Temporary Structure,2026-04-30 00:00:00,Commercial,Other,80000,0,0,,"5050 4TH AVENUE, REGINA, SK S4T0J6",Address,Rosemont North,J.M. INVESTMENTS LTD.,Property Owner,Not Applicable
PRBS202600871,Basement Development,2026-05-01 00:00:00,Residential,Alteration and improvements,30000,0,0,,"125 MCMURCHY AVENUE, REGINA, SK S4R3G7",Address,Coronation Park N.,REDACTED,Property Owner,"110-Single House, single detached home, bungalow, linked home (linked at the foundation), single family dwelling"
PRBS202601039,Basement Development,2026-05-01 00:00:00,Residential,Alteration and improvements,18000,0,0,,"5305 GORDON ROAD, REGINA, SK S4W0K6",Address,Harbour Landing,REDACTED,Property Owner,"330-Row House, garden home, town house, carriage home, quadrex"
PRBS202601049,Basement Development,2026-05-01 00:00:00,Residential,Alteration and improvements,20000,0,0,,"8845 BAROOTES WAY, REGINA, SK S4Y0C4",Address,Edgewater,ALEHSAAN HOUSING CORP.,Property Owner,"110-Single House, single detached home, bungalow, linked home (linked at the foundation), single family dwelling"
PRDE202600606,Demolition,2026-05-01 00:00:00,Residential,Demolition,0,0,0,,"4231 3RD AVENUE N, REGINA, SK S4R0W9",Address,Regent Park,REDACTED,Property Owner,"110-Single House, single detached home, bungalow, linked home (linked at the foundation), single family dwelling"
PRDK202600920,Deck/Sunroom,2026-05-01 00:00:00,Residential,Alteration and improvements,11000,0,0,,"4519 MCMILLAN DRIVE, REGINA, SK S4X0C5",Address,Lakeridge,REDACTED,Property Owner,"110-Single House, single detached home, bungalow, linked home (linked at the foundation), single family dwelling"
PRFR202601040,Foundation Repair,2026-05-01 00:00:00,Residential,Alteration and improvements,4630,0,0,,"21 USHER STREET, REGINA, SK S4N4J2",Address,Glencairn,AAA SOLID FOUNDATION,Contractor,"110-Single House, single detached home, bungalow, linked home (linked at the foundation), single family dwelling"
PRFR202601041,Foundation Repair,2026-05-01 00:00:00,Residential,Alteration and improvements,5325,0,0,,"7 KOWALCHUK CRESCENT, REGINA, SK S4R6W7",Address,Uplands,AAA SOLID FOUNDATION,Contractor,"110-Single House, single detached home, bungalow, linked home (linked at the foundation), single family dwelling"
PRGA202600958,Garage/Carport,2026-05-01 00:00:00,Residential,Garage/Carport/Accessory Structure,20000,0,0,,"1780 WEST MARKET STREET, REGINA, SK S4Y0G3",Address,Westerra,REDACTED,Property Owner,"110-Single House, single detached home, bungalow, linked home (linked at the foundation), single family dwelling"
PRMH202601101,Plumbing,2026-05-01 00:00:00,Residential,Mechanical,2000,0,0,,"45 TIBBITS ROAD, REGINA, SK S4S1N5",Address,Albert Park,102132958 SASKATCHEWAN LTD.,Property Owner,"110-Single House, single detached home, bungalow, linked home (linked at the foundation), single family dwelling"
PRPO202601092,Pool,2026-05-01 00:00:00,Residential,Swimming pool,20000,0,0,,"2355 RIVERBEND CRESCENT, REGINA, SK S4V1G5",Address,River Bend,REDACTED,Property Owner,"110-Single House, single detached home, bungalow, linked home (linked at the foundation), single family dwelling"
PRRN202600751,Renovation/Alteration,2026-05-01 00:00:00,Residential,Alteration and improvements,4000,0,0,,"3477 GREEN LAVENDER DRIVE, REGINA, SK S4V3M6",Address,The Greens on Gardiner,REDACTED,Property Owner,"330-Row House, garden home, town house, carriage home, quadrex"
PRSF202600940,Single/Semi-Detached Dwelling 1-2 units,2026-05-01 00:00:00,Residential,New construction,300000,1,2,,"5103 E KAUFMAN AVENUE, REGINA, SK S4V3W3",Address,The Towns,PACESETTER NEW HOMES LTD.,Contractor,"110-Single House, single detached home, bungalow, linked home (linked at the foundation), single family dwelling"
PRSS202600888,Secondary Suite,2026-05-01 00:00:00,Residential,Alteration and improvements,52000,1,0,,"3364 CROSBIE CRESCENT, REGINA, SK S4V3S4",Address,The Towns,XPERT CONSTRUCTION LTD.,Contractor,"110-Single House, single detached home, bungalow, linked home (linked at the foundation), single family dwelling"
PRDK202600821,Deck/Sunroom,2026-05-04 00:00:00,Residential,New construction,7000,0,0,,"5428 E NICHOLSON AVENUE, REGINA, SK S4V4B4",Address,The Towns,REDACTED,Property Owner,"110-Single House, single detached home, bungalow, linked home (linked at the foundation), single family dwelling"
PRFR202601054,Foundation Repair,2026-05-04 00:00:00,Residential,Alteration and improvements,19034,0,0,,"3727 CAEN AVENUE, REGINA, SK S4S0Y5",Address,Normandy Heights,REGINA BASEMENT BRACING - COLE CROWLEY,Contractor,"110-Single House, single detached home, bungalow, linked home (linked at the foundation), single family dwelling"
PRGA202600608,Garage/Carport,2026-05-04 00:00:00,Residential,Garage/Carport/Accessory Structure,35000,0,0,,"2875 GARNET STREET, REGINA, SK S4S1X1",Address,Lakeview,BOUSS CONSTRUCTION INC.,Contractor,"110-Single House, single detached home, bungalow, linked home (linked at the foundation), single family dwelling"
PRRN202600983,Renovation/Alteration,2026-05-04 00:00:00,Residential,Alteration and improvements,30000,0,0,,"193 DOROTHY STREET, REGINA, SK S4T5V7",Address,Dieppe Place,REDACTED,Property Owner,"110-Single House, single detached home, bungalow, linked home (linked at the foundation), single family dwelling"
PRSF202600533,Single/Semi-Detached Dwelling 1-2 units,2026-05-04 00:00:00,Residential,New construction,525000,1,1,,"2611 EDGAR STREET, REGINA, SK S4N3L8",Address,Arnhem Place,REDACTED,Property Owner,"110-Single House, single detached home, bungalow, linked home (linked at the foundation), single family dwelling"
PRSF202600931,Single/Semi-Detached Dwelling 1-2 units,2026-05-04 00:00:00,Residential,New construction,248640,1,2,,"2960 GREEN TURTLE ROAD, REGINA, SK S4V4G4",Address,The Towns,EHRENBURG HOMES LTD.,Contractor,"110-Single House, single detached home, bungalow, linked home (linked at the foundation), single family dwelling"
PRSF202601011,Single/Semi-Detached Dwelling 1-2 units,2026-05-04 00:00:00,Residential,New construction,400000,1,2,,"8726 WHEAT CRESCENT, REGINA, SK S4Y0H8",Address,Westerra,COLBY KIRKPATRICK - PACESETTER HOMES,Contractor,"110-Single House, single detached home, bungalow, linked home (linked at the foundation), single family dwelling"
PRSS202600120,Secondary Suite,2026-05-04 00:00:00,Residential,Alteration and improvements,35000,1,0,,"2345 OTTAWA STREET, REGINA, SK S4P1R2",Address,Old 33,REDACTED,Property Owner,"110-Single House, single detached home, bungalow, linked home (linked at the foundation), single family dwelling"
PRSS202600727,Secondary Suite,2026-05-04 00:00:00,Residential,Alteration and improvements,50000,1,0,,"2767 WINNIPEG STREET, REGINA, SK S4P1J1",Address,Assiniboia  Place,REDACTED,Property Owner,"110-Single House, single detached home, bungalow, linked home (linked at the foundation), single family dwelling"
PRSS202600925,Secondary Suite,2026-05-04 00:00:00,Residential,Alteration and improvements,54000,1,0,,"8616 WHEAT CRESCENT, REGINA, SK S4Y0H7",Address,Westerra,LUCKY LINKS BUILDING SERVICES LTD. - LUCKY ALUGE,Contractor,"210-Semi-Detached or Double House, single attached home"
PRBS202600937,Basement Development,2026-05-05 00:00:00,Residential,Alteration and improvements,25000,0,0,,"2316 SAUNDERS CRESCENT, REGINA, SK S4X0N8",Address,Kensington Greens,REDACTED,Property Owner,"110-Single House, single detached home, bungalow, linked home (linked at the foundation), single family dwelling"
PRBS202600953,Basement Development,2026-05-05 00:00:00,Residential,Alteration and improvements,15000,0,0,,"3601 21ST AVENUE, REGINA, SK S4S0V3",Address,Lakeview A,REDACTED,Property Owner,"110-Single House, single detached home, bungalow, linked home (linked at the foundation), single family dwelling"
PRBS202601038,Basement Development,2026-05-05 00:00:00,Residential,Alteration and improvements,10000,0,0,,"4624 MCTAVISH STREET, REGINA, SK S4S3N2",Address,Albert Park,REDACTED,Property Owner,"110-Single House, single detached home, bungalow, linked home (linked at the foundation), single family dwelling"
PRBS202601087,Basement Development,2026-05-05 00:00:00,Residential,Alteration and improvements,10200,0,0,,"5624 TUTOR WAY, REGINA, SK S4W0N6",Address,Harbour Landing,REDACTED,Property Owner,"210-Semi-Detached or Double House, single attached home"
PRDK202601018,Deck/Sunroom,2026-05-05 00:00:00,Residential,New construction,3000,0,0,,"10 SELKIRK CRESCENT, REGINA, SK S4S6J4",Address,Albert Park,REDACTED,Property Owner,"110-Single House, single detached home, bungalow, linked home (linked at the foundation), single family dwelling"
PRFR202600974,Foundation Repair,2026-05-05 00:00:00,Residential,Alteration and improvements,45000,0,0,,"12 WILSON CRESCENT, REGINA, SK S4R5B3",Address,Normanview,SLABMASTER LTD,Contractor,"110-Single House, single detached home, bungalow, linked home (linked at the foundation), single family dwelling"
PRFR202601023,Foundation Repair,2026-05-05 00:00:00,Residential,Alteration and improvements,40000,0,0,,"1332 EMPRESS STREET, REGINA, SK S4T5E5",Address,Belvedere,JS GROUP OF COMPANIES,Contractor,"110-Single House, single detached home, bungalow, linked home (linked at the foundation), single family dwelling"
PRFR202601074,Foundation Repair,2026-05-05 00:00:00,Residential,Alteration and improvements,7450,0,0,,"2156 QUEEN STREET, REGINA, SK S4T4C3",Address,Old 33,REDACTED,Property Owner,"110-Single House, single detached home, bungalow, linked home (linked at the foundation), single family dwelling"
PRFR202601079,Foundation Repair,2026-05-05 00:00:00,Residential,Alteration and improvements,15040.5,0,0,,"3347 QUEEN STREET, REGINA, SK S4S1B2",Address,Lakeview South,AAA SOLID FOUNDATION,Contractor,"110-Single House, single detached home, bungalow, linked home (linked at the foundation), single family dwelling"
PRFR202601081,Foundation Repair,2026-05-05 00:00:00,Residential,Alteration and improvements,13300,0,0,,"5819 KIEV BAY, REGINA, SK S4X4C5",Address,Lakewood,REDACTED,Property Owner,"110-Single House, single detached home, bungalow, linked home (linked at the foundation), single family dwelling"
PRGA202600997,Garage/Carport,2026-05-05 00:00:00,Residential,Garage/Carport/Accessory Structure,21000,0,0,,"940 ARTHUR STREET, REGINA, SK S4T4V5",Address,Transcona,REDACTED,Property Owner,"110-Single House, single detached home, bungalow, linked home (linked at the foundation), single family dwelling"
PRGA202601015,Garage/Carport,2026-05-05 00:00:00,Residential,Garage/Carport/Accessory Structure,25000,0,0,,"2847 ATHOL STREET, REGINA, SK S4S1Y3",Address,Lakeview,REDACTED,Property Owner,"110-Single House, single detached home, bungalow, linked home (linked at the foundation), single family dwelling"
PRGA202601043,Garage/Carport,2026-05-05 00:00:00,Residential,Garage/Carport/Accessory Structure,24500,0,0,,"3927 17TH AVENUE, REGINA, SK S4S0B7",Address,River Heights,REGINA GARAGE BUILDERS INC.,Contractor,"110-Single House, single detached home, bungalow, linked home (linked at the foundation), single family dwelling"
PRRN202600921,Renovation/Alteration,2026-05-05 00:00:00,Residential,Alteration and improvements,7000,0,0,,"4508 ENGLAND ROAD, REGINA, SK S4R4P5",Address,Regent Park,REDACTED,Property Owner,"110-Single House, single detached home, bungalow, linked home (linked at the foundation), single family dwelling"
PRRN202600947,Renovation/Alteration,2026-05-05 00:00:00,Residential,Alteration and improvements,25000,0,0,,"2143 CAMERON STREET, REGINA, SK S4T2V7",Address,Old 33,REDACTED,Property Owner,"110-Single House, single detached home, bungalow, linked home (linked at the foundation), single family dwelling"
PRAD202502251,Addition,2026-05-06 00:00:00,Institutional,Addition to existing building commercial & residential,3000000,0,2,,"40 SHEPPARD STREET, REGINA, SK S4R3M6",Address,Coronation Park N.,TSI CONSTRUCTION,Contractor,"622-Secondary school, high school, junior high school"
PRAD202600729,Addition,2026-05-06 00:00:00,Residential,Addition to existing building commercial & residential,100000,0,0,,"47 FOX GLOVE CRESCENT, REGINA, SK S4S4K8",Address,Whitmore Park,REDACTED,Property Owner,"110-Single House, single detached home, bungalow, linked home (linked at the foundation), single family dwelling"
PRFR202600826,Foundation Repair,2026-05-06 00:00:00,Residential,Alteration and improvements,9900,0,0,,"110 CANNON STREET, REGINA, SK S4N1M3",Address,Glencairn,ADDO CONSTRUCTION,Contractor,"110-Single House, single detached home, bungalow, linked home (linked at the foundation), single family dwelling"
PRFR202600854,Foundation Repair,2026-05-06 00:00:00,Residential,Alteration and improvements,55000,0,0,,"3231 RETALLACK STREET, REGINA, SK S4S1T7",Address,Lakeview,GCA CONSTRUCTION,Contractor,"110-Single House, single detached home, bungalow, linked home (linked at the foundation), single family dwelling"
PRFR202601080,Foundation Repair,2026-05-06 00:00:00,Residential,Alteration and improvements,5772,0,0,,"255 CHURCH DRIVE, REGINA, SK S4X1R8",Address,Sherwood Estates,AAA SOLID FOUNDATION,Contractor,"110-Single House, single detached home, bungalow, linked home (linked at the foundation), single family dwelling"
PRFR202601104,Foundation Repair,2026-05-06 00:00:00,Residential,Alteration and improvements,36200,0,0,,"3822 CAEN AVENUE, REGINA, SK S4S0Y8",Address,Normandy Heights,AAA SOLID FOUNDATION,Contractor,"110-Single House, single detached home, bungalow, linked home (linked at the foundation), single family dwelling"
PRFR202601105,Foundation Repair,2026-05-06 00:00:00,Residential,Alteration and improvements,90000,0,0,,"309 E DOUGLAS PARK CRESCENT, REGINA, SK S4N2R9",Address,Douglas Place,RAMJACK SASKATCHEWAN,Contractor,"110-Single House, single detached home, bungalow, linked home (linked at the foundation), single family dwelling"
PRFR202601133,Foundation Repair,2026-05-06 00:00:00,Residential,Alteration and improvements,7000,0,0,,"4353 CASTLE ROAD, REGINA, SK S4S4W2",Address,Whitmore Park,REGINA HOUSE LEVELING - TRAVIS ZERIE,Contractor,"110-Single House, single detached home, bungalow, linked home (linked at the foundation), single family dwelling"
PRMU202503221,Multi-Unit Dwelling 3+ Units,2026-05-06 00:00:00,Commercial,New construction,500000,4,1,,"4035 MONTAGUE STREET, REGINA, SK S4S3K1",Address,Parliament Place,1324622 ALBERTA LTD - PAUL JARDINE,Contractor,"310-Apartment, apartment building, duplex, triplex, quadruple"
PRRN202601021,Renovation/Alteration,2026-05-06 00:00:00,Residential,Alteration and improvements,117600,0,0,,"34 COLONY PLACE, REGINA, SK S4S3L4",Address,Albert Park,ERICAN CONSTRUCTION LTD,Contractor,"110-Single House, single detached home, bungalow, linked home (linked at the foundation), single family dwelling"
PRSF202600945,Single/Semi-Detached Dwelling 1-2 units,2026-05-06 00:00:00,Residential,New construction,400000,1,2,,"3032 GREEN TURTLE ROAD, REGINA, SK S4V4E6",Address,The Towns,PACESETTER NEW HOMES LTD.,Contractor,"110-Single House, single detached home, bungalow, linked home (linked at the foundation), single family dwelling"
PRSF202601052,Single/Semi-Detached Dwelling 1-2 units,2026-05-06 00:00:00,Residential,New construction,400000,1,2,,"3000 GREEN TURTLE ROAD, REGINA, SK S4V4E6",Address,The Towns,COLBY KIRKPATRICK - PACESETTER HOMES,Contractor,"110-Single House, single detached home, bungalow, linked home (linked at the foundation), single family dwelling"
PRBS202601130,Basement Development,2026-05-07 00:00:00,Residential,Alteration and improvements,40000,0,0,,"802 RINK AVENUE, REGINA, SK S4X1V9",Address,Sherwood Estates,REDACTED,Property Owner,"110-Single House, single detached home, bungalow, linked home (linked at the foundation), single family dwelling"
PRDE202601058,Demolition,2026-05-07 00:00:00,Residential,Demolition,2000,0,0,,"2337 CAMERON STREET, REGINA, SK S4T2W2",Address,Old 33,REDACTED,Property Owner,"110-Single House, single detached home, bungalow, linked home (linked at the foundation), single family dwelling"
PRDK202601126,Deck/Sunroom,2026-05-07 00:00:00,Residential,Alteration and improvements,10500,0,0,,"3167 BOWEN STREET, REGINA, SK S4V4C6",Address,The Towns,LUCKY LINKS BUILDING SERVICES LTD. - LUCKY ALUGE,Contractor,"110-Single House, single detached home, bungalow, linked home (linked at the foundation), single family dwelling"
PRFR202601103,Foundation Repair,2026-05-07 00:00:00,Residential,Alteration and improvements,5300,0,0,,"701 ROBINSON STREET, REGINA, SK S4T2M2",Address,Washington Park,TRIPLE R CONCRETE CUTTING,Contractor,"110-Single House, single detached home, bungalow, linked home (linked at the foundation), single family dwelling"
PRFR202601131,Foundation Repair,2026-05-07 00:00:00,Residential,Alteration and improvements,3500,0,0,,"2624 GARNET STREET, REGINA, SK S4T3A7",Address,Riverside,HANDSON CONSTRUCTION - JASON HANSON,Contractor,"110-Single House, single detached home, bungalow, linked home (linked at the foundation), single family dwelling"
PRFR202601149,Foundation Repair,2026-05-07 00:00:00,Residential,Alteration and improvements,8000,0,0,,"55 SNEATH CRESCENT, REGINA, SK S4R5R1",Address,Normanview,REGINA HOUSE LEVELING - TRAVIS ZERIE,Contractor,"110-Single House, single detached home, bungalow, linked home (linked at the foundation), single family dwelling"
PRGA202600875,Garage/Carport,2026-05-07 00:00:00,Residential,Garage/Carport/Accessory Structure,32000,0,0,,"1104 COLLEGE AVENUE, REGINA, SK S4P1A8",Address,Old 33,REDACTED,Property Owner,"110-Single House, single detached home, bungalow, linked home (linked at the foundation), single family dwelling"
PRPO202600980,Pool,2026-05-07 00:00:00,Residential,Swimming pool,12000,0,1,,"8020 BARLEY CRESCENT, REGINA, SK S4Y0E6",Address,Westerra,REDACTED,Property Owner,"110-Single House, single detached home, bungalow, linked home (linked at the foundation), single family dwelling"
PRRN202600081,Renovation/Alteration,2026-05-07 00:00:00,Commercial,Alteration and improvements,25000,0,1,,"1411 CORNWALL STREET, REGINA, SK S4R2H8",Address,Old 33,PRECISE TEMP REFRIGERATION LTD.,Property Owner,"512-Retail complex; plaza, mall, shopping centre, store/office building"
PRRN202601004,Renovation/Alteration,2026-05-07 00:00:00,Residential,Alteration and improvements,13000,0,0,,"2804 GRANT ROAD, REGINA, SK S4S5G2",Address,Whitmore Park,REDACTED,Historic Owner,"110-Single House, single detached home, bungalow, linked home (linked at the foundation), single family dwelling"
PRRN202601009,Renovation/Alteration,2026-05-07 00:00:00,Institutional,Alteration and improvements,500000,0,2,,"2235 HESELTINE ROAD, REGINA, SK S4V3G8",Address,River Bend,SIENNA-SABRA SK CORP.,Property Owner,"650-Day care, nursing home, rest home, home for the blind, charitable home, detoxification center"
PRSF202600981,Single/Semi-Detached Dwelling 1-2 units,2026-05-07 00:00:00,Residential,New construction,515200,1,2,,"3143 BOWEN STREET, REGINA, SK S4V4C6",Address,The Towns,HOMES BY DREAM,Contractor,"110-Single House, single detached home, bungalow, linked home (linked at the foundation), single family dwelling"
PRBS202503158,Basement Development,2026-05-08 00:00:00,Residential,Alteration and improvements,25000,0,0,,"5332 E GREEN ALDER WAY, REGINA, SK S4V3M7",Address,The Greens on Gardiner,REDACTED,Property Owner,"110-Single House, single detached home, bungalow, linked home (linked at the foundation), single family dwelling"
PRDK202601151,Deck/Sunroom,2026-05-08 00:00:00,Residential,Alteration and improvements,14000,0,0,,"2808 FLEURY STREET, REGINA, SK S4N2M4",Address,Assiniboia East,TRADEMARK HOMES INC.,Contractor,"110-Single House, single detached home, bungalow, linked home (linked at the foundation), single family dwelling"
PRFR202601157,Foundation Repair,2026-05-08 00:00:00,Residential,Alteration and improvements,4560,0,0,,"122 UPLAND DRIVE, REGINA, SK S4R0C2",Address,Uplands,AAA SOLID FOUNDATION,Contractor,"110-Single House, single detached home, bungalow, linked home (linked at the foundation), single family dwelling"
PRFR202601173,Foundation Repair,2026-05-08 00:00:00,Residential,Alteration and improvements,3300,0,0,,"112 YARNTON CRESCENT, REGINA, SK S4R4A3",Address,Regent Park,AAA SOLID FOUNDATION,Contractor,"110-Single House, single detached home, bungalow, linked home (linked at the foundation), single family dwelling"
PRFR202601200,Foundation Repair,2026-05-08 00:00:00,Residential,Alteration and improvements,11515,0,0,,"120 DURHAM DRIVE, REGINA, SK S4S4Z2",Address,Whitmore Park,AAA SOLID FOUNDATION,Contractor,"110-Single House, single detached home, bungalow, linked home (linked at the foundation), single family dwelling"
PRGA202503209,Garage/Carport,2026-05-08 00:00:00,Residential,Garage/Carport/Accessory Structure,15000,0,0,,"3846 GREEN DIAMOND ROAD, REGINA, SK S4V3T3",Address,The Greens on Gardiner,REDACTED,Property Owner,"330-Row House, garden home, town house, carriage home, quadrex"
PRMH202601176,Plumbing,2026-05-08 00:00:00,Residential,Mechanical,9800,0,0,,"3127 RAE STREET, REGINA, SK S4S1R9",Address,Lakeview,ABLE PLUMBING AND HEATING LTD,Contractor,"110-Single House, single detached home, bungalow, linked home (linked at the foundation), single family dwelling"
PRRN202601019,Renovation/Alteration,2026-05-08 00:00:00,Residential,Alteration and improvements,15000,0,0,,"2009 DUFFERIN ROAD, REGINA, SK S4S5B2",Address,Whitmore Park,REDACTED,Property Owner,"110-Single House, single detached home, bungalow, linked home (linked at the foundation), single family dwelling"
PRDE202601127,Demolition,2026-05-11 00:00:00,Residential,Demolition,1000,0,0,,"242 ANGUS CRESCENT, REGINA, SK S4T6N4",Address,Crescents,REDACTED,Property Owner,"110-Single House, single detached home, bungalow, linked home (linked at the foundation), single family dwelling"
PRDK202600661,Deck/Sunroom,2026-05-11 00:00:00,Residential,Alteration and improvements,2500,0,0,,"707 N HAYWORTH CRESCENT, REGINA, SK S4X1X8",Address,Sherwood Estates,REDACTED,Property Owner,"110-Single House, single detached home, bungalow, linked home (linked at the foundation), single family dwelling"
PRFR202601055,Foundation Repair,2026-05-11 00:00:00,Residential,Alteration and improvements,11488,0,0,,"303 DALGLIESH DRIVE, REGINA, SK S4R7M6",Address,Walsh Acres,THE GENUINE BUILDER & CO.,Contractor,"110-Single House, single detached home, bungalow, linked home (linked at the foundation), single family dwelling"
PRFR202601111,Foundation Repair,2026-05-11 00:00:00,Residential,Alteration and improvements,7000,0,0,,"7102 WHELAN DRIVE, REGINA, SK S4X3W5",Address,Maple Ridge,RSR CONSTRUCTION  TERRY PAUN,Contractor,"110-Single House, single detached home, bungalow, linked home (linked at the foundation), single family dwelling"
PRFR202601112,Foundation Repair,2026-05-11 00:00:00,Residential,Alteration and improvements,9000,0,0,,"4838 E SANDPIPER CRESCENT, REGINA, SK S4V1M8",Address,The Creeks,RSR CONSTRUCTION  TERRY PAUN,Contractor,"110-Single House, single detached home, bungalow, linked home (linked at the foundation), single family dwelling"
PRGA202601077,Garage/Carport,2026-05-11 00:00:00,Residential,Garage/Carport/Accessory Structure,30000,0,0,,"116 ST JOHN STREET, REGINA, SK S4R1P6",Address,North Annex,REDACTED,Property Owner,"110-Single House, single detached home, bungalow, linked home (linked at the foundation), single family dwelling"
PRRN202600946,Renovation/Alteration,2026-05-11 00:00:00,Residential,Alteration and improvements,130000,0,0,,"107 MAYFAIR CRESCENT, REGINA, SK S4S5T9",Address,Hillsdale,ARCADIA CONSTRUCTION - KAMARAN PROBE,Contractor,"110-Single House, single detached home, bungalow, linked home (linked at the foundation), single family dwelling"
PRTN202600858,Tent / Temporary Structure,2026-05-11 00:00:00,Commercial,Other,20000,0,0,,"2223 E VICTORIA AVENUE, REGINA, SK S4N6E4",Address,Glen Elm Park,MOUNTWATER CAPITAL CORP.,Property Owner,Not Applicable
PRDE202600984,Demolition,2026-05-12 00:00:00,Residential,Demolition,23500,0,0,1,"1419 RETALLACK STREET, REGINA, SK S4T2J3",Address,Old 33,REDACTED,Property Owner,"110-Single House, single detached home, bungalow, linked home (linked at the foundation), single family dwelling"
PRFR202600939,Foundation Repair,2026-05-12 00:00:00,Residential,Alteration and improvements,6000,0,0,,"3 HOAG BAY, REGINA, SK S4R7G6",Address,Walsh Acres,JS GROUP OF COMPANIES,Contractor,"110-Single House, single detached home, bungalow, linked home (linked at the foundation), single family dwelling"
PRFR202601114,Foundation Repair,2026-05-12 00:00:00,Residential,Alteration and improvements,15000,0,0,,"17 DOGWOOD PLACE, REGINA, SK S4S5A1",Address,Whitmore Park,REGINA BASEMENT BRACING - COLE CROWLEY,Contractor,"110-Single House, single detached home, bungalow, linked home (linked at the foundation), single family dwelling"
PRGA202601056,Garage/Carport,2026-05-12 00:00:00,Residential,Garage/Carport/Accessory Structure,40000,0,0,,"2051 WASCANA STREET, REGINA, SK S4T4J8",Address,Old 33,REDACTED,Property Owner,"110-Single House, single detached home, bungalow, linked home (linked at the foundation), single family dwelling"
PRPO202600901,Pool,2026-05-12 00:00:00,Residential,Swimming pool,109900,0,0,,"2047 WASCANA GREENS, REGINA, SK S4V2M3",Address,Wascana View,ELLIS POOLS & CONST. LTD.,Contractor,"110-Single House, single detached home, bungalow, linked home (linked at the foundation), single family dwelling"
PRRN202601001,Renovation/Alteration,2026-05-12 00:00:00,Residential,Alteration and improvements,7500,0,0,,"3809 20TH AVENUE, REGINA, SK S4S0P3",Address,Normandy Heights,REDACTED,Property Owner,"110-Single House, single detached home, bungalow, linked home (linked at the foundation), single family dwelling"
PRSF202502237,Single/Semi-Detached Dwelling 1-2 units,2026-05-12 00:00:00,Residential,New construction,300000,2,2,,"2170 ABBOTT STREET, REGINA, SK S4N2J4",Address,Broders Annex,102111030 SASKATCHEWAN INC.,Contractor,"110-Single House, single detached home, bungalow, linked home (linked at the foundation), single family dwelling"
PRSS202600750,Secondary Suite,2026-05-12 00:00:00,Residential,Alteration and improvements,60000,1,0,,"3882 GEE CRESCENT, REGINA, SK S4V3N9",Address,UNDEVELOP,REDACTED,Property Owner,"210-Semi-Detached or Double House, single attached home"
PRSS202600999,Secondary Suite,2026-05-12 00:00:00,Residential,Alteration and improvements,60000,1,0,,"2980 KAUFMAN WAY, REGINA, SK S4V3Z5",Address,The Towns,REDACTED,Property Owner,"110-Single House, single detached home, bungalow, linked home (linked at the foundation), single family dwelling"
PRDE202601227,Demolition,2026-05-13 00:00:00,Residential,Demolition,10000,0,0,,"3601 21ST AVENUE, REGINA, SK S4S0V3",Address,Lakeview A,REDACTED,Property Owner,"110-Single House, single detached home, bungalow, linked home (linked at the foundation), single family dwelling"
PRDE202601236,Demolition,2026-05-13 00:00:00,Residential,Demolition,5000,0,0,,"3017 ARGYLE ROAD, REGINA, SK S4S2B3",Address,Lakeview A,BMP CONTRACTING LTD.,Contractor,"110-Single House, single detached home, bungalow, linked home (linked at the foundation), single family dwelling"
PRDK202601175,Deck/Sunroom,2026-05-13 00:00:00,Residential,Alteration and improvements,5600,0,0,,"3143 CAMERON STREET, REGINA, SK S4S1W8",Address,Lakeview,REDACTED,Property Owner,"110-Single House, single detached home, bungalow, linked home (linked at the foundation), single family dwelling"
PRDK202601205,Deck/Sunroom,2026-05-13 00:00:00,Residential,Alteration and improvements,10000,0,0,,"4696 FERNDALE CRESCENT, REGINA, SK S4V4A4",Address,The Towns,PIVOT CONSTRUCTION,Contractor,"210-Semi-Detached or Double House, single attached home"
PRFR202601148,Foundation Repair,2026-05-13 00:00:00,Residential,Alteration and improvements,80000,0,0,,"16 BORLASE CRESCENT, REGINA, SK S4N4G9",Address,Glencairn,REDACTED,Property Owner,"110-Single House, single detached home, bungalow, linked home (linked at the foundation), single family dwelling"
PRGA202600649,Garage/Carport,2026-05-13 00:00:00,Residential,Garage/Carport/Accessory Structure,10000,0,0,,"411 CAVENDISH STREET, REGINA, SK S4N4K6",Address,Glencairn,REDACTED,Property Owner,"110-Single House, single detached home, bungalow, linked home (linked at the foundation), single family dwelling"
PRGA202601102,Garage/Carport,2026-05-13 00:00:00,Residential,Garage/Carport/Accessory Structure,25000,0,0,,"1612 8TH AVENUE N, REGINA, SK S4R0G3",Address,Churchill Place,WOOD COUNTRY BUILDING SERVICES LTD. - RYAN WILSON,Contractor,"110-Single House, single detached home, bungalow, linked home (linked at the foundation), single family dwelling"
PRGA202601108,Garage/Carport,2026-05-13 00:00:00,Residential,Garage/Carport/Accessory Structure,12000,0,0,,"1379 ABERDEEN STREET, REGINA, SK S4T5K3",Address,Rosemont,REDACTED,Property Owner,"110-Single House, single detached home, bungalow, linked home (linked at the foundation), single family dwelling"
PRGA202601121,Garage/Carport,2026-05-13 00:00:00,Residential,Garage/Carport/Accessory Structure,40000,0,0,,"3511 GORDON ROAD, REGINA, SK S4S5V5",Address,Albert Park,NUFAB BUILDING PRODUCTS - MIKE DOHERTY,Contractor,"110-Single House, single detached home, bungalow, linked home (linked at the foundation), single family dwelling"
PRRN202600964,Renovation/Alteration,2026-05-13 00:00:00,Residential,Alteration and improvements,130000,0,0,,"4 MINOT PLACE, REGINA, SK S4X3P1",Address,Normanview W. Addn.,HOPE CONSTRUCTION LTD.,Contractor,"110-Single House, single detached home, bungalow, linked home (linked at the foundation), single family dwelling"
PRTN202601119,Tent / Temporary Structure,2026-05-13 00:00:00,Commercial,Other,           -  ,0,0,,"302 UNIVERSITY PARK DRIVE, REGINA, SK S4V0Y8",Address,Gardiner Park,GARDINER JOINT VENTURE LTD,Property Owner,Not Applicable
PRBS202601153,Basement Development,2026-05-14 00:00:00,Residential,Alteration and improvements,54000,0,0,,"3601 GREEN MARSH CRESCENT, Unit:125, REGINA, SK S4V4C9",Address,The Greens on Gardiner,NORTH RIDGE DEVELOPMENT CORPORATION,Contractor,335-Row House - Condominium
PRDE202601192,Demolition,2026-05-14 00:00:00,Residential,Demolition,1000,0,0,0,"2706 BRODER STREET, REGINA, SK S4N3T7",Address,Assiniboia  Place,REDACTED,Property Owner,"110-Single House, single detached home, bungalow, linked home (linked at the foundation), single family dwelling"
PRDK202601185,Deck/Sunroom,2026-05-14 00:00:00,Residential,Alteration and improvements,6000,0,0,,"8710 WHEAT CRESCENT, REGINA, SK S4Y0H8",Address,Westerra,REDACTED,Property Owner,"110-Single House, single detached home, bungalow, linked home (linked at the foundation), single family dwelling"
PRFR202601247,Foundation Repair,2026-05-14 00:00:00,Residential,Alteration and improvements,3300,0,0,,"716 EMPRESS STREET, REGINA, SK S4T5C8",Address,Rosemont North,AAA SOLID FOUNDATION,Contractor,"110-Single House, single detached home, bungalow, linked home (linked at the foundation), single family dwelling"
PRGA202601084,Garage/Carport,2026-05-14 00:00:00,Residential,Garage/Carport/Accessory Structure,20300,0,0,,"7932 LENTIL AVENUE, REGINA, SK S4Y0E9",Address,Westerra,REDACTED,Property Owner,"330-Row House, garden home, town house, carriage home, quadrex"
PRGA202601163,Garage/Carport,2026-05-14 00:00:00,Residential,Garage/Carport/Accessory Structure,29000,0,0,,"40 KNIGHT CRESCENT, REGINA, SK S4T6A6",Address,Pasqua Place,REGINA GARAGE BUILDERS INC.,Contractor,"110-Single House, single detached home, bungalow, linked home (linked at the foundation), single family dwelling"
PRGA202601190,Garage/Carport,2026-05-14 00:00:00,Residential,Garage/Carport/Accessory Structure,25000,0,0,,"2327 GARNET STREET, REGINA, SK S4T3A3",Address,Old 33,REDACTED,Property Owner,"110-Single House, single detached home, bungalow, linked home (linked at the foundation), single family dwelling"
PRMH202601267,Plumbing,2026-05-14 00:00:00,Residential,Mechanical,15000,0,0,,"81 DOGWOOD PLACE, REGINA, SK S4S5A1",Address,Whitmore Park,REDACTED,Property Owner,"110-Single House, single detached home, bungalow, linked home (linked at the foundation), single family dwelling"
PRNR202503450,New Commercial,2026-05-14 00:00:00,Commercial,New construction,100000,0,0,,"4035 MONTAGUE STREET, REGINA, SK S4S3K1",Address,Parliament Place,1324622 ALBERTA LTD.,Property Owner,335-Row House - Condominium
PRSS202600543,Secondary Suite,2026-05-14 00:00:00,Residential,Alteration and improvements,43000,1,0,,"66 BRUCE PLACE, REGINA, SK S4R5Y3",Address,Normanview,HAUP CONSTRUCTIONS INC,Contractor,"110-Single House, single detached home, bungalow, linked home (linked at the foundation), single family dwelling"
PRDE202601183,Demolition,2026-05-15 00:00:00,Commercial,Demolition,4500,0,0,,"2218 ROSE STREET, REGINA, SK S4P2A6",Address,Old 33,ICONIC CONSTRUCTION AND LANDSCAPING,Contractor,"110-Single House, single detached home, bungalow, linked home (linked at the foundation), single family dwelling"
PRDK202503263,Deck/Sunroom,2026-05-15 00:00:00,Residential,Alteration and improvements,80000,0,0,,"3344 GREEN BANK ROAD, REGINA, SK S4V1L3",Address,The Greens on Gardiner,REDACTED,Property Owner,"110-Single House, single detached home, bungalow, linked home (linked at the foundation), single family dwelling"
PRDK202601155,Deck/Sunroom,2026-05-15 00:00:00,Residential,Alteration and improvements,4000,0,0,,"72 TURGEON CRESCENT, REGINA, SK S4S3Z9",Address,Hillsdale,REDACTED,Property Owner,"110-Single House, single detached home, bungalow, linked home (linked at the foundation), single family dwelling"
PRFR202601154,Foundation Repair,2026-05-15 00:00:00,Residential,Alteration and improvements,65000,0,0,,"2810 KUTARNA CRESCENT, REGINA, SK S4V0T1",Address,Wood Meadows,SLABMASTER LTD,Contractor,"110-Single House, single detached home, bungalow, linked home (linked at the foundation), single family dwelling"
PRFR202601226,Foundation Repair,2026-05-15 00:00:00,Residential,Alteration and improvements,45000,0,0,,"2800 ALBERT STREET, REGINA, SK S4S3N5",Address,Lakeview,REDACTED,Property Owner,"110-Single House, single detached home, bungalow, linked home (linked at the foundation), single family dwelling"
PRGA202601211,Garage/Carport,2026-05-15 00:00:00,Residential,Garage/Carport/Accessory Structure,63075.2,0,0,,"121 CORNWALL STREET, REGINA, SK S4R2G3",Address,Highland Park,REDACTED,Property Owner,"110-Single House, single detached home, bungalow, linked home (linked at the foundation), single family dwelling"
PRNR202503113,New Commercial,2026-05-15 00:00:00,Institutional,New construction,45500,0,1,,3310 LAKEVIEW AVENUE,Address,Lakeview South,CITY OF REGINA,Property Owner,"562-Outdoor recreational building; country club, golf club campground facilities, outdoor skating rink, outdoor swimming pool"
PRNR202503487,New Commercial,2026-05-15 00:00:00,Industrial,New construction,1400000,0,1,,"8701 DEWDNEY AVENUE, REGINA, SK S4Y0E2",Address,Westerra,COSTCO WHOLESALE CANADA LTD.,Property Owner,"572-Service station, repair garage and specialty shop; gasoline station, service station/car wash, muffler shop, transmission shop, service station/garage"
PRNR202601012,New Commercial,2026-05-15 00:00:00,Commercial,New construction,7215,0,1,,"3410 PARK STREET, REGINA, SK S4V2M8",Address,Wascana Park,THE GARDENS CONDOMINIUM CORPORATION,Property Owner,"460-Storage building; warehouse (for storage purposes only), industrial mall, grain elevator, locker rental, silo, quonset, refrigerated storage terminal"
PRRN202600853,Renovation/Alteration,2026-05-15 00:00:00,Commercial,Alteration and improvements,100000,0,1,,"2225 SANDRA SCHMIRLER WAY, REGINA, SK S4W1B6",Address,Cpr Annex,CITY OF REGINA,Property Owner,"560-Indoor recreational building; sports complex, tennis court and squash, community center, arena, curling club, swimming pool"
PRRN202600954,Renovation/Alteration,2026-05-15 00:00:00,Commercial,Alteration and improvements,1000,0,1,,"4450 ROCHDALE BOULEVARD, REGINA, SK S4X4N9",Address,Lakeridge,BMO LIFE ASSURANCE COMPANY / BMO SOCIETE D`ASSURANCE-VIE | LOBLAW PROPERTIES WEST INC.,Property Owner,"512-Retail complex; plaza, mall, shopping centre, store/office building"
PRRN202600968,Renovation/Alteration,2026-05-15 00:00:00,Commercial,Alteration and improvements,10000,0,1,,"5048 SHERWOOD DRIVE, REGINA, SK S4R4C2",Address,Normanview,HUSSAIN FOUNDATION LTD,Contractor,"660-Religious building; church, cathedral, temple, citadel, synagogue"
PRRN202601046,Renovation/Alteration,2026-05-15 00:00:00,Commercial,Alteration and improvements,90000,0,1,,"3806 ALBERT STREET, REGINA, SK S4S3R1",Address,Parliament Place,4187415 CANADA INC.,Property Owner,"510-Retail and wholesale outlets; retail outlet, department store, photographic studio, rental service, beauty salon, hairdressing salon, lumber yard, dry cleaner, laundromat"
PRRN202601178,Renovation/Alteration,2026-05-15 00:00:00,Residential,Alteration and improvements,25,0,0,,"5442 MITCHINSON WAY, REGINA, SK S4W0E7",Address,Harbour Landing,REDACTED,Property Owner,"330-Row House, garden home, town house, carriage home, quadrex"
PRRN202601197,Renovation/Alteration,2026-05-15 00:00:00,Residential,Alteration and improvements,1200,0,0,,"6910 DALGLIESH DRIVE, REGINA, SK S4X2M6",Address,Sherwood Estates,JS GROUP OF COMPANIES,Contractor,"110-Single House, single detached home, bungalow, linked home (linked at the foundation), single family dwelling"
PRSF202601051,Single/Semi-Detached Dwelling 1-2 units,2026-05-15 00:00:00,Residential,New construction,400000,1,2,,"3084 GREEN TURTLE ROAD, REGINA, SK S4V4E5",Address,The Towns,PACESETTER HOMES REGINA,Contractor,"110-Single House, single detached home, bungalow, linked home (linked at the foundation), single family dwelling"
PRSF202601085,Single/Semi-Detached Dwelling 1-2 units,2026-05-15 00:00:00,Residential,New construction,400000,1,2,,"8777 WHEAT CRESCENT, REGINA, SK S4Y0H5",Address,Westerra,COLBY KIRKPATRICK - PACESETTER HOMES,Contractor,"110-Single House, single detached home, bungalow, linked home (linked at the foundation), single family dwelling"
PRSF202601086,Single/Semi-Detached Dwelling 1-2 units,2026-05-15 00:00:00,Residential,New construction,400000,1,2,,"8734 WHEAT CRESCENT, REGINA, SK S4Y0H6",Address,Westerra,COLBY KIRKPATRICK - PACESETTER HOMES,Contractor,"110-Single House, single detached home, bungalow, linked home (linked at the foundation), single family dwelling"
PRSF202601140,Single/Semi-Detached Dwelling 1-2 units,2026-05-15 00:00:00,Residential,New construction,400000,1,2,,"5601 PARLIAMENT AVENUE, Unit:20, REGINA, SK S4W0V4",Address,Harbour Landing,COLBY KIRKPATRICK - PACESETTER HOMES,Contractor,115-Single House - Condominium
PRSF202601142,Single/Semi-Detached Dwelling 1-2 units,2026-05-15 00:00:00,Residential,New construction,400000,1,2,,"5601 PARLIAMENT AVENUE, Unit:21, REGINA, SK S4W0V4",Address,Harbour Landing,PACESETTER NEW HOMES LTD.,Contractor,"110-Single House, single detached home, bungalow, linked home (linked at the foundation), single family dwelling"
PRSS202601002,Secondary Suite,2026-05-15 00:00:00,Residential,Alteration and improvements,65000,1,0,,"4152 DELHAYE WAY, REGINA, SK S4W0N4",Address,Harbour Landing,DHAMI CONSTRUCTION INC.,Contractor,"110-Single House, single detached home, bungalow, linked home (linked at the foundation), single family dwelling"
PRSS202601117,Secondary Suite,2026-05-18 00:00:00,Residential,Alteration and improvements,36000,1,0,,"3020 KAUFMAN WAY, REGINA, SK S4V3Z5",Address,The Towns,HAUP CONSTRUCTIONS INC,Contractor,"110-Single House, single detached home, bungalow, linked home (linked at the foundation), single family dwelling"
PRBS202601128,Basement Development,2026-05-19 00:00:00,Residential,Alteration and improvements,40000,0,0,,"79 PAYNTER CRESCENT, REGINA, SK S4X1H5",Address,Normanview W. Addn.,REDACTED,Property Owner,"110-Single House, single detached home, bungalow, linked home (linked at the foundation), single family dwelling"
PRFR202601146,Foundation Repair,2026-05-19 00:00:00,Residential,Alteration and improvements,68000,0,0,,"151 HOUSTON ROAD, REGINA, SK S4V0G5",Address,University Park,REDACTED,Property Owner,"110-Single House, single detached home, bungalow, linked home (linked at the foundation), single family dwelling"
PRFR202601171,Foundation Repair,2026-05-19 00:00:00,Residential,Alteration and improvements,47000,0,0,,"2806 23RD AVENUE, REGINA, SK S4S1E6",Address,Lakeview Centre,GCA CONSTRUCTION,Contractor,"110-Single House, single detached home, bungalow, linked home (linked at the foundation), single family dwelling"
PRFR202601253,Foundation Repair,2026-05-19 00:00:00,Residential,Alteration and improvements,45000,0,0,,"139 MOLLARD CRESCENT, REGINA, SK S4T6J6",Address,Mount Royal,REDACTED,Property Owner,"110-Single House, single detached home, bungalow, linked home (linked at the foundation), single family dwelling"
PRGA202601238,Garage/Carport,2026-05-19 00:00:00,Residential,Garage/Carport/Accessory Structure,53000,0,0,,"204 MCCANNEL STREET, REGINA, SK S4R3V1",Address,Regent Park,CRAZY CHARLIE BUILDING SUPPLIES - CAMERON JONES,Contractor,"110-Single House, single detached home, bungalow, linked home (linked at the foundation), single family dwelling"
PRMH202601331,Plumbing,2026-05-19 00:00:00,Residential,Mechanical,14492.35,0,0,,"377 LEOPOLD CRESCENT, REGINA, SK S4T6N8",Address,Crescents,REDACTED,Property Owner,"110-Single House, single detached home, bungalow, linked home (linked at the foundation), single family dwelling"
PRRN202600966,Renovation/Alteration,2026-05-19 00:00:00,Commercial,Alteration and improvements,86929.33,0,2,,"3769 WASCANA PARKWAY, REGINA, SK S4S0A2",Address,Wascana Park,THINK BIG ELECTRICAL AND CONSTRUCTION SERVICES LTD. - JON HOWE,Contractor,"540-Restaurant, bar, tavern, night club, diner, donut shop"
PRRN202601091,Renovation/Alteration,2026-05-19 00:00:00,Commercial,Alteration and improvements,171000,0,0,,"2616 E SHOOTER DRIVE, REGINA, SK S4V1E1",Address,Wood Meadows,MEADOW LARK HOUSING CO-OPERATIVE LIMITED,Property Owner,335-Row House - Condominium
PRRN202601182,Renovation/Alteration,2026-05-19 00:00:00,Residential,Alteration and improvements,70000,0,0,,"7338 CRIBBS BAY, REGINA, SK S4X4H4",Address,Rochdale Park,TECHNIQUE CONSTRUCTION INC. - KEVIN WASSILL,Contractor,"110-Single House, single detached home, bungalow, linked home (linked at the foundation), single family dwelling"
PRRN202601218,Renovation/Alteration,2026-05-19 00:00:00,Residential,Alteration and improvements,30000,0,0,,"10114 WASCANA ESTATES, REGINA, SK S4V2X3",Address,Wascana View,REDACTED,Property Owner,"110-Single House, single detached home, bungalow, linked home (linked at the foundation), single family dwelling"
PRBS202601292,Basement Development,2026-05-20 00:00:00,Residential,Alteration and improvements,20000,0,0,,"70 DALE CRESCENT, REGINA, SK S4N5J7",Address,Glencairn Village,REDACTED,Property Owner,"110-Single House, single detached home, bungalow, linked home (linked at the foundation), single family dwelling"
PRDK202600971,Deck/Sunroom,2026-05-20 00:00:00,Residential,Alteration and improvements,3000,0,0,,"2945 WELBY WAY, REGINA, SK S4V4A2",Address,The Towns,REVIVE INTERIORS - SPIRIDON LY BESHA,Contractor,"210-Semi-Detached or Double House, single attached home"
PRDK202601035,Deck/Sunroom,2026-05-20 00:00:00,Residential,Alteration and improvements,17250,0,0,,"2650 E THORNICROFT BAY, REGINA, SK S4V0T8",Address,Gardiner Park,REDACTED,Property Owner,"110-Single House, single detached home, bungalow, linked home (linked at the foundation), single family dwelling"
PRDK202601232,Deck/Sunroom,2026-05-20 00:00:00,Residential,Alteration and improvements,18259.5,0,0,,"4618 JUNIPER DRIVE, REGINA, SK S4X4R6",Address,Garden Ridge,REDACTED,Property Owner,"110-Single House, single detached home, bungalow, linked home (linked at the foundation), single family dwelling"
PRDK202601262,Deck/Sunroom,2026-05-20 00:00:00,Residential,Alteration and improvements,6500,0,0,,"3122 BOWEN STREET, REGINA, SK S4V4C6",Address,The Towns,LUCKY LINKS BUILDING SERVICES LTD. - LUCKY ALUGE,Contractor,"110-Single House, single detached home, bungalow, linked home (linked at the foundation), single family dwelling"
PRFR202601266,Foundation Repair,2026-05-20 00:00:00,Residential,Alteration and improvements,10810,0,0,,"19 MARQUIS CRESCENT, REGINA, SK S4S6J8",Address,Albert Park,AAA SOLID FOUNDATION,Contractor,"110-Single House, single detached home, bungalow, linked home (linked at the foundation), single family dwelling"
PRGA202600991,Garage/Carport,2026-05-20 00:00:00,Residential,Garage/Carport/Accessory Structure,28000,0,0,,"5408 E NICHOLSON AVENUE, REGINA, SK S4V4B4",Address,The Towns,DREAM TOWNS LANDS SOUTH (GP) INC.,Property Owner,"110-Single House, single detached home, bungalow, linked home (linked at the foundation), single family dwelling"
PRGA202601168,Garage/Carport,2026-05-20 00:00:00,Residential,Garage/Carport/Accessory Structure,30000,0,0,,"2912 MCCALLUM AVENUE, REGINA, SK S4S0R2",Address,Lakeview,REDACTED,Property Owner,"110-Single House, single detached home, bungalow, linked home (linked at the foundation), single family dwelling"
PRGA202601258,Garage/Carport,2026-05-20 00:00:00,Residential,Garage/Carport/Accessory Structure,29300,0,0,,"3156 GREEN TURTLE ROAD, REGINA, SK S4V4C5",Address,The Towns,HOMES BY DREAM - MICHELLE MOODIE,Contractor,"110-Single House, single detached home, bungalow, linked home (linked at the foundation), single family dwelling"
PRGA202601260,Garage/Carport,2026-05-20 00:00:00,Residential,Garage/Carport/Accessory Structure,29300,0,0,,"3151 BOWEN STREET, REGINA, SK S4V4C6",Address,The Towns,HOMES BY DREAM,Contractor,"110-Single House, single detached home, bungalow, linked home (linked at the foundation), single family dwelling"
PRGA202601283,Garage/Carport,2026-05-20 00:00:00,Residential,Garage/Carport/Accessory Structure,55000,0,0,,"15 GLASGOW STREET, REGINA, SK S4X1C9",Address,Normanview W. Addn.,REDACTED,Property Owner,"110-Single House, single detached home, bungalow, linked home (linked at the foundation), single family dwelling"
PRRN202600461,Renovation/Alteration,2026-05-20 00:00:00,Commercial,Alteration and improvements,128000,0,1,,"2837 SASKATCHEWAN DRIVE, REGINA, SK S4T1H3",Address,Old 33,102184734 SASKATCHEWAN LTD.,Property Owner,"520-Office building; consultant’s office, doctor’s office, insurance company, bank, taxi stand, office/cafeteria, office/smoke shop"
PRRN202601010,Renovation/Alteration,2026-05-20 00:00:00,Commercial,Alteration and improvements,1194999.03,0,3,,"2102 11TH AVENUE, REGINA, SK S4P0J5",Address,Old 33,CORNWALL CENTRE INC.,Property Owner,"490-Engineering; parking garage, tunnel, dock"
PRRN202601047,Renovation/Alteration,2026-05-20 00:00:00,Residential,Alteration and improvements,15000,0,0,,"78 COLEMAN CRESCENT, REGINA, SK S4N5J5",Address,Glencairn Village,REDACTED,Property Owner,"110-Single House, single detached home, bungalow, linked home (linked at the foundation), single family dwelling"
PRSF202600482,Single/Semi-Detached Dwelling 1-2 units,2026-05-20 00:00:00,Residential,New construction,600000,2,2,,"13 LATTA STREET, REGINA, SK S4S3Y2",Address,Hillsdale,FOUR SEASONS CONSTRUCTION AND RENOVATIONS INC.,Contractor,215-Semi-Detached or Double House - Condominium
PRSF202601082,Single/Semi-Detached Dwelling 1-2 units,2026-05-20 00:00:00,Residential,New construction,436600,1,2,,"3117 GREEN TURTLE ROAD, REGINA, SK S4V4C5",Address,The Towns,HOMES BY DREAM,Contractor,"110-Single House, single detached home, bungalow, linked home (linked at the foundation), single family dwelling"
PRSF202601169,Single/Semi-Detached Dwelling 1-2 units,2026-05-20 00:00:00,Residential,New construction,434000,1,2,,"3057 GREEN TURTLE ROAD, REGINA, SK S4V4E5",Address,The Towns,HOMES BY DREAM,Contractor,"110-Single House, single detached home, bungalow, linked home (linked at the foundation), single family dwelling"
PRBS202600861,Basement Development,2026-05-21 00:00:00,Residential,Alteration and improvements,20000,0,0,,"6136 EHRLE CRESCENT, REGINA, SK S4X4E6",Address,Lakewood,REDACTED,Property Owner,"110-Single House, single detached home, bungalow, linked home (linked at the foundation), single family dwelling"
PRDE202600802,Demolition,2026-05-21 00:00:00,Residential,Demolition,0,0,0,,"2827 THORNTON AVENUE, REGINA, SK S4S1J4",Address,Lakeview Centre,REDACTED,Property Owner,"110-Single House, single detached home, bungalow, linked home (linked at the foundation), single family dwelling"
PRDK202600989,Deck/Sunroom,2026-05-21 00:00:00,Residential,Alteration and improvements,8000,0,0,,"3404 ELDER GROVE, REGINA, SK S4V2V3",Address,Woodland Grove,REDACTED,Property Owner,"110-Single House, single detached home, bungalow, linked home (linked at the foundation), single family dwelling"
PRDK202601240,Deck/Sunroom,2026-05-21 00:00:00,Residential,Alteration and improvements,4600,0,0,,"4768 E MUTRIE CRESCENT, REGINA, SK S4V3Y4",Address,The Towns,REDACTED,Property Owner,"330-Row House, garden home, town house, carriage home, quadrex"
PRDK202601288,Deck/Sunroom,2026-05-21 00:00:00,Residential,Alteration and improvements,7000,0,0,,"4629 E MUTRIE CRESCENT, REGINA, SK S4V3Y3",Address,The Towns,LUCKY LINKS BUILDING SERVICES LTD. - LUCKY ALUGE,Contractor,"210-Semi-Detached or Double House, single attached home"
PRDK202601290,Deck/Sunroom,2026-05-21 00:00:00,Residential,Alteration and improvements,6500,0,0,,"3161 GREEN TURTLE ROAD, REGINA, SK S4V4C5",Address,The Towns,LUCKY LINKS BUILDING SERVICES LTD. - LUCKY ALUGE,Contractor,"110-Single House, single detached home, bungalow, linked home (linked at the foundation), single family dwelling"
PRDK202601291,Deck/Sunroom,2026-05-21 00:00:00,Residential,Alteration and improvements,6500,0,0,,"3154 BOWEN STREET, REGINA, SK S4V4C6",Address,The Towns,LUCKY LINKS BUILDING SERVICES LTD. - LUCKY ALUGE,Contractor,"110-Single House, single detached home, bungalow, linked home (linked at the foundation), single family dwelling"
PRDK202601296,Deck/Sunroom,2026-05-21 00:00:00,Residential,Alteration and improvements,7500,0,0,,"3126 BOWEN STREET, REGINA, SK S4V4C6",Address,The Towns,LUCKY LINKS BUILDING SERVICES LTD. - LUCKY ALUGE,Contractor,"110-Single House, single detached home, bungalow, linked home (linked at the foundation), single family dwelling"
PRFR202601304,Foundation Repair,2026-05-21 00:00:00,Residential,Alteration and improvements,5000,0,0,,"3812 MCCALLUM AVENUE, REGINA, SK S4S0S7",Address,Lakeview A,GCA CONSTRUCTION,Contractor,"110-Single House, single detached home, bungalow, linked home (linked at the foundation), single family dwelling"
PRGA202600914,Garage/Carport,2026-05-21 00:00:00,Residential,Garage/Carport/Accessory Structure,35000,0,0,,"1367 N MAPLE GROVE CRESCENT, REGINA, SK S4X3Y4",Address,Maple Ridge,NT CONTRACTING,Contractor,"110-Single House, single detached home, bungalow, linked home (linked at the foundation), single family dwelling"
PRMU202600381,Multi-Unit Dwelling 3+ Units,2026-05-21 00:00:00,Commercial,Foundation (new),1221000,0,0,,500 E 20TH AVENUE,Address,Douglas Place,WRIGHT CONSTRUCTION - CAITLIN MCDONALD,Contractor,315-Apartment - Condominium
PRRN202600634,Renovation/Alteration,2026-05-21 00:00:00,Commercial,Alteration and improvements,15000,0,6,,"1440 14TH AVENUE, REGINA, SK S4P0W5",Address,Old 33,CROWN IN RIGHT OF SASKATCHEWAN,Property Owner,"640-Hospital; general, military, specialized"
PRRN202601217,Renovation/Alteration,2026-05-21 00:00:00,Commercial,Alteration and improvements,35000,0,1,,"2525 E QUANCE STREET, REGINA, SK S4V2X8",Address,River Bend,DONALD READY - COLLABORATIVE CONSTRUCTION,Contractor,"520-Office building; consultant’s office, doctor’s office, insurance company, bank, taxi stand, office/cafeteria, office/smoke shop"
PRRN202601245,Renovation/Alteration,2026-05-21 00:00:00,Commercial,Alteration and improvements,11000,0,0,,"2909 E ARENS ROAD, REGINA, SK S4V3A8",Address,Wood Meadows,MEADOW PARK PLACE CONDOMINIUM CORPORATION,Property Owner,315-Apartment - Condominium
PRRN202601285,Renovation/Alteration,2026-05-21 00:00:00,Commercial,Alteration and improvements,75000,0,4,,"2222 13TH AVENUE, REGINA, SK S4P3M7",Address,Old 33,2222 13 AVENUE PROPERTIES  INC.,Property Owner,"520-Office building; consultant’s office, doctor’s office, insurance company, bank, taxi stand, office/cafeteria, office/smoke shop"
PRSF202600936,Single/Semi-Detached Dwelling 1-2 units,2026-05-21 00:00:00,Residential,New construction,242640,1,0,,"2956 GREEN TURTLE ROAD, REGINA, SK S4V4G4",Address,The Towns,EHRENBURG HOMES LTD.,Contractor,"110-Single House, single detached home, bungalow, linked home (linked at the foundation), single family dwelling"
PRSF202600955,Single/Semi-Detached Dwelling 1-2 units,2026-05-21 00:00:00,Residential,New construction,213600,1,2,,"2964 GREEN TURTLE ROAD, REGINA, SK S4V4G4",Address,The Towns,EHRENBURG HOMES LTD.,Contractor,"110-Single House, single detached home, bungalow, linked home (linked at the foundation), single family dwelling"
PRSF202600956,Single/Semi-Detached Dwelling 1-2 units,2026-05-21 00:00:00,Residential,New construction,244640,1,2,,"2968 GREEN TURTLE ROAD, REGINA, SK S4V4G4",Address,The Towns,EHRENBURG HOMES LTD.,Contractor,"110-Single House, single detached home, bungalow, linked home (linked at the foundation), single family dwelling"
PRSF202600957,Single/Semi-Detached Dwelling 1-2 units,2026-05-21 00:00:00,Residential,New construction,260640,1,2,,"2972 GREEN TURTLE ROAD, REGINA, SK S4V4G4",Address,The Towns,EHRENBURG HOMES LTD.,Contractor,"110-Single House, single detached home, bungalow, linked home (linked at the foundation), single family dwelling"
PRSF202601138,Single/Semi-Detached Dwelling 1-2 units,2026-05-21 00:00:00,Residential,New construction,160380,1,2,,"4517 E ARENS ROAD, REGINA, SK S4V4E9",Address,The Towns,ROHIT COMMUNITIES INC.,Contractor,"110-Single House, single detached home, bungalow, linked home (linked at the foundation), single family dwelling"
PRSF202601242,Single/Semi-Detached Dwelling 1-2 units,2026-05-21 00:00:00,Residential,New construction,400000,1,2,,"8738 WHEAT CRESCENT, REGINA, SK S4Y0H6",Address,Westerra,COLBY KIRKPATRICK - PACESETTER HOMES,Contractor,"110-Single House, single detached home, bungalow, linked home (linked at the foundation), single family dwelling"
PRBS202601204,Basement Development,2026-05-22 00:00:00,Residential,Alteration and improvements,70000,0,0,,"3809 LAKEVIEW AVENUE, REGINA, SK S4S1H3",Address,Lakeview South,SPLITTING TIMBER CUSTOM CARPENTRY - JUSTIN BUNKO,Contractor,"110-Single House, single detached home, bungalow, linked home (linked at the foundation), single family dwelling"
PRBS202601312,Basement Development,2026-05-22 00:00:00,Residential,Alteration,30500,0,0,,"4522 ALBULET DRIVE, REGINA, SK S4W0L5",Address,Harbour Landing,REDACTED,Property Owner,"110-Single House, single detached home, bungalow, linked home (linked at the foundation), single family dwelling"
PRBS202601328,Basement Development,2026-05-22 00:00:00,Residential,Alteration and improvements,20000,0,0,,"5301 SQUIRES ROAD, REGINA, SK S4W0L8",Address,Harbour Landing,REDACTED,Property Owner,"110-Single House, single detached home, bungalow, linked home (linked at the foundation), single family dwelling"
PRDK202601125,Deck/Sunroom,2026-05-22 00:00:00,Residential,Alteration and improvements,5000,0,0,,"4677 E MUTRIE CRESCENT, REGINA, SK S4V3Y3",Address,The Towns,REDACTED,Property Owner,"210-Semi-Detached or Double House, single attached home"
PRFR202601278,Foundation Repair,2026-05-22 00:00:00,Residential,Alteration and improvements,42250,0,0,,"2 LAWRIE BAY, REGINA, SK S4X2B3",Address,Sherwood Estates,SLABMASTER LTD - VICTORIA SCHUETT,Contractor,"110-Single House, single detached home, bungalow, linked home (linked at the foundation), single family dwelling"
PRFR202601337,Foundation Repair,2026-05-22 00:00:00,Residential,Alteration and improvements,4250,0,0,,"2160 EDGAR STREET, REGINA, SK S4N3K7",Address,Broders Annex,AAA SOLID FOUNDATION,Contractor,"110-Single House, single detached home, bungalow, linked home (linked at the foundation), single family dwelling"
PRGA202601270,Garage/Carport,2026-05-22 00:00:00,Residential,Garage/Carport/Accessory Structure,29300,0,0,,"3155 BOWEN STREET, REGINA, SK S4V4C6",Address,The Towns,HOMES BY DREAM,Contractor,"110-Single House, single detached home, bungalow, linked home (linked at the foundation), single family dwelling"
PRGA202601272,Garage/Carport,2026-05-22 00:00:00,Residential,Garage/Carport/Accessory Structure,29300,0,0,,"5412 E NICHOLSON AVENUE, REGINA, SK S4V4B4",Address,The Towns,HOMES BY DREAM,Contractor,"110-Single House, single detached home, bungalow, linked home (linked at the foundation), single family dwelling"
PRRN202600590,Renovation/Alteration,2026-05-22 00:00:00,Residential,Alteration and improvements,100000,0,0,,"5057 AERIAL CRESCENT, REGINA, SK S4W0C8",Address,Harbour Landing,JUNIORS CONSTRUCTION,Contractor,"110-Single House, single detached home, bungalow, linked home (linked at the foundation), single family dwelling"
PRRN202600933,Renovation/Alteration,2026-05-22 00:00:00,Commercial,Alteration and improvements,400000,0,1,,"4841 HARBOUR LANDING DRIVE, REGINA, SK S4W0B7",Address,Harbour Landing,HARVARD DIVERSIFIED ENTERPRISES INC.,Property Owner,"510-Retail and wholesale outlets; retail outlet, department store, photographic studio, rental service, beauty salon, hairdressing salon, lumber yard, dry cleaner, laundromat"
PRRN202601237,Renovation/Alteration,2026-05-22 00:00:00,Residential,Alteration and improvements,5000,0,0,,"3814 SHERWOOD DRIVE, REGINA, SK S4R4A6",Address,Regent Park,JS GROUP OF COMPANIES,Contractor,"110-Single House, single detached home, bungalow, linked home (linked at the foundation), single family dwelling"
PRSF202601093,Single/Semi-Detached Dwelling 1-2 units,2026-05-22 00:00:00,Residential,New construction,160380,1,2,,"4605 E ARENS ROAD, REGINA, SK S4V4G1",Address,The Towns,ROHIT COMMUNITIES INC.,Contractor,"110-Single House, single detached home, bungalow, linked home (linked at the foundation), single family dwelling"
PRSS202600927,Secondary Suite,2026-05-22 00:00:00,Residential,Alteration,47000,1,0,,"2988 TROMBLEY STREET, REGINA, SK S4V3Y7",Address,The Towns,PIVOT CONSTRUCTION,Contractor,"110-Single House, single detached home, bungalow, linked home (linked at the foundation), single family dwelling"
PRDK202601289,Deck/Sunroom,2026-05-24 00:00:00,Residential,Alteration and improvements,7000,0,0,,"3133 GREEN TURTLE ROAD, REGINA, SK S4V4C5",Address,The Towns,LUCKY LINKS BUILDING SERVICES LTD. - LUCKY ALUGE,Contractor,"110-Single House, single detached home, bungalow, linked home (linked at the foundation), single family dwelling"
PRSS202601177,Secondary Suite,2026-05-24 00:00:00,Residential,Alteration and improvements,50000,1,0,,"4837 FERNDALE CRESCENT, REGINA, SK S4V4A3",Address,The Towns,LUCKY LINKS BUILDING SERVICES LTD. - LUCKY ALUGE,Contractor,"110-Single House, single detached home, bungalow, linked home (linked at the foundation), single family dwelling"
PRBS202601264,Basement Development,2026-05-25 00:00:00,Residential,Alteration and improvements,2500,0,0,,"2030 NORMAN MACKENZIE ROAD, REGINA, SK S4X0A6",Address,Kensington Greens,REDACTED,Property Owner,"110-Single House, single detached home, bungalow, linked home (linked at the foundation), single family dwelling"
PRBS202601345,Basement Development,2026-05-25 00:00:00,Residential,Alteration and improvements,30000,0,0,,"464 DALGLIESH DRIVE, REGINA, SK S4R6M7",Address,Walsh Acres,PREMIER CONSTRUCTION,Contractor,"110-Single House, single detached home, bungalow, linked home (linked at the foundation), single family dwelling"
PRDE202601061,Demolition,2026-05-25 00:00:00,Residential,Demolition,20000,0,0,1,"1028 ATHOL STREET, REGINA, SK S4T3B9",Address,Old 33,REDACTED,Property Owner,"110-Single House, single detached home, bungalow, linked home (linked at the foundation), single family dwelling"
PRDE202601344,Demolition,2026-05-25 00:00:00,Residential,Demolition,3000,0,0,,"107 ROBINSON CRESCENT, REGINA, SK S4R3R1",Address,Coronation Park,REDACTED,Property Owner,"110-Single House, single detached home, bungalow, linked home (linked at the foundation), single family dwelling"
PRDK202601248,Deck/Sunroom,2026-05-25 00:00:00,Residential,New,8000,0,0,,"4672 FERNDALE CRESCENT, REGINA, SK S4V4A4",Address,The Towns,REDACTED,Property Owner,"210-Semi-Detached or Double House, single attached home"
PRFR202601351,Foundation Repair,2026-05-25 00:00:00,Residential,Alteration and improvements,11000,0,0,,"802 N CALLANDER CRESCENT, REGINA, SK S4X1Z3",Address,Mccarthy Park,AAA SOLID FOUNDATION,Contractor,"110-Single House, single detached home, bungalow, linked home (linked at the foundation), single family dwelling"
PRGA202601029,Garage/Carport,2026-05-25 00:00:00,Residential,Garage/Carport/Accessory Structure,35000,0,0,,"8 FALCON BAY, REGINA, SK S4S4L8",Address,Whitmore Park,REDACTED,Property Owner,"110-Single House, single detached home, bungalow, linked home (linked at the foundation), single family dwelling"
PRGA202601115,Garage/Carport,2026-05-25 00:00:00,Residential,Garage/Carport/Accessory Structure,30000,0,0,,"2706 BRODER STREET, REGINA, SK S4N3T7",Address,Assiniboia  Place,REDACTED,Property Owner,"110-Single House, single detached home, bungalow, linked home (linked at the foundation), single family dwelling"
PRGA202601257,Garage/Carport,2026-05-25 00:00:00,Residential,Garage/Carport/Accessory Structure,29300,0,0,,"3152 GREEN TURTLE ROAD, REGINA, SK S4V4C5",Address,The Towns,HOMES BY DREAM - MICHELLE MOODIE,Contractor,"110-Single House, single detached home, bungalow, linked home (linked at the foundation), single family dwelling"
PRRN202503431,Renovation/Alteration,2026-05-25 00:00:00,Commercial,Alteration and improvements,250000,0,1,,"335 HODSMAN ROAD, REGINA, SK S4N5W5",Address,Industrial Ross,102106841 SASKATCHEWAN LTD.,Property Owner,"520-Office building; consultant’s office, doctor’s office, insurance company, bank, taxi stand, office/cafeteria, office/smoke shop"
PRRN202600844,Renovation/Alteration,2026-05-25 00:00:00,Commercial,Alteration and improvements,350000,0,4,,"4211 ALBERT STREET, REGINA, SK S4S3R6",Address,Hillsdale,LEDCOR CONSTRUCTION LIMITED - MARK BEHRNS,Contractor,"520-Office building; consultant’s office, doctor’s office, insurance company, bank, taxi stand, office/cafeteria, office/smoke shop"
PRRN202600910,Renovation/Alteration,2026-05-25 00:00:00,Residential,Alteration and improvements,8000,0,0,,"1622 E BENSON BAY, REGINA, SK S4V1S7",Address,Gardiner Park,HZM CONSTRUCTION & DEVELOPMENTS,Contractor,"110-Single House, single detached home, bungalow, linked home (linked at the foundation), single family dwelling"
PRRN202601256,Renovation/Alteration,2026-05-25 00:00:00,Residential,Alteration and improvements,20000,0,0,,"4129 PRINCESS STREET, REGINA, SK S4S3N4",Address,Parliament Place,REDACTED,Property Owner,"110-Single House, single detached home, bungalow, linked home (linked at the foundation), single family dwelling"
PRSF202600905,Single/Semi-Detached Dwelling 1-2 units,2026-05-25 00:00:00,Residential,New construction,730000,1,2,,"2919 ATHOL STREET, REGINA, SK S4S1Y4",Address,Lakeview,REDACTED,Property Owner,"110-Single House, single detached home, bungalow, linked home (linked at the foundation), single family dwelling"
PRSF202601188,Single/Semi-Detached Dwelling 1-2 units,2026-05-25 00:00:00,Residential,New,622100,1,2,,"3068 GREEN TURTLE ROAD, REGINA, SK S4V4E5",Address,The Towns,HOMES BY DREAM,Contractor,"110-Single House, single detached home, bungalow, linked home (linked at the foundation), single family dwelling"
PRSF202601215,Single/Semi-Detached Dwelling 1-2 units,2026-05-25 00:00:00,Residential,New construction,440000,1,1,,"7105 MAPLE IVY DRIVE, REGINA, SK S4X0P1",Address,Maple Ridge,GILROY HOMES INC.,Contractor,"110-Single House, single detached home, bungalow, linked home (linked at the foundation), single family dwelling"
PRSS202600817,Secondary Suite,2026-05-25 00:00:00,Residential,Addition to existing building commercial & residential,40000,1,0,,"3314 GREEN POPPY STREET, REGINA, SK S4V3M3",Address,The Greens on Gardin,FIRST CALL CONSTRUCTION INC.,Contractor,"210-Semi-Detached or Double House, single attached home"
PRSS202601003,Secondary Suite,2026-05-25 00:00:00,Residential,Addition to existing building commercial & residential,65000,1,0,,"4047 WATERER STREET, REGINA, SK S4W0N2",Address,Harbour Landing,CRAWFORD HOMES (1991) LTD.,Contractor,"110-Single House, single detached home, bungalow, linked home (linked at the foundation), single family dwelling"
PRDE202601203,Demolition,2026-05-26 00:00:00,Residential,Demolition,0,0,0,,"52 CRAIGIE BAY, REGINA, SK S4R6M6",Address,Walsh Acres,REDACTED,Property Owner,"110-Single House, single detached home, bungalow, linked home (linked at the foundation), single family dwelling"
PRDE202601418,Demolition,2026-05-26 00:00:00,Residential,Demolition,28600,0,0,,"58 FYFE STREET, REGINA, SK S4X1W6",Address,Sherwood Estates,HOPE CONSTRUCTION LTD.,Contractor,"110-Single House, single detached home, bungalow, linked home (linked at the foundation), single family dwelling"
PRDK202601268,Deck/Sunroom,2026-05-26 00:00:00,Residential,Alteration and improvements,6500,0,0,,"3225 GREEN TURTLE ROAD, REGINA, SK S4V4B4",Address,The Towns,LUCKY LINKS BUILDING SERVICES LTD. - LUCKY ALUGE,Contractor,"110-Single House, single detached home, bungalow, linked home (linked at the foundation), single family dwelling"
PRDK202601269,Deck/Sunroom,2026-05-26 00:00:00,Residential,Alteration and improvements,7800,0,0,,"4813 FERNDALE CRESCENT, REGINA, SK S4V4A5",Address,The Towns,LUCKY LINKS BUILDING SERVICES LTD. - LUCKY ALUGE,Contractor,"110-Single House, single detached home, bungalow, linked home (linked at the foundation), single family dwelling"
PRFR202601271,Foundation Repair,2026-05-26 00:00:00,Residential,Alteration and improvements,5000,0,0,,"3638 ARGYLE ROAD, REGINA, SK S4S2C1",Address,Lakeview Centre,BOUSS CONSTRUCTION INC.,Contractor,"110-Single House, single detached home, bungalow, linked home (linked at the foundation), single family dwelling"
PRGA202601233,Garage/Carport,2026-05-26 00:00:00,Residential,Garage/Carport/Accessory Structure,30000,0,0,,"3017 ARGYLE ROAD, REGINA, SK S4S2B3",Address,Lakeview A,REDACTED,Property Owner,"110-Single House, single detached home, bungalow, linked home (linked at the foundation), single family dwelling"
PRGA202601347,Garage/Carport,2026-05-26 00:00:00,Residential,Garage/Carport/Accessory Structure,25000,0,0,,"141 LEOPOLD CRESCENT, REGINA, SK S4T6N5",Address,Crescents,REDACTED,Property Owner,"110-Single House, single detached home, bungalow, linked home (linked at the foundation), single family dwelling"
PRGA202601359,Garage/Carport,2026-05-26 00:00:00,Residential,Garage/Carport/Accessory Structure,20000,0,0,,"408 RAE STREET, REGINA, SK S4R3M2",Address,Coronation Park,REDACTED,Property Owner,"110-Single House, single detached home, bungalow, linked home (linked at the foundation), single family dwelling"
PRNR202601106,New Commercial,2026-05-26 00:00:00,Commercial,Superstructure or part of new building,2671801,0,1,,"4400 4TH AVENUE, REGINA, SK S4T0H8",Address,Transcona,LEDCOR CONSTRUCTION - MARK BEHRNS,Contractor,"510-Retail and wholesale outlets; retail outlet, department store, photographic studio, rental service, beauty salon, hairdressing salon, lumber yard, dry cleaner, laundromat"
PRRN202503468,Renovation/Alteration,2026-05-26 00:00:00,Commercial,Alteration and improvements,35000,0,1,,"444 MCLEOD STREET, REGINA, SK S4N4Y1",Address,Industrial Ross,MINHAS CREEK CRAFT BREWING CO. INC.,Property Owner,"430-Plant for manufacturing, processing and assembling goods; factory, plant, mill, bakery, cannery,  printing plant"
PRRN202601059,Renovation/Alteration,2026-05-26 00:00:00,Commercial,Alteration and improvements,80000,0,1,,"200 E VICTORIA AVENUE, REGINA, SK S4N0N4",Address,Tuxedo Park,COSSLAND HOLDINGS LTD.,Property Owner,"520-Office building; consultant’s office, doctor’s office, insurance company, bank, taxi stand, office/cafeteria, office/smoke shop"
PRSF202503347,Single/Semi-Detached Dwelling 1-2 units,2026-05-26 00:00:00,Residential,New construction,345000,2,2,,"3071 DUMONT WAY, REGINA, SK S4V4E3",Address,The Towns,ARMADA HOMES,Contractor,"110-Single House, single detached home, bungalow, linked home (linked at the foundation), single family dwelling"
PRSF202503428,Single/Semi-Detached Dwelling 1-2 units,2026-05-26 00:00:00,Residential,New construction,345000,2,2,,"3075 DUMONT WAY, REGINA, SK S4V4E3",Address,The Towns,ARMADA HOMES LTD.,Contractor,"110-Single House, single detached home, bungalow, linked home (linked at the foundation), single family dwelling"
PRSF202601096,Single/Semi-Detached Dwelling 1-2 units,2026-05-26 00:00:00,Residential,New construction,160380,1,2,,"4533 E ARENS ROAD, REGINA, SK S4V4E9",Address,The Towns,ROHIT COMMUNITIES INC.,Contractor,"110-Single House, single detached home, bungalow, linked home (linked at the foundation), single family dwelling"
PRSF202601161,Single/Semi-Detached Dwelling 1-2 units,2026-05-26 00:00:00,Residential,New construction,160380,1,2,,"4621 E ARENS ROAD, REGINA, SK S4V4G1",Address,The Towns,CITY OF REGINA,Property Owner,"110-Single House, single detached home, bungalow, linked home (linked at the foundation), single family dwelling"
PRSF202601180,Single/Semi-Detached Dwelling 1-2 units,2026-05-26 00:00:00,Residential,New construction,313170,2,2,,"1741 MUSTARD STREET, REGINA, SK S4Y0G1 | 1745 MUSTARD STREET, REGINA, SK S4Y0G1",Address,Westerra,ROHIT COMMUNITIES INC.,Contractor,"210-Semi-Detached or Double House, single attached home"
PRSS202601089,Secondary Suite,2026-05-26 00:00:00,Residential,Alteration and improvements,65000,1,0,,"2925 GREEN STONE ROAD, REGINA, SK S4V3Z9",Address,The Towns,DHAMI CONSTRUCTION INC.,Contractor,"330-Row House, garden home, town house, carriage home, quadrex"
PRSS202601172,Secondary Suite,2026-05-26 00:00:00,Residential,Addition to existing building commercial & residential,25000,1,0,,"727 CONNAUGHT STREET, REGINA, SK S4T4S5",Address,Balbriggan Place,REDACTED,Property Owner,"110-Single House, single detached home, bungalow, linked home (linked at the foundation), single family dwelling"
PRSS202601216,Secondary Suite,2026-05-26 00:00:00,Residential,Addition to existing building commercial & residential,45000,1,0,,"159 HAMMOND ROAD, REGINA, SK S4R3C9",Address,Coronation Park N.,REDACTED,Property Owner,"110-Single House, single detached home, bungalow, linked home (linked at the foundation), single family dwelling"
PRBS202600277,Basement Development,2026-05-27 00:00:00,Residential,New construction,53000,0,0,,"3121 GREEN BANK ROAD, Unit:135, REGINA, SK S4V3X5",Address,The Towns,REDACTED,Property Owner,"330-Row House, garden home, town house, carriage home, quadrex"
PRBS202601390,Basement Development,2026-05-27 00:00:00,Residential,Alteration and improvements,51000,0,0,,"3960 GREEN FALLS DRIVE, Unit:142, REGINA, SK S4V3T5",Address,The Greens on Gardin,REDACTED,Property Owner,335-Row House - Condominium
PRBS202601407,Basement Development,2026-05-27 00:00:00,Residential,Alteration and improvements,30000,0,0,,"3143 GREEN BROOK ROAD, REGINA, SK S4V3R8",Address,The Towns,REDACTED,Property Owner,"110-Single House, single detached home, bungalow, linked home (linked at the foundation), single family dwelling"
PRFR202601263,Foundation Repair,2026-05-27 00:00:00,Residential,Alteration and improvements,50000,0,1,,"1012 WADEY DRIVE, REGINA, SK S4N7J4",Address,Parkridge,GCA CONSTRUCTION,Contractor,"110-Single House, single detached home, bungalow, linked home (linked at the foundation), single family dwelling"
PRFR202601366,Foundation Repair,2026-05-27 00:00:00,Residential,Alteration and improvements,59000,0,0,,"955 ELLIOTT STREET, REGINA, SK S4N3E5",Address,Eastview,JS GROUP OF COMPANIES,Contractor,"110-Single House, single detached home, bungalow, linked home (linked at the foundation), single family dwelling"
PRFR202601375,Foundation Repair,2026-05-27 00:00:00,Residential,Alteration and improvements,15000,0,0,,"712 BROADWAY AVENUE, REGINA, SK S4N1C3",Address,Assiniboia  Place,AAA SOLID FOUNDATION,Contractor,"110-Single House, single detached home, bungalow, linked home (linked at the foundation), single family dwelling"
PRFR202601394,Foundation Repair,2026-05-27 00:00:00,Residential,Alteration and improvements,6700,0,0,,"1772 ROTHWELL STREET, REGINA, SK S4N2B9",Address,Glen Elm Park,JS GROUP OF COMPANIES,Contractor,"210-Semi-Detached or Double House, single attached home"
PRRN202600369,Renovation/Alteration,2026-05-27 00:00:00,Commercial,Alteration and improvements,3000000,0,12,,"2500 VICTORIA AVENUE, REGINA, SK S4P3V7",Address,Old 33,NCO BUILDING INC,Property Owner,"520-Office building; consultant’s office, doctor’s office, insurance company, bank, taxi stand, office/cafeteria, office/smoke shop"
PRRN202600906,Renovation/Alteration,2026-05-27 00:00:00,Commercial,Alteration and improvements,1020060,0,18,,"1920 BROAD STREET, REGINA, SK S4P3V6",Address,Old 33,TRANS CANADA CONTRACTING LTD. - KEITH HUBELIT,Contractor,"520-Office building; consultant’s office, doctor’s office, insurance company, bank, taxi stand, office/cafeteria, office/smoke shop"
PRSF202600738,Single/Semi-Detached Dwelling 1-2 units,2026-05-27 00:00:00,Residential,New construction,500000,1,2,,"412 18TH AVENUE, REGINA, SK S4N1G1",Address,Arnhem Place,CRAWFORD HOMES - DAVE ATKINSON,Contractor,"110-Single House, single detached home, bungalow, linked home (linked at the foundation), single family dwelling"
PRSF202601110,Single/Semi-Detached Dwelling 1-2 units,2026-05-27 00:00:00,Residential,New construction,380000,2,2,,"2332 BETTERIDGE DRIVE, REGINA, SK S4X0N7",Address,Kensington Greens,CRAWFORD HOMES (EBUILD),Contractor,"110-Single House, single detached home, bungalow, linked home (linked at the foundation), single family dwelling"
PRSF202601241,Single/Semi-Detached Dwelling 1-2 units,2026-05-27 00:00:00,Residential,New construction,400000,1,2,,"8785 WHEAT CRESCENT, REGINA, SK S4Y0H5",Address,Westerra,PACESETTER NEW HOMES LTD.,Contractor,"110-Single House, single detached home, bungalow, linked home (linked at the foundation), single family dwelling"
PRBS202601388,Basement Development,2026-05-28 00:00:00,Residential,Alteration and improvements,42000,0,0,,"3100 GARNET STREET, REGINA, SK S4S1X5",Address,Lakeview,STHAMANN HOMES INC.,Contractor,"110-Single House, single detached home, bungalow, linked home (linked at the foundation), single family dwelling"
PRDE202600641,Demolition,2026-05-28 00:00:00,Residential,Demolition,5000,0,0,1,"1250 RAE STREET, REGINA, SK S4T2C1",Address,Old 33,REDACTED,Property Owner,"110-Single House, single detached home, bungalow, linked home (linked at the foundation), single family dwelling"
PRFR202601427,Foundation Repair,2026-05-28 00:00:00,Residential,Alteration and improvements,4940,0,0,,"3620 GRASSICK AVENUE, REGINA, SK S4S0Y9",Address,Lakeview A,AAA SOLID FOUNDATION,Contractor,"110-Single House, single detached home, bungalow, linked home (linked at the foundation), single family dwelling"
PRMH202601456,Plumbing,2026-05-28 00:00:00,Residential,Mechanical,1700,0,0,,"2700 ARGYLE STREET, REGINA, SK S4S0K6",Address,Normandy Heights,REDACTED,Property Owner,"110-Single House, single detached home, bungalow, linked home (linked at the foundation), single family dwelling"
PRRN202601027,Renovation/Alteration,2026-05-28 00:00:00,Commercial,Alteration and improvements,3125000,0,1,,"3735 E QUANCE STREET, REGINA, SK S4V3A4",Address,Spruce Meadows,PCL CONSTRUCTION RESOURCES INC. - PATRICK CLINTON,Contractor,"512-Retail complex; plaza, mall, shopping centre, store/office building"
PRSF202600824,Single/Semi-Detached Dwelling 1-2 units,2026-05-28 00:00:00,Residential,New construction,700000,1,2,,"2915 ATHOL STREET, REGINA, SK S4S1Y4",Address,Lakeview,1911 HOMES LTD.,Property Owner,"110-Single House, single detached home, bungalow, linked home (linked at the foundation), single family dwelling"
PRBS202601434,Basement Development,2026-05-29 00:00:00,Residential,Alteration and improvements,44000,0,0,,"3601 GREEN MARSH CRESCENT, Unit:128, REGINA, SK S4V4C9",Address,The Greens on Gardiner,NORTH RIDGE DEVELOPMENT CORPORATION,Contractor,335-Row House - Condominium
PRBS202601435,Basement Development,2026-05-29 00:00:00,Residential,Alteration and improvements,30000,0,0,,"1332 EMPRESS STREET, REGINA, SK S4T5E5",Address,Belvedere,CREEK CONSTRUCTION,Contractor,"110-Single House, single detached home, bungalow, linked home (linked at the foundation), single family dwelling"
PRDE202600663,Demolition,2026-05-29 00:00:00,Residential,Demolition,0,0,0,,"1057 ATHOL STREET, REGINA, SK S4T3C1",Address,Old 33,REDACTED,Property Owner,"110-Single House, single detached home, bungalow, linked home (linked at the foundation), single family dwelling"
PRDE202601158,Demolition,2026-05-29 00:00:00,Residential,Demolition,4500,0,0,,"1269 LINDSAY STREET, REGINA, SK S4N3B4",Address,Eastern Annex,REDACTED,Property Owner,"110-Single House, single detached home, bungalow, linked home (linked at the foundation), single family dwelling"
PRFR202601316,Foundation Repair,2026-05-29 00:00:00,Residential,Alteration and improvements,30000,0,0,,"3540 ALBERT STREET, REGINA, SK S4S3P5",Address,Lakeview Place,REDACTED,Property Owner,"110-Single House, single detached home, bungalow, linked home (linked at the foundation), single family dwelling"
PRFR202601416,Foundation Repair,2026-05-29 00:00:00,Residential,Alteration and improvements,90000,0,0,,"2451 SWAYZE CRESCENT, REGINA, SK S4V1A4",Address,Gardiner Park,REGINA HOUSE LEVELING - TRAVIS ZERIE,Contractor,"110-Single House, single detached home, bungalow, linked home (linked at the foundation), single family dwelling"
PRFR202601417,Foundation Repair,2026-05-29 00:00:00,Residential,Alteration and improvements,5000,0,0,,"311 GARNET STREET, REGINA, SK S4R3S4",Address,Coronation Park,REGINA HOUSE LEVELING - TRAVIS ZERIE,Contractor,"110-Single House, single detached home, bungalow, linked home (linked at the foundation), single family dwelling"
PRGA202601159,Garage/Carport,2026-05-29 00:00:00,Residential,Garage/Carport/Accessory Structure,55000,0,0,,"1269 LINDSAY STREET, REGINA, SK S4N3B4",Address,Eastern Annex,REDACTED,Property Owner,"110-Single House, single detached home, bungalow, linked home (linked at the foundation), single family dwelling"
PRGA202601348,Garage/Carport,2026-05-29 00:00:00,Residential,Garage/Carport/Accessory Structure,13000,0,0,,"5457 E BUCKINGHAM DRIVE, REGINA, SK S4V4B5",Address,The Towns,PACESETTER NEW HOMES LTD.,Contractor,"330-Row House, garden home, town house, carriage home, quadrex"
PRRN202600911,Renovation/Alteration,2026-05-29 00:00:00,Institutional,Alteration and improvements,120000,0,13,,"3769 WASCANA PARKWAY, REGINA, SK S4S0A2",Address,Wascana Park,THE UNIVERSITY OF REGINA,Property Owner,626-University
PRSS202601343,Secondary Suite,2026-05-29 00:00:00,Residential,Alteration and improvements,30000,1,0,,"4780 FERNDALE CRESCENT, REGINA, SK S4V4A5",Address,The Towns,FIRST CALL CONSTRUCTION INC.,Contractor,"210-Semi-Detached or Double House, single attached home"
PRDK202601307,Deck/Sunroom,2026-06-01 00:00:00,Residential,Alteration and improvements,49000,0,1,,"3236 ATHOL STREET, REGINA, SK S4S1Y9",Address,Lakeview Centre,REDACTED,Property Owner,"110-Single House, single detached home, bungalow, linked home (linked at the foundation), single family dwelling"
PRFR202601353,Foundation Repair,2026-06-01 00:00:00,Residential,Alteration and improvements,50000,0,0,,"7 ARLINGTON STREET, REGINA, SK S4S3H7",Address,Albert Park,COLOSSAL CONSTRUCTION INC. - DARCY ROGALSKI,Contractor,"110-Single House, single detached home, bungalow, linked home (linked at the foundation), single family dwelling"
PRFR202601449,Foundation Repair,2026-06-01 00:00:00,Residential,Alteration and improvements,22000,0,0,,"2515 FARNSWORTH PLACE, REGINA, SK S4S6Z7",Address,Whitmore Park,RAMJET CONTRACTING LTD.,Contractor,"110-Single House, single detached home, bungalow, linked home (linked at the foundation), single family dwelling"
PRFR202601450,Foundation Repair,2026-06-01 00:00:00,Residential,Alteration and improvements,10365,0,0,,"1611 FLEET STREET, REGINA, SK S4N5S2",Address,Glencairn Village,AAA SOLID FOUNDATION,Contractor,"110-Single House, single detached home, bungalow, linked home (linked at the foundation), single family dwelling"
PRFR202601452,Foundation Repair,2026-06-01 00:00:00,Residential,Alteration and improvements,35500,0,0,,"77 MILLAR CRESCENT, REGINA, SK S4S1N3",Address,Lakeview South,REDACTED,Property Owner,"110-Single House, single detached home, bungalow, linked home (linked at the foundation), single family dwelling"
PRGA202600460,Garage/Carport,2026-06-01 00:00:00,Residential,Garage/Carport/Accessory Structure,30000,0,0,,"690 MCTAVISH STREET, REGINA, SK S4T3T5",Address,Parkdale,REDACTED,Property Owner,"110-Single House, single detached home, bungalow, linked home (linked at the foundation), single family dwelling"
PRGA202601403,Garage/Carport,2026-06-01 00:00:00,Residential,Garage/Carport/Accessory Structure,20000,0,0,,"107 ROBINSON CRESCENT, REGINA, SK S4R3R1",Address,Coronation Park,REDACTED,Property Owner,"110-Single House, single detached home, bungalow, linked home (linked at the foundation), single family dwelling"
PRRN202601412,Renovation/Alteration,2026-06-01 00:00:00,Residential,Alteration and improvements,18280,0,0,,"2127 E LAURIER CRESCENT, REGINA, SK S4V0P6",Address,Gardiner Park,TOWN & COUNTRY PLUMBING & HEATING,Contractor,"110-Single House, single detached home, bungalow, linked home (linked at the foundation), single family dwelling"
PRSF202601239,Single/Semi-Detached Dwelling 1-2 units,2026-06-01 00:00:00,Residential,New construction,400000,1,2,,"8781 WHEAT CRESCENT, REGINA, SK S4Y0H5",Address,Westerra,PACESETTER NEW HOMES LTD.,Contractor,"110-Single House, single detached home, bungalow, linked home (linked at the foundation), single family dwelling"
PRAD202601120,Addition,2026-06-02 00:00:00,Residential,Addition to existing building commercial & residential,50000,0,0,,"238 LEOPOLD CRESCENT, REGINA, SK S4T6N7",Address,Riverside,MCCONNELL AND SONS INTERIORS - BRIAN MCCONNELL,Contractor,"110-Single House, single detached home, bungalow, linked home (linked at the foundation), single family dwelling"
PRDE202601281,Demolition,2026-06-02 00:00:00,Commercial,Demolition,150000,0,0,,"2571 BROAD STREET, REGINA, SK S4P4H6",Address,Wascana Addition,"WRIGHT CONSTRUCTION WESTERN INC.,",Contractor,"580-Laboratory and research center; medical research center, industrial laboratory, observatory"
PRDE202601424,Demolition,2026-06-02 00:00:00,Residential,Demolition,0,0,0,,"409 HALIFAX STREET, REGINA, SK S4R1T4",Address,North Annex,REDACTED,Property Owner,"110-Single House, single detached home, bungalow, linked home (linked at the foundation), single family dwelling"
PRGA202600515,Garage/Carport,2026-06-02 00:00:00,Residential,Garage/Carport/Accessory Structure,30000,0,0,,"2904 ROTHWELL STREET, REGINA, SK S4N2E5",Address,Douglas Place,REDACTED,Property Owner,"110-Single House, single detached home, bungalow, linked home (linked at the foundation), single family dwelling"
PRGA202601210,Garage/Carport,2026-06-02 00:00:00,Residential,Garage/Carport/Accessory Structure,10000,0,0,,"37 MERRITT CRESCENT, REGINA, SK S4T5Y1",Address,Coventry Place,REDACTED,Property Owner,"110-Single House, single detached home, bungalow, linked home (linked at the foundation), single family dwelling"
PRPO202601486,Pool,2026-06-02 00:00:00,Residential,Swimming pool,700,0,0,,"5927 STEELE CRESCENT, REGINA, SK S4X4B2",Address,Lakewood,REDACTED,Property Owner,"110-Single House, single detached home, bungalow, linked home (linked at the foundation), single family dwelling"
PRRN202600733,Renovation/Alteration,2026-06-02 00:00:00,Commercial,Alteration and improvements,90000,0,12,,"1801 HAMILTON STREET, REGINA, SK S4P4B4",Address,Old 33,PCL CONSTRUCTION - AUTUMN WALTER,Contractor,"520-Office building; consultant’s office, doctor’s office, insurance company, bank, taxi stand, office/cafeteria, office/smoke shop"
PRRN202601193,Renovation/Alteration,2026-06-02 00:00:00,Commercial,Alteration and improvements,130000,0,1,,"1440 SCARTH STREET, REGINA, SK S4R2E9",Address,Old 33,614630 SASKATCHEWAN LTD. | MBL CUSTOM CONTRACTING LTD.,Property Owner,"460-Storage building; warehouse (for storage purposes only), industrial mall, grain elevator, locker rental, silo, quonset, refrigerated storage terminal"
PRRN202601196,Renovation/Alteration,2026-06-02 00:00:00,Commercial,Alteration and improvements,50000,0,1,,"1303 PARK STREET, REGINA, SK S4N2E8",Address,Rothwell Place,102222993 SASKATCHEWAN LTD.,Property Owner,"512-Retail complex; plaza, mall, shopping centre, store/office building"
PRRN202601414,Renovation/Alteration,2026-06-02 00:00:00,Residential,Alteration and improvements,17300,0,0,,"3103 E SPICER PLACE, REGINA, SK S4V2C9",Address,Gardiner Heights,MIENERGY INC.,Contractor,"110-Single House, single detached home, bungalow, linked home (linked at the foundation), single family dwelling"
PRSS202601315,Secondary Suite,2026-06-02 00:00:00,Residential,Alteration and improvements,38000,1,0,,"4768 FERNDALE CRESCENT, REGINA, SK S4V4A5",Address,The Towns,HAUP CONSTRUCTIONS INC,Contractor,"210-Semi-Detached or Double House, single attached home"
PRFR202601460,Foundation Repair,2026-06-03 00:00:00,Residential,Alteration and improvements,85000,0,0,,"1327 N MAPLE GROVE CRESCENT, REGINA, SK S4X3Y5",Address,Maple Ridge,Ramjack Saskatchewan,Property Owner,"110-Single House, single detached home, bungalow, linked home (linked at the foundation), single family dwelling"
PRFR202601472,Foundation Repair,2026-06-03 00:00:00,Residential,Alteration and improvements,3810,0,0,,"852 QUEEN STREET, REGINA, SK S4T4A5",Address,Windsor Place,AAA Solid Foundation,Contractor,"110-Single House, single detached home, bungalow, linked home (linked at the foundation), single family dwelling"
PRFR202601475,Foundation Repair,2026-06-03 00:00:00,Residential,Alteration and improvements,13000,0,0,,"1939 E 7TH AVENUE, REGINA, SK S4N4M7",Address,Glencairn,JS GROUP OF COMPANIES,Property Owner,"110-Single House, single detached home, bungalow, linked home (linked at the foundation), single family dwelling"
PRFR202601484,Foundation Repair,2026-06-03 00:00:00,Residential,Alteration and improvements,40000,0,0,,"4509 ELGIN ROAD, REGINA, SK S4S4K5",Address,Whitmore Park,JS GROUP OF COMPANIES,Contractor,"110-Single House, single detached home, bungalow, linked home (linked at the foundation), single family dwelling"
PRGA202601244,Garage/Carport,2026-06-03 00:00:00,Residential,Garage/Carport/Accessory Structure,30000,0,0,,"6 CARTER CRESCENT, REGINA, SK S4X2C7",Address,Normanview W. Addn.,REDACTED,Property Owner,"110-Single House, single detached home, bungalow, linked home (linked at the foundation), single family dwelling"
PRGA202601340,Garage/Carport,2026-06-03 00:00:00,Residential,Garage/Carport/Accessory Structure,20360,0,0,,"2802 ROCHDALE BOULEVARD, REGINA, SK S4X0M6",Address,Hawkstone,Regina Garage Builders Inc.,Property Owner,"110-Single House, single detached home, bungalow, linked home (linked at the foundation), single family dwelling"
PRMH202601511,Plumbing,2026-06-03 00:00:00,Residential,Mechanical,5328,0,0,,"282 N ROSE STREET, REGINA, SK S4R2Y2",Address,Cityview,Arrow Plumbing,Contractor,"110-Single House, single detached home, bungalow, linked home (linked at the foundation), single family dwelling"
PRMU202503278,Multi-Unit Dwelling 3+ Units,2026-06-03 00:00:00,Residential,New construction,3000000,12,3,,"1840 LORNE STREET, REGINA, SK S4P3V7",Address,Old 33,NAMERIND DEVELOPMENT CORPORATION,Property Owner,315-Apartment - Condominium
PRRN202601294,Renovation/Alteration,2026-06-03 00:00:00,Residential,Alteration and improvements,2900,0,0,,"827 15TH AVENUE, REGINA, SK S4N0V2",Address,Broders Annex,REDACTED,Property Owner,"110-Single House, single detached home, bungalow, linked home (linked at the foundation), single family dwelling"
PRRN202601391,Renovation/Alteration,2026-06-03 00:00:00,Residential,Alteration and improvements,4000,0,0,,"1025 HORACE STREET, REGINA, SK S4T5L3",Address,Rosemont South,REDACTED,Property Owner,"110-Single House, single detached home, bungalow, linked home (linked at the foundation), single family dwelling"
PRRN202601395,Renovation/Alteration,2026-06-03 00:00:00,Residential,Alteration and improvements,110000,0,0,,"1175 RETALLACK STREET, REGINA, SK S4T2H6",Address,Old 33,BEAUTY HOME CONSTRUCTION & RENOVATION INC.,Property Owner,"110-Single House, single detached home, bungalow, linked home (linked at the foundation), single family dwelling"
PRSF202601406,Single/Semi-Detached Dwelling 1-2 units,2026-06-03 00:00:00,Residential,New construction,600000,1,2,,"2453 SAUNDERS CRESCENT, REGINA, SK S4X0N8",Address,Kensington Greens,Sthamann Homes Inc.,Contractor,"110-Single House, single detached home, bungalow, linked home (linked at the foundation), single family dwelling"
PRAD202601132,Addition,2026-06-04 00:00:00,Residential,Addition to existing building commercial & residential,30000,0,0,,"2213 DUFFERIN ROAD, REGINA, SK S4S5B5",Address,Whitmore Park,REDACTED,Property Owner,"110-Single House, single detached home, bungalow, linked home (linked at the foundation), single family dwelling"
PRDK202601109,Deck/Sunroom,2026-06-04 00:00:00,Residential,New construction,13000,0,0,,"25 ACADEMY PARK ROAD, REGINA, SK S4S4M8",Address,Whitmore Park,THE ULTIMATE DECK SHOP,Contractor,"110-Single House, single detached home, bungalow, linked home (linked at the foundation), single family dwelling"
PRDK202601181,Deck/Sunroom,2026-06-04 00:00:00,Residential,Alteration and improvements,5000,0,0,,"2979 KAUFMAN WAY, REGINA, SK S4V3Z5",Address,The Towns,CRAWFORD HOMES (EBUILD),Contractor,"110-Single House, single detached home, bungalow, linked home (linked at the foundation), single family dwelling"
PRDK202601249,Deck/Sunroom,2026-06-04 00:00:00,Residential,Alteration and improvements,101810,0,0,,"9291 WASCANA MEWS, REGINA, SK S4V2V6",Address,Wascana View,REDACTED,Property Owner,"110-Single House, single detached home, bungalow, linked home (linked at the foundation), single family dwelling"
PRFR202601332,Foundation Repair,2026-06-04 00:00:00,Residential,Alteration and improvements,40000,0,0,,"7338 CRIBBS BAY, REGINA, SK S4X4H4",Address,Rochdale Park,TECHNIQUE CONSTRUCTION INC. - KEVIN WASSILL,Contractor,"110-Single House, single detached home, bungalow, linked home (linked at the foundation), single family dwelling"
PRFR202601482,Foundation Repair,2026-06-04 00:00:00,Residential,Alteration and improvements,4000,0,0,,"118 PATTERSON DRIVE, REGINA, SK S4S3W9",Address,Hillsdale,AAA SOLID FOUNDATION,Contractor,"110-Single House, single detached home, bungalow, linked home (linked at the foundation), single family dwelling"
PRGA202601209,Garage/Carport,2026-06-04 00:00:00,Residential,Garage/Carport/Accessory Structure,10000,0,0,,"3601 21ST AVENUE, REGINA, SK S4S0V3",Address,Lakeview A,REDACTED,Property Owner,"110-Single House, single detached home, bungalow, linked home (linked at the foundation), single family dwelling"
PRMU202600674,Multi-Unit Dwelling 3+ Units,2026-06-04 00:00:00,Residential,New construction,1450000,6,3,,2910 KAUFMAN WAY,Address,The Towns,ARGYLE DEVELOPMENTS GP INC.,Contractor,335-Row House - Condominium
PRMU202600675,Multi-Unit Dwelling 3+ Units,2026-06-04 00:00:00,Residential,New construction,1450000,6,3,,2910 KAUFMAN WAY,Address,The Towns,ARGYLE DEVELOPMENTS GP INC.,Contractor,335-Row House - Condominium
PRMU202600679,Multi-Unit Dwelling 3+ Units,2026-06-04 00:00:00,Residential,New construction,1800000,8,3,,2910 KAUFMAN WAY,Address,The Towns,ARGYLE DEVELOPMENTS GP INC.,Contractor,335-Row House - Condominium
PRMU202601025,Multi-Unit Dwelling 3+ Units,2026-06-04 00:00:00,Residential,New construction,1447000,6,2,,4817 DANAKAS CRESCENT | 4821 DANAKAS CRESCENT | 4825 DANAKAS CRESCENT | 4829 DANAKAS CRESCENT | 4833 DANAKAS CRESCENT | 4837 DANAKAS CRESCENT,Address,Harbour Landing,NORTH RIDGE DEVELOPMENT CORPORATION,Contractor,"330-Row House, garden home, town house, carriage home, quadrex"
PRMU202601028,Multi-Unit Dwelling 3+ Units,2026-06-04 00:00:00,Residential,New construction,1459300,6,2,,4841 DANAKAS CRESCENT | 4845 DANAKAS CRESCENT | 4849 DANAKAS CRESCENT | 4853 DANAKAS CRESCENT | 4857 DANAKAS CRESCENT | 4861 DANAKAS CRESCENT,Address,Harbour Landing,NORTH RIDGE DEVELOPMENT CORPORATION,Contractor,"330-Row House, garden home, town house, carriage home, quadrex"
PRRN202600518,Renovation/Alteration,2026-06-04 00:00:00,Commercial,Alteration and improvements,100000,0,1,,"1411 CORNWALL STREET, REGINA, SK S4R2H8",Address,Old 33,PRECISE TEMP REFRIGERATION LTD.,Property Owner,"560-Indoor recreational building; sports complex, tennis court and squash, community center, arena, curling club, swimming pool"
PRRN202600818,Renovation/Alteration,2026-06-04 00:00:00,Commercial,Alteration and improvements,65000,0,2,,"2820 E ARENS ROAD, REGINA, SK S4V1N8",Address,Wood Meadows,1433923 B.C. LTD.,Property Owner,"310-Apartment, apartment building, duplex, triplex, quadruple"
PRRN202601273,Renovation/Alteration,2026-06-04 00:00:00,Residential,Alteration and improvements,45000,0,0,,"3638 ARGYLE ROAD, REGINA, SK S4S2C1",Address,Lakeview Centre,BOUSS CONSTRUCTION INC.,Contractor,"110-Single House, single detached home, bungalow, linked home (linked at the foundation), single family dwelling"
PRSF202601107,Single/Semi-Detached Dwelling 1-2 units,2026-06-04 00:00:00,Residential,New construction,300000,2,2,,"1146 N POLEY STREET, REGINA, SK S4X0K2",Address,Hawkstone,UNITED HOLDING INC.,Property Owner,"110-Single House, single detached home, bungalow, linked home (linked at the foundation), single family dwelling"
PRSF202601243,Single/Semi-Detached Dwelling 1-2 units,2026-06-04 00:00:00,Residential,New construction,400000,1,2,,"8789 WHEAT CRESCENT, REGINA, SK S4Y0H5",Address,Westerra,COLBY KIRKPATRICK - PACESETTER HOMES,Contractor,"110-Single House, single detached home, bungalow, linked home (linked at the foundation), single family dwelling"
PRBS202601357,Basement Development,2026-06-05 00:00:00,Residential,Alteration and improvements,65000,0,0,,"3509 GREEN MARSH CRESCENT, REGINA, SK S4V3H4",Address,The Greens on Gardin,PUNJAB RENOVATIONS CONTRACTORS LTD,Contractor,"110-Single House, single detached home, bungalow, linked home (linked at the foundation), single family dwelling"
PRDE202601448,Demolition,2026-06-05 00:00:00,Residential,Demolition,0,0,0,,"1917 BRODER STREET, REGINA, SK S4N3R9",Address,Arcola Sub,REDACTED,Property Owner,"110-Single House, single detached home, bungalow, linked home (linked at the foundation), single family dwelling"
PRGA202601469,Garage/Carport,2026-06-05 00:00:00,Residential,Garage/Carport/Accessory Structure,20000,0,0,,"146 READ AVENUE, REGINA, SK S4T6P9",Address,Mount Royal,REDACTED,Property Owner,"110-Single House, single detached home, bungalow, linked home (linked at the foundation), single family dwelling"
PRRN202601013,Renovation/Alteration,2026-06-05 00:00:00,Residential,Alteration and improvements,500,0,0,,"2212 WINNIPEG STREET, REGINA, SK S4P1H1",Address,Old 33,REDACTED,Property Owner,"110-Single House, single detached home, bungalow, linked home (linked at the foundation), single family dwelling"
PRRN202601214,Renovation/Alteration,2026-06-05 00:00:00,Commercial,Alteration and improvements,250000,0,1,,2000 AURORA BOULEVARD,Address,East Victoria Lands,AURORA RETAIL CORP.,Property Owner,"512-Retail complex; plaza, mall, shopping centre, store/office building"
PRRN202601480,Renovation/Alteration,2026-06-05 00:00:00,Residential,Alteration and improvements,1000,0,0,,"3426 CLOVER PLACE, REGINA, SK S4V1J1",Address,Varsity Park,STEVE PERLINGER - JS GROUP OF COMPANIES LTD.,Contractor,"110-Single House, single detached home, bungalow, linked home (linked at the foundation), single family dwelling"
PRSF202601385,Single/Semi-Detached Dwelling 1-2 units,2026-06-05 00:00:00,Residential,New construction,400000,1,2,,"8742 WHEAT CRESCENT, REGINA, SK S4Y0H6",Address,Westerra,COLBY KIRKPATRICK - PACESETTER HOMES,Contractor,"110-Single House, single detached home, bungalow, linked home (linked at the foundation), single family dwelling"
PRSF202601444,Single/Semi-Detached Dwelling 1-2 units,2026-06-05 00:00:00,Residential,New construction,400000,1,2,,"3008 GREEN TURTLE ROAD, REGINA, SK S4V4E6",Address,The Towns,PACESETTER NEW HOMES LTD.,Contractor,"110-Single House, single detached home, bungalow, linked home (linked at the foundation), single family dwelling"
PRSS202601213,Secondary Suite,2026-06-05 00:00:00,Residential,Alteration and improvements,65000,1,0,,"4757 PADWICK AVENUE, REGINA, SK S4W0C4",Address,Harbour Landing,DHAMI CONSTRUCTION INC.,Contractor,"110-Single House, single detached home, bungalow, linked home (linked at the foundation), single family dwelling"
PRSS202601326,Secondary Suite,2026-06-05 00:00:00,Residential,Alteration and improvements,60000,1,0,,"3080 DUMONT WAY, REGINA, SK S4V4E3",Address,The Towns,AFE VENTURES CORPORATION,Contractor,"110-Single House, single detached home, bungalow, linked home (linked at the foundation), single family dwelling"
PRDK202601179,Deck/Sunroom,2026-06-07 00:00:00,Residential,Alteration and improvements,40000,0,0,,"28 THATCHER ROAD, REGINA, SK S4S6E9",Address,Albert Park,REDACTED,Property Owner,"110-Single House, single detached home, bungalow, linked home (linked at the foundation), single family dwelling"
PRDK202601445,Deck/Sunroom,2026-06-07 00:00:00,Residential,Alteration and improvements,6300,0,0,,"2901 GREEN STONE ROAD, REGINA, SK S4V3Z9",Address,The Towns,REDACTED,Property Owner,"330-Row House, garden home, town house, carriage home, quadrex"
PRBS202601187,Basement Development,2026-06-08 00:00:00,Residential,Alteration and improvements,9000,0,0,,"5784 PEARSALL CRESCENT, REGINA, SK S4W0C7",Address,Harbour Landing,SYMETRIE INTERIORS,Contractor,"110-Single House, single detached home, bungalow, linked home (linked at the foundation), single family dwelling"
PRBS202601426,Basement Development,2026-06-08 00:00:00,Residential,Alteration and improvements,5000,0,0,,"2302 ELPHINSTONE STREET, REGINA, SK S4T3P1",Address,Old 33,REDACTED,Property Owner,"110-Single House, single detached home, bungalow, linked home (linked at the foundation), single family dwelling"
PRDE202601016,Demolition,2026-06-08 00:00:00,Residential,Demolition,6000,0,0,,"2051 ELLIOTT STREET, REGINA, SK S4N3G8",Address,Broders Annex,REDACTED,Property Owner,"110-Single House, single detached home, bungalow, linked home (linked at the foundation), single family dwelling"
PRDE202601379,Demolition,2026-06-08 00:00:00,Residential,Demolition,2775,0,0,,"3031 VICTORIA AVENUE, REGINA, SK S4T1L1",Address,Old 33,S. MILLER CONSTRUCTION,Contractor,"110-Single House, single detached home, bungalow, linked home (linked at the foundation), single family dwelling"
PRDE202601530,Demolition,2026-06-08 00:00:00,Residential,Demolition,5000,0,0,,"4156 PRINCESS STREET, REGINA, SK S4S3N3",Address,Parliament Place,REDACTED,Property Owner,"110-Single House, single detached home, bungalow, linked home (linked at the foundation), single family dwelling"
PRDK202601420,Deck/Sunroom,2026-06-08 00:00:00,Residential,Alteration and improvements,8000,0,0,,"3149 FAVEL DRIVE, REGINA, SK S4V4C7",Address,The Towns,DHAMI CONSTRUCTION INC.,Contractor,"110-Single House, single detached home, bungalow, linked home (linked at the foundation), single family dwelling"
PRFR202601512,Foundation Repair,2026-06-08 00:00:00,Residential,Alteration and improvements,9145,0,0,,"3424 ANGUS STREET, REGINA, SK S4S1R2",Address,Lakeview,AAA SOLID FOUNDATION,Contractor,"110-Single House, single detached home, bungalow, linked home (linked at the foundation), single family dwelling"
PRFR202601526,Foundation Repair,2026-06-08 00:00:00,Residential,Alteration and improvements,30000,0,0,,"6418 WHELAN DRIVE, REGINA, SK S4X3H8",Address,Lakewood,AAA SOLID FOUNDATION,Contractor,"110-Single House, single detached home, bungalow, linked home (linked at the foundation), single family dwelling"
PRGA202600885,Garage/Carport,2026-06-08 00:00:00,Residential,Garage/Carport/Accessory Structure,60000,0,0,,"5234 2ND AVENUE N, REGINA, SK S4R5G4",Address,Normanview,REDACTED,Property Owner,"110-Single House, single detached home, bungalow, linked home (linked at the foundation), single family dwelling"
PRGA202601032,Garage/Carport,2026-06-08 00:00:00,Residential,Garage/Carport/Accessory Structure,20000,0,0,,"3022 E ASH PLACE, REGINA, SK S4V2C8",Address,Gardiner Heights,DECKED OUT CONTRACTING - MIKE SHAHEEN,Contractor,"110-Single House, single detached home, bungalow, linked home (linked at the foundation), single family dwelling"
PRMH202601319,Plumbing,2026-06-08 00:00:00,Commercial,Mechanical,7000,0,0,,"1437 ROSE STREET, REGINA, SK S4R2A1",Address,Old 33,STRONGWICK HOLDINGS CORP.,Property Owner,"520-Office building; consultant’s office, doctor’s office, insurance company, bank, taxi stand, office/cafeteria, office/smoke shop"
PRMU202600682,Multi-Unit Dwelling 3+ Units,2026-06-08 00:00:00,Residential,New construction,1800000,8,3,,2910 KAUFMAN WAY,Address,The Towns,ARGYLE DEVELOPMENTS GP INC.,Contractor,335-Row House - Condominium
PRMU202600684,Multi-Unit Dwelling 3+ Units,2026-06-08 00:00:00,Residential,New construction,1800000,8,3,,2910 KAUFMAN WAY,Address,The Towns,ARGYLE DEVELOPMENTS GP INC.,Contractor,335-Row House - Condominium
PRMU202601017,Multi-Unit Dwelling 3+ Units,2026-06-08 00:00:00,Residential,New construction,763800,3,2,,4805 DANAKAS CRESCENT | 4809 DANAKAS CRESCENT | 4813 DANAKAS CRESCENT,Address,Harbour Landing,NORTH RIDGE DEVELOPMENT CORPORATION,Contractor,"330-Row House, garden home, town house, carriage home, quadrex"
PRMU202601206,Multi-Unit Dwelling 3+ Units,2026-06-08 00:00:00,Residential,New construction,867400,4,2,,"4349 E ARENS ROAD, REGINA, SK S4V4E9 | 4401 E ARENS ROAD, REGINA, SK S4V4E9 | 4405 E ARENS ROAD, REGINA, SK S4V4E9 | 4409 E ARENS ROAD, REGINA, SK S4V4E9",Address,The Towns,CITY OF REGINA,Property Owner,"330-Row House, garden home, town house, carriage home, quadrex"
PRRN202502909,Renovation/Alteration,2026-06-08 00:00:00,Commercial,Alteration and improvements,40000,0,0,,"1801 SCARTH STREET, REGINA, SK S4P2G9",Address,Old 33,THE OWNERS: CONDOMINIUM PLAN NO. 99RA23145,Property Owner,"550-Theatre and performing art center; movie theatre, concert hall, opera house, cultural center"
PRRN202601459,Renovation/Alteration,2026-06-08 00:00:00,Residential,Alteration and improvements,5000,0,0,,"2533 REYNOLDS STREET, REGINA, SK S4N3P1",Address,Assiniboia  Place,REDACTED,Property Owner,"110-Single House, single detached home, bungalow, linked home (linked at the foundation), single family dwelling"
PRSF202601033,Single/Semi-Detached Dwelling 1-2 units,2026-06-08 00:00:00,Residential,New construction,250000,2,2,,"2968 KAUFMAN WAY, REGINA, SK S4V3Z5",Address,The Towns,CRAWFORD HOMES (1991) LTD.,Contractor,"110-Single House, single detached home, bungalow, linked home (linked at the foundation), single family dwelling"
PRSF202601360,Single/Semi-Detached Dwelling 1-2 units,2026-06-08 00:00:00,Residential,New construction,420000,1,2,,4900 PADWICK ROAD,Address,Harbour Landing,NORTH RIDGE DEVELOPMENT CORPORATION,Contractor,"110-Single House, single detached home, bungalow, linked home (linked at the foundation), single family dwelling"
PRSF202601361,Single/Semi-Detached Dwelling 1-2 units,2026-06-08 00:00:00,Residential,New construction,440000,1,2,,4896 PADWICK ROAD,Address,Harbour Landing,NORTH RIDGE DEVELOPMENT CORPORATION,Contractor,"110-Single House, single detached home, bungalow, linked home (linked at the foundation), single family dwelling"
PRSF202601384,Single/Semi-Detached Dwelling 1-2 units,2026-06-08 00:00:00,Residential,New construction,400000,1,2,,"8693 WHEAT CRESCENT, REGINA, SK S4Y0H4",Address,Westerra,PACESETTER NEW HOMES LTD.,Contractor,"110-Single House, single detached home, bungalow, linked home (linked at the foundation), single family dwelling"
PRSS202601419,Secondary Suite,2026-06-08 00:00:00,Residential,Alteration and improvements,65000,1,0,,"3149 FAVEL DRIVE, REGINA, SK S4V4C7",Address,The Towns,DHAMI CONSTRUCTION INC.,Contractor,"110-Single House, single detached home, bungalow, linked home (linked at the foundation), single family dwelling"
PRAD202600979,Addition,2026-06-09 00:00:00,Institutional,Addition to existing building commercial & residential,1000000,0,1,,"2707 E 7TH AVENUE, REGINA, SK S4N5E8",Address,Glencairn Village,TROY LIFE & FIRE SAFETY LTD.,Contractor,"620-Elementary school, kindergarten"
PRBS202601410,Basement Development,2026-06-09 00:00:00,Residential,Alteration and improvements,66000,0,0,,"83 CARDINAL CRESCENT, REGINA, SK S4S4Y6",Address,Whitmore Park,FIVE STAR HANDYMAN SERVICE INC.,Contractor,"110-Single House, single detached home, bungalow, linked home (linked at the foundation), single family dwelling"
PRBS202601466,Basement Development,2026-06-09 00:00:00,Residential,Alteration and improvements,50000,0,0,,"5819 KIEV BAY, REGINA, SK S4X4C5",Address,Lakewood,REDACTED,Property Owner,"110-Single House, single detached home, bungalow, linked home (linked at the foundation), single family dwelling"
PRBS202601528,Basement Development,2026-06-09 00:00:00,Residential,Alteration and improvements,54000,0,0,,"3601 GREEN MARSH CRESCENT, Unit:127, REGINA, SK S4V4C9",Address,The Greens on Gardin,NORTH RIDGE DEVELOPMENT CORPORATION,Contractor,335-Row House - Condominium
PRDK202601429,Deck/Sunroom,2026-06-09 00:00:00,Residential,Alteration and improvements,7500,0,0,,"3330 GREEN TURTLE ROAD, REGINA, SK S4V3N6",Address,The Greens on Gardin,REDACTED,Property Owner,"110-Single House, single detached home, bungalow, linked home (linked at the foundation), single family dwelling"
PRDK202601430,Deck/Sunroom,2026-06-09 00:00:00,Residential,Alteration and improvements,60000,0,0,,"3671 HAZEL GROVE, REGINA, SK S4V2T6",Address,Woodland Grove,CHRISTIANSEN'S CUSTOM HOMES & CONSTRUCTION - CHAD CHRISTIANSEN,Contractor,"110-Single House, single detached home, bungalow, linked home (linked at the foundation), single family dwelling"
PRDK202601492,Deck/Sunroom,2026-06-09 00:00:00,Residential,Alteration and improvements,7800,0,0,,"3272 VALLEY GREEN ROAD, REGINA, SK S4V3R1",Address,The Towns,LUCKY LINKS BUILDING SERVICES LTD. - LUCKY ALUGE,Contractor,"110-Single House, single detached home, bungalow, linked home (linked at the foundation), single family dwelling"
PRDK202601493,Deck/Sunroom,2026-06-09 00:00:00,Residential,Alteration and improvements,7000,0,0,,"4676 FERNDALE CRESCENT, REGINA, SK S4V4A4",Address,The Towns,LUCKY LINKS BUILDING SERVICES LTD. - LUCKY ALUGE,Contractor,"210-Semi-Detached or Double House, single attached home"
PRDK202601498,Deck/Sunroom,2026-06-09 00:00:00,Residential,Alteration and improvements,15000,0,0,,"4118 FIELDSTONE WAY, REGINA, SK S4V3V3",Address,The Creeks,VARSITY HOMES LTD.,Contractor,"110-Single House, single detached home, bungalow, linked home (linked at the foundation), single family dwelling"
PRDK202601504,Deck/Sunroom,2026-06-09 00:00:00,Residential,Alteration and improvements,16761,0,0,,"170 HABKIRK DRIVE, REGINA, SK S4S2X6",Address,Albert Park,DK PRIME CONSTRUCTION,Contractor,"110-Single House, single detached home, bungalow, linked home (linked at the foundation), single family dwelling"
PRDK202601505,Deck/Sunroom,2026-06-09 00:00:00,Residential,Alteration and improvements,11599.5,0,0,,"5061 AERIAL CRESCENT, REGINA, SK S4W0C8",Address,Harbour Landing,DK PRIME CONSTRUCTION,Contractor,"110-Single House, single detached home, bungalow, linked home (linked at the foundation), single family dwelling"
PRDK202601506,Deck/Sunroom,2026-06-09 00:00:00,Residential,Alteration and improvements,27750,0,0,,"4243 WASCANA RIDGE, REGINA, SK S4V2T2",Address,Wascana View,DK PRIME CONSTRUCTION,Contractor,"110-Single House, single detached home, bungalow, linked home (linked at the foundation), single family dwelling"
PRDK202601510,Deck/Sunroom,2026-06-09 00:00:00,Residential,Alteration and improvements,8325,0,0,,"4821 FERNDALE CRESCENT, REGINA, SK S4V4A3",Address,The Towns,REDACTED,Property Owner,"110-Single House, single detached home, bungalow, linked home (linked at the foundation), single family dwelling"
PRFR202601541,Foundation Repair,2026-06-09 00:00:00,Residential,Alteration and improvements,4500,0,0,,"6319 LEGER BAY, REGINA, SK S4X2K4",Address,Mccarthy Park,REDACTED,Property Owner,"110-Single House, single detached home, bungalow, linked home (linked at the foundation), single family dwelling"
PRGA202601400,Garage/Carport,2026-06-09 00:00:00,Residential,Garage/Carport/Accessory Structure,15000,0,0,,"2953 NARCISSE DRIVE, REGINA, SK S4X0M6",Address,Hawkstone,VARSITY HOMES LTD.,Contractor,"210-Semi-Detached or Double House, single attached home"
PRGA202601496,Garage/Carport,2026-06-09 00:00:00,Residential,Garage/Carport/Accessory Structure,20000,0,0,,"3273 VALLEY GREEN ROAD, REGINA, SK S4V3R2",Address,The Towns,REDACTED,Property Owner,"110-Single House, single detached home, bungalow, linked home (linked at the foundation), single family dwelling"
PRRN202600932,Renovation/Alteration,2026-06-09 00:00:00,Institutional,Alteration and improvements,430000,0,1,,"2707 E 7TH AVENUE, REGINA, SK S4N5E8",Address,Glencairn Village,BOARD OF EDUCATION OF THE REGINA ROMAN CATHOLIC SEPARATE SCHOOL DIVISION NO. 81 OF SASKATC,Property Owner,"620-Elementary school, kindergarten"
PRRN202601334,Renovation/Alteration,2026-06-09 00:00:00,Institutional,Alteration and improvements,600000,0,3,,"1831 COLLEGE AVENUE, REGINA, SK S4P4V5",Address,Wascana Park,CROWN IN RIGHT OF SASKATCHEWAN,Property Owner,"470-Communication building; post office, mail sorting plant, radio station, broadcasting studio, telephone exchange building, motion picture studio"
PRRN202601441,Renovation/Alteration,2026-06-09 00:00:00,Commercial,Alteration and improvements,0,0,4,,"1734 ELPHINSTONE STREET, REGINA, SK S4P2Z6",Address,Old 33,CITY OF REGINA,Property Owner,"562-Outdoor recreational building; country club, golf club campground facilities, outdoor skating rink, outdoor swimming pool"
PRSF202601284,Single/Semi-Detached Dwelling 1-2 units,2026-06-09 00:00:00,Residential,New construction,500000,2,2,,"3001 DUMONT WAY, REGINA, SK S4V4E4",Address,The Towns,101301324 SASKATCHEWAN LTD.,Property Owner,"110-Single House, single detached home, bungalow, linked home (linked at the foundation), single family dwelling"
PRSF202601436,Single/Semi-Detached Dwelling 1-2 units,2026-06-09 00:00:00,Residential,New construction,370000,1,2,,4892 PADWICK ROAD,Address,Harbour Landing,NORTH RIDGE DEVELOPMENT CORPORATION,Contractor,"110-Single House, single detached home, bungalow, linked home (linked at the foundation), single family dwelling"
PRSS202601276,Secondary Suite,2026-06-09 00:00:00,Residential,Alteration and improvements,50000,1,0,,"5233 E GREEN CRESCENT, REGINA, SK S4V3T1",Address,The Greens on Gardin,XPERT CONSTRUCTION LTD.,Contractor,"110-Single House, single detached home, bungalow, linked home (linked at the foundation), single family dwelling"
PRSS202601317,Secondary Suite,2026-06-09 00:00:00,Residential,Alteration and improvements,45000,1,0,,"4224 E JASMIN PLACE, REGINA, SK S4V3X3",Address,The Towns,SPECTRA CONSTRUCTION,Contractor,"110-Single House, single detached home, bungalow, linked home (linked at the foundation), single family dwelling"
PRDE202601514,Demolition,2026-06-10 00:00:00,Residential,Demolition,0,0,0,,"3339 VICTORIA AVENUE, REGINA, SK S4T1L7",Address,Old 33,MUNRO HOMES LTD.,Contractor,"110-Single House, single detached home, bungalow, linked home (linked at the foundation), single family dwelling"
PRDK202601398,Deck/Sunroom,2026-06-10 00:00:00,Residential,Alteration and improvements,3000,0,0,,"31 MOLLOY ROAD, REGINA, SK S4R6C3",Address,Parkview,REDACTED,Property Owner,"110-Single House, single detached home, bungalow, linked home (linked at the foundation), single family dwelling"
PRFR202601516,Foundation Repair,2026-06-10 00:00:00,Residential,Alteration and improvements,82000,0,0,,"2602 EHMAN BAY, REGINA, SK S4V0L6",Address,Gardiner Park,REDACTED,Property Owner,"110-Single House, single detached home, bungalow, linked home (linked at the foundation), single family dwelling"
PRFR202601540,Foundation Repair,2026-06-10 00:00:00,Residential,Alteration and improvements,85000,0,0,,"2612 ELLIOTT DRIVE, REGINA, SK S4N3H7",Address,Arnhem Place,RAMJACK SASKATCHEWAN,Contractor,"110-Single House, single detached home, bungalow, linked home (linked at the foundation), single family dwelling"
PRGA202601219,Garage/Carport,2026-06-10 00:00:00,Residential,Garage/Carport/Accessory Structure,21000,0,0,,"1430 ELLICE STREET, REGINA, SK S4T5S3",Address,Mount Royal,PRAIRIE WESTERN ROOFING & EXTERIORS,Contractor,"110-Single House, single detached home, bungalow, linked home (linked at the foundation), single family dwelling"
PRGA202601377,Garage/Carport,2026-06-10 00:00:00,Residential,Garage/Carport/Accessory Structure,30000,0,0,,"2827 THORNTON AVENUE, REGINA, SK S4S1J4",Address,Lakeview Centre,REDACTED,Property Owner,"110-Single House, single detached home, bungalow, linked home (linked at the foundation), single family dwelling"
PRMH202601590,Plumbing,2026-06-10 00:00:00,Residential,Mechanical,5800,0,0,,"3511 VAN HORNE AVENUE, REGINA, SK S4S1M3",Address,Lakeview South,REDACTED,Property Owner,"110-Single House, single detached home, bungalow, linked home (linked at the foundation), single family dwelling"
PRMH202601593,Plumbing,2026-06-10 00:00:00,Residential,Mechanical,4500,0,0,,"101 MCNAB CRESCENT, REGINA, SK S4S4B3",Address,Hillsdale,REDACTED,Property Owner,"110-Single House, single detached home, bungalow, linked home (linked at the foundation), single family dwelling"
PRPO202601585,Pool,2026-06-10 00:00:00,Residential,Swimming pool,3000,0,0,,"875 DOROTHY STREET, REGINA, SK S4X1E2",Address,Normanview W. Addn.,REDACTED,Property Owner,"110-Single House, single detached home, bungalow, linked home (linked at the foundation), single family dwelling"
PRRN202601358,Renovation/Alteration,2026-06-10 00:00:00,Residential,Alteration and improvements,50000,0,0,,"30 BEECHWOOD PLACE, REGINA, SK S4S5P2",Address,Whitmore Park,COLLABORATIVE CONSTRUCTION INC. (EBUILD),Contractor,"110-Single House, single detached home, bungalow, linked home (linked at the foundation), single family dwelling"
PRRN202601432,Renovation/Alteration,2026-06-10 00:00:00,Residential,Alteration and improvements,4000,0,0,,"5540 PREFONTAINE AVENUE, REGINA, SK S4W0M8",Address,Harbour Landing,REDACTED,Property Owner,"110-Single House, single detached home, bungalow, linked home (linked at the foundation), single family dwelling"
PRRN202601481,Renovation/Alteration,2026-06-10 00:00:00,Residential,Alteration and improvements,5000,0,0,,"934 N DAVEY BAY, REGINA, SK S4X2X5",Address,Mccarthy Park,TRIPLE R CONCRETE CUTTING,Contractor,"110-Single House, single detached home, bungalow, linked home (linked at the foundation), single family dwelling"
PRRN202601501,Renovation/Alteration,2026-06-10 00:00:00,Commercial,Alteration and improvements,19000,0,0,,"500 MCLEOD STREET, REGINA, SK S4N4Y1",Address,Industrial Ross,CROWN IN RIGHT OF SASKATCHEWAN,Property Owner,"520-Office building; consultant’s office, doctor’s office, insurance company, bank, taxi stand, office/cafeteria, office/smoke shop"
PRSF202601367,Single/Semi-Detached Dwelling 1-2 units,2026-06-10 00:00:00,Residential,New construction,400000,1,2,,"8793 WHEAT CRESCENT, REGINA, SK S4Y0H5",Address,Westerra,PACESETTER NEW HOMES LTD.,Property Owner,"110-Single House, single detached home, bungalow, linked home (linked at the foundation), single family dwelling"
PRSS202601392,Secondary Suite,2026-06-10 00:00:00,Residential,Alteration and improvements,60000,1,0,,"3064 DUMONT WAY, REGINA, SK S4V4E3",Address,The Towns,REDACTED,Property Owner,"110-Single House, single detached home, bungalow, linked home (linked at the foundation), single family dwelling"
PRSS202601393,Secondary Suite,2026-06-10 00:00:00,Residential,Alteration and improvements,60000,1,0,,"3090 DUMONT WAY, REGINA, SK S4V4E3",Address,The Towns,REDACTED,Property Owner,"110-Single House, single detached home, bungalow, linked home (linked at the foundation), single family dwelling"
PRSS202601490,Secondary Suite,2026-06-10 00:00:00,Residential,Alteration and improvements,60000,1,0,,"4748 FERNDALE CRESCENT, REGINA, SK S4V4A5",Address,The Towns,REDACTED,Property Owner,"210-Semi-Detached or Double House, single attached home"
PRDE202601550,Demolition,2026-06-11 00:00:00,Residential,Demolition,35000,0,0,,"834 SCHWARZFELD PLACE, REGINA, SK S4N7G6",Address,Parkridge,REDACTED,Property Owner,"110-Single House, single detached home, bungalow, linked home (linked at the foundation), single family dwelling"
PRDK202601546,Deck/Sunroom,2026-06-11 00:00:00,Residential,Alteration and improvements,10000,0,0,,"2102 E HANOVER CRESCENT, REGINA, SK S4V0Z6",Address,University Park East,REDACTED,Property Owner,"110-Single House, single detached home, bungalow, linked home (linked at the foundation), single family dwelling"
PRFR202601555,Foundation Repair,2026-06-11 00:00:00,Residential,Alteration and improvements,10000,0,0,,"1431 SOUTHAM STREET, REGINA, SK S4T6X6",Address,Grand Trunk Annex,101259715 SASKATCHEWAN LTD.,Property Owner,"110-Single House, single detached home, bungalow, linked home (linked at the foundation), single family dwelling"
PRFR202601587,Foundation Repair,2026-06-11 00:00:00,Residential,Alteration and improvements,5400,0,0,,"7210 SPOONER DRIVE, REGINA, SK S4X4H8",Address,Rochdale Park,AAA SOLID FOUNDATION,Contractor,"110-Single House, single detached home, bungalow, linked home (linked at the foundation), single family dwelling"
PRGA202601491,Garage/Carport,2026-06-11 00:00:00,Residential,Garage/Carport/Accessory Structure,18000,0,0,,"3922 ATHOL STREET, REGINA, SK S4S3J3",Address,Parliament Place,REDACTED,Property Owner,"210-Semi-Detached or Double House, single attached home"
PRGA202601507,Garage/Carport,2026-06-11 00:00:00,Residential,Garage/Carport/Accessory Structure,38000,0,0,,"1146 N MCEACHERN DRIVE, REGINA, SK S4X0M7",Address,Hawkstone,GILROY HOMES INC.,Contractor,"110-Single House, single detached home, bungalow, linked home (linked at the foundation), single family dwelling"
PRRN202600116,Renovation/Alteration,2026-06-11 00:00:00,Residential,Alteration and improvements,200000,0,0,,"2411 ATHOL STREET, REGINA, SK S4T3G6",Address,Riverside,WEST OAK INVESTMENTS GENERAL PARTNER I LTD.,Contractor,"110-Single House, single detached home, bungalow, linked home (linked at the foundation), single family dwelling"
PRRN202600697,Renovation/Alteration,2026-06-11 00:00:00,Commercial,Alteration and improvements,150000,0,1,,"2965 GORDON ROAD, REGINA, SK S4S6H7",Address,Albert Park,DARI CONSTRUCTION - KIAPRI DAIR,Contractor,"540-Restaurant, bar, tavern, night club, diner, donut shop"
PRRN202601022,Renovation/Alteration,2026-06-11 00:00:00,Commercial,Alteration and improvements,210000,0,1,,"1157 ALBERT STREET, REGINA, SK S4R2R2",Address,Old 33,CITY OF REGINA,Property Owner,"520-Office building; consultant’s office, doctor’s office, insurance company, bank, taxi stand, office/cafeteria, office/smoke shop"
PRRN202601037,Renovation/Alteration,2026-06-11 00:00:00,Commercial,Alteration and improvements,15000,0,3,,"3410 PARK STREET, REGINA, SK S4V2M8",Address,Lakeside Gardens,THE GARDENS CONDOMINIUM CORPORATION,Property Owner,315-Apartment - Condominium
PRRN202601525,Renovation/Alteration,2026-06-11 00:00:00,Residential,Alteration and improvements,9580,0,0,,"1102 GRYPHONS WALK, REGINA, SK S4S6X1",Address,Hillsdale,QUALITY DRIVEN CONSTRUCTION,Contractor,"310-Apartment, apartment building, duplex, triplex, quadruple"
PRRN202601531,Renovation/Alteration,2026-06-11 00:00:00,Residential,Alteration and improvements,15000,0,0,,"34 SCOTT STREET, REGINA, SK S4S4A2",Address,Hillsdale,REDACTED,Property Owner,"110-Single House, single detached home, bungalow, linked home (linked at the foundation), single family dwelling"
PRSF202601083,Single/Semi-Detached Dwelling 1-2 units,2026-06-11 00:00:00,Residential,New construction,1900000,1,2,,"458 GREENSIDE TERRACE, REGINA, SK S4Y0A8",Address,Fairways West,ALAIR HOMES,Contractor,"110-Single House, single detached home, bungalow, linked home (linked at the foundation), single family dwelling"
PRSF202601442,Single/Semi-Detached Dwelling 1-2 units,2026-06-11 00:00:00,Residential,New construction,400000,1,2,,"3004 GREEN TURTLE ROAD, REGINA, SK S4V4E6",Address,The Towns,COLBY KIRKPATRICK - PACESETTER HOMES,Contractor,"110-Single House, single detached home, bungalow, linked home (linked at the foundation), single family dwelling"
PRAD202503548,Addition,2026-06-12 00:00:00,Commercial,Addition to existing building commercial & residential,250000,0,1,,"1343 SCARTH STREET, REGINA, SK S4R2E7",Address,Old 33,PRAIRIE CONTROL SERVICES LTD.,Property Owner,"460-Storage building; warehouse (for storage purposes only), industrial mall, grain elevator, locker rental, silo, quonset, refrigerated storage terminal"
PRBS202600743,Basement Development,2026-06-12 00:00:00,Residential,Alteration and improvements,58000,0,0,,"3044 DUMONT WAY, REGINA, SK S4V4E4",Address,The Towns,PEBERDY CONSTRUCTION,Contractor,"110-Single House, single detached home, bungalow, linked home (linked at the foundation), single family dwelling"
PRDE202601578,Demolition,2026-06-12 00:00:00,Residential,Demolition,0,0,0,,"3636 MASON AVENUE, REGINA, SK S4S0Z6",Address,Lakeview A,REDACTED,Property Owner,"110-Single House, single detached home, bungalow, linked home (linked at the foundation), single family dwelling"
PRDK202601356,Deck/Sunroom,2026-06-12 00:00:00,Residential,Alteration and improvements,10561,0,0,,"3662 SELINGER CRESCENT, REGINA, SK S4V2H3",Address,Richmond Place,REDACTED,Property Owner,"110-Single House, single detached home, bungalow, linked home (linked at the foundation), single family dwelling"
PRFR202601518,Foundation Repair,2026-06-12 00:00:00,Residential,Alteration and improvements,95000,0,0,,"116 SUNSET DRIVE, REGINA, SK S4S2R9",Address,Albert Park,RSR CONSTRUCTION  TERRY PAUN,Contractor,"110-Single House, single detached home, bungalow, linked home (linked at the foundation), single family dwelling"
PRFR202601600,Foundation Repair,2026-06-12 00:00:00,Residential,Alteration and improvements,4000,0,0,,"3869 ATHOL STREET, REGINA, SK S4S3J2",Address,Parliament Place,AAA SOLID FOUNDATION,Contractor,"110-Single House, single detached home, bungalow, linked home (linked at the foundation), single family dwelling"
PRGA202600951,Garage/Carport,2026-06-12 00:00:00,Residential,Garage/Carport/Accessory Structure,35000,0,0,,"2919 ATHOL STREET, REGINA, SK S4S1Y4",Address,Lakeview,REDACTED,Property Owner,"110-Single House, single detached home, bungalow, linked home (linked at the foundation), single family dwelling"
PRGA202601333,Garage/Carport,2026-06-12 00:00:00,Residential,Garage/Carport/Accessory Structure,20000,0,0,,"2630 ROBINSON STREET, REGINA, SK S4T2R4",Address,Riverside,RIPPLINGER HOMES LTD,Contractor,"110-Single House, single detached home, bungalow, linked home (linked at the foundation), single family dwelling"
PRGA202601557,Garage/Carport,2026-06-12 00:00:00,Residential,Garage/Carport/Accessory Structure,40000,0,0,,"2051 WASCANA STREET, REGINA, SK S4T4J8",Address,Old 33,REDACTED,Property Owner,"110-Single House, single detached home, bungalow, linked home (linked at the foundation), single family dwelling"
PRMU202600676,Multi-Unit Dwelling 3+ Units,2026-06-12 00:00:00,Residential,New construction,1450000,6,3,,2910 KAUFMAN WAY,Address,The Towns,ARGYLE DEVELOPMENTS GP INC.,Contractor,335-Row House - Condominium
PRMU202600677,Multi-Unit Dwelling 3+ Units,2026-06-12 00:00:00,Residential,New construction,1450000,6,3,,2910 KAUFMAN WAY,Address,The Towns,ARGYLE DEVELOPMENTS GP INC.,Contractor,335-Row House - Condominium
PRMU202600680,Multi-Unit Dwelling 3+ Units,2026-06-12 00:00:00,Residential,New construction,1800000,8,3,,2910 KAUFMAN WAY,Address,The Towns,ARGYLE DEVELOPMENTS GP INC.,Contractor,335-Row House - Condominium
PRNR202500251,New Commercial,2026-06-12 00:00:00,Institutional,New construction,27349294,0,2,,4550 CAMPBELL STREET,Address,UNDEVELOP,CITY OF REGINA,Property Owner,"620-Elementary school, kindergarten"
PRRN202601250,Renovation/Alteration,2026-06-12 00:00:00,Institutional,Alteration and improvements,1668005,0,0,,"2180 23RD AVENUE, REGINA, SK S4S0A5",Address,Wascana Park,CROWN IN RIGHT OF SASKATCHEWAN,Property Owner,"642-Clinic, health unit; out-patient clinic, first aid station"
PRSF202601463,Single/Semi-Detached Dwelling 1-2 units,2026-06-12 00:00:00,Residential,New construction,160380,1,2,,"4637 E ARENS ROAD, REGINA, SK S4V4G1",Address,The Towns,ROHIT COMMUNITIES,Contractor,"110-Single House, single detached home, bungalow, linked home (linked at the foundation), single family dwelling"
PRDK202600963,Deck/Sunroom,2026-06-13 00:00:00,Residential,Alteration and improvements,40000,0,0,,"2022 E JANZEN CRESCENT, REGINA, SK S4V2J2",Address,Richmond Place,REDACTED,Property Owner,"110-Single House, single detached home, bungalow, linked home (linked at the foundation), single family dwelling"
PRSS202601470,Secondary Suite,2026-06-14 00:00:00,Residential,Alteration and improvements,40000,1,0,,"4744 FERNDALE CRESCENT, REGINA, SK S4V4A5",Address,The Towns,FIRST CALL CONSTRUCTION INC.,Contractor,"210-Semi-Detached or Double House, single attached home"
PRDE202503301,Demolition,2026-06-15 00:00:00,Residential,Demolition,1000,0,0,,"2836 ANGUS STREET, REGINA, SK S4S1N8",Address,Lakeview,REDACTED,Property Owner,"110-Single House, single detached home, bungalow, linked home (linked at the foundation), single family dwelling"
PRDK202601335,Deck/Sunroom,2026-06-15 00:00:00,Residential,Alteration and improvements,3500,0,0,,"94 FAIRVIEW ROAD, REGINA, SK S4R0A8",Address,Uplands,REDACTED,Property Owner,"110-Single House, single detached home, bungalow, linked home (linked at the foundation), single family dwelling"
PRFR202601606,Foundation Repair,2026-06-15 00:00:00,Residential,Alteration and improvements,15195,0,0,,"2922 REVES PLACE, REGINA, SK S4V2C4",Address,Gardiner Heights,AAA SOLID FOUNDATION,Contractor,"110-Single House, single detached home, bungalow, linked home (linked at the foundation), single family dwelling"
PRFR202601631,Foundation Repair,2026-06-15 00:00:00,Residential,Alteration and improvements,8495,0,0,,"2737 ATKINSON STREET, REGINA, SK S4N3Y2",Address,Assiniboia  Place,JS GROUP OF COMPANIES,Contractor,"110-Single House, single detached home, bungalow, linked home (linked at the foundation), single family dwelling"
PRGA202600952,Garage/Carport,2026-06-15 00:00:00,Residential,Garage/Carport/Accessory Structure,35000,0,0,,"2915 ATHOL STREET, REGINA, SK S4S1Y4",Address,Lakeview,1911 HOMES LTD.,Property Owner,"110-Single House, single detached home, bungalow, linked home (linked at the foundation), single family dwelling"
PRMH202601596,Plumbing,2026-06-15 00:00:00,Commercial,Mechanical,2090,0,0,,"1801 MCARA STREET, REGINA, SK S4N6C6",Address,Tuxedo Park,WIEBE HOLDINGS CORP.,Property Owner,"110-Single House, single detached home, bungalow, linked home (linked at the foundation), single family dwelling"
PRMH202601603,Plumbing,2026-06-15 00:00:00,Residential,Mechanical,1955,0,0,,"8131 WASCANA GARDENS DRIVE, REGINA, SK S4V1G1",Address,Wascana View,REDACTED,Property Owner,"110-Single House, single detached home, bungalow, linked home (linked at the foundation), single family dwelling"
PRRN202600184,Renovation/Alteration,2026-06-15 00:00:00,Residential,Alteration and improvements,28000,0,0,,"2836 ANGUS STREET, REGINA, SK S4S1N8",Address,Lakeview,URBAN BUILDERS,Contractor,"110-Single House, single detached home, bungalow, linked home (linked at the foundation), single family dwelling"
PRRN202600839,Renovation/Alteration,2026-06-15 00:00:00,Residential,Alteration and improvements,4000,0,0,,"814 BLUEBIRD CRESCENT, REGINA, SK S4N7S4",Address,Parkridge,REDACTED,Property Owner,"110-Single House, single detached home, bungalow, linked home (linked at the foundation), single family dwelling"
PRSF202601275,Single/Semi-Detached Dwelling 1-2 units,2026-06-15 00:00:00,Residential,New construction,163240,1,2,,"4513 E ARENS ROAD, REGINA, SK S4V4E9",Address,The Towns,ROHIT COMMUNITIES INC.,Contractor,"110-Single House, single detached home, bungalow, linked home (linked at the foundation), single family dwelling"
PRSF202601298,Single/Semi-Detached Dwelling 1-2 units,2026-06-15 00:00:00,Residential,New construction,160380,1,2,,"4617 E ARENS ROAD, REGINA, SK S4V4G1",Address,The Towns,ROHIT COMMUNITIES INC. - OKSANA SHEMCHUK,Contractor,"110-Single House, single detached home, bungalow, linked home (linked at the foundation), single family dwelling"
PRSF202601299,Single/Semi-Detached Dwelling 1-2 units,2026-06-15 00:00:00,Residential,New construction,160380,1,2,,"4529 E ARENS ROAD, REGINA, SK S4V4E9",Address,The Towns,ROHIT COMMUNITIES INC. - OKSANA SHEMCHUK,Contractor,"110-Single House, single detached home, bungalow, linked home (linked at the foundation), single family dwelling"
PRSF202601422,Single/Semi-Detached Dwelling 1-2 units,2026-06-15 00:00:00,Residential,New construction,300000,1,2,,"1752 WEST MARKET STREET, REGINA, SK S4Y0G3",Address,Westerra,WESTERRA DEVELOPMENT CORP.,Property Owner,"110-Single House, single detached home, bungalow, linked home (linked at the foundation), single family dwelling"
PRSF202601423,Single/Semi-Detached Dwelling 1-2 units,2026-06-15 00:00:00,Residential,New construction,300000,1,2,,"1756 WEST MARKET STREET, REGINA, SK S4Y0G3",Address,Westerra,WESTERRA DEVELOPMENT CORP.,Property Owner,"110-Single House, single detached home, bungalow, linked home (linked at the foundation), single family dwelling"
PRSF202601433,Single/Semi-Detached Dwelling 1-2 units,2026-06-15 00:00:00,Residential,New construction,300000,1,2,,"1748 WEST MARKET STREET, REGINA, SK S4Y0G3",Address,Westerra,WESTERRA DEVELOPMENT CORP.,Property Owner,"110-Single House, single detached home, bungalow, linked home (linked at the foundation), single family dwelling"
PRSS202601396,Secondary Suite,2026-06-15 00:00:00,Residential,Alteration and improvements,50000,1,0,,"4655 CURTISS AVENUE, REGINA, SK S4W0A4",Address,Harbour Landing,GREEN STONE RENOVATIONS LTD,Contractor,"110-Single House, single detached home, bungalow, linked home (linked at the foundation), single family dwelling"
PRBS202600275,Basement Development,2026-06-16 00:00:00,Residential,Alteration and improvements,53000,0,1,,"3121 GREEN BANK ROAD, Unit:136, REGINA, SK S4V3X5",Address,The Towns,REDACTED,Property Owner,215-Semi-Detached or Double House - Condominium
PRBS202600279,Basement Development,2026-06-16 00:00:00,Residential,Alteration and improvements,54400,0,0,,"3121 GREEN BANK ROAD, Unit:123, REGINA, SK S4V3X5",Address,The Towns,REDACTED,Property Owner,"330-Row House, garden home, town house, carriage home, quadrex"
PRBS202600280,Basement Development,2026-06-16 00:00:00,Residential,Alteration and improvements,29500,0,0,,"3121 GREEN BANK ROAD, Unit:114, REGINA, SK S4V3X5",Address,The Towns,REDACTED,Property Owner,"330-Row House, garden home, town house, carriage home, quadrex"
PRBS202601399,Basement Development,2026-06-16 00:00:00,Residential,Alteration and improvements,29000,0,0,,"58 WAKEFIELD CRESCENT, REGINA, SK S4R4T4",Address,Regent Park,REDACTED,Property Owner,"110-Single House, single detached home, bungalow, linked home (linked at the foundation), single family dwelling"
PRBS202601635,Basement Development,2026-06-16 00:00:00,Residential,Alteration and improvements,26000,0,0,,"137 CATTAIL WAY, REGINA, SK S4Y0B4",Address,Fairways West,LUCKY LINKS BUILDING SERVICES LTD. - LUCKY ALUGE,Contractor,"110-Single House, single detached home, bungalow, linked home (linked at the foundation), single family dwelling"
PRDK202601230,Deck/Sunroom,2026-06-16 00:00:00,Residential,Alteration and improvements,3350,0,0,,"2965 GREEN STONE ROAD, REGINA, SK S4V3Z7",Address,The Towns,REDACTED,Property Owner,"330-Row House, garden home, town house, carriage home, quadrex"
PRDK202601411,Deck/Sunroom,2026-06-16 00:00:00,Residential,Alteration and improvements,8000,0,0,,"2993 GREEN STONE ROAD, REGINA, SK S4V3Z7",Address,The Towns,DHAMI CONSTRUCTION INC.,Contractor,"330-Row House, garden home, town house, carriage home, quadrex"
PRDK202601552,Deck/Sunroom,2026-06-16 00:00:00,Residential,Alteration and improvements,8000,0,0,,"3105 GREEN TURTLE ROAD, REGINA, SK S4V4C5",Address,The Towns,DHAMI CONSTRUCTION INC.,Contractor,"110-Single House, single detached home, bungalow, linked home (linked at the foundation), single family dwelling"
PRFR202601628,Foundation Repair,2026-06-16 00:00:00,Residential,Alteration and improvements,6110,0,0,,"7210 CLIPSHAM AVENUE, REGINA, SK S4X2T1",Address,Normanview W. Addn.,AAA SOLID FOUNDATION,Contractor,"110-Single House, single detached home, bungalow, linked home (linked at the foundation), single family dwelling"
PRGA202601616,Garage/Carport,2026-06-16 00:00:00,Residential,Garage/Carport/Accessory Structure,50000,0,0,,"2261 KING STREET, REGINA, SK S4T4H2",Address,Old 33,ARTEMIS HOMES TEAM,Contractor,"110-Single House, single detached home, bungalow, linked home (linked at the foundation), single family dwelling"
PRRN202601342,Renovation/Alteration,2026-06-16 00:00:00,Institutional,Alteration and improvements,199948.88,0,6,,"3769 WASCANA PARKWAY, REGINA, SK S4S0A2",Address,Wascana Park,TYMARK CONSTRUCTION - TYLER KORCHINSKI,Contractor,626-University
PRRN202601362,Renovation/Alteration,2026-06-16 00:00:00,Residential,Alteration and improvements,10000,0,0,,"2918 ELGAARD DRIVE, REGINA, SK S4X0M9",Address,Hawkstone,REDACTED,Property Owner,"110-Single House, single detached home, bungalow, linked home (linked at the foundation), single family dwelling"
PRTN202601615,Tent / Temporary Structure,2026-06-16 00:00:00,Commercial,Other,9000,0,0,,"2640 AVONHURST DRIVE, REGINA, SK S4R3J4",Address,Coronation Park,SPECIAL EVENTS RENTALS - KARSON,Contractor,Not Applicable
PRAD202601471,Addition,2026-06-17 00:00:00,Institutional,Addition to existing building commercial & residential,500000,0,1,,"1440 9TH AVENUE N, REGINA, SK S4R8B1",Address,Mount Pleasant,CCR CONSTRUCTION - YVES IKOBE,Contractor,"622-Secondary school, high school, junior high school"
PRBS202601064,Basement Development,2026-06-17 00:00:00,Residential,Alteration and improvements,39540,0,0,,"5441 KENNETT SQUARE, REGINA, SK S4V4C6",Address,The Towns,EHRENBURG HOMES LTD.,Contractor,"330-Row House, garden home, town house, carriage home, quadrex"
PRBS202601065,Basement Development,2026-06-17 00:00:00,Residential,Alteration and improvements,39540,0,0,,"5437 KENNETT SQUARE, REGINA, SK S4V4C6",Address,The Towns,EHRENBURG HOMES LTD.,Contractor,"330-Row House, garden home, town house, carriage home, quadrex"
PRBS202601066,Basement Development,2026-06-17 00:00:00,Residential,Alteration and improvements,39540,0,0,,"5433 KENNETT SQUARE, REGINA, SK S4V4C6",Address,The Towns,EHRENBURG HOMES LTD.,Contractor,"330-Row House, garden home, town house, carriage home, quadrex"
PRBS202601067,Basement Development,2026-06-17 00:00:00,Residential,Alteration and improvements,39540,0,0,,"5429 KENNETT SQUARE, REGINA, SK S4V4C6",Address,The Towns,EHRENBURG HOMES LTD.,Contractor,"330-Row House, garden home, town house, carriage home, quadrex"
PRBS202601068,Basement Development,2026-06-17 00:00:00,Residential,Alteration and improvements,39540,0,0,,"5405 KENNETT SQUARE, REGINA, SK S4V4C7",Address,The Towns,EHRENBURG HOMES LTD.,Contractor,"330-Row House, garden home, town house, carriage home, quadrex"
PRBS202601069,Basement Development,2026-06-17 00:00:00,Residential,Alteration and improvements,39540,0,0,,"5409 KENNETT SQUARE, REGINA, SK S4V4C6",Address,The Towns,EHRENBURG HOMES LTD.,Contractor,"330-Row House, garden home, town house, carriage home, quadrex"
PRBS202601070,Basement Development,2026-06-17 00:00:00,Residential,Alteration and improvements,39540,0,0,,"5413 KENNETT SQUARE, REGINA, SK S4V4C6",Address,The Towns,EHRENBURG HOMES LTD.,Contractor,"330-Row House, garden home, town house, carriage home, quadrex"
PRBS202601071,Basement Development,2026-06-17 00:00:00,Residential,Alteration and improvements,39540,0,0,,"5417 KENNETT SQUARE, REGINA, SK S4V4C6",Address,The Towns,EHRENBURG HOMES LTD.,Contractor,"330-Row House, garden home, town house, carriage home, quadrex"
PRBS202601072,Basement Development,2026-06-17 00:00:00,Residential,Alteration and improvements,34680,0,0,,"5421 KENNETT SQUARE, REGINA, SK S4V4C6",Address,The Towns,EHRENBURG HOMES LTD.,Contractor,"330-Row House, garden home, town house, carriage home, quadrex"
PRBS202601073,Basement Development,2026-06-17 00:00:00,Residential,Alteration and improvements,34680,0,0,,"5425 KENNETT SQUARE, REGINA, SK S4V4C6",Address,The Towns,EHRENBURG HOMES LTD.,Contractor,"330-Row House, garden home, town house, carriage home, quadrex"
PRDK202601529,Deck/Sunroom,2026-06-17 00:00:00,Residential,Alteration and improvements,38412,0,0,,"5134 WATSON WAY, REGINA, SK S4X0H1",Address,Lakeridge Addition,SUNCOAST ENCLOSURES - NEIL JAMES CRUICKSHANK,Contractor,"110-Single House, single detached home, bungalow, linked home (linked at the foundation), single family dwelling"
PRFR202601637,Foundation Repair,2026-06-17 00:00:00,Residential,Alteration and improvements,45885,0,0,,"3118 ALBERT STREET, REGINA, SK S4S3N8",Address,Lakeview,AAA SOLID FOUNDATION,Contractor,"110-Single House, single detached home, bungalow, linked home (linked at the foundation), single family dwelling"
PRFR202601646,Foundation Repair,2026-06-17 00:00:00,Residential,Alteration and improvements,5940,0,0,,"1220 ABERDEEN STREET, REGINA, SK S4T5J9",Address,Rosemont South,AAA SOLID FOUNDATION,Contractor,"110-Single House, single detached home, bungalow, linked home (linked at the foundation), single family dwelling"
PRFR202601651,Foundation Repair,2026-06-17 00:00:00,Residential,Alteration and improvements,35000,0,0,,"1332 EMPRESS STREET, REGINA, SK S4T5E5",Address,Belvedere,JS GROUP OF COMPANIES,Contractor,"110-Single House, single detached home, bungalow, linked home (linked at the foundation), single family dwelling"
PRRN202600941,Renovation/Alteration,2026-06-17 00:00:00,Commercial,Alteration and improvements,80000,0,3,,"3126 13TH AVENUE, REGINA, SK S4T1P2",Address,Old 33,DKM ENGINEERING LTD.,Property Owner,"540-Restaurant, bar, tavern, night club, diner, donut shop"
PRSF202601099,Single/Semi-Detached Dwelling 1-2 units,2026-06-17 00:00:00,Residential,New construction,160380,1,2,,"4601 E ARENS ROAD, REGINA, SK S4V4G1",Address,The Towns,ROHIT COMMUNITIES INC.,Contractor,"110-Single House, single detached home, bungalow, linked home (linked at the foundation), single family dwelling"
PRSF202601300,Single/Semi-Detached Dwelling 1-2 units,2026-06-17 00:00:00,Residential,New construction,163240,1,2,,"4525 E ARENS ROAD, REGINA, SK S4V4E9",Address,The Towns,ROHIT COMMUNITIES INC.,Contractor,"110-Single House, single detached home, bungalow, linked home (linked at the foundation), single family dwelling"
PRSF202601421,Single/Semi-Detached Dwelling 1-2 units,2026-06-17 00:00:00,Residential,New construction,430000,2,2,,"8846 WHEAT CRESCENT, REGINA, SK S4Y0H4",Address,Westerra,CRAWFORD HOMES (EBUILD),Contractor,"110-Single House, single detached home, bungalow, linked home (linked at the foundation), single family dwelling"
PRSS202601062,Secondary Suite,2026-06-17 00:00:00,Residential,Alteration and improvements,49500,1,0,,"5401 KENNETT SQUARE, REGINA, SK S4V4C7",Address,The Towns,EHRENBURG HOMES LTD.,Contractor,"330-Row House, garden home, town house, carriage home, quadrex"
PRSS202601063,Secondary Suite,2026-06-17 00:00:00,Residential,Alteration and improvements,49500,1,0,,"5445 KENNETT SQUARE, REGINA, SK S4V4C6",Address,The Towns,EHRENBURG HOMES LTD.,Contractor,"330-Row House, garden home, town house, carriage home, quadrex"
PRAD202601305,Addition,2026-06-18 00:00:00,Residential,Addition to existing building commercial & residential,105000,0,0,,"1450 ARTHUR STREET, REGINA, SK S4T4W1",Address,Belvedere,REDACTED,Property Owner,"110-Single House, single detached home, bungalow, linked home (linked at the foundation), single family dwelling"
PRDE202601075,Demolition,2026-06-18 00:00:00,Residential,Demolition,0,0,0,1,"2170 ABBOTT STREET, REGINA, SK S4N2J4",Address,Broders Annex,JOKER CONSTRUCTION - PAUL THAIRA,Contractor,"110-Single House, single detached home, bungalow, linked home (linked at the foundation), single family dwelling"
PRDK202600849,Deck/Sunroom,2026-06-18 00:00:00,Residential,Alteration and improvements,25000,0,0,,"3108 COPELAND ROAD, REGINA, SK S4V3R9",Address,The Towns,REDACTED,Property Owner,"110-Single House, single detached home, bungalow, linked home (linked at the foundation), single family dwelling"
PRDK202601198,Deck/Sunroom,2026-06-18 00:00:00,Residential,Alteration and improvements,9904.31,0,0,,"2144 ARGYLE STREET, REGINA, SK S4T3S9",Address,Old 33,REDACTED,Property Owner,"110-Single House, single detached home, bungalow, linked home (linked at the foundation), single family dwelling"
PRDK202601280,Deck/Sunroom,2026-06-18 00:00:00,Residential,Alteration and improvements,35320,0,0,,"163 MARKWELL DRIVE, REGINA, SK S4X1K5",Address,Sherwood Estates,REDACTED,Property Owner,"110-Single House, single detached home, bungalow, linked home (linked at the foundation), single family dwelling"
PRDK202601613,Deck/Sunroom,2026-06-18 00:00:00,Residential,Alteration and improvements,6500,0,0,,"4732 FERNDALE CRESCENT, REGINA, SK S4V4A4",Address,The Towns,REDACTED,Property Owner,"210-Semi-Detached or Double House, single attached home"
PRDK202601618,Deck/Sunroom,2026-06-18 00:00:00,Residential,Alteration and improvements,6600,0,0,,"3173 FAVEL DRIVE, REGINA, SK S4V4C7",Address,The Towns,LUCKY LINKS BUILDING SERVICES LTD. - LUCKY ALUGE,Contractor,"110-Single House, single detached home, bungalow, linked home (linked at the foundation), single family dwelling"
PRDK202601621,Deck/Sunroom,2026-06-18 00:00:00,Residential,Alteration and improvements,8000,0,0,,"3269 GREEN TURTLE ROAD, REGINA, SK S4V4A9",Address,The Towns,REDACTED,Property Owner,"110-Single House, single detached home, bungalow, linked home (linked at the foundation), single family dwelling"
PRDK202601633,Deck/Sunroom,2026-06-18 00:00:00,Residential,Alteration and improvements,2800,0,0,,"4624 FERNDALE CRESCENT, REGINA, SK S4V4A1",Address,The Towns,REDACTED,Property Owner,"330-Row House, garden home, town house, carriage home, quadrex"
PRFR202601672,Foundation Repair,2026-06-18 00:00:00,Residential,Alteration and improvements,25670,0,0,,"1525 PRINCESS STREET, REGINA, SK S4T3Z3",Address,Old 33,AAA SOLID FOUNDATION,Contractor,"110-Single House, single detached home, bungalow, linked home (linked at the foundation), single family dwelling"
PRRN202601156,Renovation/Alteration,2026-06-18 00:00:00,Commercial,Conversion from commercial to residential building,100,1,2,,"1817 OSLER STREET, REGINA, SK S4P1W1",Address,Old 33,SNOWBALL INVESTMENTS LTD.,Property Owner,"510-Retail and wholesale outlets; retail outlet, department store, photographic studio, rental service, beauty salon, hairdressing salon, lumber yard, dry cleaner, laundromat"
PRSF202601330,Single/Semi-Detached Dwelling 1-2 units,2026-06-18 00:00:00,Residential,New construction,163240,1,2,,"4629 E ARENS ROAD, REGINA, SK S4V4G1",Address,The Towns,ROHIT COMMUNITIES INC.,Contractor,"110-Single House, single detached home, bungalow, linked home (linked at the foundation), single family dwelling"
PRBS202601676,Basement Development,2026-06-19 00:00:00,Residential,Alteration and improvements,15000,0,0,,"2916 CRANBOURN CRESCENT, REGINA, SK S4V3E4",Address,Windsor Park,REDACTED,Property Owner,"330-Row House, garden home, town house, carriage home, quadrex"
PRDE202601589,Demolition,2026-06-19 00:00:00,Residential,Demolition,5000,0,0,,"1020 CAMERON STREET, REGINA, SK S4T2S6",Address,Old 33,DAVIES EXCAVATING LTD,Contractor,"110-Single House, single detached home, bungalow, linked home (linked at the foundation), single family dwelling"
PRDE202601654,Demolition,2026-06-19 00:00:00,Residential,Demolition,3000,0,0,,"2620 ANGUS BOULEVARD, REGINA, SK S4T2A5",Address,Riverside,REDACTED,Property Owner,"110-Single House, single detached home, bungalow, linked home (linked at the foundation), single family dwelling"
PRFR202601573,Foundation Repair,2026-06-19 00:00:00,Residential,Alteration and improvements,70000,0,0,,"860 SHANNON ROAD, REGINA, SK S4S5K2",Address,Whitmore Park,RSR CONSTRUCTION  TERRY PAUN,Contractor,"110-Single House, single detached home, bungalow, linked home (linked at the foundation), single family dwelling"
PRFR202601679,Foundation Repair,2026-06-19 00:00:00,Residential,Alteration and improvements,10000,0,0,,"42 DUTTON CRESCENT, REGINA, SK S4N4E5",Address,Glencairn,COLOSSAL CONSTRUCTION,Contractor,"110-Single House, single detached home, bungalow, linked home (linked at the foundation), single family dwelling"
PRGA202601374,Garage/Carport,2026-06-19 00:00:00,Residential,Garage/Carport/Accessory Structure,15500,0,0,,"3044 25TH AVENUE, REGINA, SK S4S1K9",Address,Lakeview Centre,REDACTED,Property Owner,"110-Single House, single detached home, bungalow, linked home (linked at the foundation), single family dwelling"
PRGA202601462,Garage/Carport,2026-06-19 00:00:00,Residential,Garage/Carport/Accessory Structure,15000,0,0,,"2924 GEORGE STREET, REGINA, SK S4V3W1",Address,The Towns,REDACTED,Property Owner,"330-Row House, garden home, town house, carriage home, quadrex"
PRMU202600685,Multi-Unit Dwelling 3+ Units,2026-06-19 00:00:00,Residential,New construction,2150000,9,3,,2910 KAUFMAN WAY,Address,The Towns,ARGYLE DEVELOPMENTS GP INC.,Contractor,335-Row House - Condominium
PRMU202600686,Multi-Unit Dwelling 3+ Units,2026-06-19 00:00:00,Residential,New construction,2150000,9,3,,2910 KAUFMAN WAY,Address,The Towns,ARGYLE DEVELOPMENTS GP INC.,Contractor,335-Row House - Condominium
PRRN202601251,Renovation/Alteration,2026-06-19 00:00:00,Residential,Alteration and improvements,5000,0,0,,"890 N SAMUELS CRESCENT, REGINA, SK S4X2L5",Address,Mccarthy Park,REDACTED,Property Owner,"110-Single House, single detached home, bungalow, linked home (linked at the foundation), single family dwelling"
PRRN202601588,Renovation/Alteration,2026-06-19 00:00:00,Commercial,Alteration and improvements,95000,0,1,,"2655 E QUANCE STREET, REGINA, SK S4V3B7",Address,River Bend,SUNSHINE JEWEL INVESTMENTS LIMITED,Property Owner,"540-Restaurant, bar, tavern, night club, diner, donut shop"
PRSS202601479,Secondary Suite,2026-06-19 00:00:00,Residential,Alteration and improvements,58000,1,0,,"3159 BOWEN STREET, REGINA, SK S4V4C6",Address,The Towns,REDACTED,Property Owner,"110-Single House, single detached home, bungalow, linked home (linked at the foundation), single family dwelling"
PRSS202601522,Secondary Suite,2026-06-19 00:00:00,Residential,Alteration and improvements,65000,1,0,,"3033 GREEN STONE ROAD, REGINA, SK S4V3Z2",Address,The Towns,SHALIMAR CONSTRUCTION LTD.,Contractor,"110-Single House, single detached home, bungalow, linked home (linked at the foundation), single family dwelling"
PRAD202600973,Addition,2026-06-22 00:00:00,Institutional,Addition to existing building commercial & residential,1000000,0,1,,"3860 E BUCKINGHAM DRIVE, REGINA, SK S4V3A1",Address,Windsor Park,TROY LIFE & FIRE SAFETY LTD.,Contractor,"620-Elementary school, kindergarten"
PRDE202601702,Demolition,2026-06-22 00:00:00,Residential,Demolition,4000,0,0,,"166 READ AVENUE, REGINA, SK S4T6P9",Address,Mount Royal,CRAZY CHARLIE BUILDING SUPPLIES - CAMERON JONES,Contractor,"110-Single House, single detached home, bungalow, linked home (linked at the foundation), single family dwelling"
PRDK202601494,Deck/Sunroom,2026-06-22 00:00:00,Residential,Alteration and improvements,5800,0,0,,"2995 GREEN STONE ROAD, REGINA, SK S4V3Z7",Address,The Towns,REDACTED,Property Owner,"330-Row House, garden home, town house, carriage home, quadrex"
PRDK202601580,Deck/Sunroom,2026-06-22 00:00:00,Residential,Alteration and improvements,5500,0,0,,"5401 E NICHOLSON AVENUE, REGINA, SK S4V4B3",Address,The Towns,REDACTED,Property Owner,"110-Single House, single detached home, bungalow, linked home (linked at the foundation), single family dwelling"
PRFR202601630,Foundation Repair,2026-06-22 00:00:00,Residential,Alteration and improvements,19860,0,0,,"94 MCSHERRY CRESCENT, REGINA, SK S4T7B8",Address,Normanview West,AAA SOLID FOUNDATION,Contractor,"110-Single House, single detached home, bungalow, linked home (linked at the foundation), single family dwelling"
PRGA202601656,Garage/Carport,2026-06-22 00:00:00,Residential,Garage/Carport/Accessory Structure,60000,0,0,,"2620 ANGUS BOULEVARD, REGINA, SK S4T2A5",Address,Riverside,REDACTED,Property Owner,"110-Single House, single detached home, bungalow, linked home (linked at the foundation), single family dwelling"
PRNR202600491,New Commercial,2026-06-22 00:00:00,Commercial,New construction,1750000,0,1,,"921 BROAD STREET, REGINA, SK S4R8G9",Address,Industrial Park,LOBLAW PROPERTIES WEST INC.,Property Owner,"540-Restaurant, bar, tavern, night club, diner, donut shop"
PRRN202600898,Renovation/Alteration,2026-06-22 00:00:00,Commercial,Alteration and improvements,250000,0,2,,"1700 ELPHINSTONE STREET, Unit:YQR, REGINA, SK S4P2Z6",Address,Old 33,REGINA EXHIBITION ASSOCIATION LTD.,Property Owner,"510-Retail and wholesale outlets; retail outlet, department store, photographic studio, rental service, beauty salon, hairdressing salon, lumber yard, dry cleaner, laundromat"
PRRN202601583,Renovation/Alteration,2026-06-22 00:00:00,Residential,Alteration and improvements,40000,0,0,,"901 CAMPBELL STREET, REGINA, SK S4T5P2",Address,Rosemont North,PRAIRIE BOYS SPRAY FOAM - CODY GLIDDON,Contractor,"110-Single House, single detached home, bungalow, linked home (linked at the foundation), single family dwelling"
PRAD202600977,Addition,2026-06-23 00:00:00,Institutional,Addition to existing building commercial & residential,1000000,0,1,,"2910 E SHOOTER DRIVE, REGINA, SK S4V0Y7",Address,Wood Meadows,BOARD OF EDUCATION OF THE REGINA ROMAN CATHOLIC SEPARATE SCHOOL DIVISION NO. 81 OF SASKATC,Property Owner,"620-Elementary school, kindergarten"
PRBS202601561,Basement Development,2026-06-23 00:00:00,Residential,Alteration and improvements,80000,0,0,,"4118 FIELDSTONE WAY, REGINA, SK S4V3V3",Address,The Creeks,VARSITY HOMES LTD.,Contractor,"110-Single House, single detached home, bungalow, linked home (linked at the foundation), single family dwelling"
PRBS202601576,Basement Development,2026-06-23 00:00:00,Residential,Alteration and improvements,10000,0,0,,"2715 NARCISSE DRIVE, Unit:115, REGINA, SK S4X0P8",Address,Hawkstone,REDACTED,Property Owner,"330-Row House, garden home, town house, carriage home, quadrex"
PRDE202600749,Demolition,2026-06-23 00:00:00,Residential,Demolition,4500,0,0,,"2847 ATHOL STREET, REGINA, SK S4S1Y3",Address,Lakeview,GARAGANA CARPENTRY,Contractor,"110-Single House, single detached home, bungalow, linked home (linked at the foundation), single family dwelling"
PRDE202601572,Demolition,2026-06-23 00:00:00,Residential,Demolition,5000,0,0,,"821 HORACE STREET, REGINA, SK S4T5K9",Address,Rosemont North,GAZDA CONSTRUCTION - MATT GAZDA,Contractor,"110-Single House, single detached home, bungalow, linked home (linked at the foundation), single family dwelling"
PRDK202601461,Deck/Sunroom,2026-06-23 00:00:00,Residential,Alteration and improvements,24580,0,0,,"235 N FAIRWAY ROAD, REGINA, SK S4Y1H9",Address,Westhill Park,REDACTED,Property Owner,"110-Single House, single detached home, bungalow, linked home (linked at the foundation), single family dwelling"
PRDK202601638,Deck/Sunroom,2026-06-23 00:00:00,Residential,Alteration and improvements,3000,0,0,,"3288 FAVEL DRIVE, REGINA, SK S4V4B2",Address,The Towns,REDACTED,Property Owner,"110-Single House, single detached home, bungalow, linked home (linked at the foundation), single family dwelling"
PRDK202601681,Deck/Sunroom,2026-06-23 00:00:00,Residential,Alteration and improvements,17406.23,0,0,,"7715 DISCOVERY ROAD, REGINA, SK S4Y1E8",Address,Westhill Park,REDACTED,Property Owner,"110-Single House, single detached home, bungalow, linked home (linked at the foundation), single family dwelling"
PRFR202601313,Foundation Repair,2026-06-23 00:00:00,Residential,Alteration and improvements,8500,0,0,,"1218 CAMERON STREET, REGINA, SK S4T2T1",Address,Old 33,COLOSSAL FOUNDATION REPAIR INC,Contractor,"110-Single House, single detached home, bungalow, linked home (linked at the foundation), single family dwelling"
PRFR202601666,Foundation Repair,2026-06-23 00:00:00,Residential,Alteration and improvements,5300,0,0,,"1007 E BROADWAY AVENUE, REGINA, SK S4N1A7",Address,Dominion Heights,AAA SOLID FOUNDATION,Contractor,"110-Single House, single detached home, bungalow, linked home (linked at the foundation), single family dwelling"
PRFR202601683,Foundation Repair,2026-06-23 00:00:00,Residential,Alteration and improvements,15740,0,0,,"5011 7TH AVENUE N, REGINA, SK S4R0K5",Address,Normanview,AAA SOLID FOUNDATION,Contractor,"110-Single House, single detached home, bungalow, linked home (linked at the foundation), single family dwelling"
PRFR202601693,Foundation Repair,2026-06-23 00:00:00,Residential,Alteration and improvements,7118,0,0,,"6906 SHERWOOD DRIVE, REGINA, SK S4X1B9",Address,Normanview W. Addn.,REGINA BASEMENT BRACING - COLE CROWLEY,Contractor,"110-Single House, single detached home, bungalow, linked home (linked at the foundation), single family dwelling"
PRFR202601694,Foundation Repair,2026-06-23 00:00:00,Residential,Alteration and improvements,8786,0,0,,"38 KANGLES STREET, REGINA, SK S4N4M8",Address,Glencairn,REGINA BASEMENT BRACING - COLE CROWLEY,Contractor,"110-Single House, single detached home, bungalow, linked home (linked at the foundation), single family dwelling"
PRFR202601700,Foundation Repair,2026-06-23 00:00:00,Residential,Alteration and improvements,17395,0,0,,"228 COLDWELL ROAD, REGINA, SK S4R4L2",Address,Regent Park,AAA SOLID FOUNDATION,Contractor,"110-Single House, single detached home, bungalow, linked home (linked at the foundation), single family dwelling"
PRMU202600522,Multi-Unit Dwelling 3+ Units,2026-06-23 00:00:00,Residential,New construction,592224,4,1,,8135 WASACASE BOULEVARD,Address,Westerra,AVANA DEVELOPMENTS INC.,Contractor,335-Row House - Condominium
PRMU202600760,Multi-Unit Dwelling 3+ Units,2026-06-23 00:00:00,Residential,New construction,592224,4,1,,8135 WASACASE BOULEVARD,Address,Westerra,AVANA DEVELOPMENTS INC.,Contractor,335-Row House - Condominium
PRMU202600762,Multi-Unit Dwelling 3+ Units,2026-06-23 00:00:00,Residential,New construction,592224,4,1,,8135 WASACASE BOULEVARD,Address,Westerra,AVANA DEVELOPMENTS INC.,Contractor,335-Row House - Condominium
PRMU202600763,Multi-Unit Dwelling 3+ Units,2026-06-23 00:00:00,Residential,New construction,592224,4,1,,8135 WASACASE BOULEVARD,Address,Westerra,AVANA DEVELOPMENTS INC.,Contractor,335-Row House - Condominium
PRMU202600765,Multi-Unit Dwelling 3+ Units,2026-06-23 00:00:00,Residential,New construction,592224,4,1,,8135 WASACASE BOULEVARD,Address,Westerra,AVANA DEVELOPMENTS INC.,Contractor,335-Row House - Condominium
PRMU202600766,Multi-Unit Dwelling 3+ Units,2026-06-23 00:00:00,Residential,New construction,592224,4,1,,8135 WASACASE BOULEVARD,Address,Westerra,AVANA DEVELOPMENTS INC.,Contractor,335-Row House - Condominium
PRMU202600767,Multi-Unit Dwelling 3+ Units,2026-06-23 00:00:00,Residential,New construction,592224,4,1,,8135 WASACASE BOULEVARD,Address,Westerra,AVANA DEVELOPMENTS INC.,Contractor,335-Row House - Condominium
PRMU202600769,Multi-Unit Dwelling 3+ Units,2026-06-23 00:00:00,Residential,New construction,592224,4,1,,8135 WASACASE BOULEVARD,Address,Westerra,AVANA DEVELOPMENTS INC.,Contractor,335-Row House - Condominium
PRMU202600770,Multi-Unit Dwelling 3+ Units,2026-06-23 00:00:00,Residential,New construction,1480560,10,2,,8135 WASACASE BOULEVARD,Address,Westerra,AVANA DEVELOPMENTS INC.,Contractor,335-Row House - Condominium
PRMU202600771,Multi-Unit Dwelling 3+ Units,2026-06-23 00:00:00,Residential,New construction,2072784,14,2,,8135 WASACASE BOULEVARD,Address,Westerra,AVANA DEVELOPMENTS INC.,Contractor,335-Row House - Condominium
PRMU202600772,Multi-Unit Dwelling 3+ Units,2026-06-23 00:00:00,Residential,New construction,2072784,14,2,,8135 WASACASE BOULEVARD,Address,Westerra,AVANA DEVELOPMENTS INC.,Contractor,335-Row House - Condominium
PRMU202600773,Multi-Unit Dwelling 3+ Units,2026-06-23 00:00:00,Residential,New construction,1480560,14,2,,8135 WASACASE BOULEVARD,Address,Westerra,AVANA DEVELOPMENTS INC.,Property Owner,335-Row House - Condominium
PRMU202600774,Multi-Unit Dwelling 3+ Units,2026-06-23 00:00:00,Residential,New construction,1480560,14,2,,8135 WASACASE BOULEVARD,Address,Westerra,AVANA DEVELOPMENTS INC.,Property Owner,335-Row House - Condominium
PRMU202600775,Multi-Unit Dwelling 3+ Units,2026-06-23 00:00:00,Residential,New construction,2072784,14,2,,8135 WASACASE BOULEVARD,Address,Westerra,AVANA DEVELOPMENTS INC.,Contractor,335-Row House - Condominium
PRMU202600776,Multi-Unit Dwelling 3+ Units,2026-06-23 00:00:00,Residential,New construction,2072784,14,2,,8135 WASACASE BOULEVARD,Address,Westerra,AVANA DEVELOPMENTS INC.,Contractor,335-Row House - Condominium
PRMU202600777,Multi-Unit Dwelling 3+ Units,2026-06-23 00:00:00,Residential,New construction,1480560,10,2,,8135 WASACASE BOULEVARD,Address,Westerra,AVANA DEVELOPMENTS INC.,Contractor,335-Row House - Condominium
PRRN202600545,Renovation/Alteration,2026-06-23 00:00:00,Institutional,Alteration and improvements,38000,0,5,,"3769 WASCANA PARKWAY, REGINA, SK S4S0A2",Address,Wascana Park,LEDCOR CONSTRUCTION LIMITED - JUSTIN BUTLER,Contractor,626-University
PRRN202601167,Renovation/Alteration,2026-06-23 00:00:00,Commercial,Alteration and improvements,17000,0,3,,"1224 RETALLACK STREET, REGINA, SK S4T2H7",Address,Old 33,REDACTED,Property Owner,"310-Apartment, apartment building, duplex, triplex, quadruple"
PRRN202601287,Renovation/Alteration,2026-06-23 00:00:00,Commercial,Alteration and improvements,357099.75,0,1,,1940 FRANCIS STREET,Address,Tuxedo Park,3J HOLDINGS CORP.,Property Owner,"560-Indoor recreational building; sports complex, tennis court and squash, community center, arena, curling club, swimming pool"
PRRN202601568,Renovation/Alteration,2026-06-23 00:00:00,Residential,Alteration and improvements,150000,0,0,,"278 ROGERS ROAD, REGINA, SK S4S7C4",Address,Albert Park,REDACTED,Property Owner,"110-Single House, single detached home, bungalow, linked home (linked at the foundation), single family dwelling"
PRBS202601413,Basement Development,2026-06-24 00:00:00,Residential,Alteration and improvements,50000,0,0,,"5301 BEACON DRIVE, Unit:13, REGINA, SK S4W0R6",Address,Harbour Landing,AFE VENTURES CORPORATION,Contractor,335-Row House - Condominium
PRDE202601376,Demolition,2026-06-24 00:00:00,Residential,Demolition,2500,0,0,,"3511 VICTORIA AVENUE, REGINA, SK S4T1M2",Address,Old 33,S. MILLER CONSTRUCTION SHANE MILLER,Contractor,"110-Single House, single detached home, bungalow, linked home (linked at the foundation), single family dwelling"
PRDE202601381,Demolition,2026-06-24 00:00:00,Residential,Demolition,3552,0,0,,"3260 ATHOL STREET, REGINA, SK S4S1Y9",Address,Lakeview Centre,S. MILLER CONSTRUCTION SHANE MILLER,Contractor,"110-Single House, single detached home, bungalow, linked home (linked at the foundation), single family dwelling"
PRDE202601586,Demolition,2026-06-24 00:00:00,Residential,Demolition,10000,0,0,1,"2865 GARNET STREET, REGINA, SK S4S1X1",Address,Lakeview,KRATZ HOMES & DEVELOPMENT  LTD.,Contractor,"110-Single House, single detached home, bungalow, linked home (linked at the foundation), single family dwelling"
PRDK202601575,Deck/Sunroom,2026-06-24 00:00:00,Residential,Alteration and improvements,3000,0,0,,"3604 GRASSICK AVENUE, REGINA, SK S4S0Y9",Address,Lakeview A,REDACTED,Property Owner,"110-Single House, single detached home, bungalow, linked home (linked at the foundation), single family dwelling"
PRDK202601581,Deck/Sunroom,2026-06-24 00:00:00,Residential,Alteration and improvements,6000,0,0,,"844 FORGET STREET, REGINA, SK S4T4X4",Address,Transcona,REDACTED,Property Owner,"110-Single House, single detached home, bungalow, linked home (linked at the foundation), single family dwelling"
PRFR202601701,Foundation Repair,2026-06-24 00:00:00,Residential,Alteration and improvements,6500,0,0,,"119 ELLISON CRESCENT, REGINA, SK S4R4V6",Address,Regent Park,TRIPLE R CONCRETE CUTTING,Contractor,"110-Single House, single detached home, bungalow, linked home (linked at the foundation), single family dwelling"
PRPO202601564,Pool,2026-06-24 00:00:00,Residential,Swimming pool,110000,0,0,,"3211 MOUNTBATTEN CRESCENT, REGINA, SK S4V0R5",Address,University Park East,ELLIS POOLS & CONST. LTD.,Contractor,"110-Single House, single detached home, bungalow, linked home (linked at the foundation), single family dwelling"
PRRN202601657,Renovation/Alteration,2026-06-24 00:00:00,Residential,Alteration and improvements,13000,0,0,,"5620 TUTOR WAY, REGINA, SK S4W0N6",Address,Harbour Landing,REDACTED,Property Owner,"210-Semi-Detached or Double House, single attached home"
PRSF202601094,Single/Semi-Detached Dwelling 1-2 units,2026-06-24 00:00:00,Residential,New construction,163240,1,2,,"4541 E ARENS ROAD, REGINA, SK S4V4E9",Address,The Towns,ROHIT COMMUNITIES INC.,Contractor,"110-Single House, single detached home, bungalow, linked home (linked at the foundation), single family dwelling"
PRSF202601199,Single/Semi-Detached Dwelling 1-2 units,2026-06-24 00:00:00,Residential,New construction,163240,1,2,,"4509 E ARENS ROAD, REGINA, SK S4V4E9",Address,The Towns,ROHIT COMMUNITIES INC.,Contractor,"110-Single House, single detached home, bungalow, linked home (linked at the foundation), single family dwelling"
PRSF202601327,Single/Semi-Detached Dwelling 1-2 units,2026-06-24 00:00:00,Residential,New construction,160380,1,2,,"4501 E ARENS ROAD, REGINA, SK S4V4E9",Address,The Towns,ROHIT COMMUNITIES INC.,Contractor,"110-Single House, single detached home, bungalow, linked home (linked at the foundation), single family dwelling"
PRSF202601329,Single/Semi-Detached Dwelling 1-2 units,2026-06-24 00:00:00,Residential,New construction,163240,1,2,,"4613 E ARENS ROAD, REGINA, SK S4V4G1",Address,The Towns,ROHIT COMMUNITIES INC.,Contractor,"110-Single House, single detached home, bungalow, linked home (linked at the foundation), single family dwelling"
PRBS202601650,Basement Development,2026-06-25 00:00:00,Residential,Alteration and improvements,26000,0,0,,"2704 MONTREAL CRESCENT, REGINA, SK S4P2W5",Address,Wascana Addition,CHIPPERS CONTRACTING,Contractor,"110-Single House, single detached home, bungalow, linked home (linked at the foundation), single family dwelling"
PRDK202601674,Deck/Sunroom,2026-06-25 00:00:00,Residential,Alteration and improvements,2500,0,0,,"109 MUNROE PLACE, REGINA, SK S4S4P8",Address,Hillsdale,HILLSDALE BAPTIST CHURCH,Property Owner,"110-Single House, single detached home, bungalow, linked home (linked at the foundation), single family dwelling"
PRDK202601688,Deck/Sunroom,2026-06-25 00:00:00,Residential,Alteration and improvements,3750,0,0,,"2932 COLLEGE AVENUE, REGINA, SK S4T1V3",Address,Old 33,HIBBERT HOMES & RENOVATIONS INC.,Contractor,"110-Single House, single detached home, bungalow, linked home (linked at the foundation), single family dwelling"
PRDK202601708,Deck/Sunroom,2026-06-25 00:00:00,Residential,Addition,8000,0,0,,"3269 GREEN TURTLE ROAD, REGINA, SK S4V4A9",Address,The Towns,REDACTED,Property Owner,"110-Single House, single detached home, bungalow, linked home (linked at the foundation), single family dwelling"
PRFR202601336,Foundation Repair,2026-06-25 00:00:00,Residential,Alteration and improvements,8975,0,0,,"7203 WHELAN DRIVE, REGINA, SK S4X3W8",Address,Rochdale Park,AAA SOLID FOUNDATION,Contractor,"110-Single House, single detached home, bungalow, linked home (linked at the foundation), single family dwelling"
PRFR202601553,Foundation Repair,2026-06-25 00:00:00,Residential,Alteration and improvements,99000,0,0,,"15 MCNAB CRESCENT, REGINA, SK S4S4A9",Address,Hillsdale,GCA CONSTRUCTION,Contractor,"110-Single House, single detached home, bungalow, linked home (linked at the foundation), single family dwelling"
PRFR202601727,Foundation Repair,2026-06-25 00:00:00,Residential,Alteration and improvements,8000,0,0,,"6 OTTAWA PLACE, REGINA, SK S4R2V7",Address,Churchill Place,COLOSSAL CONSTRUCTION INC. - DARCY ROGALSKI,Contractor,"110-Single House, single detached home, bungalow, linked home (linked at the foundation), single family dwelling"
PRFR202601728,Foundation Repair,2026-06-25 00:00:00,Residential,Alteration and improvements,8000,0,0,,"48 WILSON CRESCENT, REGINA, SK S4R5B3",Address,Normanview,COLOSSAL CONSTRUCTION,Contractor,"110-Single House, single detached home, bungalow, linked home (linked at the foundation), single family dwelling"
PRFR202601731,Foundation Repair,2026-06-25 00:00:00,Residential,Alteration and improvements,6675,0,0,,"750 N BARD CRESCENT, REGINA, SK S4X2K5",Address,Mccarthy Park,AAA SOLID FOUNDATION,Contractor,"110-Single House, single detached home, bungalow, linked home (linked at the foundation), single family dwelling"
PRGA202601489,Garage/Carport,2026-06-25 00:00:00,Residential,Garage/Carport/Accessory Structure,35000,0,0,,"834 SCHWARZFELD PLACE, REGINA, SK S4N7G6",Address,Parkridge,REDACTED,Property Owner,"110-Single House, single detached home, bungalow, linked home (linked at the foundation), single family dwelling"
PRSS202601477,Secondary Suite,2026-06-25 00:00:00,Residential,Alteration and improvements,58000,1,0,,"3241 GREEN TURTLE ROAD, REGINA, SK S4V4B1",Address,The Towns,REDACTED,Property Owner,"110-Single House, single detached home, bungalow, linked home (linked at the foundation), single family dwelling"
PRBS202601225,Basement Development,2026-06-26 00:00:00,Residential,Alteration,70000,0,0,,"7254 MAPLE WAY, REGINA, SK S4X0E2",Address,Maple Ridge,1 OAK CONSTRUCTION LTD. - MATTHEW ROGINA,Contractor,"110-Single House, single detached home, bungalow, linked home (linked at the foundation), single family dwelling"
PRBS202601730,Basement Development,2026-06-26 00:00:00,Residential,Alteration and improvements,20000,0,0,,"3185 FAVEL DRIVE, REGINA, SK S4V4C7",Address,The Towns,REDACTED,Property Owner,"110-Single House, single detached home, bungalow, linked home (linked at the foundation), single family dwelling"
PRDK202600208,Deck/Sunroom,2026-06-26 00:00:00,Residential,Alteration and improvements,10000,0,0,,"2809 ROCHDALE BOULEVARD, REGINA, SK S4X0N1",Address,Hawkstone,VARSITY HOMES LTD. - JESSE LUKOWICH,Contractor,"210-Semi-Detached or Double House, single attached home"
PRDK202600209,Deck/Sunroom,2026-06-26 00:00:00,Residential,Alteration and improvements,10000,0,0,,"2813 ROCHDALE BOULEVARD, REGINA, SK S4X0N1",Address,Hawkstone,VARSITY HOMES LTD. - JESSE LUKOWICH,Contractor,"110-Single House, single detached home, bungalow, linked home (linked at the foundation), single family dwelling"
PRRN202600569,Renovation/Alteration,2026-06-26 00:00:00,Residential,Alteration and improvements,675340,0,0,,"2515 CROSS PLACE, REGINA, SK S4S4C8",Address,Hillsdale,1 OAK CONSTRUCTION LTD.,Contractor,"110-Single House, single detached home, bungalow, linked home (linked at the foundation), single family dwelling"
PRRN202600996,Renovation/Alteration,2026-06-26 00:00:00,Commercial,Alteration and improvements,60000,0,8,,"2001 CORNWALL STREET, REGINA, SK S4P3X9",Address,Old 33,FIRST ELM HOLDINGS INC.,Property Owner,"522-Office complex; office/store, office/apartment"
PRRN202601732,Renovation/Alteration,2026-06-26 00:00:00,Residential,Alteration and improvements,7000,0,0,,"3414 E PHANEUF CRESCENT, REGINA, SK S4V1V4",Address,Wood Meadows,JS GROUP OF COMPANIES,Contractor,"110-Single House, single detached home, bungalow, linked home (linked at the foundation), single family dwelling"
PRSS202601354,Secondary Suite,2026-06-26 00:00:00,Residential,Addition to existing building commercial & residential,85000,1,0,,"1622 E BENSON BAY, REGINA, SK S4V1S7",Address,Gardiner Park,102115590 SASKATCHEWAN LTD.,Contractor,"110-Single House, single detached home, bungalow, linked home (linked at the foundation), single family dwelling"
PRSS202601645,Secondary Suite,2026-06-26 00:00:00,Residential,Addition to existing building commercial & residential,65000,1,0,,"3870 GEE CRESCENT, REGINA, SK S4V3N9",Address,The Greens on Gardin,REDACTED,Property Owner,"210-Semi-Detached or Double House, single attached home"
PRGA202601549,Garage/Carport,2026-06-27 00:00:00,Residential,Garage/Carport/Accessory Structure,12125.72,0,0,,"8801 ARCHER LANE, REGINA, SK S4Y0B8",Address,Edgewater,WOOD COUNTRY BUILDING SERVICES LTD. - RYAN WILSON,Contractor,"110-Single House, single detached home, bungalow, linked home (linked at the foundation), single family dwelling"
PRBS202601668,Basement Development,2026-06-29 00:00:00,Residential,Alteration and improvements,40000,0,0,,"5201 E ARENS ROAD, Unit:19, REGINA, SK S4V4A8",Address,The Towns,REDACTED,Property Owner,"330-Row House, garden home, town house, carriage home, quadrex"
PRDE202601632,Demolition,2026-06-29 00:00:00,Residential,Demolition,435000,0,0,1,"2309 MCDONALD STREET, REGINA, SK S4N2Z2",Address,Broders Annex,REDACTED,Property Owner,"110-Single House, single detached home, bungalow, linked home (linked at the foundation), single family dwelling"
PRGA202601571,Garage/Carport,2026-06-29 00:00:00,Residential,Garage/Carport/Accessory Structure,40000,0,0,,"821 HORACE STREET, REGINA, SK S4T5K9",Address,Rosemont North,GAZDA CONSTRUCTION - MATT GAZDA,Contractor,"110-Single House, single detached home, bungalow, linked home (linked at the foundation), single family dwelling"
PRPO202601338,Pool,2026-06-29 00:00:00,Residential,Swimming pool,117000,0,0,,"3052 ANGUS STREET, REGINA, SK S4S1P3",Address,Lakeview,ELLIS POOLS & CONST. LTD.,Contractor,"110-Single House, single detached home, bungalow, linked home (linked at the foundation), single family dwelling"
PRRN202601365,Renovation/Alteration,2026-06-29 00:00:00,Commercial,Alteration and improvements,15000,0,2,,"1135 WINNIPEG STREET, REGINA, SK S4R1J5",Address,Eastern Annex,KV CONCRETE LTD.,Property Owner,"520-Office building; consultant’s office, doctor’s office, insurance company, bank, taxi stand, office/cafeteria, office/smoke shop"
PRRN202601440,Renovation/Alteration,2026-06-29 00:00:00,Commercial,Alteration and improvements,50000,0,1,,"4041 ALBERT STREET, REGINA, SK S4S3R6",Address,Hillsdale,GRAYSON HOTEL LTD.,Property Owner,"540-Restaurant, bar, tavern, night club, diner, donut shop"
PRRN202601713,Renovation/Alteration,2026-06-29 00:00:00,Commercial,Alteration and improvements,11000,0,7,,"4615 RAE STREET, REGINA, SK S4S3B2",Address,Albert Park,BIRCHCREST CONDOMINIUM CORPORATION,Property Owner,315-Apartment - Condominium
PRRN202601714,Renovation/Alteration,2026-06-29 00:00:00,Commercial,Alteration and improvements,6000,0,3,,"2080 BROAD STREET, REGINA, SK S4P1Y3",Address,Old 33,NIESNER PROPERTIES INC.,Property Owner,"520-Office building; consultant’s office, doctor’s office, insurance company, bank, taxi stand, office/cafeteria, office/smoke shop"
PRSF202601297,Single/Semi-Detached Dwelling 1-2 units,2026-06-29 00:00:00,Residential,New construction,160380,1,2,,"4633 E ARENS ROAD, REGINA, SK S4V4G1",Address,The Towns,ROHIT COMMUNITIES INC.,Contractor,"110-Single House, single detached home, bungalow, linked home (linked at the foundation), single family dwelling"
PRTN202601389,Tent / Temporary Structure,2026-06-29 00:00:00,Institutional,Other,49763.99,0,0,,200 E ASSINIBOINE AVENUE,Address,Douglas Place,SPECIAL EVENTS RENTALS - KARSON,Contractor,Not Applicable
PRBS202601721,Basement Development,2026-06-30 00:00:00,Residential,Alteration,23000,0,0,,"5450 JIM CAIRNS BOULEVARD, REGINA, SK S4W0E9",Address,Harbour Landing,REDACTED,Property Owner,"210-Semi-Detached or Double House, single attached home"
PRDE202600113,Demolition,2026-06-30 00:00:00,Residential,Demolition,0,0,0,1,"1458 RETALLACK STREET, REGINA, SK S4T2J2",Address,Old 33,REDACTED,Property Owner,"110-Single House, single detached home, bungalow, linked home (linked at the foundation), single family dwelling"
PRDK202601739,Deck/Sunroom,2026-06-30 00:00:00,Residential,Alteration and improvements,13000,0,0,,"280 CHURCH DRIVE, REGINA, SK S4X1R9",Address,Sherwood Estates,PEBERDY CONSTRUCTION,Contractor,"110-Single House, single detached home, bungalow, linked home (linked at the foundation), single family dwelling"
PRFR202601737,Foundation Repair,2026-06-30 00:00:00,Residential,Alteration and improvements,64000,0,0,,"114 TRIFUNOV CRESCENT, REGINA, SK S4R7C7",Address,Argyle Park,JOHN WILKIE - RAMJACK SASKATCHEWAN,Contractor,"110-Single House, single detached home, bungalow, linked home (linked at the foundation), single family dwelling"
PRSF202601582,Single/Semi-Detached Dwelling 1-2 units,2026-06-30 00:00:00,Residential,New construction,500000,1,2,,"4611 ELGIN ROAD, REGINA, SK S4S4K5",Address,Whitmore Park,FOUR SEASONS CONSTRUCTION AND RENOVATIONS INC.,Property Owner,"110-Single House, single detached home, bungalow, linked home (linked at the foundation), single family dwelling"
PRSS202601567,Secondary Suite,2026-06-30 00:00:00,Residential,Addition to existing building commercial & residential,50000,1,0,,"3411 21ST AVENUE, REGINA, SK S4S0T8",Address,Lakeview A,HZM CONSTRUCTION & DEVELOPMENTS,Contractor,"110-Single House, single detached home, bungalow, linked home (linked at the foundation), single family dwelling"
PRTN202601601,Tent / Temporary Structure,2026-06-30 00:00:00,Institutional,Other,4000,0,0,,"2405 LEGISLATIVE DRIVE, REGINA, SK S4S0B3",Address,Wascana Park,A1-RENT ALLS - DESIREE WRIGHT,Contractor,Not Applicable
PRBS202601607,Basement Development,2026-07-02 00:00:00,Residential,Alteration and improvements,27050,0,0,,"2906 ROCHDALE BOULEVARD, REGINA, SK S4X0M6",Address,Hawkstone,REDACTED,Property Owner,"210-Semi-Detached or Double House, single attached home"
PRDK202601747,Deck/Sunroom,2026-07-02 00:00:00,Residential,Alteration and improvements,6000,0,0,,"4632 FERNDALE CRESCENT, REGINA, SK S4V4A1",Address,The Towns,FIRST CALL CONSTRUCTION INC.,Contractor,"210-Semi-Detached or Double House, single attached home"
PRDK202601756,Deck/Sunroom,2026-07-02 00:00:00,Residential,Alteration and improvements,5000,0,0,,"8814 WHEAT CRESCENT, REGINA, SK S4Y0H5",Address,Westerra,REDACTED,Property Owner,"110-Single House, single detached home, bungalow, linked home (linked at the foundation), single family dwelling"
PRFR202601761,Foundation Repair,2026-07-02 00:00:00,Residential,Alteration and improvements,1940,0,0,,"610 CAMPBELL STREET, REGINA, SK S4T5N7",Address,Mount Royal,AAA SOLID FOUNDATION,Contractor,"110-Single House, single detached home, bungalow, linked home (linked at the foundation), single family dwelling"
PRFR202601762,Foundation Repair,2026-07-02 00:00:00,Residential,Alteration and improvements,3900,0,0,,"18 MARQUIS CRESCENT, REGINA, SK S4S6J9",Address,Albert Park,STEVE PERLINGER - JS GROUP OF COMPANIES LTD.,Contractor,"110-Single House, single detached home, bungalow, linked home (linked at the foundation), single family dwelling"
PRFR202601767,Foundation Repair,2026-07-02 00:00:00,Residential,Alteration and improvements,6700,0,0,,"144 GARNET STREET, REGINA, SK S4R3S1",Address,Regent Park,AAA SOLID FOUNDATION,Contractor,"110-Single House, single detached home, bungalow, linked home (linked at the foundation), single family dwelling"
PRGA202601617,Garage/Carport,2026-07-02 00:00:00,Residential,Garage/Carport/Accessory Structure,50000,0,0,,"52 CRAIGIE BAY, REGINA, SK S4R6M6",Address,Walsh Acres,REDACTED,Property Owner,"110-Single House, single detached home, bungalow, linked home (linked at the foundation), single family dwelling"
PRGA202601619,Garage/Carport,2026-07-02 00:00:00,Residential,Garage/Carport/Accessory Structure,15000,0,0,,"702 PRINCESS STREET, REGINA, SK S4T3X7",Address,Parkdale,REDACTED,Property Owner,"110-Single House, single detached home, bungalow, linked home (linked at the foundation), single family dwelling"
PRRN202503260,Renovation/Alteration,2026-07-02 00:00:00,Institutional,Alteration and improvements,200000,0,1,,3901 PRINCESS DRIVE,Address,River Heights,SIKH SOCIETY REGINA INC.,Property Owner,"660-Religious building; church, cathedral, temple, citadel, synagogue"
PRRN202601497,Renovation/Alteration,2026-07-02 00:00:00,Residential,Alteration and improvements,14000,0,0,,"370 FULTON DRIVE, REGINA, SK S4X1W4",Address,Normanview W. Addn.,MIENERGY INC.,Contractor,"110-Single House, single detached home, bungalow, linked home (linked at the foundation), single family dwelling"
PRRN202601543,Renovation/Alteration,2026-07-02 00:00:00,Commercial,Alteration and improvements,850000,0,1,,"1408 BROAD STREET, REGINA, SK S4R1Y9",Address,Old 33,MINERS CONSTRUCTION LTD.,Contractor,"520-Office building; consultant’s office, doctor’s office, insurance company, bank, taxi stand, office/cafeteria, office/smoke shop"
PRRN202601624,Renovation/Alteration,2026-07-02 00:00:00,Residential,Alteration and improvements,3000,0,0,,"1035 N KENDERDINE DRIVE, REGINA, SK S4X4H7",Address,Rochdale Park,REDACTED,Property Owner,"110-Single House, single detached home, bungalow, linked home (linked at the foundation), single family dwelling"
PRRN202601670,Renovation/Alteration,2026-07-02 00:00:00,Residential,Alteration and improvements,5000,0,0,,"430 E BROADWAY AVENUE, REGINA, SK S4N0Z9",Address,Assiniboia East,REDACTED,Property Owner,"110-Single House, single detached home, bungalow, linked home (linked at the foundation), single family dwelling"
PRSF202601404,Single/Semi-Detached Dwelling 1-2 units,2026-07-02 00:00:00,Residential,New construction,639143.97,2,2,,4864 PADWICK ROAD | 4868 PADWICK ROAD,Address,Harbour Landing,NORTH RIDGE DEVELOPMENT CORPORATION,Contractor,"210-Semi-Detached or Double House, single attached home"
PRSF202601595,Single/Semi-Detached Dwelling 1-2 units,2026-07-02 00:00:00,Residential,New construction,300000,1,2,,"2328 SAUNDERS CRESCENT, REGINA, SK S4X0N8",Address,Kensington Greens,PACESETTER NEW HOMES LTD.,Contractor,"110-Single House, single detached home, bungalow, linked home (linked at the foundation), single family dwelling"
PRSS202601678,Secondary Suite,2026-07-02 00:00:00,Residential,Alteration and improvements,50000,1,0,,"3216 FAVEL DRIVE, REGINA, SK S4V4B6",Address,The Towns,XPERT CONSTRUCTION LTD.,Contractor,"110-Single House, single detached home, bungalow, linked home (linked at the foundation), single family dwelling"
PRTN202601277,Tent / Temporary Structure,2026-07-02 00:00:00,Institutional,Not Applicable,4000,0,0,,2350 LAKESHORE DRIVE,Address,Wascana Park,A1-RENT ALLS - DESIREE WRIGHT,Contractor,Not Applicable
PRBS202601773,Basement Development,2026-07-03 00:00:00,Residential,Alteration and improvements,30000,0,0,,"5169 E BUCKINGHAM DRIVE, REGINA, SK S4V3S3",Address,The Towns,REDACTED,Property Owner,"110-Single House, single detached home, bungalow, linked home (linked at the foundation), single family dwelling"
PRDK202601634,Deck/Sunroom,2026-07-03 00:00:00,Residential,Alteration and improvements,6500,0,0,,"137 CATTAIL WAY, REGINA, SK S4Y0B4",Address,Fairways West,LUCKY LINKS BUILDING SERVICES LTD. - LUCKY ALUGE,Contractor,"110-Single House, single detached home, bungalow, linked home (linked at the foundation), single family dwelling"
PRDK202601780,Deck/Sunroom,2026-07-03 00:00:00,Residential,Alteration and improvements,25474.5,0,0,,"2849 ROBINSON STREET, REGINA, SK S4S1T9",Address,Lakeview,REDACTED,Property Owner,"110-Single House, single detached home, bungalow, linked home (linked at the foundation), single family dwelling"
PRGA202601658,Garage/Carport,2026-07-03 00:00:00,Residential,Garage/Carport/Accessory Structure,20000,0,0,,"20 LANCASTER PLACE, REGINA, SK S4S2Z4",Address,Albert Park,REDACTED,Property Owner,"110-Single House, single detached home, bungalow, linked home (linked at the foundation), single family dwelling"
PRRN202600172,Renovation/Alteration,2026-07-03 00:00:00,Institutional,Alteration and improvements,2000000,0,1,,"2107 GARNET STREET, REGINA, SK S4T2Z8",Address,Old 33,LA CORPORATION EPISCOPALE CATHOLIQUE ROMAINE DE,Property Owner,"660-Religious building; church, cathedral, temple, citadel, synagogue"
PRSS202601696,Secondary Suite,2026-07-03 00:00:00,Residential,Alteration and improvements,45000,1,0,,"3153 GREEN TURTLE ROAD, REGINA, SK S4V4C5",Address,The Towns,REDACTED,Property Owner,"110-Single House, single detached home, bungalow, linked home (linked at the foundation), single family dwelling"
PRSS202601748,Secondary Suite,2026-07-03 00:00:00,Residential,Alteration and improvements,65000,1,0,,"3052 DUMONT WAY, REGINA, SK S4V4E3",Address,The Towns,MOHIT VARMA - SOLIS HOME AND DESIGN,Contractor,"110-Single House, single detached home, bungalow, linked home (linked at the foundation), single family dwelling"
PRDK202601609,Deck/Sunroom,2026-07-05 00:00:00,Residential,Alteration and improvements,13000,0,0,,"3053 GREEN BANK ROAD, REGINA, SK S4V3X3",Address,The Towns,REDACTED,Property Owner,"110-Single House, single detached home, bungalow, linked home (linked at the foundation), single family dwelling"
PRFR202601755,Foundation Repair,2026-07-05 00:00:00,Residential,Alteration and improvements,19000,0,0,,"3227 E RENFREW CRESCENT, REGINA, SK S4V2W6",Address,Windsor Park,REGINA BASEMENTS & BRACING,Contractor,215-Semi-Detached or Double House - Condominium
PRDK202600207,Deck/Sunroom,2026-07-06 00:00:00,Residential,Alteration and improvements,10000,0,0,,"2805 ROCHDALE BOULEVARD, REGINA, SK S4X0N1",Address,Hawkstone,VARSITY HOMES LTD. - JESSE LUKOWICH,Contractor,"210-Semi-Detached or Double House, single attached home"
PRDK202601539,Deck/Sunroom,2026-07-06 00:00:00,Residential,Alteration and improvements,124525,0,0,,"4317 E SAGE CRESCENT, REGINA, SK S4V3H7",Address,The Creeks,MUNRO HOMES LTD,Contractor,"110-Single House, single detached home, bungalow, linked home (linked at the foundation), single family dwelling"
PRDK202601663,Deck/Sunroom,2026-07-06 00:00:00,Residential,Alteration and improvements,10000,0,0,,"3280 FAVEL DRIVE, REGINA, SK S4V4B2",Address,The Towns,REDACTED,Property Owner,"110-Single House, single detached home, bungalow, linked home (linked at the foundation), single family dwelling"
PRDK202601744,Deck/Sunroom,2026-07-06 00:00:00,Residential,Alteration and improvements,4000,0,0,,"3144 GREEN TURTLE ROAD, REGINA, SK S4V4C5",Address,The Towns,TECHNIQUE CONSTRUCTION INC. - KEVIN WASSILL,Contractor,"110-Single House, single detached home, bungalow, linked home (linked at the foundation), single family dwelling"
PRDK202601779,Deck/Sunroom,2026-07-06 00:00:00,Residential,Alteration and improvements,5000,0,0,,"5513 WATERER ROAD, REGINA, SK S4W0N2",Address,Harbour Landing,CRAWFORD HOMES (EBUILD),Contractor,"110-Single House, single detached home, bungalow, linked home (linked at the foundation), single family dwelling"
PRFR202601757,Foundation Repair,2026-07-06 00:00:00,Residential,Alteration and improvements,4000,0,0,,"34 ROSEN CRESCENT, REGINA, SK S4N5B5",Address,Glencairn,REDACTED,Property Owner,"110-Single House, single detached home, bungalow, linked home (linked at the foundation), single family dwelling"
PRGA202601784,Garage/Carport,2026-07-06 00:00:00,Residential,Garage/Carport/Accessory Structure,30000,0,0,,"315 TORONTO STREET, REGINA, SK S4R1M3",Address,North Annex,REDACTED,Property Owner,"110-Single House, single detached home, bungalow, linked home (linked at the foundation), single family dwelling"
PRMU202601401,Multi-Unit Dwelling 3+ Units,2026-07-06 00:00:00,Residential,New construction,450000,4,2,,"458 OTTAWA STREET, REGINA, SK S4R1N9",Address,North Annex,ASTRUM SEVEN LIMITED,Property Owner,"310-Apartment, apartment building, duplex, triplex, quadruple"
PRRN202601521,Renovation/Alteration,2026-07-06 00:00:00,Residential,Alteration and improvements,30643.57,0,0,,"3869 ATHOL STREET, REGINA, SK S4S3J2",Address,Parliament Place,REDACTED,Property Owner,"110-Single House, single detached home, bungalow, linked home (linked at the foundation), single family dwelling"
PRRN202601545,Renovation/Alteration,2026-07-06 00:00:00,Residential,Alteration and improvements,40000,0,0,,"3530 GREEN CREEK ROAD, REGINA, SK S4V3H3",Address,The Greens on Gardin,TOP LEVEL,Contractor,"110-Single House, single detached home, bungalow, linked home (linked at the foundation), single family dwelling"
PRSF202502238,Single/Semi-Detached Dwelling 1-2 units,2026-07-06 00:00:00,Residential,New construction,300000,2,2,,"2170 ABBOTT STREET, REGINA, SK S4N2J4",Address,Broders Annex,102111030 SASKATCHEWAN INC.,Contractor,"210-Semi-Detached or Double House, single attached home"
PRSF202601467,Single/Semi-Detached Dwelling 1-2 units,2026-07-06 00:00:00,Residential,New construction,350000,2,2,,"1412 N KINGBIRD ROAD, REGINA, SK S4X0N6",Address,Kensington Greens,CRAWFORD HOMES (1991) LTD,Contractor,"110-Single House, single detached home, bungalow, linked home (linked at the foundation), single family dwelling"
PRSS202601662,Secondary Suite,2026-07-06 00:00:00,Residential,Alteration and improvements,60000,1,0,,"3108 TROMBLEY STREET, REGINA, SK S4V3R9",Address,The Towns,GREEN STONE RENOVATIONS LTD,Contractor,"110-Single House, single detached home, bungalow, linked home (linked at the foundation), single family dwelling"
PRSS202601709,Secondary Suite,2026-07-06 00:00:00,Residential,Alteration and improvements,60000,1,0,,"2969 WELBY WAY, REGINA, SK S4V4A2",Address,The Towns,REDACTED,Property Owner,335-Row House - Condominium
PRSS202601722,Secondary Suite,2026-07-06 00:00:00,Residential,Alteration and improvements,60000,1,0,,"4736 FERNDALE CRESCENT, REGINA, SK S4V4A5",Address,The Towns,REDACTED,Property Owner,"210-Semi-Detached or Double House, single attached home"
PRDE202601781,Demolition,2026-07-07 00:00:00,Residential,Demolition,47700,0,0,1,"1020 ATHOL STREET, REGINA, SK S4T3B9",Address,Old 33,ADAIR'S DEMOLITION LTD.,Contractor,"110-Single House, single detached home, bungalow, linked home (linked at the foundation), single family dwelling"
PRFR202601695,Foundation Repair,2026-07-07 00:00:00,Residential,Alteration and improvements,12000,0,0,,"2041 ATHOL STREET, REGINA, SK S4T3E6",Address,Old 33,REGINA BASEMENT BRACING - COLE CROWLEY,Contractor,"110-Single House, single detached home, bungalow, linked home (linked at the foundation), single family dwelling"
PRFR202601752,Foundation Repair,2026-07-07 00:00:00,Residential,Alteration and improvements,81950,0,0,,"3154 ALBERT STREET, REGINA, SK S4S3N8",Address,Lakeview,GCA CONSTRUCTION,Contractor,"110-Single House, single detached home, bungalow, linked home (linked at the foundation), single family dwelling"
PRMU202601174,Multi-Unit Dwelling 3+ Units,2026-07-07 00:00:00,Residential,New construction,350000,4,2,,"821 EMPRESS STREET, REGINA, SK S4T5E2",Address,Rosemont North,MARILU MANAGEMENT INC.,Contractor,"310-Apartment, apartment building, duplex, triplex, quadruple"
PRMU202601402,Multi-Unit Dwelling 3+ Units,2026-07-07 00:00:00,Residential,New construction,450000,4,2,,"462 OTTAWA STREET, REGINA, SK S4R1N9",Address,North Annex,ASTRUM SEVEN LIMITED,Property Owner,"310-Apartment, apartment building, duplex, triplex, quadruple"
PRPO202601548,Pool,2026-07-07 00:00:00,Residential,Demolition,15000,0,0,,"3211 MOUNTBATTEN CRESCENT, REGINA, SK S4V0R5",Address,University Park East,BOYCHUK EXCAVATING INC.,Contractor,"110-Single House, single detached home, bungalow, linked home (linked at the foundation), single family dwelling"
PRRN202601468,Renovation/Alteration,2026-07-07 00:00:00,Commercial,Alteration and improvements,250000,0,1,,"107 ALBERT STREET, REGINA, SK S4R2N3",Address,Highland Park,EMMANUEL ENTERPRISES INC.,Property Owner,"512-Retail complex; plaza, mall, shopping centre, store/office building"
PRRN202601724,Renovation/Alteration,2026-07-07 00:00:00,Residential,Alteration and improvements,10000,0,0,,"137 GARNET STREET, REGINA, SK S4R3R9",Address,Coronation Park,REDACTED,Property Owner,"110-Single House, single detached home, bungalow, linked home (linked at the foundation), single family dwelling"
PRRN202601774,Renovation/Alteration,2026-07-07 00:00:00,Residential,Alteration and improvements,7000,0,0,,"231 WILLISTON DRIVE, REGINA, SK S4X2H3",Address,Normanview W. Addn.,REDACTED,Property Owner,"110-Single House, single detached home, bungalow, linked home (linked at the foundation), single family dwelling"
PRSF202601689,Single/Semi-Detached Dwelling 1-2 units,2026-07-07 00:00:00,Residential,New construction,639143.97,2,2,,4856 PADWICK ROAD | 4860 PADWICK ROAD,Address,Harbour Landing,NORTH RIDGE DEVELOPMENT CORPORATION,Contractor,"210-Semi-Detached or Double House, single attached home"
PRSF202601770,Single/Semi-Detached Dwelling 1-2 units,2026-07-07 00:00:00,Residential,New construction,400000,1,2,,"3020 FAVEL DRIVE, REGINA, SK S4V4G2",Address,The Towns,COLBY KIRKPATRICK - PACESETTER HOMES,Contractor,"110-Single House, single detached home, bungalow, linked home (linked at the foundation), single family dwelling"
PRSS202601725,Secondary Suite,2026-07-07 00:00:00,Residential,Alteration and improvements,58000,1,0,,"4624 E BUCKINGHAM DRIVE, REGINA, SK S4V3X8",Address,The Towns,REDACTED,Property Owner,"110-Single House, single detached home, bungalow, linked home (linked at the foundation), single family dwelling"
PRDK202601639,Deck/Sunroom,2026-07-08 00:00:00,Residential,Alteration and improvements,9000,0,0,,"10 LANGLEY STREET, REGINA, SK S4S3V6",Address,Hillsdale,REDACTED,Property Owner,"110-Single House, single detached home, bungalow, linked home (linked at the foundation), single family dwelling"
PRFR202601134,Foundation Repair,2026-07-08 00:00:00,Residential,Alteration and improvements,4000,0,0,,"213 DURHAM DRIVE, REGINA, SK S4S4Z4",Address,Whitmore Park,REDACTED,Property Owner,"110-Single House, single detached home, bungalow, linked home (linked at the foundation), single family dwelling"
PRFR202601815,Foundation Repair,2026-07-08 00:00:00,Residential,Alteration and improvements,70000,0,0,,"908 FORGET STREET, REGINA, SK S4T4X6",Address,Transcona,COLOSSAL CONSTRUCTION,Contractor,"110-Single House, single detached home, bungalow, linked home (linked at the foundation), single family dwelling"
PRNR202600950,New Commercial,2026-07-08 00:00:00,Commercial,Superstructure or part of new building,24000000,0,3,,"8701 DEWDNEY AVENUE, REGINA, SK S4Y0E2",Address,Westerra,COSTCO WHOLESALE CANADA LTD.,Property Owner,"510-Retail and wholesale outlets; retail outlet, department store, photographic studio, rental service, beauty salon, hairdressing salon, lumber yard, dry cleaner, laundromat"
PRRN202601446,Renovation/Alteration,2026-07-08 00:00:00,Residential,Additional value to previous permit(s),256595.33,6,2,,"1431 15TH AVENUE, REGINA, SK S4P0Z2",Address,Old 33,LEDCOR CONSTRUCTION - JON KING,Contractor,335-Row House - Condominium
PRRN202601447,Renovation/Alteration,2026-07-08 00:00:00,Residential,Additional value to previous permit(s),188297.66,3,2,,"1431 15TH AVENUE, REGINA, SK S4P0Z2",Address,Old 33,LEDCOR CONSTRUCTION - JON KING,Contractor,335-Row House - Condominium
PRRN202601591,Renovation/Alteration,2026-07-08 00:00:00,Commercial,Alteration and improvements,500000,0,3,,"59 CAMBRIDGE AVENUE, REGINA, SK S4N5N3",Address,Glencairn,REDACTED,Property Owner,"310-Apartment, apartment building, duplex, triplex, quadruple"
PRSF202601295,Single/Semi-Detached Dwelling 1-2 units,2026-07-08 00:00:00,Residential,New construction,613100,1,2,,"3028 GREEN TURTLE ROAD, REGINA, SK S4V4E6",Address,The Towns,HOMES BY DREAM,Contractor,"110-Single House, single detached home, bungalow, linked home (linked at the foundation), single family dwelling"
PRSF202601302,Single/Semi-Detached Dwelling 1-2 units,2026-07-08 00:00:00,Residential,New construction,350000,2,2,,"2324 BETTERIDGE DRIVE, REGINA, SK S4X0N7",Address,Kensington Greens,CRAWFORD HOMES (EBUILD),Contractor,"110-Single House, single detached home, bungalow, linked home (linked at the foundation), single family dwelling"
PRSF202601741,Single/Semi-Detached Dwelling 1-2 units,2026-07-08 00:00:00,Residential,New construction,400000,1,2,,"2981 GREEN TURTLE ROAD, REGINA, SK S4V4G4",Address,The Towns,PACESETTER HOMES REGINA,Contractor,"110-Single House, single detached home, bungalow, linked home (linked at the foundation), single family dwelling"
PRSF202601742,Single/Semi-Detached Dwelling 1-2 units,2026-07-08 00:00:00,Residential,New construction,400000,1,2,,"2965 GREEN TURTLE ROAD, REGINA, SK S4V4G4",Address,The Towns,COLBY KIRKPATRICK - PACESETTER HOMES,Contractor,"110-Single House, single detached home, bungalow, linked home (linked at the foundation), single family dwelling"
PRTN202601612,Tent / Temporary Structure,2026-07-08 00:00:00,Commercial,Not Applicable,5000,0,0,,"200 LAKESHORE DRIVE, REGINA, SK S4S7L3",Address,Wascana Park,CROWN IN RIGHT OF SASKATCHEWAN,Property Owner,Not Applicable
PRTN202601836,Tent / Temporary Structure,2026-07-08 00:00:00,Commercial,Not Applicable,3000,0,0,,"2405 LEGISLATIVE DRIVE, REGINA, SK S4S0B3",Address,Wascana Park,CROWN IN RIGHT OF SASKATCHEWAN,Property Owner,Not Applicable
PRDE202601851,Demolition,2026-07-09 00:00:00,Residential,Demolition,200,0,0,,"5513 3RD AVENUE, REGINA, SK S4T0G4",Address,Rosemont North,REDACTED,Property Owner,"110-Single House, single detached home, bungalow, linked home (linked at the foundation), single family dwelling"
PRFR202601760,Foundation Repair,2026-07-09 00:00:00,Residential,Alteration and improvements,13950,0,0,,"2829 GRANT ROAD, REGINA, SK S4S5G3",Address,Whitmore Park,AAA SOLID FOUNDATION,Contractor,"110-Single House, single detached home, bungalow, linked home (linked at the foundation), single family dwelling"
PRFR202601778,Foundation Repair,2026-07-09 00:00:00,Residential,Alteration and improvements,3945,0,0,,"1246 N GLASSER BAY, REGINA, SK S4X4K2",Address,Lakeridge,AAA SOLID FOUNDATION,Contractor,"110-Single House, single detached home, bungalow, linked home (linked at the foundation), single family dwelling"
PRFR202601787,Foundation Repair,2026-07-09 00:00:00,Residential,Alteration and improvements,3075,0,0,,"329 HANLEY CRESCENT, REGINA, SK S4R5A9",Address,Normanview,AAA SOLID FOUNDATION,Contractor,"110-Single House, single detached home, bungalow, linked home (linked at the foundation), single family dwelling"
PRFR202601793,Foundation Repair,2026-07-09 00:00:00,Residential,Alteration and improvements,9270,0,0,,"2173 ROTHWELL STREET, REGINA, SK S4N2C5",Address,Glen Elm Park S.,AAA SOLID FOUNDATION,Contractor,"210-Semi-Detached or Double House, single attached home"
PRFR202601811,Foundation Repair,2026-07-09 00:00:00,Residential,Alteration and improvements,8980,0,0,,"71 COLEMAN CRESCENT, REGINA, SK S4N5J4",Address,Glencairn Village,SILVER SAGE HOUSING CORPORATION,Property Owner,"110-Single House, single detached home, bungalow, linked home (linked at the foundation), single family dwelling"
PRFR202601825,Foundation Repair,2026-07-09 00:00:00,Residential,Alteration and improvements,6000,0,0,,"7730 DISCOVERY ROAD, REGINA, SK S4Y1E7",Address,Westhill Park,TRIPLE R CONCRETE CUTTING,Contractor,"110-Single House, single detached home, bungalow, linked home (linked at the foundation), single family dwelling"
PRFR202601835,Foundation Repair,2026-07-09 00:00:00,Residential,Alteration and improvements,8740,0,0,,"4444 ACADIA DRIVE, REGINA, SK S4S4T4",Address,Whitmore Park,AAA SOLID FOUNDATION,Contractor,"110-Single House, single detached home, bungalow, linked home (linked at the foundation), single family dwelling"
PRFR202601871,Foundation Repair,2026-07-09 00:00:00,Residential,Alteration and improvements,3000,0,0,,"2707 E JOLLY PLACE, REGINA, SK S4V0X8",Address,Wood Meadows,JS GROUP OF COMPANIES,Contractor,"110-Single House, single detached home, bungalow, linked home (linked at the foundation), single family dwelling"
PRGA202601764,Garage/Carport,2026-07-09 00:00:00,Residential,Garage/Carport/Accessory Structure,20000,0,0,,"2315 BRODER STREET, REGINA, SK S4N3S9",Address,Broders Annex,REDACTED,Property Owner,"110-Single House, single detached home, bungalow, linked home (linked at the foundation), single family dwelling"
PRMH202601788,Plumbing,2026-07-09 00:00:00,Institutional,Alteration and improvements,10000,0,0,,"2107 GARNET STREET, REGINA, SK S4T2Z8",Address,Old 33,HAMM CONSTRUCTION,Contractor,"660-Religious building; church, cathedral, temple, citadel, synagogue"
PRMU202601150,Multi-Unit Dwelling 3+ Units,2026-07-09 00:00:00,Residential,New construction,1984761,7,2,,"5400 DAHLTON GROVE, REGINA, SK S4V4G3 | 5404 DAHLTON GROVE, REGINA, SK S4V4G3 | 5408 DAHLTON GROVE, REGINA, SK S4V4G3 | 5412 DAHLTON GROVE, REGINA, SK S4V4G3 | 5416 DAHLTON GROVE, REGINA, SK S4V4G3 | 5420 DAHLTON GROVE, REGINA, SK S4V4G3",Address,The Towns,DREAM TOWNS LANDS SOUTH (GP) INC.,Property Owner,"330-Row House, garden home, town house, carriage home, quadrex"
PRMU202601152,Multi-Unit Dwelling 3+ Units,2026-07-09 00:00:00,Residential,New construction,1984761,7,2,,"5424 DAHLTON GROVE, REGINA, SK S4V4G3 | 5428 DAHLTON GROVE, REGINA, SK S4V4G3 | 5432 DAHLTON GROVE, REGINA, SK S4V4G3 | 5436 DAHLTON GROVE, REGINA, SK S4V4G3 | 5440 DAHLTON GROVE, REGINA, SK S4V4G3 | 5444 DAHLTON GROVE, REGINA, SK S4V4G3",Address,The Towns,EHRENBURG HOMES - HANNAH UYTTERHAGEN,Contractor,"330-Row House, garden home, town house, carriage home, quadrex"
PRPO202601877,Pool,2026-07-09 00:00:00,Residential,New construction,2000,0,0,,"4552 PASQUA STREET, REGINA, SK S4S6L5",Address,Lewvan Park,REDACTED,Property Owner,"110-Single House, single detached home, bungalow, linked home (linked at the foundation), single family dwelling"
PRRN202601286,Renovation/Alteration,2026-07-09 00:00:00,Commercial,Alteration and improvements,4500,0,3,,"2001 CORNWALL STREET, REGINA, SK S4P3X9",Address,Old 33,FIRST ELM HOLDINGS INC.,Property Owner,"520-Office building; consultant’s office, doctor’s office, insurance company, bank, taxi stand, office/cafeteria, office/smoke shop"
PRRN202601301,Renovation/Alteration,2026-07-09 00:00:00,Commercial,Alteration and improvements,1300000,0,2,,"1700 ELPHINSTONE STREET, Unit:YQR, REGINA, SK S4P2Z6",Address,Old 33,REGINA EXHIBITION ASSOCIATION LTD.,Property Owner,"540-Restaurant, bar, tavern, night club, diner, donut shop"
PRSF202601162,Single/Semi-Detached Dwelling 1-2 units,2026-07-09 00:00:00,Residential,New construction,163240,1,2,,"4625 E ARENS ROAD, REGINA, SK S4V4G1",Address,The Towns,ROHIT COMMUNITIES INC.,Contractor,"110-Single House, single detached home, bungalow, linked home (linked at the foundation), single family dwelling"
PRSS202601387,Secondary Suite,2026-07-09 00:00:00,Residential,Alteration and improvements,90000,1,0,,"2431 JAMESON CRESCENT, REGINA, SK S4V1K2",Address,Windsor Park,REDACTED,Property Owner,"110-Single House, single detached home, bungalow, linked home (linked at the foundation), single family dwelling"
PRSS202601684,Secondary Suite,2026-07-09 00:00:00,Residential,Alteration and improvements,50000,1,0,,"101 MCNAB CRESCENT, REGINA, SK S4S4B3",Address,Hillsdale,DARI CONSTRUCTION - KIAPRI DAIR,Contractor,"110-Single House, single detached home, bungalow, linked home (linked at the foundation), single family dwelling"
PRBS202601858,Basement Development,2026-07-10 00:00:00,Residential,Alteration and improvements,46000,0,0,,"5601 PARLIAMENT AVENUE, Unit:41, REGINA, SK S4W0V4",Address,Harbour Landing,PACESETTER NEW HOMES LTD.,Contractor,115-Single House - Condominium
PRDE202601822,Demolition,2026-07-10 00:00:00,Residential,Demolition,0,0,0,,"1919 HALIFAX STREET, REGINA, SK S4P1T6",Address,Old 33,REDACTED,Property Owner,"110-Single House, single detached home, bungalow, linked home (linked at the foundation), single family dwelling"
PRDK202601405,Deck/Sunroom,2026-07-10 00:00:00,Residential,Alteration and improvements,1000,0,0,,"4388 JAMES HILL ROAD, REGINA, SK S4W0P7",Address,Harbour Landing,REDACTED,Property Owner,"210-Semi-Detached or Double House, single attached home"
PRDK202601478,Deck/Sunroom,2026-07-10 00:00:00,Residential,Alteration and improvements,4000,0,0,,"1601 LACON STREET, REGINA, SK S4N1Z5",Address,Glen Elm Park,REDACTED,Property Owner,"110-Single House, single detached home, bungalow, linked home (linked at the foundation), single family dwelling"
PRDK202601786,Deck/Sunroom,2026-07-10 00:00:00,Residential,Alteration and improvements,14041.5,0,0,,"2324 MONTREAL STREET, REGINA, SK S4P1L8",Address,Old 33,DK PRIME CONSTRUCTION,Contractor,"110-Single House, single detached home, bungalow, linked home (linked at the foundation), single family dwelling"
PRFR202601782,Foundation Repair,2026-07-10 00:00:00,Residential,Alteration and improvements,12000,0,0,,"45 GARDINER AVENUE, REGINA, SK S4S4P5",Address,Hillsdale,REDACTED,Property Owner,"110-Single House, single detached home, bungalow, linked home (linked at the foundation), single family dwelling"
PRGA202601254,Garage/Carport,2026-07-10 00:00:00,Residential,Garage/Carport/Accessory Structure,15000,0,0,,"1712 WEST MARKET STREET, REGINA, SK S4Y0G3",Address,Westerra,REDACTED,Property Owner,"110-Single House, single detached home, bungalow, linked home (linked at the foundation), single family dwelling"
PRGA202601776,Garage/Carport,2026-07-10 00:00:00,Residential,Garage/Carport/Accessory Structure,20720.5,0,0,,"5132 E SIMARD AVENUE, REGINA, SK S4V3W5",Address,The Towns,PIVOT CONSTRUCTION,Contractor,"110-Single House, single detached home, bungalow, linked home (linked at the foundation), single family dwelling"
PRRN202601527,Renovation/Alteration,2026-07-10 00:00:00,Commercial,Alteration and improvements,75000,0,1,,"411 VICTORIA AVENUE, REGINA, SK S4N0P7",Address,Broders Annex,BOBBIE JOE`S BEAUTY STORE & HAIR SALON ESTHETICS INC.,Property Owner,"540-Restaurant, bar, tavern, night club, diner, donut shop"
PRRN202601653,Renovation/Alteration,2026-07-10 00:00:00,Residential,Alteration and improvements,3000,0,0,,"1229 ARGYLE STREET, REGINA, SK S4T3R8",Address,Old 33,REDACTED,Property Owner,"110-Single House, single detached home, bungalow, linked home (linked at the foundation), single family dwelling"
PRRN202601711,Renovation/Alteration,2026-07-10 00:00:00,Commercial,Alteration and improvements,40000,0,1,,"211 E VICTORIA AVENUE, REGINA, SK S4N0N5",Address,Broders Annex,REDACTED,Property Owner,"512-Retail complex; plaza, mall, shopping centre, store/office building"
PRSF202601259,Single/Semi-Detached Dwelling 1-2 units,2026-07-10 00:00:00,Residential,New construction,600000,2,2,,"2325 SAUNDERS CRESCENT, REGINA, SK S4X0N8",Address,Kensington Greens,101301324 SASKATCHEWAN LTD.,Contractor,"110-Single House, single detached home, bungalow, linked home (linked at the foundation), single family dwelling"
PRSF202601364,Single/Semi-Detached Dwelling 1-2 units,2026-07-10 00:00:00,Residential,New construction,550000,2,2,,"3009 DUMONT WAY, REGINA, SK S4V4E4",Address,The Towns,RICHMOND ENTERPRISE,Contractor,"110-Single House, single detached home, bungalow, linked home (linked at the foundation), single family dwelling"
PRSF202601438,Single/Semi-Detached Dwelling 1-2 units,2026-07-10 00:00:00,Residential,New construction,500000,2,2,,"3017 DUMONT WAY, REGINA, SK S4V4E4",Address,The Towns,101301324 SASKATCHEWAN LTD.,Contractor,"110-Single House, single detached home, bungalow, linked home (linked at the foundation), single family dwelling"
PRSF202601454,Single/Semi-Detached Dwelling 1-2 units,2026-07-10 00:00:00,Residential,New construction,350000,2,2,,"5262 E GREEN CRESCENT, REGINA, SK S4V3S9",Address,The Greens on Gardin,CRAWFORD HOMES (1991) LTD.,Contractor,"110-Single House, single detached home, bungalow, linked home (linked at the foundation), single family dwelling"
PRSF202601455,Single/Semi-Detached Dwelling 1-2 units,2026-07-10 00:00:00,Residential,New construction,700000,2,2,,"5210 E GREEN CRESCENT, REGINA, SK S4V3S9",Address,The Greens on Gardin,101301324 SASKATCHEWAN LTD.,Contractor,"110-Single House, single detached home, bungalow, linked home (linked at the foundation), single family dwelling"
PRSF202601542,Single/Semi-Detached Dwelling 1-2 units,2026-07-10 00:00:00,Residential,New construction,577000,1,2,,"3017 GREEN TURTLE ROAD, REGINA, SK S4V4E6",Address,The Towns,HOMES BY DREAM,Contractor,"110-Single House, single detached home, bungalow, linked home (linked at the foundation), single family dwelling"
PRSF202601649,Single/Semi-Detached Dwelling 1-2 units,2026-07-10 00:00:00,Residential,New construction,665000,1,1,,"7005 MAPLE FERN BAY, REGINA, SK S4X0P3",Address,Maple Ridge,FIORANTE HOMES AND COMMERCIAL LTD.,Contractor,"110-Single House, single detached home, bungalow, linked home (linked at the foundation), single family dwelling"
PRSF202601806,Single/Semi-Detached Dwelling 1-2 units,2026-07-10 00:00:00,Residential,New construction,639143.97,2,2,,4848 PADWICK ROAD | 4852 PADWICK ROAD,Address,Harbour Landing,102175216 SASKATCHEWAN LTD.,Property Owner,"210-Semi-Detached or Double House, single attached home"
PRSF202601818,Single/Semi-Detached Dwelling 1-2 units,2026-07-10 00:00:00,Residential,New construction,639143.97,2,2,,4840 PADWICK ROAD | 4844 PADWICK ROAD,Address,Harbour Landing,NORTH RIDGE DEVELOPMENT CORPORATION,Contractor,"210-Semi-Detached or Double House, single attached home"
PRSS202601749,Secondary Suite,2026-07-10 00:00:00,Residential,Alteration and improvements,65000,1,0,,"3084 DUMONT WAY, REGINA, SK S4V4E3",Address,The Towns,MOHIT VARMA - SOLIS HOME AND DESIGN,Contractor,"110-Single House, single detached home, bungalow, linked home (linked at the foundation), single family dwelling"
PRBS202601710,Basement Development,2026-07-13 00:00:00,Residential,Alteration,22000,0,0,,"5752 GORDON ROAD, Unit:2, REGINA, SK S4W0M1",Address,Harbour Landing,GREENSTONE RENOVATIONS LTD,Contractor,"330-Row House, garden home, town house, carriage home, quadrex"
PRDE202601598,Demolition,2026-07-13 00:00:00,Residential,Demolition,12000,0,0,1,"924 E DEWDNEY AVENUE, REGINA, SK S4N0C6",Address,Rothwell Place,HIMALAYAN DEVELOPMENTS CORP,Contractor,"110-Single House, single detached home, bungalow, linked home (linked at the foundation), single family dwelling"
PRDK202601842,Deck/Sunroom,2026-07-13 00:00:00,Residential,New construction,11500,0,0,,"1327 N MAPLE GROVE CRESCENT, REGINA, SK S4X3Y5",Address,Maple Ridge,REDACTED,Property Owner,"110-Single House, single detached home, bungalow, linked home (linked at the foundation), single family dwelling"
PRFR202601703,Foundation Repair,2026-07-13 00:00:00,Residential,Alteration and improvements,80000,0,0,,"28 DAVIDSON CRESCENT, REGINA, SK S4S4S9",Address,Whitmore Park,RSR CONSTRUCTION  TERRY PAUN,Contractor,"110-Single House, single detached home, bungalow, linked home (linked at the foundation), single family dwelling"
PRFR202601847,Foundation Repair,2026-07-13 00:00:00,Residential,Alteration and improvements,4825,0,0,,"421 ALEXANDRA STREET, REGINA, SK S4R4W6",Address,Industrial Centre,AAA SOLID FOUNDATION,Contractor,"110-Single House, single detached home, bungalow, linked home (linked at the foundation), single family dwelling"
PRFR202601883,Foundation Repair,2026-07-13 00:00:00,Residential,Alteration and improvements,10000,0,0,,"4624 MCTAVISH STREET, REGINA, SK S4S3N2",Address,Albert Park,AAA SOLID FOUNDATION,Contractor,"110-Single House, single detached home, bungalow, linked home (linked at the foundation), single family dwelling"
PRGA202600631,Garage/Carport,2026-07-13 00:00:00,Residential,Garage/Carport/Accessory Structure,14000,0,0,,"67 DEMPSEY AVENUE, REGINA, SK S4T7K8",Address,Normanview West,REDACTED,Property Owner,"110-Single House, single detached home, bungalow, linked home (linked at the foundation), single family dwelling"
PRGA202601729,Garage/Carport,2026-07-13 00:00:00,Residential,Garage/Carport/Accessory Structure,91803,0,0,,"3339 VICTORIA AVENUE, REGINA, SK S4T1L7",Address,Old 33,MUNRO HOMES LTD.,Contractor,"110-Single House, single detached home, bungalow, linked home (linked at the foundation), single family dwelling"
PRMH202601911,Plumbing,2026-07-13 00:00:00,Residential,Mechanical,19000,0,0,,"23 RICHARDSON CRESCENT, REGINA, SK S4S4J2",Address,Whitmore Park,JS GROUP OF COMPANIES,Contractor,"110-Single House, single detached home, bungalow, linked home (linked at the foundation), single family dwelling"
PRRN202601246,Renovation/Alteration,2026-07-13 00:00:00,Commercial,Alteration and improvements,495500,0,12,,"2350 ALBERT STREET, REGINA, SK S4P4A6",Address,Old 33,CROWN IN RIGHT OF SASKATCHEWAN,Property Owner,"520-Office building; consultant’s office, doctor’s office, insurance company, bank, taxi stand, office/cafeteria, office/smoke shop"
PRRN202601570,Renovation/Alteration,2026-07-13 00:00:00,Commercial,Alteration and improvements,316905,0,0,,"4902 QUEEN STREET, REGINA, SK S4S6X4",Address,Albert Park,MAXIM BUILDING RESTORATION LTD.,Contractor,315-Apartment - Condominium
PRRN202601644,Renovation/Alteration,2026-07-13 00:00:00,Commercial,Alteration and improvements,65000,0,1,,"1580 ANGUS STREET, REGINA, SK S4T1Z1",Address,Old 33,RAHMAH CENTRE INC.,Property Owner,"660-Religious building; church, cathedral, temple, citadel, synagogue"
PRRN202601783,Renovation/Alteration,2026-07-13 00:00:00,Residential,Alteration and improvements,1345,0,0,,"6906 SHERWOOD DRIVE, REGINA, SK S4X1B9",Address,Normanview W. Addn.,REDACTED,Property Owner,"110-Single House, single detached home, bungalow, linked home (linked at the foundation), single family dwelling"
PRSS202601816,Secondary Suite,2026-07-13 00:00:00,Residential,Alteration and improvements,50000,1,0,,"3164 GREEN TURTLE ROAD, REGINA, SK S4V4C5",Address,The Towns,BRIGHTER B CONSTRUCTION - RUPINDERJIT KHAIRA,Contractor,"110-Single House, single detached home, bungalow, linked home (linked at the foundation), single family dwelling"
PRDK202601792,Deck/Sunroom,2026-07-14 00:00:00,Residential,Alteration and improvements,1400,0,0,,"1379 MINTO STREET, REGINA, SK S4T5J3",Address,Rosemont,REDACTED,Property Owner,"110-Single House, single detached home, bungalow, linked home (linked at the foundation), single family dwelling"
PRFR202601804,Foundation Repair,2026-07-14 00:00:00,Residential,Alteration and improvements,85000,0,0,,"7126 DALGLIESH DRIVE, REGINA, SK S4X2M6",Address,Sherwood Estates,KEN NIXON HOLDINGS INC.,Property Owner,"110-Single House, single detached home, bungalow, linked home (linked at the foundation), single family dwelling"
PRMH202601928,Plumbing,2026-07-14 00:00:00,Residential,Mechanical,10000,0,0,,"195 N TORONTO STREET, REGINA, SK S4R2T4",Address,North Annex,REDACTED,Property Owner,"110-Single House, single detached home, bungalow, linked home (linked at the foundation), single family dwelling"
PRMH202601937,Plumbing,2026-07-14 00:00:00,Residential,Mechanical,8000,0,0,,"2648 WASCANA STREET, REGINA, SK S4S0L8",Address,River Heights,REDACTED,Property Owner,"110-Single House, single detached home, bungalow, linked home (linked at the foundation), single family dwelling"
PRMU202600535,Multi-Unit Dwelling 3+ Units,2026-07-14 00:00:00,Residential,New construction,1776672,12,2,,7710 WESTERRA WAY,Address,Westerra,AVANA DEVELOPMENTS INC.,Contractor,335-Row House - Condominium
PRMU202600787,Multi-Unit Dwelling 3+ Units,2026-07-14 00:00:00,Residential,New construction,2072784,14,2,,7710 WESTERRA WAY,Address,Westerra,AVANA DEVELOPMENTS INC.,Contractor,335-Row House - Condominium
PRMU202600790,Multi-Unit Dwelling 3+ Units,2026-07-14 00:00:00,Residential,New construction,1480560,10,2,,7710 WESTERRA WAY,Address,Westerra,AVANA DEVELOPMENTS INC.,Contractor,335-Row House - Condominium
PRMU202600791,Multi-Unit Dwelling 3+ Units,2026-07-14 00:00:00,Residential,New construction,1480560,10,2,,7710 WESTERRA WAY,Address,Westerra,AVANA DEVELOPMENTS INC.,Contractor,335-Row House - Condominium
PRMU202600792,Multi-Unit Dwelling 3+ Units,2026-07-14 00:00:00,Residential,New construction,2072784,14,2,,7710 WESTERRA WAY,Address,Westerra,AVANA DEVELOPMENTS INC.,Contractor,335-Row House - Condominium
PRMU202600793,Multi-Unit Dwelling 3+ Units,2026-07-14 00:00:00,Residential,New construction,2072784,14,2,,7710 WESTERRA WAY,Address,Westerra,AVANA DEVELOPMENTS INC.,Contractor,335-Row House - Condominium
PRMU202600794,Multi-Unit Dwelling 3+ Units,2026-07-14 00:00:00,Residential,New construction,2072784,14,2,,7710 WESTERRA WAY,Address,Westerra,AVANA DEVELOPMENTS INC.,Contractor,335-Row House - Condominium
PRRN202601712,Renovation/Alteration,2026-07-14 00:00:00,Commercial,Alteration and improvements,25500,0,0,,"2221 ROBINSON STREET, REGINA, SK S4T2R1",Address,Old 33,101210937 SASKATCHEWAN LTD.,Property Owner,315-Apartment - Condominium
PRRN202601718,Renovation/Alteration,2026-07-14 00:00:00,Commercial,Alteration and improvements,300000,0,1,,"2655 E QUANCE STREET, REGINA, SK S4V3B7",Address,River Bend,SUNSHINE JEWEL INVESTMENTS LIMITED,Property Owner,"540-Restaurant, bar, tavern, night club, diner, donut shop"
PRSF202601160,Single/Semi-Detached Dwelling 1-2 units,2026-07-14 00:00:00,Residential,New construction,163240,1,2,,"4609 E ARENS ROAD, REGINA, SK S4V4G1",Address,The Towns,ROHIT COMMUNITIES INC.,Contractor,"110-Single House, single detached home, bungalow, linked home (linked at the foundation), single family dwelling"
PRSF202601819,Single/Semi-Detached Dwelling 1-2 units,2026-07-14 00:00:00,Residential,New construction,639143.97,2,2,,4832 PADWICK ROAD | 4836 PADWICK ROAD,Address,Harbour Landing,102175216 SASKATCHEWAN LTD.,Property Owner,"210-Semi-Detached or Double House, single attached home"
PRSS202601834,Secondary Suite,2026-07-14 00:00:00,Residential,Alteration and improvements,35000,1,0,,"5545 KENNETT SQUARE, REGINA, SK S4V4C5",Address,The Towns,FIRST CALL CONSTRUCTION INC.,Contractor,"330-Row House, garden home, town house, carriage home, quadrex"
PRFR202601863,Foundation Repair,2026-07-15 00:00:00,Residential,Alteration and improvements,32000,0,0,,"3039 WHITMORE AVENUE, REGINA, SK S4S1B7",Address,Lakeview Centre,RAMJACK SASKATCHEWAN,Contractor,"110-Single House, single detached home, bungalow, linked home (linked at the foundation), single family dwelling"
PRFR202601896,Foundation Repair,2026-07-15 00:00:00,Residential,Alteration and improvements,4500,0,0,,"143 HASTINGS CRESCENT, REGINA, SK S4T7N8",Address,Normanview West,TRIPLE R CONCRETE CUTTING,Contractor,"110-Single House, single detached home, bungalow, linked home (linked at the foundation), single family dwelling"
PRGA202601261,Garage/Carport,2026-07-15 00:00:00,Residential,Garage/Carport/Accessory Structure,29300,0,0,,"3148 GREEN TURTLE ROAD, REGINA, SK S4V4C5",Address,The Towns,HOMES BY DREAM,Contractor,"110-Single House, single detached home, bungalow, linked home (linked at the foundation), single family dwelling"
PRGA202601408,Garage/Carport,2026-07-15 00:00:00,Residential,Garage/Carport/Accessory Structure,25000,0,0,,"2721 MCDONALD STREET, REGINA, SK S4N2Z9",Address,Assiniboia  Place,REDACTED,Property Owner,"110-Single House, single detached home, bungalow, linked home (linked at the foundation), single family dwelling"
PRMU202600439,Multi-Unit Dwelling 3+ Units,2026-07-15 00:00:00,Commercial,New construction,20670000,120,4,,500 E 20TH AVENUE,Address,Douglas Place,WRIGHT CONSTRUCTION - CAITLIN MCDONALD,Contractor,315-Apartment - Condominium
PRRN202601513,Renovation/Alteration,2026-07-15 00:00:00,Commercial,Alteration and improvements,171866,0,0,,"2530 25TH AVENUE, Unit:332, REGINA, SK S4S4E6",Address,Hillsdale,MUNRO HOMES LTD,Contractor,315-Apartment - Condominium
PRRN202601687,Renovation/Alteration,2026-07-15 00:00:00,Residential,Alteration and improvements,20000,0,0,,"639 MCINTOSH STREET, REGINA, SK S4T5B3",Address,Transcona,LAST COAT PAINTING & DECORATING INC.,Property Owner,"110-Single House, single detached home, bungalow, linked home (linked at the foundation), single family dwelling"
PRSF202601095,Single/Semi-Detached Dwelling 1-2 units,2026-07-15 00:00:00,Residential,New construction,163240,1,2,,"4537 E ARENS ROAD, REGINA, SK S4V4E9",Address,The Towns,ROHIT COMMUNITIES INC.,Contractor,"110-Single House, single detached home, bungalow, linked home (linked at the foundation), single family dwelling"
PRSF202601097,Single/Semi-Detached Dwelling 1-2 units,2026-07-15 00:00:00,Residential,New construction,163240,1,2,,"4521 E ARENS ROAD, REGINA, SK S4V4E9",Address,The Towns,ROHIT COMMUNITIES INC.,Contractor,"110-Single House, single detached home, bungalow, linked home (linked at the foundation), single family dwelling"
PRSF202601141,Single/Semi-Detached Dwelling 1-2 units,2026-07-15 00:00:00,Residential,New construction,163240,1,2,,"4505 E ARENS ROAD, REGINA, SK S4V4E9",Address,The Towns,ROHIT COMMUNITIES INC.,Contractor,"110-Single House, single detached home, bungalow, linked home (linked at the foundation), single family dwelling"
PRSF202601415,Single/Semi-Detached Dwelling 1-2 units,2026-07-15 00:00:00,Residential,New construction,350000,2,2,,"8690 WHEAT CRESCENT, REGINA, SK S4Y0H8",Address,Westerra,CRAWFORD HOMES (1991) LTD.,Contractor,"110-Single House, single detached home, bungalow, linked home (linked at the foundation), single family dwelling"
PRSF202601611,Single/Semi-Detached Dwelling 1-2 units,2026-07-15 00:00:00,Residential,New construction,375000,1,2,,"2400 BETTERIDGE DRIVE, REGINA, SK S4X0N7",Address,Kensington Greens,CRAWFORD HOMES (EBUILD),Contractor,"110-Single House, single detached home, bungalow, linked home (linked at the foundation), single family dwelling"
PRSS202601231,Secondary Suite,2026-07-15 00:00:00,Residential,Alteration and improvements,65000,1,0,,"2980 TROMBLEY STREET, REGINA, SK S4V3Y7",Address,The Towns,SPECTRA CONSTRUCTION,Contractor,"110-Single House, single detached home, bungalow, linked home (linked at the foundation), single family dwelling"
PRSS202601664,Secondary Suite,2026-07-15 00:00:00,Residential,Alteration and improvements,45000,1,0,,"3146 BOWEN STREET, REGINA, SK S4V4C6",Address,The Towns,ARKIGER CONTRACTING,Contractor,"110-Single House, single detached home, bungalow, linked home (linked at the foundation), single family dwelling"
PRBS202601906,Basement Development,2026-07-16 00:00:00,Residential,Alteration and improvements,28000,0,0,,"5345 MCKENNA CRESCENT, REGINA, SK S4W0G2",Address,Harbour Landing,REDACTED,Property Owner,"110-Single House, single detached home, bungalow, linked home (linked at the foundation), single family dwelling"
PRBY202601453,Backyard/Laneway Suite,2026-07-16 00:00:00,Residential,New construction,70000,1,1,,"2480 EDGAR STREET, REGINA, SK S4N3L3",Address,Assiniboia  Place,BRIGHT CANADA - ED FINLAYSON,Contractor,"110-Single House, single detached home, bungalow, linked home (linked at the foundation), single family dwelling"
PRFR202601925,Foundation Repair,2026-07-16 00:00:00,Residential,Alteration and improvements,8700,0,0,,"6319 LEGER BAY, REGINA, SK S4X2K4",Address,Mccarthy Park,JS GROUP OF COMPANIES,Contractor,"110-Single House, single detached home, bungalow, linked home (linked at the foundation), single family dwelling"
PRNR202600745,New Commercial,2026-07-16 00:00:00,Commercial,New construction,1640000,0,1,,102 SOLOMON DRIVE | 110 SOLOMON DRIVE,Address,Industrial Ross,MATT BORTIS - 3TWENTY,Contractor,"460-Storage building; warehouse (for storage purposes only), industrial mall, grain elevator, locker rental, silo, quonset, refrigerated storage terminal"
PRNR202600746,New Commercial,2026-07-16 00:00:00,Commercial,New construction,1535000,0,1,,102 SOLOMON DRIVE | 110 SOLOMON DRIVE,Address,Industrial Ross,MATT BORTIS - 3TWENTY,Contractor,"460-Storage building; warehouse (for storage purposes only), industrial mall, grain elevator, locker rental, silo, quonset, refrigerated storage terminal"
PRNR202600886,New Commercial,2026-07-16 00:00:00,Commercial,New construction,915000,0,1,,102 SOLOMON DRIVE | 110 SOLOMON DRIVE,Address,Industrial Ross,MATT BORTIS - 3TWENTY,Contractor,"460-Storage building; warehouse (for storage purposes only), industrial mall, grain elevator, locker rental, silo, quonset, refrigerated storage terminal"
PRNR202600887,New Commercial,2026-07-16 00:00:00,Commercial,New construction,915000,0,1,,102 SOLOMON DRIVE | 110 SOLOMON DRIVE,Address,Industrial Ross,MATT BORTIS - 3TWENTY,Contractor,"460-Storage building; warehouse (for storage purposes only), industrial mall, grain elevator, locker rental, silo, quonset, refrigerated storage terminal"
PRNR202600892,New Commercial,2026-07-16 00:00:00,Commercial,New construction,915000,0,1,,102 SOLOMON DRIVE | 110 SOLOMON DRIVE,Address,Industrial Ross,MATT BORTIS - 3TWENTY,Contractor,"460-Storage building; warehouse (for storage purposes only), industrial mall, grain elevator, locker rental, silo, quonset, refrigerated storage terminal"
PRNR202600894,New Commercial,2026-07-16 00:00:00,Commercial,New construction,915000,0,1,,102 SOLOMON DRIVE | 110 SOLOMON DRIVE,Address,Industrial Ross,MATT BORTIS - 3TWENTY,Contractor,"460-Storage building; warehouse (for storage purposes only), industrial mall, grain elevator, locker rental, silo, quonset, refrigerated storage terminal"
PRRN202600178,Renovation/Alteration,2026-07-16 00:00:00,Commercial,Alteration and improvements,95000,0,1,,"1935 ELPHINSTONE STREET, REGINA, SK S4T3N3",Address,Old 33,CONSTRUCTION ASSOCIATION OF SASKATCHEWAN  INCORPORATED,Property Owner,"520-Office building; consultant’s office, doctor’s office, insurance company, bank, taxi stand, office/cafeteria, office/smoke shop"
PRRN202601118,Renovation/Alteration,2026-07-16 00:00:00,Commercial,Alteration and improvements,150000,0,4,,"2151 SCARTH STREET, REGINA, SK S4P2H8",Address,Old 33,2151 SCARTH STREET HOLDINGS INC.,Property Owner,"520-Office building; consultant’s office, doctor’s office, insurance company, bank, taxi stand, office/cafeteria, office/smoke shop"
PRRN202601798,Renovation/Alteration,2026-07-16 00:00:00,Residential,Alteration and improvements,100000,0,0,,"3803 BOW BAY, REGINA, SK S4S7E1",Address,Albert Park,ETHOS CONSTRUCTION,Contractor,"110-Single House, single detached home, bungalow, linked home (linked at the foundation), single family dwelling"
PRRN202601803,Renovation/Alteration,2026-07-16 00:00:00,Commercial,Alteration and improvements,417282,0,0,,"2625 VICTORIA AVENUE, REGINA, SK S4T7T9",Address,Old 33,BUNGE CANADA INC.,Property Owner,"520-Office building; consultant’s office, doctor’s office, insurance company, bank, taxi stand, office/cafeteria, office/smoke shop"
PRRN202601860,Renovation/Alteration,2026-07-16 00:00:00,Residential,Alteration and improvements,9000,0,0,,"518 UPLAND DRIVE, REGINA, SK S4R6E3",Address,Uplands,PREMIERE HOME IMPROVEMENTS,Contractor,"110-Single House, single detached home, bungalow, linked home (linked at the foundation), single family dwelling"
PRSS202601817,Secondary Suite,2026-07-16 00:00:00,Residential,Alteration and improvements,50000,1,0,,"8657 WHEAT CRESCENT, REGINA, SK S4Y0H3",Address,Westerra,LUCKY LINKS BUILDING SERVICES LTD. - LUCKY ALUGE,Contractor,"110-Single House, single detached home, bungalow, linked home (linked at the foundation), single family dwelling"
PRSS202601864,Secondary Suite,2026-07-16 00:00:00,Residential,Alteration and improvements,65000,1,0,,"5488 AERIAL CRESCENT, REGINA, SK S4W0C9",Address,Harbour Landing,PUNJAB RENOVATIONS CONTRACTORS LTD,Contractor,"110-Single House, single detached home, bungalow, linked home (linked at the foundation), single family dwelling"
PRTN202601874,Tent / Temporary Structure,2026-07-16 00:00:00,Commercial,Other,12987.86,0,0,,2190 VICTORIA AVENUE,Address,Old 33,RUGGIERI LIGHTING AND STAGING LTD.,Contractor,Not Applicable
PRBS202601716,Basement Development,2026-07-17 00:00:00,Residential,Alteration and improvements,45000,0,0,,"1772 ROTHWELL STREET, REGINA, SK S4N2B9",Address,Glen Elm Park,CREEK CONSTRUCTION,Contractor,"210-Semi-Detached or Double House, single attached home"
PRDK202601833,Deck/Sunroom,2026-07-17 00:00:00,Residential,Alteration and improvements,10000,0,0,,"1929 ROBINSON STREET, REGINA, SK S4T2P4",Address,Old 33,AG WESTERN CONSTRUCTION,Contractor,"110-Single House, single detached home, bungalow, linked home (linked at the foundation), single family dwelling"
PRFR202601902,Foundation Repair,2026-07-17 00:00:00,Residential,Alteration and improvements,6000,0,0,,"1706 E LAURIER CRESCENT, REGINA, SK S4V1H4",Address,Gardiner Park,REDACTED,Property Owner,"110-Single House, single detached home, bungalow, linked home (linked at the foundation), single family dwelling"
PRFR202601905,Foundation Repair,2026-07-17 00:00:00,Residential,Alteration and improvements,13000,0,0,,"890 N SAMUELS CRESCENT, REGINA, SK S4X2L5",Address,Mccarthy Park,REDACTED,Property Owner,"110-Single House, single detached home, bungalow, linked home (linked at the foundation), single family dwelling"
PRFR202601932,Foundation Repair,2026-07-17 00:00:00,Residential,Alteration and improvements,12000,0,0,,"4047 ARGYLE STREET, REGINA, SK S4S3L5",Address,Parliament Place,REDACTED,Property Owner,"110-Single House, single detached home, bungalow, linked home (linked at the foundation), single family dwelling"
PRGA202601866,Garage/Carport,2026-07-17 00:00:00,Residential,Garage/Carport/Accessory Structure,23000,0,0,,"5160 E BUCKINGHAM DRIVE, REGINA, SK S4V3W2",Address,The Towns,REDACTED,Property Owner,"110-Single House, single detached home, bungalow, linked home (linked at the foundation), single family dwelling"
PRPO202601996,Pool,2026-07-17 00:00:00,Residential,Alteration and improvements,400,0,0,,"4486 NICURITY DRIVE, REGINA, SK S4X0C3",Address,Lakeridge,REDACTED,Property Owner,"110-Single House, single detached home, bungalow, linked home (linked at the foundation), single family dwelling"
PRRN202601339,Renovation/Alteration,2026-07-17 00:00:00,Commercial,Alteration and improvements,1924376,0,20,,"1881 SCARTH STREET, Unit:HDR, REGINA, SK S4P4L1",Address,Old 33,PCL CONSTRUCTION - ADAM KING,Contractor,"520-Office building; consultant’s office, doctor’s office, insurance company, bank, taxi stand, office/cafeteria, office/smoke shop"
PRRN202601465,Renovation/Alteration,2026-07-17 00:00:00,Residential,Alteration and improvements,300000,0,0,,"5036 WASCANA VISTA COURT, REGINA, SK S4V2S2",Address,Wascana View,CREEK CONSTRUCTION,Contractor,"110-Single House, single detached home, bungalow, linked home (linked at the foundation), single family dwelling"
PRRN202601532,Renovation/Alteration,2026-07-17 00:00:00,Commercial,Alteration and improvements,192007.8,0,2,,"2311 12TH AVENUE, REGINA, SK S4P0N3",Address,Old 33,REGINA PUBLIC LIBRARY,Property Owner,"630-Library, museum, art gallery, aquarium, botanical garden, archive building, scientific center"
PRRN202601872,Renovation/Alteration,2026-07-17 00:00:00,Commercial,Alteration and improvements,200000,0,3,,"4255 ALBERT STREET, REGINA, SK S4S3R6",Address,Whitmore Park,CALIBER CONSTRUCTION GROUP - TRAVIS TAYLOR,Contractor,"530-Hotel, hotel/motel, motor hotel"
PRSF202601523,Single/Semi-Detached Dwelling 1-2 units,2026-07-17 00:00:00,Residential,New construction,300000,2,2,,"3067 DUMONT WAY, REGINA, SK S4V4E3",Address,The Towns,D ACE CUSTOM PROJECTS LTD.,Contractor,"110-Single House, single detached home, bungalow, linked home (linked at the foundation), single family dwelling"
PRSS202601720,Secondary Suite,2026-07-17 00:00:00,Residential,Alteration and improvements,60000,1,0,,"5525 KENNETT SQUARE, REGINA, SK S4V4C6",Address,The Towns,REDACTED,Property Owner,"330-Row House, garden home, town house, carriage home, quadrex"
PRSS202601830,Secondary Suite,2026-07-17 00:00:00,Residential,Alteration and improvements,60000,1,0,,"3119 BOWEN STREET, REGINA, SK S4V4C6",Address,The Towns,REDACTED,Property Owner,"110-Single House, single detached home, bungalow, linked home (linked at the foundation), single family dwelling"
PRBS202601808,Basement Development,2026-07-18 00:00:00,Residential,Alteration and improvements,65000,0,0,,"2734 PARK STREET, REGINA, SK S4N2H5",Address,Assiniboia East,REDACTED,Property Owner,"110-Single House, single detached home, bungalow, linked home (linked at the foundation), single family dwelling"
PRFR202601943,Foundation Repair,2026-07-19 00:00:00,Residential,Alteration and improvements,71000,0,0,,"2458 E BOLEN BAY, REGINA, SK S4V0V6",Address,Wood Meadows,RAMJACK SASKATCHEWAN,Contractor,"110-Single House, single detached home, bungalow, linked home (linked at the foundation), single family dwelling"
PRDK202601641,Deck/Sunroom,2026-07-20 00:00:00,Residential,Alteration and improvements,45000,0,0,,"58 ACADEMY PARK ROAD, REGINA, SK S4S4T7",Address,Whitmore Park,DANA KLEIN CONSTRUCTION,Contractor,"110-Single House, single detached home, bungalow, linked home (linked at the foundation), single family dwelling"
PRFR202601854,Foundation Repair,2026-07-20 00:00:00,Residential,Alteration and improvements,4700,0,0,,"8068 STRUTHERS CRESCENT, REGINA, SK S4Y1J3",Address,Westhill Park,JS GROUP OF COMPANIES,Contractor,"110-Single House, single detached home, bungalow, linked home (linked at the foundation), single family dwelling"
PRFR202601875,Foundation Repair,2026-07-20 00:00:00,Residential,Alteration and improvements,85000,0,0,,"2722 ABBOTT ROAD, REGINA, SK S4N2J6",Address,Assiniboia East,REGINA BASEMENT BRACING - COLE CROWLEY,Contractor,"110-Single House, single detached home, bungalow, linked home (linked at the foundation), single family dwelling"
PRRN202601821,Renovation/Alteration,2026-07-20 00:00:00,Commercial,Alteration and improvements,92488.26,0,1,,"4223 DEWDNEY AVENUE, REGINA, SK S4T1A9",Address,Cpr Annex,DR. PATEL`S  MEDICAL PROFESSIONAL CORPORATION,Property Owner,"540-Restaurant, bar, tavern, night club, diner, donut shop"
PRRN202601950,Renovation/Alteration,2026-07-20 00:00:00,Residential,Alteration and improvements,1000,0,0,,"452 OTTAWA STREET, REGINA, SK S4R1N9",Address,North Annex,JS GROUP OF COMPANIES,Contractor,"110-Single House, single detached home, bungalow, linked home (linked at the foundation), single family dwelling"
PRSF202601282,Single/Semi-Detached Dwelling 1-2 units,2026-07-20 00:00:00,Residential,New construction,1200000,1,1,,"2778 BRODER STREET, REGINA, SK S4N3T7",Address,Assiniboia  Place,ALAIR HOMES - ANDREW MANN,Contractor,"110-Single House, single detached home, bungalow, linked home (linked at the foundation), single family dwelling"
PRSF202601524,Single/Semi-Detached Dwelling 1-2 units,2026-07-20 00:00:00,Residential,New construction,300000,1,1,,"269 OTTAWA STREET, REGINA, SK S4R1N4",Address,North Annex,REDACTED,Property Owner,"110-Single House, single detached home, bungalow, linked home (linked at the foundation), single family dwelling"
PRSF202601537,Single/Semi-Detached Dwelling 1-2 units,2026-07-20 00:00:00,Residential,New construction,529000,1,2,,"2920 GREEN TURTLE ROAD, REGINA, SK S4V4G5",Address,The Towns,HOMES BY DREAM,Contractor,"110-Single House, single detached home, bungalow, linked home (linked at the foundation), single family dwelling"
PRBS202601961,Basement Development,2026-07-21 00:00:00,Residential,Alteration and improvements,40000,0,0,,"4666 SHUMIATCHER CRESCENT, REGINA, SK S4X0B7",Address,Lakeridge,REDACTED,Property Owner,"110-Single House, single detached home, bungalow, linked home (linked at the foundation), single family dwelling"
PRDK202600998,Deck/Sunroom,2026-07-21 00:00:00,Residential,Alteration and improvements,30000,0,0,,"3582 HAZEL GROVE, REGINA, SK S4V2T5",Address,Woodland Grove,JAGG CONSTRUCTION LTD.,Contractor,"110-Single House, single detached home, bungalow, linked home (linked at the foundation), single family dwelling"
PRDK202601008,Deck/Sunroom,2026-07-21 00:00:00,Residential,Alteration and improvements,20000,0,0,,"2814 KUTARNA CRESCENT, REGINA, SK S4V0T1",Address,Wood Meadows,JAGG CONSTRUCTION LTD.,Contractor,"110-Single House, single detached home, bungalow, linked home (linked at the foundation), single family dwelling"
PRDK202601952,Deck/Sunroom,2026-07-21 00:00:00,Residential,Alteration and improvements,3500,0,0,,"5209 E GREEN CRESCENT, REGINA, SK S4V3S9",Address,The Greens on Gardin,REDACTED,Property Owner,"110-Single House, single detached home, bungalow, linked home (linked at the foundation), single family dwelling"
PRFR202602011,Foundation Repair,2026-07-21 00:00:00,Residential,Alteration and improvements,5800,0,0,,"2724 24TH AVENUE, REGINA, SK S4S1J5",Address,Lakeview Place,JS GROUP OF COMPANIES,Contractor,"110-Single House, single detached home, bungalow, linked home (linked at the foundation), single family dwelling"
PRGA202601844,Garage/Carport,2026-07-21 00:00:00,Residential,Garage/Carport/Accessory Structure,15000,0,0,,"66 RENDEK CRESCENT, REGINA, SK S4X1B8",Address,Normanview W. Addn.,REDACTED,Property Owner,"110-Single House, single detached home, bungalow, linked home (linked at the foundation), single family dwelling"
PRRN202600960,Renovation/Alteration,2026-07-21 00:00:00,Commercial,Alteration and improvements,35000,0,1,,"1568 ANGUS STREET, REGINA, SK S4T1Z1",Address,Old 33,SHIRDI SAI BABA FOUNDATION REGINA INCORPORATED,Property Owner,"660-Religious building; church, cathedral, temple, citadel, synagogue"
PRRN202601889,Renovation/Alteration,2026-07-21 00:00:00,Residential,Alteration and improvements,3000,0,0,,"18 BOLE PLACE, REGINA, SK S4S3W7",Address,Hillsdale,REDACTED,Property Owner,"110-Single House, single detached home, bungalow, linked home (linked at the foundation), single family dwelling"
PRSF202601309,Single/Semi-Detached Dwelling 1-2 units,2026-07-21 00:00:00,Residential,New construction,675000,2,2,,"2600 CAMERON STREET, REGINA, SK S4T2W4",Address,Riverside,CAESAR HOMES,Contractor,"110-Single House, single detached home, bungalow, linked home (linked at the foundation), single family dwelling"
PRSF202601535,Single/Semi-Detached Dwelling 1-2 units,2026-07-21 00:00:00,Residential,New construction,506300,1,2,,"2916 GREEN TURTLE ROAD, REGINA, SK S4V4G5",Address,The Towns,HOMES BY DREAM,Contractor,"110-Single House, single detached home, bungalow, linked home (linked at the foundation), single family dwelling"
PRSF202601827,Single/Semi-Detached Dwelling 1-2 units,2026-07-21 00:00:00,Residential,New construction,420000,2,2,,"2169 MCARA STREET, REGINA, SK S4N2V9",Address,Broders Annex,TURK CONSTRUCTION - MATT,Contractor,"110-Single House, single detached home, bungalow, linked home (linked at the foundation), single family dwelling"
PRSF202601919,Single/Semi-Detached Dwelling 1-2 units,2026-07-21 00:00:00,Residential,New construction,645000,1,2,,"2957 GREEN TURTLE ROAD, REGINA, SK S4V4G4",Address,The Towns,HOMES BY DREAM,Contractor,"110-Single House, single detached home, bungalow, linked home (linked at the foundation), single family dwelling"
PRSS202601879,Secondary Suite,2026-07-21 00:00:00,Residential,Alteration and improvements,53000,1,0,,"8606 WHEAT CRESCENT, REGINA, SK S4Y0H3",Address,Westerra,LUCKY LINKS BUILDING SERVICES LTD. - LUCKY ALUGE,Contractor,"210-Semi-Detached or Double House, single attached home"
PRSS202601926,Secondary Suite,2026-07-21 00:00:00,Residential,Alteration and improvements,50000,1,0,,"5505 E BUCKINGHAM DRIVE, REGINA, SK S4V4B5",Address,The Towns,TEMPUS CONSTRUCTIONS,Contractor,"330-Row House, garden home, town house, carriage home, quadrex"
PRFR202602009,Foundation Repair,2026-07-22 00:00:00,Residential,Alteration and improvements,10000,0,0,,"15 RUTLEY STREET, REGINA, SK S4R5Y5",Address,Uplands,MY WORKFORCE SOLUTIONS INC.,Contractor,"110-Single House, single detached home, bungalow, linked home (linked at the foundation), single family dwelling"
PRFR202602018,Foundation Repair,2026-07-22 00:00:00,Residential,Alteration and improvements,38450,0,0,,"2634 E THORNICROFT BAY, REGINA, SK S4V0T8",Address,Gardiner Park,GCA CONSTRUCTION,Contractor,"110-Single House, single detached home, bungalow, linked home (linked at the foundation), single family dwelling"
PRFR202602019,Foundation Repair,2026-07-22 00:00:00,Residential,Alteration and improvements,41000,0,0,,"1941 RAE STREET, REGINA, SK S4T2E4",Address,Old 33,AKTA FOUNDATION REPAIR,Contractor,"110-Single House, single detached home, bungalow, linked home (linked at the foundation), single family dwelling"
PRFR202602022,Foundation Repair,2026-07-22 00:00:00,Residential,Alteration and improvements,41400,0,0,,"25 HALLERAN CRESCENT, REGINA, SK S4R3Z3",Address,Coronation Park N.,AAA SOLID FOUNDATION,Contractor,"110-Single House, single detached home, bungalow, linked home (linked at the foundation), single family dwelling"
PRGA202601812,Garage/Carport,2026-07-22 00:00:00,Residential,Garage/Carport/Accessory Structure,10000,0,0,,"2242 KING STREET, REGINA, SK S4T4H1",Address,Old 33,REILLYS RENOVATIONS,Contractor,"110-Single House, single detached home, bungalow, linked home (linked at the foundation), single family dwelling"
PRGA202601972,Garage/Carport,2026-07-22 00:00:00,Residential,Garage/Carport/Accessory Structure,35000,0,0,,"2409 GORDON ROAD, REGINA, SK S4S4M4",Address,Whitmore Park,BOUSS CONSTRUCTION INC.,Contractor,"110-Single House, single detached home, bungalow, linked home (linked at the foundation), single family dwelling"
PRGA202601979,Garage/Carport,2026-07-22 00:00:00,Residential,Garage/Carport/Accessory Structure,30000,0,0,,"1917 BRODER STREET, REGINA, SK S4N3R9",Address,Arcola Sub,REDACTED,Property Owner,"110-Single House, single detached home, bungalow, linked home (linked at the foundation), single family dwelling"
PRRN202601321,Renovation/Alteration,2026-07-22 00:00:00,Commercial,Alteration and improvements,95000,0,1,,"6250 ROCHDALE BOULEVARD, REGINA, SK S4X4K8",Address,Lakewood,CHRIS DIZY HOLDINGS LTD. | KOMAX ENTERPRISES INC.,Property Owner,"512-Retail complex; plaza, mall, shopping centre, store/office building"
PRRN202601930,Renovation/Alteration,2026-07-22 00:00:00,Residential,Alteration and improvements,48000,0,0,,"3312 GRANT ROAD, REGINA, SK S4S5H5",Address,Whitmore Park,BOUSS CONSTRUCTION INC.,Contractor,"110-Single House, single detached home, bungalow, linked home (linked at the foundation), single family dwelling"
PRRN202601942,Renovation/Alteration,2026-07-22 00:00:00,Residential,Alteration and improvements,6500,0,0,,"2822 SINTON AVENUE, REGINA, SK S4S1K3",Address,Lakeview Centre,REDACTED,Property Owner,"110-Single House, single detached home, bungalow, linked home (linked at the foundation), single family dwelling"
PRSF202601363,Single/Semi-Detached Dwelling 1-2 units,2026-07-22 00:00:00,Residential,New construction,1000000,1,2,,"3025 CAMERON STREET, REGINA, SK S4S1W6",Address,Lakeview,RIPPLINGER HOMES LTD,Contractor,"110-Single House, single detached home, bungalow, linked home (linked at the foundation), single family dwelling"
PRTN202602008,Tent / Temporary Structure,2026-07-22 00:00:00,Commercial,Other,113763,0,0,,"1700 ELPHINSTONE STREET, REGINA, SK S4P2Z6",Address,Old 33,SPECIAL EVENTS RENTALS - KARSON,Contractor,Not Applicable
PRTN202602021,Tent / Temporary Structure,2026-07-22 00:00:00,Commercial,Other,0,0,0,,1570 MCTAVISH STREET,Address,Old 33,SPECIAL EVENTS RENTALS - KARSON,Contractor,Not Applicable
PRBS202601719,Basement Development,2026-07-23 00:00:00,Residential,Alteration and improvements,10000,0,0,,"1609 N MAPLE ROSE CRESCENT, REGINA, SK S4X0J6",Address,Maple Ridge,REDACTED,Property Owner,"110-Single House, single detached home, bungalow, linked home (linked at the foundation), single family dwelling"
PRBS202601743,Basement Development,2026-07-23 00:00:00,Residential,Alteration and improvements,25000,0,0,,"3120 6TH AVENUE N, REGINA, SK S4R0P5",Address,Coronation Park N.,REDACTED,Property Owner,"110-Single House, single detached home, bungalow, linked home (linked at the foundation), single family dwelling"
PRBS202601796,Basement Development,2026-07-23 00:00:00,Residential,Alteration and improvements,12500,0,0,,"5109 JIM CAIRNS BOULEVARD, REGINA, SK S4W0G1",Address,Harbour Landing,HALCYON CASCADE CONSTRUCTION GROUP LTD,Contractor,"330-Row House, garden home, town house, carriage home, quadrex"
PRGA202601659,Garage/Carport,2026-07-23 00:00:00,Residential,Garage/Carport/Accessory Structure,19224.25,0,0,,"5041 CORNELL GATE, REGINA, SK S4W0J2",Address,Harbour Landing,REDACTED,Property Owner,"210-Semi-Detached or Double House, single attached home"
PRGA202601751,Garage/Carport,2026-07-23 00:00:00,Residential,Garage/Carport/Accessory Structure,30000,0,0,,"23 HIND STREET, REGINA, SK S4X1P9",Address,Sherwood Estates,REDACTED,Property Owner,"110-Single House, single detached home, bungalow, linked home (linked at the foundation), single family dwelling"
PRRN202600492,Renovation/Alteration,2026-07-23 00:00:00,Commercial,Alteration and improvements,90304.61,0,1,,"1711 E DEWDNEY AVENUE, REGINA, SK S4N4N6",Address,Glencairn,KOUROS HOLDINGS LTD.,Property Owner,"512-Retail complex; plaza, mall, shopping centre, store/office building"
PRRN202601485,Renovation/Alteration,2026-07-23 00:00:00,Commercial,Alteration and improvements,900000,0,2,,"2300 DEWDNEY AVENUE, REGINA, SK S4R1H5",Address,Old 33,2300 DEWDNEY HOLDINGS LTD.,Property Owner,"520-Office building; consultant’s office, doctor’s office, insurance company, bank, taxi stand, office/cafeteria, office/smoke shop"
PRSF202600735,Single/Semi-Detached Dwelling 1-2 units,2026-07-23 00:00:00,Residential,New construction,220000,1,1,,"1444 EDWARD STREET, REGINA, SK S4T4M8",Address,Belvedere,REDACTED,Property Owner,"110-Single House, single detached home, bungalow, linked home (linked at the foundation), single family dwelling"
PRSS202601945,Secondary Suite,2026-07-23 00:00:00,Residential,Alteration and improvements,53000,1,0,,"3072 DUMONT WAY, REGINA, SK S4V4E3",Address,The Towns,LUCKY LINKS BUILDING SERVICES LTD. - LUCKY ALUGE,Contractor,"110-Single House, single detached home, bungalow, linked home (linked at the foundation), single family dwelling"
PRTN202601935,Tent / Temporary Structure,2026-07-23 00:00:00,Commercial,Other,11000,0,0,,"1700 ELPHINSTONE STREET, REGINA, SK S4P2Z6",Address,Old 33,CITY OF REGINA,Property Owner,Not Applicable
PRDK202602015,Deck/Sunroom,2026-07-24 00:00:00,Residential,Alteration and improvements,5613.45,0,0,,"1231 N BROAD STREET, REGINA, SK S4R6V8",Address,Uplands,REDACTED,Property Owner,"110-Single House, single detached home, bungalow, linked home (linked at the foundation), single family dwelling"
PRMU202503600,Multi-Unit Dwelling 3+ Units,2026-07-24 00:00:00,Commercial,New construction,2000000,42,3,,"1855 MONTREAL STREET, REGINA, SK S4P1L2",Address,Old 33,REDACTED,Property Owner,315-Apartment - Condominium
PRRN202601922,Renovation/Alteration,2026-07-24 00:00:00,Commercial,Alteration and improvements,160000,0,2,,"2225 SANDRA SCHMIRLER WAY, REGINA, SK S4W1B6",Address,Cpr Annex,TYMARK CONSTRUCTION - TYLER KORCHINSKI,Contractor,"560-Indoor recreational building; sports complex, tennis court and squash, community center, arena, curling club, swimming pool"
PRSF202601982,Single/Semi-Detached Dwelling 1-2 units,2026-07-24 00:00:00,Residential,New construction,357720,2,2,,"4792 FERNDALE CRESCENT, REGINA, SK S4V4A5 | 4796 FERNDALE CRESCENT, REGINA, SK S4V4A5",Address,The Towns,ROHIT COMMUNITIES INC.,Contractor,"210-Semi-Detached or Double House, single attached home"
PRSF202601983,Single/Semi-Detached Dwelling 1-2 units,2026-07-24 00:00:00,Residential,New construction,320650,2,2,,"4800 FERNDALE CRESCENT, REGINA, SK S4V4A5 | 4804 FERNDALE CRESCENT, REGINA, SK S4V4A5",Address,The Towns,ROHIT COMMUNITIES INC. - OKSANA SHEMCHUK,Contractor,"210-Semi-Detached or Double House, single attached home"
PRSF202601984,Single/Semi-Detached Dwelling 1-2 units,2026-07-24 00:00:00,Residential,New construction,313170,2,2,,"4808 FERNDALE CRESCENT, REGINA, SK S4V4A5 | 4812 FERNDALE CRESCENT, REGINA, SK S4V4A5",Address,The Towns,ROHIT COMMUNITIES INC.,Contractor,"210-Semi-Detached or Double House, single attached home"
PRAH202601533,Alternative Family Care Home,2026-07-27 00:00:00,Residential,Alteration and improvements,2000,0,0,,"3402 4TH AVENUE N, REGINA, SK S4R0V9",Address,Regent Park,REDACTED,Property Owner,"110-Single House, single detached home, bungalow, linked home (linked at the foundation), single family dwelling"
PRBS202602032,Basement Development,2026-07-27 00:00:00,Residential,Alteration and improvements,50000,0,0,,"4432 SAGE DRIVE, REGINA, SK S4V3L3",Address,The Creeks,CREEK CONSTRUCTION,Contractor,"110-Single House, single detached home, bungalow, linked home (linked at the foundation), single family dwelling"
PRDE202601840,Demolition,2026-07-27 00:00:00,Residential,Demolition,10000,0,0,,"3 CATHEDRAL DRIVE, REGINA, SK S4S4Y4",Address,Whitmore Park,PEBERDY CONSTRUCTION,Contractor,"110-Single House, single detached home, bungalow, linked home (linked at the foundation), single family dwelling"
PRDK202601772,Deck/Sunroom,2026-07-27 00:00:00,Residential,Alteration and improvements,7215,0,0,,"2948 WELBY WAY, REGINA, SK S4V4A2",Address,The Towns,WORTH BUILDING AND LANDSCAPE,Contractor,"210-Semi-Detached or Double House, single attached home"
PRDK202602003,Deck/Sunroom,2026-07-27 00:00:00,Residential,Alteration and improvements,65000,0,0,,"3022 ZARAN CRESCENT, REGINA, SK S4V1Y3",Address,Gardiner Heights,LAKEVIEW DEVELOPMENTS  LTD.,Contractor,"110-Single House, single detached home, bungalow, linked home (linked at the foundation), single family dwelling"
PRFR202601913,Foundation Repair,2026-07-27 00:00:00,Residential,Alteration and improvements,60000,0,0,,"5921 KOEP AVENUE, REGINA, SK S4X0H5",Address,Skyview,RSR CONSTRUCTION  TERRY PAUN,Contractor,"110-Single House, single detached home, bungalow, linked home (linked at the foundation), single family dwelling"
PRGA202601841,Garage/Carport,2026-07-27 00:00:00,Residential,Garage/Carport/Accessory Structure,160000,0,0,,"3 CATHEDRAL DRIVE, REGINA, SK S4S4Y4",Address,Whitmore Park,PEBERDY CONSTRUCTION,Contractor,"110-Single House, single detached home, bungalow, linked home (linked at the foundation), single family dwelling"
PRGA202601948,Garage/Carport,2026-07-27 00:00:00,Residential,Garage/Carport/Accessory Structure,35000,0,0,,"182 ELMVIEW ROAD, REGINA, SK S4R6B4",Address,Parkview,BOUSS CONSTRUCTION INC.,Contractor,"110-Single House, single detached home, bungalow, linked home (linked at the foundation), single family dwelling"
PRRN202601765,Renovation/Alteration,2026-07-27 00:00:00,Institutional,Alteration and improvements,35000,0,6,,"3769 WASCANA PARKWAY, REGINA, SK S4S0A2",Address,Wascana Park,THE UNIVERSITY OF REGINA,Property Owner,"630-Library, museum, art gallery, aquarium, botanical garden, archive building, scientific center"
PRRN202602000,Renovation/Alteration,2026-07-27 00:00:00,Residential,Alteration and improvements,3700,0,0,,"19 MITCHELL CRESCENT, REGINA, SK S4R5G5",Address,Normanview,TRIPLE R CONCRETE CUTTING,Contractor,"110-Single House, single detached home, bungalow, linked home (linked at the foundation), single family dwelling"
PRSF202601164,Single/Semi-Detached Dwelling 1-2 units,2026-07-27 00:00:00,Residential,New construction,475000,2,1,,"3723 DEWDNEY AVENUE, REGINA, SK S4T0Z8",Address,Old 33,REDACTED,Property Owner,"110-Single House, single detached home, bungalow, linked home (linked at the foundation), single family dwelling"
PRSF202601829,Single/Semi-Detached Dwelling 1-2 units,2026-07-27 00:00:00,Residential,New construction,300000,2,2,,"3260 GREEN WATER DRIVE, REGINA, SK S4V3R5",Address,The Towns,FOUR SEASONS CONSTRUCTION AND RENOVATIONS INC.,Contractor,"110-Single House, single detached home, bungalow, linked home (linked at the foundation), single family dwelling"
PRSF202601981,Single/Semi-Detached Dwelling 1-2 units,2026-07-27 00:00:00,Residential,New construction,357720,2,2,,"4784 FERNDALE CRESCENT, REGINA, SK S4V4A5 | 4788 FERNDALE CRESCENT, REGINA, SK S4V4A5",Address,The Towns,ROHIT COMMUNITIES INC.,Contractor,"210-Semi-Detached or Double House, single attached home"
PRSF202601986,Single/Semi-Detached Dwelling 1-2 units,2026-07-27 00:00:00,Residential,New construction,320650,2,2,,"4816 FERNDALE CRESCENT, REGINA, SK S4V4A5 | 4820 FERNDALE CRESCENT, REGINA, SK S4V4A3",Address,The Towns,ROHIT COMMUNITIES INC.,Contractor,"210-Semi-Detached or Double House, single attached home"
PRSF202601987,Single/Semi-Detached Dwelling 1-2 units,2026-07-27 00:00:00,Residential,New construction,330110,2,2,,"4824 FERNDALE CRESCENT, REGINA, SK S4V4A3 | 4828 FERNDALE CRESCENT, REGINA, SK S4V4A3",Address,The Towns,ROHIT COMMUNITIES INC.,Contractor,"210-Semi-Detached or Double House, single attached home"
PRSF202601989,Single/Semi-Detached Dwelling 1-2 units,2026-07-27 00:00:00,Residential,New construction,357720,2,2,,"4832 FERNDALE CRESCENT, REGINA, SK S4V4A3 | 4836 FERNDALE CRESCENT, REGINA, SK S4V4A3",Address,The Towns,ROHIT COMMUNITIES INC. - OKSANA SHEMCHUK,Contractor,"210-Semi-Detached or Double House, single attached home"
PRSF202601990,Single/Semi-Detached Dwelling 1-2 units,2026-07-27 00:00:00,Residential,New construction,320650,2,2,,"4840 FERNDALE CRESCENT, REGINA, SK S4V4A3 | 4844 FERNDALE CRESCENT, REGINA, SK S4V4A3",Address,The Towns,ROHIT COMMUNITIES INC.,Contractor,"210-Semi-Detached or Double House, single attached home"
PRSS202600922,Secondary Suite,2026-07-27 00:00:00,Residential,Alteration and improvements,65000,1,0,,"2811 SINTON AVENUE, REGINA, SK S4S1K4",Address,Lakeview Centre,REDACTED,Property Owner,"110-Single House, single detached home, bungalow, linked home (linked at the foundation), single family dwelling"
PRSS202601907,Secondary Suite,2026-07-27 00:00:00,Residential,Alteration and improvements,52170,1,0,,"3136 GREEN TURTLE ROAD, REGINA, SK S4V4C5",Address,The Towns,LUCKY LINKS BUILDING SERVICES LTD. - LUCKY ALUGE,Contractor,"110-Single House, single detached home, bungalow, linked home (linked at the foundation), single family dwelling"
PRSS202601944,Secondary Suite,2026-07-27 00:00:00,Residential,Alteration and improvements,50000,1,0,,"8604 WHEAT CRESCENT, REGINA, SK S4Y0H3",Address,Westerra,LUCKY LINKS BUILDING SERVICES LTD. - LUCKY ALUGE,Contractor,"210-Semi-Detached or Double House, single attached home"
PRSS202602020,Secondary Suite,2026-07-27 00:00:00,Residential,Alteration and improvements,53000,1,0,,"8786 WHEAT CRESCENT, REGINA, SK S4Y0H5",Address,Westerra,LUCKY LINKS BUILDING SERVICES LTD. - LUCKY ALUGE,Contractor,"110-Single House, single detached home, bungalow, linked home (linked at the foundation), single family dwelling"
PRDE202601698,Demolition,2026-07-28 00:00:00,Residential,Demolition,5800,0,0,,"2445 BRODER STREET, REGINA, SK S4N3T1",Address,Assiniboia  Place,REDACTED,Property Owner,"110-Single House, single detached home, bungalow, linked home (linked at the foundation), single family dwelling"
PRDE202601745,Demolition,2026-07-28 00:00:00,Residential,Demolition,15000,0,0,1,"1157 ARGYLE STREET, REGINA, SK S4T3R6",Address,Old 33,SILVERADO DEMO SERVICES,Contractor,"110-Single House, single detached home, bungalow, linked home (linked at the foundation), single family dwelling"
PRDE202601746,Demolition,2026-07-28 00:00:00,Residential,Demolition,15000,0,0,1,"1157 ARGYLE STREET, REGINA, SK S4T3R6",Address,Old 33,SILVERADO DEMO SERVICES,Contractor,"110-Single House, single detached home, bungalow, linked home (linked at the foundation), single family dwelling"
PRDE202602028,Demolition,2026-07-28 00:00:00,Residential,Demolition,3500,0,0,,"1649 TORONTO STREET, REGINA, SK S4P1M3",Address,Old 33,ADAIR'S DEMOLITION LTD.,Contractor,"110-Single House, single detached home, bungalow, linked home (linked at the foundation), single family dwelling"
PRDK202601686,Deck/Sunroom,2026-07-28 00:00:00,Residential,Addition,10000,0,0,,"8714 WHEAT CRESCENT, REGINA, SK S4Y0H8",Address,Westerra,REDACTED,Property Owner,"110-Single House, single detached home, bungalow, linked home (linked at the foundation), single family dwelling"
PRFR202601924,Foundation Repair,2026-07-28 00:00:00,Residential,Alteration and improvements,14795,0,0,,"3416 WASCANA STREET, REGINA, SK S4S2H3",Address,Lakeview South,AAA SOLID FOUNDATION,Contractor,"110-Single House, single detached home, bungalow, linked home (linked at the foundation), single family dwelling"
PRFR202602065,Foundation Repair,2026-07-28 00:00:00,Residential,Alteration and improvements,8500,0,0,,"5811 KIEV BAY, REGINA, SK S4X4C4",Address,Lakewood,TRIPLE R CONCRETE CUTTING,Contractor,"110-Single House, single detached home, bungalow, linked home (linked at the foundation), single family dwelling"
PRGA202601647,Garage/Carport,2026-07-28 00:00:00,Residential,Garage/Carport/Accessory Structure,25000,0,0,,"1330 BRODER STREET, REGINA, SK S4N3R5",Address,Eastern Annex,REDACTED,Property Owner,"110-Single House, single detached home, bungalow, linked home (linked at the foundation), single family dwelling"
PRGA202601740,Garage/Carport,2026-07-28 00:00:00,Residential,Garage/Carport/Accessory Structure,21000,0,0,,"2445 BRODER STREET, REGINA, SK S4N3T1",Address,Assiniboia  Place,REDACTED,Property Owner,"110-Single House, single detached home, bungalow, linked home (linked at the foundation), single family dwelling"
PRGA202601994,Garage/Carport,2026-07-28 00:00:00,Residential,Garage/Carport/Accessory Structure,75000,0,0,,"166 READ AVENUE, REGINA, SK S4T6P9",Address,Mount Royal,REDACTED,Property Owner,"110-Single House, single detached home, bungalow, linked home (linked at the foundation), single family dwelling"
PRGA202602058,Garage/Carport,2026-07-28 00:00:00,Residential,Garage/Carport/Accessory Structure,30000,0,0,,"4166 ELPHINSTONE STREET, REGINA, SK S4S3L2",Address,Parliament Place,BOUSS CONSTRUCTION INC.,Contractor,"110-Single House, single detached home, bungalow, linked home (linked at the foundation), single family dwelling"
PRMU202600788,Multi-Unit Dwelling 3+ Units,2026-07-28 00:00:00,Residential,New construction,2072784,14,2,,7710 WESTERRA WAY,Address,Westerra,AVANA DEVELOPMENTS INC.,Contractor,335-Row House - Condominium
PRMU202600789,Multi-Unit Dwelling 3+ Units,2026-07-28 00:00:00,Residential,New construction,1184448,8,2,,7710 WESTERRA WAY,Address,Westerra,AVANA DEVELOPMENTS INC.,Contractor,335-Row House - Condominium
PRRN202601887,Renovation/Alteration,2026-07-28 00:00:00,Institutional,Alteration and improvements,200000,0,2,,"102 MASSEY ROAD, REGINA, SK S4S4M9",Address,Hillsdale,BOARD OF EDUCATION OF THE REGINA SCHOOL DIVISION NO. 4 OF SASKATCHEWAN,Property Owner,"622-Secondary school, high school, junior high school"
PRBS202602075,Basement Development,2026-07-29 00:00:00,Residential,Alteration and improvements,52237.5,0,0,,"2070 E LAURIER BAY, REGINA, SK S4V0P6",Address,Gardiner Park,CHANGING SPACES - DARRELL STASUIK,Contractor,"110-Single House, single detached home, bungalow, linked home (linked at the foundation), single family dwelling"
PRBS202602103,Basement Development,2026-07-29 00:00:00,Residential,Alteration and improvements,70000,0,0,,"267 ROGERS ROAD, REGINA, SK S4S7C5",Address,Albert Park,REDACTED,Property Owner,"110-Single House, single detached home, bungalow, linked home (linked at the foundation), single family dwelling"
PRDE202601973,Demolition,2026-07-29 00:00:00,Residential,Demolition,17850,0,0,1,"50 ANGUS ROAD, REGINA, SK S4R8P6",Address,Coronation Park N.,THE GOVERNING COUNCIL OF THE SALVATION ARMY IN CANADA,Property Owner,"110-Single House, single detached home, bungalow, linked home (linked at the foundation), single family dwelling"
PRDE202602037,Demolition,2026-07-29 00:00:00,Residential,Demolition,900,0,0,,"45 STEWART AVENUE, REGINA, SK S4R4M5",Address,Regent Park,PREMIER CONSTRUCTION,Contractor,"110-Single House, single detached home, bungalow, linked home (linked at the foundation), single family dwelling"
PRFR202602090,Foundation Repair,2026-07-29 00:00:00,Residential,Alteration and improvements,30608.25,0,0,,"29 NATHAN STREET, REGINA, SK S4R4Z3",Address,Normanview,AAA SOLID FOUNDATION,Contractor,"110-Single House, single detached home, bungalow, linked home (linked at the foundation), single family dwelling"
PRFR202602091,Foundation Repair,2026-07-29 00:00:00,Residential,Alteration and improvements,12595,0,0,,"216 COLDWELL ROAD, REGINA, SK S4R4L2",Address,Regent Park,AAA SOLID FOUNDATION,Contractor,"110-Single House, single detached home, bungalow, linked home (linked at the foundation), single family dwelling"
PRGA202601865,Garage/Carport,2026-07-29 00:00:00,Residential,Garage/Carport/Accessory Structure,16900,0,0,,"1705 RED SPRING STREET, REGINA, SK S4Y0G4",Address,Westerra,REDACTED,Property Owner,"330-Row House, garden home, town house, carriage home, quadrex"
PRRN202601483,Renovation/Alteration,2026-07-29 00:00:00,Commercial,Alteration and improvements,500000,0,1,,"4533 PARLIAMENT AVENUE, REGINA, SK S4W0G3",Address,Harbour Landing,MDL REAL ESTATE INCOME FUND GP  INC.,Property Owner,"540-Restaurant, bar, tavern, night club, diner, donut shop"
PRRN202601862,Renovation/Alteration,2026-07-29 00:00:00,Commercial,Alteration and improvements,615000,0,1,,"5104 DONNELLY CRESCENT, REGINA, SK S4X4C9",Address,Garden Ridge,SASKATCHEWAN GOVERNMENT INSURANCE,Property Owner,"520-Office building; consultant’s office, doctor’s office, insurance company, bank, taxi stand, office/cafeteria, office/smoke shop"
PRRN202601910,Renovation/Alteration,2026-07-29 00:00:00,Residential,Alteration and improvements,65000,0,0,,"4316 DELHAYE WAY, REGINA, SK S4W0P8",Address,Harbour Landing,REDACTED,Property Owner,"110-Single House, single detached home, bungalow, linked home (linked at the foundation), single family dwelling"
PRBS202601920,Basement Development,2026-07-30 00:00:00,Residential,Alteration and improvements,16000,0,0,,"107 CARTER CRESCENT, REGINA, SK S4X2C8",Address,Normanview W. Addn.,REDACTED,Property Owner,"110-Single House, single detached home, bungalow, linked home (linked at the foundation), single family dwelling"
PRBS202602116,Basement Development,2026-07-30 00:00:00,Residential,Alteration and improvements,70000,0,0,,"50 POWELL PLACE, REGINA, SK S4S6R9",Address,Albert Park,REDACTED,Property Owner,"110-Single House, single detached home, bungalow, linked home (linked at the foundation), single family dwelling"
PRFR202602111,Foundation Repair,2026-07-30 00:00:00,Residential,Alteration and improvements,10989,0,0,,"2510 EDWARD STREET, REGINA, SK S4S0M8",Address,River Heights,AAA SOLID FOUNDATION,Contractor,"110-Single House, single detached home, bungalow, linked home (linked at the foundation), single family dwelling"
PRFR202602121,Foundation Repair,2026-07-30 00:00:00,Residential,Alteration and improvements,17000,0,0,,"342 CAMERON STREET, REGINA, SK S4R3R7",Address,Coronation Park,JS GROUP OF COMPANIES,Contractor,"110-Single House, single detached home, bungalow, linked home (linked at the foundation), single family dwelling"
PRGA202601378,Garage/Carport,2026-07-30 00:00:00,Residential,Garage/Carport/Accessory Structure,34500,0,0,,"3511 VICTORIA AVENUE, REGINA, SK S4T1M2",Address,Old 33,S. MILLER CONSTRUCTION SHANE MILLER,Contractor,"110-Single House, single detached home, bungalow, linked home (linked at the foundation), single family dwelling"
PRGA202601380,Garage/Carport,2026-07-30 00:00:00,Residential,Garage/Carport/Accessory Structure,41980.2,0,0,,"3031 VICTORIA AVENUE, REGINA, SK S4T1L1",Address,Old 33,S. MILLER CONSTRUCTION SHANE MILLER,Contractor,"110-Single House, single detached home, bungalow, linked home (linked at the foundation), single family dwelling"
PRGA202601382,Garage/Carport,2026-07-30 00:00:00,Residential,Garage/Carport/Accessory Structure,60084.3,0,0,,"3260 ATHOL STREET, REGINA, SK S4S1Y9",Address,Lakeview Centre,S. MILLER CONSTRUCTION SHANE MILLER,Contractor,"110-Single House, single detached home, bungalow, linked home (linked at the foundation), single family dwelling"
PRGA202602077,Garage/Carport,2026-07-30 00:00:00,Residential,Garage/Carport/Accessory Structure,17000,0,0,,"5320 E NICHOLSON AVENUE, REGINA, SK S4V4B6",Address,The Towns,REDACTED,Property Owner,"110-Single House, single detached home, bungalow, linked home (linked at the foundation), single family dwelling"
PRRN202600335,Renovation/Alteration,2026-07-30 00:00:00,Residential,Alteration and improvements,1000,0,0,,"321 19TH AVENUE, REGINA, SK S4N1G9",Address,Arnhem Place,ALAIR HOMES,Contractor,"110-Single House, single detached home, bungalow, linked home (linked at the foundation), single family dwelling"
PRRN202601409,Renovation/Alteration,2026-07-30 00:00:00,Commercial,Alteration and improvements,900000,0,7,,"1700 BROAD STREET, REGINA, SK S4P1X4",Address,Old 33,BROAD STREET HOTEL ONTARIO INC.,Property Owner,"530-Hotel, hotel/motel, motor hotel"
PRRN202601707,Renovation/Alteration,2026-07-30 00:00:00,Commercial,Alteration and improvements,400000,0,1,,"3750 CHUKA BOULEVARD, REGINA, SK S4V4C2",Address,The Greens on Gardin,102049625 SASKATCHEWAN LTD.,Property Owner,"512-Retail complex; plaza, mall, shopping centre, store/office building"
PRRN202601846,Renovation/Alteration,2026-07-30 00:00:00,Residential,Alteration and improvements,33053.75,0,0,,"110 LAVAL DRIVE, REGINA, SK S4V0B3",Address,University Park,CLARE PARKER HOMES INC.,Property Owner,"110-Single House, single detached home, bungalow, linked home (linked at the foundation), single family dwelling"
PRSF202601969,Single/Semi-Detached Dwelling 1-2 units,2026-07-30 00:00:00,Residential,New construction,298590,1,2,,4940 PADWICK ROAD,Address,Harbour Landing,EHRENBURG HOMES LTD.,Contractor,"110-Single House, single detached home, bungalow, linked home (linked at the foundation), single family dwelling"
PRTN202601918,Tent / Temporary Structure,2026-07-30 00:00:00,Commercial,Other,1000,0,0,,"1700 ELPHINSTONE STREET, REGINA, SK S4P2Z6",Address,Old 33,CITY OF REGINA,Property Owner,Not Applicable
PRAD202600874,Addition,2026-07-31 00:00:00,Residential,Addition to existing building commercial & residential,162764.85,0,0,,"2312 GARNET STREET, REGINA, SK S4T3A2",Address,Old 33,QUALITY DRIVEN CONSTRUCTION,Contractor,"110-Single House, single detached home, bungalow, linked home (linked at the foundation), single family dwelling"
PRDK202602085,Deck/Sunroom,2026-07-31 00:00:00,Residential,Alteration and improvements,7000,0,0,,"2059 PRINCESS STREET, REGINA, SK S4T3Z5",Address,Old 33,REDACTED,Property Owner,"110-Single House, single detached home, bungalow, linked home (linked at the foundation), single family dwelling"
PRDK202602099,Deck/Sunroom,2026-07-31 00:00:00,Residential,Alteration and improvements,7500,0,0,,"2913 WELBY WAY, REGINA, SK S4V4A4",Address,The Towns,LUCKY LINKS BUILDING SERVICES LTD. - LUCKY ALUGE,Contractor,"210-Semi-Detached or Double House, single attached home"
PRFR202602107,Foundation Repair,2026-07-31 00:00:00,Residential,Alteration and improvements,5400,0,0,,"25 BOLE PLACE, REGINA, SK S4S3W8",Address,Hillsdale,TRIPLE R CONCRETE CUTTING,Contractor,"110-Single House, single detached home, bungalow, linked home (linked at the foundation), single family dwelling"
PRFR202602122,Foundation Repair,2026-07-31 00:00:00,Residential,Alteration and improvements,6000,0,0,,"19 DIXON CRESCENT, REGINA, SK S4N1V3",Address,Glen Elm Park S.,JS GROUP OF COMPANIES,Contractor,"110-Single House, single detached home, bungalow, linked home (linked at the foundation), single family dwelling"
PRGA202601682,Garage/Carport,2026-07-31 00:00:00,Residential,Garage/Carport/Accessory Structure,30000,0,0,,"47 HASTINGS CRESCENT, REGINA, SK S4T7N5",Address,Normanview West,NU-FAB BUILDING PRODUCTS,Contractor,"110-Single House, single detached home, bungalow, linked home (linked at the foundation), single family dwelling"
PRGA202601868,Garage/Carport,2026-07-31 00:00:00,Residential,Garage/Carport/Accessory Structure,30000,0,0,,"2704 LACON STREET, REGINA, SK S4N2A7",Address,Dominion Heights,NORDWEST STUCCO LTD. - ERDAL SEZEN,Contractor,"110-Single House, single detached home, bungalow, linked home (linked at the foundation), single family dwelling"
PRRN202601810,Renovation/Alteration,2026-07-31 00:00:00,Residential,Alteration and improvements,300000,0,0,,"74 LOWRY PLACE, REGINA, SK S4S6C7",Address,Albert Park,TECHNIQUE CONSTRUCTION,Contractor,"110-Single House, single detached home, bungalow, linked home (linked at the foundation), single family dwelling"
PRRN202601914,Renovation/Alteration,2026-07-31 00:00:00,Commercial,Mechanical,168000,0,1,,"140 E 4TH AVENUE, REGINA, SK S4N4Z4",Address,Industrial Ross,NLF CANADA BUS PORTFOLIO GP INC.,Property Owner,"440-Transportation terminal; bus and truck terminal, airport, railway station"
PRSF202601971,Single/Semi-Detached Dwelling 1-2 units,2026-07-31 00:00:00,Residential,New construction,363525,1,2,,4948 PADWICK ROAD,Address,Harbour Landing,EHRENBURG HOMES - HANNAH UYTTERHAGEN,Contractor,"110-Single House, single detached home, bungalow, linked home (linked at the foundation), single family dwelling"
PRSS202601559,Secondary Suite,2026-07-31 00:00:00,Residential,Alteration and improvements,50000,1,0,,"2233 QUEEN STREET, REGINA, SK S4T4C6",Address,Old 33,REDACTED,Property Owner,"110-Single House, single detached home, bungalow, linked home (linked at the foundation), single family dwelling"
PRRN202601113,Renovation/Alteration,2026-08-02 00:00:00,Commercial,Alteration and improvements,123000,0,2,,"2625 3RD AVENUE, REGINA, SK S4T0C8",Address,Washington Park,PRECIOUS PROMISES  EARLY LEARNING CENTER INC.,Property Owner,"660-Religious building; church, cathedral, temple, citadel, synagogue"
PRRN202601941,Renovation/Alteration,2026-08-03 00:00:00,Residential,Alteration and improvements,10000,0,0,,"121 COMPTON ROAD, REGINA, SK S4S2Y4",Address,Albert Park,RBT CONSTRUCTION AND RENOVATIONS,Contractor,"110-Single House, single detached home, bungalow, linked home (linked at the foundation), single family dwelling"
PRBS202602055,Basement Development,2026-08-04 00:00:00,Residential,Alteration and improvements,95000,0,0,,"3516 GREEN LILY ROAD, REGINA, SK S4V3M8",Address,The Greens on Gardin,GRASSHOPPER CONSTRUCTION,Contractor,"110-Single House, single detached home, bungalow, linked home (linked at the foundation), single family dwelling"
PRDE202601962,Demolition,2026-08-04 00:00:00,Residential,Demolition,20000,0,0,1,"960 RAE STREET, REGINA, SK S4T2B4",Address,Washington Park,FIRST CHOICE EXCAVATION & DEMOLITION,Contractor,"110-Single House, single detached home, bungalow, linked home (linked at the foundation), single family dwelling"
PRFR202602127,Foundation Repair,2026-08-04 00:00:00,Residential,Alteration and improvements,4900,0,0,,"275 FROOM CRESCENT, REGINA, SK S4N1T2",Address,Glen Elm Park S.,JS GROUP OF COMPANIES,Contractor,"210-Semi-Detached or Double House, single attached home"
PRNR202600928,New Commercial,2026-08-04 00:00:00,Commercial,New construction,15311841,0,2,,"1301 N VANSTONE STREET, REGINA, SK S4X0N5",Address,Hawkstone,LEDCOR CONSTRUCTION LTD - TIM POECHMAN,Contractor,"572-Service station, repair garage and specialty shop; gasoline station, service station/car wash, muffler shop, transmission shop, service station/garage"
PRRN202601956,Renovation/Alteration,2026-08-04 00:00:00,Commercial,Alteration and improvements,185000,0,1,,2601 AVONHURST DRIVE,Address,Regent Park,MELCOR REIT GP INC.,Property Owner,"512-Retail complex; plaza, mall, shopping centre, store/office building"
PRRN202602002,Renovation/Alteration,2026-08-04 00:00:00,Residential,Alteration and improvements,20000,0,0,,"1427 N SIDLER DRIVE, REGINA, SK S4X4A6",Address,Lakewood,REDACTED,Property Owner,"110-Single House, single detached home, bungalow, linked home (linked at the foundation), single family dwelling"
PRRN202602083,Renovation/Alteration,2026-08-04 00:00:00,Residential,Alteration and improvements,10036.76,0,0,,"15 HALLERAN CRESCENT, REGINA, SK S4R3Z3",Address,Coronation Park N.,RESTOREX DISASTER RESTORATION,Contractor,"110-Single House, single detached home, bungalow, linked home (linked at the foundation), single family dwelling"
PRSS202601697,Secondary Suite,2026-08-04 00:00:00,Residential,Alteration and improvements,20000,1,0,,"504 SHANNON ROAD, REGINA, SK S4S5J5",Address,Whitmore Park,REDACTED,Property Owner,"110-Single House, single detached home, bungalow, linked home (linked at the foundation), single family dwelling"
PRSS202601726,Secondary Suite,2026-08-04 00:00:00,Residential,Alteration and improvements,60000,1,0,,"5214 E GREEN CRESCENT, REGINA, SK S4V3S9",Address,The Greens on Gardin,REDACTED,Property Owner,"110-Single House, single detached home, bungalow, linked home (linked at the foundation), single family dwelling"
PRSS202601895,Secondary Suite,2026-08-04 00:00:00,Residential,Alteration and improvements,60000,1,0,,"3208 FAVEL DRIVE, REGINA, SK S4V4B6",Address,The Towns,REDACTED,Property Owner,"110-Single House, single detached home, bungalow, linked home (linked at the foundation), single family dwelling"
PRSS202602098,Secondary Suite,2026-08-04 00:00:00,Residential,Alteration and improvements,60000,1,0,,"3024 KAUFMAN WAY, REGINA, SK S4V3Z5",Address,The Towns,REDACTED,Property Owner,"110-Single House, single detached home, bungalow, linked home (linked at the foundation), single family dwelling"
PRAD202601000,Addition,2026-08-05 00:00:00,Residential,Addition to existing building commercial & residential,36000,0,0,,"2839 MACKAY STREET, REGINA, SK S4N2T9",Address,Assiniboia  Place,REDACTED,Property Owner,"110-Single House, single detached home, bungalow, linked home (linked at the foundation), single family dwelling"
PRAD202601738,Addition,2026-08-05 00:00:00,Residential,Addition to existing building commercial & residential,125000,0,0,,"58 LANGLEY STREET, REGINA, SK S4S3V6",Address,Hillsdale,REDACTED,Property Owner,"110-Single House, single detached home, bungalow, linked home (linked at the foundation), single family dwelling"
PRBS202602114,Basement Development,2026-08-05 00:00:00,Residential,Alteration and improvements,60000,0,0,,"3601 GREEN MARSH CRESCENT, Unit:120, REGINA, SK S4V4C9",Address,The Greens on Gardin,HANDSON CONSTRUCTION - JASON HANSON,Contractor,335-Row House - Condominium
PRDK202602059,Deck/Sunroom,2026-08-05 00:00:00,Residential,Alteration and improvements,6000,0,0,,"2973 BELLEGARDE CRESCENT, REGINA, SK S4V3W4",Address,The Towns,LUCKY LINKS BUILDING SERVICES LTD. - LUCKY ALUGE,Contractor,"110-Single House, single detached home, bungalow, linked home (linked at the foundation), single family dwelling"
PRDK202602138,Deck/Sunroom,2026-08-05 00:00:00,Residential,Alteration and improvements,7500,0,0,,"3072 DUMONT WAY, REGINA, SK S4V4E3",Address,The Towns,LUCKY LINKS BUILDING SERVICES LTD. - LUCKY ALUGE,Contractor,"110-Single House, single detached home, bungalow, linked home (linked at the foundation), single family dwelling"
PRFR202602128,Foundation Repair,2026-08-05 00:00:00,Residential,Alteration and improvements,3973.8,0,0,,"140 CAMBRIDGE AVENUE, REGINA, SK S4N0L2",Address,Glencairn,AAA SOLID FOUNDATION,Contractor,"110-Single House, single detached home, bungalow, linked home (linked at the foundation), single family dwelling"
PRFR202602130,Foundation Repair,2026-08-05 00:00:00,Residential,Alteration and improvements,8610,0,0,,"5823 EHRLE CRESCENT, REGINA, SK S4X4B6",Address,Lakewood,REDACTED,Property Owner,"110-Single House, single detached home, bungalow, linked home (linked at the foundation), single family dwelling"
PRFR202602139,Foundation Repair,2026-08-05 00:00:00,Residential,Alteration and improvements,22000,0,0,,"46 SCHWANN PLACE, REGINA, SK S4V0C3",Address,University Park,GCA CONSTRUCTION,Contractor,"110-Single House, single detached home, bungalow, linked home (linked at the foundation), single family dwelling"
PRFR202602149,Foundation Repair,2026-08-05 00:00:00,Residential,Alteration and improvements,15000,0,0,,"4800 4TH AVENUE, REGINA, SK S4T0J2",Address,Transcona,102212872 SASKATCHEWAN LTD.,Contractor,"110-Single House, single detached home, bungalow, linked home (linked at the foundation), single family dwelling"
PRFR202602156,Foundation Repair,2026-08-05 00:00:00,Residential,Alteration and improvements,160000,0,0,,"4616 MONTAGUE STREET, REGINA, SK S4S3K8",Address,Albert Park,JOHN WILKIE - RAMJACK SASKATCHEWAN,Contractor,"110-Single House, single detached home, bungalow, linked home (linked at the foundation), single family dwelling"
PRFR202602157,Foundation Repair,2026-08-05 00:00:00,Residential,Alteration and improvements,10711.5,0,0,,"3200 PARLIAMENT AVENUE, REGINA, SK S4S2L8",Address,Parliament Place,AAA SOLID FOUNDATION,Contractor,"110-Single House, single detached home, bungalow, linked home (linked at the foundation), single family dwelling"
PRGA202602044,Garage/Carport,2026-08-05 00:00:00,Residential,Garage/Carport/Accessory Structure,21160,0,0,,"4669 JAMES HILL ROAD, REGINA, SK S4W0C7",Address,Harbour Landing,REGINA GARAGE BUILDERS INC.,Contractor,"110-Single House, single detached home, bungalow, linked home (linked at the foundation), single family dwelling"
PRGA202602050,Garage/Carport,2026-08-05 00:00:00,Residential,Garage/Carport/Accessory Structure,35000,0,0,,"95 MOLLARD CRESCENT, REGINA, SK S4T6J4",Address,Mount Royal,REDACTED,Property Owner,"110-Single House, single detached home, bungalow, linked home (linked at the foundation), single family dwelling"
PRGA202602136,Garage/Carport,2026-08-05 00:00:00,Residential,Garage/Carport/Accessory Structure,45000,0,0,,"2812 19TH AVENUE, REGINA, SK S4T1X3",Address,Riverside,GRASSHOPPER CONSTRUCTION,Contractor,"110-Single House, single detached home, bungalow, linked home (linked at the foundation), single family dwelling"
PRMH202602189,Plumbing,2026-08-05 00:00:00,Residential,Mechanical,4689.75,0,0,,"1348 GREY STREET, REGINA, SK S4T5H4",Address,Rosemont,REDACTED,Property Owner,"110-Single House, single detached home, bungalow, linked home (linked at the foundation), single family dwelling"
PRRN202600237,Renovation/Alteration,2026-08-05 00:00:00,Commercial,Alteration and improvements,378000,0,1,,"3939 ROCHDALE BOULEVARD, REGINA, SK S4X4P7",Address,Hawkstone,CALLOWAY REIT (REGINA N) INC.,Property Owner,"512-Retail complex; plaza, mall, shopping centre, store/office building"
PRRN202602001,Renovation/Alteration,2026-08-05 00:00:00,Residential,Alteration and improvements,50000,0,0,,"35 SOMERVILLE ROAD, REGINA, SK S4S2Y5",Address,Albert Park,TAMARACK  CONTRACTING,Contractor,"110-Single House, single detached home, bungalow, linked home (linked at the foundation), single family dwelling"
PRRN202602063,Renovation/Alteration,2026-08-05 00:00:00,Residential,Alteration and improvements,100000,0,0,,"3235 MARGARET ROAD, REGINA, SK S4V1B2",Address,University Park East,NELSON PROJECT MANAGEMENT,Contractor,"110-Single House, single detached home, bungalow, linked home (linked at the foundation), single family dwelling"
PRSF202601917,Single/Semi-Detached Dwelling 1-2 units,2026-08-05 00:00:00,Residential,New construction,520000,2,2,,"2979 KAUFMAN WAY, REGINA, SK S4V3Z5",Address,The Towns,CRAWFORD HOMES (EBUILD),Contractor,"110-Single House, single detached home, bungalow, linked home (linked at the foundation), single family dwelling"
PRSF202601929,Single/Semi-Detached Dwelling 1-2 units,2026-08-05 00:00:00,Residential,New construction,375000,1,2,,"8686 WHEAT CRESCENT, REGINA, SK S4Y0H8",Address,Westerra,CRAWFORD HOMES (EBUILD),Contractor,"110-Single House, single detached home, bungalow, linked home (linked at the foundation), single family dwelling"
PRSF202601953,Single/Semi-Detached Dwelling 1-2 units,2026-08-05 00:00:00,Residential,New construction,453900,1,2,,"3028 FAVEL DRIVE, REGINA, SK S4V4G2",Address,The Towns,HOMES BY DREAM,Contractor,"110-Single House, single detached home, bungalow, linked home (linked at the foundation), single family dwelling"
PRSF202601963,Single/Semi-Detached Dwelling 1-2 units,2026-08-05 00:00:00,Residential,New construction,363525,1,2,,4912 PADWICK ROAD,Address,Harbour Landing,EHRENBURG HOMES LTD.,Contractor,"110-Single House, single detached home, bungalow, linked home (linked at the foundation), single family dwelling"
PRSF202601968,Single/Semi-Detached Dwelling 1-2 units,2026-08-05 00:00:00,Residential,New construction,400525,1,2,,4936 PADWICK ROAD,Address,Harbour Landing,EHRENBURG HOMES LTD.,Contractor,"110-Single House, single detached home, bungalow, linked home (linked at the foundation), single family dwelling"
PRSS202602054,Secondary Suite,2026-08-05 00:00:00,Residential,Alteration and improvements,50000,1,0,,"5412 E NICHOLSON AVENUE, REGINA, SK S4V4B4",Address,The Towns,TOP LEVEL,Contractor,"110-Single House, single detached home, bungalow, linked home (linked at the foundation), single family dwelling"
PRFR202602095,Foundation Repair,2026-08-06 00:00:00,Residential,Alteration and improvements,17850,0,0,,"1763 ROYAL STREET, REGINA, SK S4T5A8",Address,Cpr Annex,AAA SOLID FOUNDATION,Contractor,"110-Single House, single detached home, bungalow, linked home (linked at the foundation), single family dwelling"
PRFR202602119,Foundation Repair,2026-08-06 00:00:00,Residential,Alteration and improvements,4662,0,0,,"3435 WASCANA STREET, REGINA, SK S4S2H2",Address,Lakeview South,GRASSHOPPER CONSTRUCTION  - JEFF HARTNELL,Contractor,"110-Single House, single detached home, bungalow, linked home (linked at the foundation), single family dwelling"
PRFR202602176,Foundation Repair,2026-08-06 00:00:00,Residential,Alteration and improvements,20000,0,0,,"6610 HANCOCK BAY, REGINA, SK S4X1V1",Address,Sherwood Estates,JS GROUP OF COMPANIES,Contractor,"210-Semi-Detached or Double House, single attached home"
PRMU202600786,Multi-Unit Dwelling 3+ Units,2026-08-06 00:00:00,Residential,New construction,1776672,12,2,,7710 WESTERRA WAY,Address,Westerra,AVANA DEVELOPMENTS INC.,Contractor,335-Row House - Condominium
PRMU202601212,Multi-Unit Dwelling 3+ Units,2026-08-06 00:00:00,Commercial,Foundation (new),6800000,0,0,,4870 GORDON ROAD,Address,Harbour Landing,RMS GROUP OF COMPANIES - MIKE FRASER,Contractor,315-Apartment - Condominium
PRRN202601652,Renovation/Alteration,2026-08-06 00:00:00,Residential,Alteration and improvements,90000,0,0,,"2226 E HANOVER CRESCENT, REGINA, SK S4V0Z6",Address,University Park East,NEW IMAGE CONSTRUCTION,Contractor,"110-Single House, single detached home, bungalow, linked home (linked at the foundation), single family dwelling"
PRRN202601849,Renovation/Alteration,2026-08-06 00:00:00,Commercial,Alteration and improvements,17000,0,0,,"445 RETALLACK STREET, REGINA, SK S4R3N4",Address,Coronation Park,JS GROUP OF COMPANIES,Contractor,315-Apartment - Condominium
PRRN202602024,Renovation/Alteration,2026-08-06 00:00:00,Commercial,Alteration and improvements,15000,0,1,,"1665 ST JOHN STREET, REGINA, SK S4P1R6",Address,Old 33,AAA RENOVATIONS,Contractor,"460-Storage building; warehouse (for storage purposes only), industrial mall, grain elevator, locker rental, silo, quonset, refrigerated storage terminal"
PRRN202602129,Renovation/Alteration,2026-08-06 00:00:00,Residential,Alteration and improvements,22000,0,0,,"169 RINK AVENUE, REGINA, SK S4R7V3",Address,Walsh Acres,REDACTED,Property Owner,"110-Single House, single detached home, bungalow, linked home (linked at the foundation), single family dwelling"
PRSF202601801,Single/Semi-Detached Dwelling 1-2 units,2026-08-06 00:00:00,Residential,New construction,270000,2,2,,"2865 GARNET STREET, REGINA, SK S4S1X1",Address,Lakeview,KRATZ HOMES & DEVELOPMENT  LTD.,Contractor,"110-Single House, single detached home, bungalow, linked home (linked at the foundation), single family dwelling"
PRSF202601967,Single/Semi-Detached Dwelling 1-2 units,2026-08-06 00:00:00,Residential,New construction,363525,1,2,,4932 PADWICK ROAD,Address,Harbour Landing,EHRENBURG HOMES LTD.,Contractor,"110-Single House, single detached home, bungalow, linked home (linked at the foundation), single family dwelling"
PRBS202601852,Basement Development,2026-08-07 00:00:00,Residential,Alteration and improvements,40000,0,0,,"8778 WHEAT CRESCENT, REGINA, SK S4Y0H5",Address,Westerra,STARLIGHT PROPERTY MANAGEMENT & MAINTENANCE INC.,Contractor,"110-Single House, single detached home, bungalow, linked home (linked at the foundation), single family dwelling"
PRDK202601855,Deck/Sunroom,2026-08-07 00:00:00,Residential,Alteration and improvements,10000,0,0,,"3007 E SALTERIO CRESCENT, REGINA, SK S4V1C8",Address,Wood Meadows,THE ULTIMATE DECK SHOP INC.,Contractor,"110-Single House, single detached home, bungalow, linked home (linked at the foundation), single family dwelling"
PRDK202602125,Deck/Sunroom,2026-08-07 00:00:00,Residential,Alteration and improvements,5000,0,0,,"3732 NORMANDY AVENUE, REGINA, SK S4S0X9",Address,Normandy Heights,TECHNIQUE CONSTRUCTION INC. - KEVIN WASSILL,Contractor,"110-Single House, single detached home, bungalow, linked home (linked at the foundation), single family dwelling"
PRDK202602179,Deck/Sunroom,2026-08-07 00:00:00,Residential,Alteration and improvements,1500,0,0,,"2323 ATKINSON STREET, REGINA, SK S4N3X4",Address,Broders Annex,REDACTED,Property Owner,"110-Single House, single detached home, bungalow, linked home (linked at the foundation), single family dwelling"
PRGA202602104,Garage/Carport,2026-08-07 00:00:00,Residential,Garage/Carport/Accessory Structure,96000,0,0,,"2721 RETALLACK STREET, REGINA, SK S4T2L7",Address,Riverside,REDACTED,Property Owner,"110-Single House, single detached home, bungalow, linked home (linked at the foundation), single family dwelling"
PRMH202602231,Plumbing,2026-08-07 00:00:00,Residential,Mechanical,5000,0,0,,"2349 ELPHINSTONE STREET, REGINA, SK S4T3P2",Address,Old 33,REDACTED,Property Owner,"110-Single House, single detached home, bungalow, linked home (linked at the foundation), single family dwelling"
PRRN202601691,Renovation/Alteration,2026-08-07 00:00:00,Institutional,Alteration and improvements,175000,0,13,,"3769 WASCANA PARKWAY, REGINA, SK S4S0A2",Address,Wascana Park,THE UNIVERSITY OF REGINA,Property Owner,626-University
PRRN202601848,Renovation/Alteration,2026-08-07 00:00:00,Commercial,Alteration and improvements,17000,0,0,,"445 RETALLACK STREET, REGINA, SK S4R3N4",Address,Coronation Park,JS GROUP OF COMPANIES,Contractor,315-Apartment - Condominium
PRRN202601859,Renovation/Alteration,2026-08-07 00:00:00,Commercial,Alteration and improvements,270000,0,2,,"2625 3RD AVENUE, REGINA, SK S4T0C8",Address,Washington Park,FIRST CALL CONSTRUCTION,Contractor,"650-Day care, nursing home, rest home, home for the blind, charitable home, detoxification center"
PRRN202602069,Renovation/Alteration,2026-08-07 00:00:00,Residential,Alteration and improvements,2000,0,0,,"1606 E 7TH AVENUE, REGINA, SK S4N5S6",Address,Glencairn,LUCKY LINKS BUILDING SERVICES LTD. - LUCKY ALUGE,Contractor,"110-Single House, single detached home, bungalow, linked home (linked at the foundation), single family dwelling"
PRRN202602084,Renovation/Alteration,2026-08-07 00:00:00,Commercial,Alteration and improvements,100000,0,21,,"2010 12TH AVENUE, REGINA, SK S4P0M3",Address,Old 33,EXTOL DEVELOPMENTS - DEVON SCHOLLAR,Contractor,"520-Office building; consultant’s office, doctor’s office, insurance company, bank, taxi stand, office/cafeteria, office/smoke shop"
PRRN202602112,Renovation/Alteration,2026-08-07 00:00:00,Residential,Alteration and improvements,10500,0,0,,"18 MARQUIS CRESCENT, REGINA, SK S4S6J9",Address,Albert Park,PLETCO HOME RENOVATIONS INC. - KEVIN PLETTENBERG,Contractor,"110-Single House, single detached home, bungalow, linked home (linked at the foundation), single family dwelling"
PRRN202602153,Renovation/Alteration,2026-08-07 00:00:00,Residential,Alteration and improvements,20000,0,0,,"34 COMPTON ROAD, REGINA, SK S4S2Y1",Address,Albert Park,REDACTED,Property Owner,"110-Single House, single detached home, bungalow, linked home (linked at the foundation), single family dwelling"
PRSF202601224,Single/Semi-Detached Dwelling 1-2 units,2026-08-07 00:00:00,Residential,New construction,1250000,2,2,,"2911 VICTORIA AVENUE, REGINA, SK S4T1K8",Address,Old 33,ROBERT KLEIN ENTERPRISES INC.,Property Owner,"110-Single House, single detached home, bungalow, linked home (linked at the foundation), single family dwelling"
PRSF202601966,Single/Semi-Detached Dwelling 1-2 units,2026-08-07 00:00:00,Residential,New construction,430125,1,2,,4928 PADWICK ROAD,Address,Harbour Landing,EHRENBURG HOMES - HANNAH UYTTERHAGEN,Contractor,"110-Single House, single detached home, bungalow, linked home (linked at the foundation), single family dwelling"
PRSS202602078,Secondary Suite,2026-08-07 00:00:00,Residential,Alteration and improvements,40000,1,0,,"4032 E IRIS PLACE, REGINA, SK S4V3V4",Address,The Creeks,REDACTED,Property Owner,"110-Single House, single detached home, bungalow, linked home (linked at the foundation), single family dwelling"
PRSS202602036,Secondary Suite,2026-08-08 00:00:00,Residential,Alteration and improvements,65000,1,0,,"5409 E NICHOLSON AVENUE, REGINA, SK S4V4B3",Address,The Towns,PUNJAB RENOVATIONS CONTRACTORS LTD,Contractor,"110-Single House, single detached home, bungalow, linked home (linked at the foundation), single family dwelling"
PRSS202602086,Secondary Suite,2026-08-08 00:00:00,Residential,Alteration and improvements,65000,1,0,,"4740 FERNDALE CRESCENT, REGINA, SK S4V4A5",Address,The Towns,PUNJAB RENOVATIONS CONTRACTORS LTD,Contractor,"210-Semi-Detached or Double House, single attached home"
PRDK202602040,Deck/Sunroom,2026-08-10 00:00:00,Residential,Alteration and improvements,35000,0,0,,"34 BALGONIE BAY, REGINA, SK S4R7K3",Address,Uplands,HOPE CONSTRUCTION LTD.,Contractor,"110-Single House, single detached home, bungalow, linked home (linked at the foundation), single family dwelling"
PRDK202602051,Deck/Sunroom,2026-08-10 00:00:00,Residential,Alteration and improvements,6771,0,0,,"206 TORONTO STREET, REGINA, SK S4R1L9",Address,North Annex,DK PRIME CONSTRUCTION,Contractor,"110-Single House, single detached home, bungalow, linked home (linked at the foundation), single family dwelling"
PRFR202602070,Foundation Repair,2026-08-10 00:00:00,Residential,Alteration and improvements,60000,0,0,,"18 SCOTT STREET, REGINA, SK S4S4A2",Address,Hillsdale,REGINA HOUSE LEVELING - TRAVIS ZERIE,Contractor,"110-Single House, single detached home, bungalow, linked home (linked at the foundation), single family dwelling"
PRFR202602205,Foundation Repair,2026-08-10 00:00:00,Residential,Alteration and improvements,14000,0,0,,"2616 E SHOOTER DRIVE, REGINA, SK S4V1E1",Address,Wood Meadows,REGINA HOUSE LEVELING - TRAVIS ZERIE,Contractor,335-Row House - Condominium
PRMH202602208,Plumbing,2026-08-10 00:00:00,Residential,Mechanical,4800,0,0,,"1100 E 12TH AVENUE, REGINA, SK S4N0M4",Address,Glen Elm Park,REDACTED,Property Owner,"110-Single House, single detached home, bungalow, linked home (linked at the foundation), single family dwelling"
PRPO202602246,Pool,2026-08-10 00:00:00,Residential,Swimming pool,2000,0,0,,"4538 SOLIE CRESCENT, REGINA, SK S4X0B4",Address,Lakeridge,REDACTED,Property Owner,"110-Single House, single detached home, bungalow, linked home (linked at the foundation), single family dwelling"
PRRN202601252,Renovation/Alteration,2026-08-10 00:00:00,Commercial,Alteration and improvements,370000,0,2,,3000 WASCANA DRIVE,Address,Wascana Park,CROWN IN RIGHT OF SASKATCHEWAN,Property Owner,"562-Outdoor recreational building; country club, golf club campground facilities, outdoor skating rink, outdoor swimming pool"
PRRN202601735,Renovation/Alteration,2026-08-10 00:00:00,Institutional,Alteration and improvements,1500000,0,1,,"431 HAMILTON STREET, REGINA, SK S4R2A8",Address,Highland Park,MOTHER TERESA MIDDLE SCHOOL INC.,Property Owner,"622-Secondary school, high school, junior high school"
PRSF202601625,Single/Semi-Detached Dwelling 1-2 units,2026-08-10 00:00:00,Residential,New construction,435000,1,2,,"2309 MCDONALD STREET, REGINA, SK S4N2Z2",Address,Broders Annex,FIORANTE HOMES AND COMMERCIAL LTD.,Contractor,"110-Single House, single detached home, bungalow, linked home (linked at the foundation), single family dwelling"
PRSF202601946,Single/Semi-Detached Dwelling 1-2 units,2026-08-10 00:00:00,Residential,New construction,400000,1,2,,"8730 WHEAT CRESCENT, REGINA, SK S4Y0H8",Address,Westerra,PACESETTER NEW HOMES LTD.,Contractor,"110-Single House, single detached home, bungalow, linked home (linked at the foundation), single family dwelling"
PRSS202602034,Secondary Suite,2026-08-10 00:00:00,Residential,Alteration and improvements,60000,1,0,,"4728 PADWICK AVENUE, REGINA, SK S4W0C4",Address,Harbour Landing,REDACTED,Property Owner,"110-Single House, single detached home, bungalow, linked home (linked at the foundation), single family dwelling"
PRBS202602200,Basement Development,2026-08-11 00:00:00,Residential,Alteration and improvements,25000,0,0,,"3506 25TH AVENUE, REGINA, SK S4S1L8",Address,Lakeview South,TOP LEVEL,Contractor,"110-Single House, single detached home, bungalow, linked home (linked at the foundation), single family dwelling"
PRDK202601474,Deck/Sunroom,2026-08-11 00:00:00,Residential,Alteration and improvements,34000,0,0,,"3352 ESSEX CRESCENT, REGINA, SK S4V2T8",Address,Windsor Park,TIMBERWORKS CONSTRUCTION/ GARRETT SELINGER,Contractor,"110-Single House, single detached home, bungalow, linked home (linked at the foundation), single family dwelling"
PRDK202601828,Deck/Sunroom,2026-08-11 00:00:00,Residential,Alteration and improvements,9000,0,0,,"3285 GREEN TURTLE ROAD, REGINA, SK S4V4A9",Address,The Towns,REDACTED,Property Owner,"110-Single House, single detached home, bungalow, linked home (linked at the foundation), single family dwelling"
PRFR202602101,Foundation Repair,2026-08-11 00:00:00,Residential,Alteration and improvements,2950,0,0,,"2425 ATKINSON STREET, REGINA, SK S4N3X6",Address,Assiniboia  Place,AAA SOLID FOUNDATION,Contractor,"110-Single House, single detached home, bungalow, linked home (linked at the foundation), single family dwelling"
PRFR202602172,Foundation Repair,2026-08-11 00:00:00,Residential,Alteration and improvements,27841,0,0,,"918 CAMPBELL STREET, REGINA, SK S4T5P3",Address,Mount Royal,REGINA BASEMENTS & BRACING,Contractor,"110-Single House, single detached home, bungalow, linked home (linked at the foundation), single family dwelling"
PRFR202602190,Foundation Repair,2026-08-11 00:00:00,Residential,Alteration and improvements,12000,0,0,,"6515 MAWSON AVENUE, REGINA, SK S4X2P5",Address,Sherwood Estates,AAA SOLID FOUNDATION,Contractor,"110-Single House, single detached home, bungalow, linked home (linked at the foundation), single family dwelling"
PRFR202602194,Foundation Repair,2026-08-11 00:00:00,Residential,Alteration and improvements,60000,0,0,,"4047 ELPHINSTONE STREET, REGINA, SK S4S3L1",Address,Parliament Place,RSR CONSTRUCTION  TERRY PAUN,Contractor,"110-Single House, single detached home, bungalow, linked home (linked at the foundation), single family dwelling"
PRGA202601221,Garage/Carport,2026-08-11 00:00:00,Residential,Garage/Carport/Accessory Structure,30000,0,0,,"2934 ROCHDALE BOULEVARD, REGINA, SK S4X0M6",Address,Hawkstone,REDACTED,Property Owner,"210-Semi-Detached or Double House, single attached home"
PRGA202601222,Garage/Carport,2026-08-11 00:00:00,Residential,Garage/Carport/Accessory Structure,30000,0,0,,"2938 ROCHDALE BOULEVARD, REGINA, SK S4X0M6",Address,Hawkstone,TOP LEVEL,Contractor,"210-Semi-Detached or Double House, single attached home"
PRNR202600481,New Commercial,2026-08-11 00:00:00,Institutional,New construction,110500000,0,5,,4755 GRASSLAND STREET,Address,Wascana Park,GRAHAM CONSTRUCTION - TYSON SNIDER,Contractor,"650-Day care, nursing home, rest home, home for the blind, charitable home, detoxification center"
PRRN202602035,Renovation/Alteration,2026-08-11 00:00:00,Residential,Alteration and improvements,8000,0,0,,"54 FAIRVIEW ROAD, REGINA, SK S4R0A4",Address,Uplands,REDACTED,Property Owner,"110-Single House, single detached home, bungalow, linked home (linked at the foundation), single family dwelling"
PRRN202602180,Renovation/Alteration,2026-08-11 00:00:00,Residential,Alteration and improvements,5000,0,0,,"5721 2ND AVENUE N, REGINA, SK S4R5M4",Address,Normanview,REDACTED,Property Owner,"110-Single House, single detached home, bungalow, linked home (linked at the foundation), single family dwelling"
PRSF202601802,Single/Semi-Detached Dwelling 1-2 units,2026-08-11 00:00:00,Residential,New construction,270000,2,2,,"2861 GARNET STREET, REGINA, SK S4S1X1",Address,LAKEVIEW,KRATZ DEVELOPMENTS,Contractor,"110-Single House, single detached home, bungalow, linked home (linked at the foundation), single family dwelling"
PRSS202600810,Secondary Suite,2026-08-11 00:00:00,Residential,Alteration and improvements,36630,1,0,,"3122 GREEN BANK ROAD, REGINA, SK S4V3P8",Address,The Towns,HAUP CONSTRUCTIONS INC,Contractor,"110-Single House, single detached home, bungalow, linked home (linked at the foundation), single family dwelling"
PRSS202601839,Secondary Suite,2026-08-11 00:00:00,Residential,Alteration and improvements,95000,1,0,,"3024 DUMONT WAY, REGINA, SK S4V4E4",Address,The Towns,PEBERDY CONSTRUCTION,Contractor,"110-Single House, single detached home, bungalow, linked home (linked at the foundation), single family dwelling"
PRSS202602102,Secondary Suite,2026-08-11 00:00:00,Residential,Alteration and improvements,50000,1,0,,"4376 DELHAYE WAY, REGINA, SK S4W0P6",Address,Harbour Landing,HAUP CONSTRUCTION - PAUL OGU,Contractor,"110-Single House, single detached home, bungalow, linked home (linked at the foundation), single family dwelling"
PRTN202601999,Tent / Temporary Structure,2026-08-11 00:00:00,Commercial,Other,3000,0,0,,"2425 7TH AVENUE N, REGINA, SK S4R0K4",Address,Cityview,SPECIAL EVENTS RENTALS - KARSON,Contractor,Not Applicable
PRAD202602108,Addition,2026-08-12 00:00:00,Residential,Addition to existing building commercial & residential,50000,0,0,,"261 N MCINTOSH STREET, REGINA, SK S4R5A1",Address,Regent Park,REDACTED,Property Owner,"110-Single House, single detached home, bungalow, linked home (linked at the foundation), single family dwelling"
PRBS202602263,Basement Development,2026-08-12 00:00:00,Residential,Alteration and improvements,6500,0,0,,"2400 TELL PLACE, Unit:43, REGINA, SK S4V3E3",Address,River Bend,REDACTED,Property Owner,"330-Row House, garden home, town house, carriage home, quadrex"
PRDE202601931,Demolition,2026-08-12 00:00:00,Residential,Demolition,20000,0,0,1,"1419 RETALLACK STREET, REGINA, SK S4T2J3",Address,Old 33,REDACTED,Property Owner,"110-Single House, single detached home, bungalow, linked home (linked at the foundation), single family dwelling"
PRDE202602206,Demolition,2026-08-12 00:00:00,Residential,Demolition,1500,0,0,,"2116 YORK STREET, REGINA, SK S4T4R8",Address,Cpr Annex,REDACTED,Property Owner,"110-Single House, single detached home, bungalow, linked home (linked at the foundation), single family dwelling"
PRDK202602123,Deck/Sunroom,2026-08-12 00:00:00,Residential,Alteration and improvements,2500,0,0,,"1400 N KINGBIRD ROAD, REGINA, SK S4X0N6",Address,Kensington Greens,CRAWFORD HOMES (EBUILD),Contractor,"110-Single House, single detached home, bungalow, linked home (linked at the foundation), single family dwelling"
PRFR202602174,Foundation Repair,2026-08-12 00:00:00,Residential,Alteration and improvements,3300,0,0,,"1323 12TH AVENUE N, REGINA, SK S4R7W6",Address,Uplands,GCA CONSTRUCTION,Contractor,"110-Single House, single detached home, bungalow, linked home (linked at the foundation), single family dwelling"
PRFR202602247,Foundation Repair,2026-08-12 00:00:00,Residential,Alteration and improvements,10000,0,0,,"2818 E MORE CRESCENT, REGINA, SK S4V0T5",Address,Wood Meadows,REGINA HOUSE LEVELING - TRAVIS ZERIE,Contractor,"110-Single House, single detached home, bungalow, linked home (linked at the foundation), single family dwelling"
PRFR202602261,Foundation Repair,2026-08-12 00:00:00,Residential,Alteration and improvements,65000,0,0,,"14 BASIN CRESCENT, REGINA, SK S4R7T1",Address,Uplands,COLOSSAL CONSTRUCTION,Contractor,"110-Single House, single detached home, bungalow, linked home (linked at the foundation), single family dwelling"
PRRN202602147,Renovation/Alteration,2026-08-12 00:00:00,Residential,Alteration and improvements,10000,0,0,,"2115 12TH AVENUE N, REGINA, SK S4R7J9",Address,Uplands,PREMIER CONSTRUCTION,Contractor,"110-Single House, single detached home, bungalow, linked home (linked at the foundation), single family dwelling"
PRSF202602043,Single/Semi-Detached Dwelling 1-2 units,2026-08-12 00:00:00,Residential,New construction,350000,2,2,,"8682 WHEAT CRESCENT, REGINA, SK S4Y0H8",Address,Westerra,CRAWFORD HOMES (EBUILD),Contractor,"110-Single House, single detached home, bungalow, linked home (linked at the foundation), single family dwelling"
PRSS202601584,Secondary Suite,2026-08-12 00:00:00,Residential,Alteration and improvements,65000,1,0,,"2416 BETTERIDGE DRIVE, REGINA, SK S4X0N7",Address,Kensington Greens,CRAWFORD HOMES (EBUILD),Contractor,"110-Single House, single detached home, bungalow, linked home (linked at the foundation), single family dwelling"
PRSS202601850,Secondary Suite,2026-08-12 00:00:00,Residential,Alteration and improvements,62000,1,0,,"3086 CRANBOURN CRESCENT, REGINA, SK S4V3B3",Address,Windsor Park,TOP LEVEL,Contractor,"110-Single House, single detached home, bungalow, linked home (linked at the foundation), single family dwelling"
