Permit Number,Permit Application Type,Date Issued,Building Use,Work Class,Cost of Construction,Number of Units,Number of Stories,Stats Can # of Units Lost,Location,LocType,Subdivision Code,Name,Contact Type Description,Construction Type
PRMH202500004,Plumbing,2025-01-02 00:00:00,Residential,Mechanical,5333,0,,,"259 N BROAD STREET, REGINA, SK S4R2X7",Address,Churchill Downs,,Property Owner,"110-Single House, single detached home, bungalow, linked home (linked at fo"
PRRN202402783,Renovation/Alteration,2025-01-02 00:00:00,Commercial,Alteration and improvements,75000,0,,,3750 CHUKA BOULEVARD,Address,The Greens on Gardiner,102049625 SASKATCHEWAN LTD.,Property Owner,"512-Retail complex; plaza, mall, shopping centre, store/office building"
PRSS202402910,Secondary Suite,2025-01-02 00:00:00,Residential,Alteration and improvements,30000,1,,,"5301 E BUCKINGHAM DRIVE, REGINA, SK *",Address,The Towns,First Call Construction,Contractor,"330-Row House, garden home, town house, carriage home, quadrex"
PRBS202403157,Basement Development,2025-01-03 00:00:00,Residential,Alteration and improvements,12000,0,,,"716 E DOUGLAS PARK CRESCENT, REGINA, SK S4N2S2",Address,Douglas Place,,Property Owner,"110-Single House, single detached home, bungalow, linked home (linked at fo"
PRBS202500006,Basement Development,2025-01-03 00:00:00,Residential,Alteration and improvements,10000,0,,,"200 LOGAN CRESCENT, REGINA, SK S4S5S7",Address,Whitmore Park,APPLIED PERFECTION CONSTRUCTION & DESIGN - George Strocen,Contractor,"110-Single House, single detached home, bungalow, linked home (linked at fo"
PRFR202403091,Foundation Repair,2025-01-03 00:00:00,Residential,Alteration and improvements,33000,0,,,"108 HANLEY CRESCENT, REGINA, SK S4R5A7",Address,Normanview,Steve Perlinger - JS Group of Companies Ltd.,Contractor,"110-Single House, single detached home, bungalow, linked home (linked at fo"
PRRN202402965,Renovation/Alteration,2025-01-04 00:00:00,Residential,Alteration and improvements,5000,0,,,"8116 BARLEY CRESCENT, REGINA, SK S4Y0E7",Address,Westerra,,Property Owner,"210-Semi-Detached or Double House, single attached home"
PRBS202403159,Basement Development,2025-01-05 00:00:00,Residential,Alteration and improvements,7500,0,,,"4135 CHUKA DRIVE, REGINA, SK S4V1N2",Address,The Creeks,,Property Owner,"110-Single House, single detached home, bungalow, linked home (linked at fo"
PRAD202402657,Addition,2025-01-06 00:00:00,Residential,Addition to existing building commerical & residential,60000,0,,,"2777 MCARA STREET, REGINA, SK S4N2X2",Address,Assiniboia  Place,,Property Owner,"110-Single House, single detached home, bungalow, linked home (linked at fo"
PRBS202500002,Basement Development,2025-01-06 00:00:00,Residential,Alteration and improvements,50000,0,,,"5002 CANUCK CRESCENT, REGINA, SK S4W0G4",Address,Harbour Landing,Collaborative Construction Inc. (eBuild),Contractor,"110-Single House, single detached home, bungalow, linked home (linked at fo"
PRBS202500003,Basement Development,2025-01-06 00:00:00,Residential,Alteration and improvements,30000,0,,,"5035 DONNELLY CRESCENT, REGINA, SK S4X4C7",Address,Garden Ridge,,Property Owner,"110-Single House, single detached home, bungalow, linked home (linked at fo"
PRRN202403090,Renovation/Alteration,2025-01-06 00:00:00,Commercial,Alteration and improvements,5000,0,,,"3769 WASCANA PARKWAY, REGINA, SK S4S0A2",Address,Hillsdale,THE UNIVERSITY OF REGINA,Property Owner,626-University
PRRN202403130,Renovation/Alteration,2025-01-06 00:00:00,Commercial,Alteration and improvements,75000,0,,,"3120 AVONHURST DRIVE, REGINA, SK S4R3J7",Address,Coronation Park,102136612 SASKATCHEWAN LIMITED,Property Owner,"512-Retail complex; plaza, mall, shopping centre, store/office building"
PRRN202500011,Renovation/Alteration,2025-01-06 00:00:00,Residential,Alteration and improvements,20000,0,,,"1610 E LEE PLACE, REGINA, SK S4V0S7",Address,Gardiner Park,Technique Construction Inc. - Kevin Wassill,Contractor,"110-Single House, single detached home, bungalow, linked home (linked at fo"
PRSF202402544,Single/Semi-Detached Dwelling 1-2 units,2025-01-06 00:00:00,Residential,New construction,700000,2,2,,"3917 QU'APPELLE DRIVE, REGINA, SK S4S0E1",Address,River Heights,WEST OAK INVESTMENTS GENERAL PARTNER I LTD.,Property Owner,"310-Apartment, apartment building, duplex, triplex, quadruple"
PRSF202402922,Single/Semi-Detached Dwelling 1-2 units,2025-01-06 00:00:00,Residential,New construction,232730,1,2,,3159 BOWEN STREET,Address,The Towns,EHRENBURG HOMES LTD.,Contractor,"110-Single House, single detached home, bungalow, linked home (linked at fo"
PRSF202402923,Single/Semi-Detached Dwelling 1-2 units,2025-01-06 00:00:00,Residential,New construction,259740,1,2,,3163 BOWEN STREET,Address,The Towns,EHRENBURG HOMES LTD.,Contractor,"110-Single House, single detached home, bungalow, linked home (linked at fo"
PRSF202402924,Single/Semi-Detached Dwelling 1-2 units,2025-01-06 00:00:00,Residential,New construction,278240,1,2,,3167 BOWEN STREET,Address,The Towns,EHRENBURG HOMES LTD.,Contractor,"110-Single House, single detached home, bungalow, linked home (linked at fo"
PRSF202402939,Single/Semi-Detached Dwelling 1-2 units,2025-01-06 00:00:00,Residential,New construction,560300,1,2,,"5425 E NICHOLSON AVENUE, REGINA, SK *",Address,The Towns,Homes by Dream,Contractor,"110-Single House, single detached home, bungalow, linked home (linked at fo"
PRSF202402974,Single/Semi-Detached Dwelling 1-2 units,2025-01-06 00:00:00,Residential,New construction,430270,1,2,,"5416 E NICHOLSON AVENUE, REGINA, SK *",Address,The Towns,Homes by Dream,Contractor,"110-Single House, single detached home, bungalow, linked home (linked at fo"
PRSF202403016,Single/Semi-Detached Dwelling 1-2 units,2025-01-06 00:00:00,Residential,New construction,359900,1,2,,3184 FAVEL DRIVE,Address,The Towns,EHRENBURG HOMES LTD.,Contractor,"110-Single House, single detached home, bungalow, linked home (linked at fo"
PRSF202403020,Single/Semi-Detached Dwelling 1-2 units,2025-01-06 00:00:00,Residential,New construction,388300,1,2,,"3256 FAVEL DRIVE, REGINA, SK *",Address,The Towns,DREAM TOWNS LANDS SOUTH (GP) INC.,Property Owner,"110-Single House, single detached home, bungalow, linked home (linked at fo"
PRSF202403078,Single/Semi-Detached Dwelling 1-2 units,2025-01-06 00:00:00,Residential,New construction,486800,1,2,,"5520 E NICHOLSON AVENUE, REGINA, SK *",Address,The Towns,DREAM TOWNS LANDS SOUTH (GP) INC.,Property Owner,"110-Single House, single detached home, bungalow, linked home (linked at fo"
PRSF202403107,Single/Semi-Detached Dwelling 1-2 units,2025-01-06 00:00:00,Residential,New construction,400000,1,2,,3100 FAVEL DRIVE,Address,The Towns,PACESETTER HOMES REGINA,Contractor,"110-Single House, single detached home, bungalow, linked home (linked at fo"
PRSS202403028,Secondary Suite,2025-01-06 00:00:00,Residential,Alteration and improvements,35000,1,,,"5401 AERODROME ROAD, REGINA, SK S4W0K4",Address,Harbour Landing,,Property Owner,"110-Single House, single detached home, bungalow, linked home (linked at fo"
PRSS202403086,Secondary Suite,2025-01-06 00:00:00,Residential,Alteration and improvements,30000,1,,,"5057 AERIAL CRESCENT, REGINA, SK S4W0C8",Address,Harbour Landing,First Call Construction,Contractor,"110-Single House, single detached home, bungalow, linked home (linked at fo"
PRBS202500012,Basement Development,2025-01-07 00:00:00,Residential,Alteration and improvements,39500,0,,,"3846 GREEN DIAMOND ROAD, REGINA, SK S4V3T3",Address,The Greens on Gardiner,,Property Owner,"110-Single House, single detached home, bungalow, linked home (linked at fo"
PRDE202402787,Demolition,2025-01-07 00:00:00,Residential,Demolition,5000,0,,1,"1153 ARGYLE STREET, REGINA, SK S4T3R6",Address,Old 33,First Choice Excavation & Demolition,Contractor,"110-Single House, single detached home, bungalow, linked home (linked at fo"
PRDK202500013,Deck/Sunroom,2025-01-07 00:00:00,Residential,Alteration and improvements,5000,0,,,"2936 MONTAGUE STREET, REGINA, SK S4S1Z4",Address,Normandy Heights,,Property Owner,"110-Single House, single detached home, bungalow, linked home (linked at fo"
PRRN202402842,Renovation/Alteration,2025-01-07 00:00:00,Commercial,Alteration and improvements,800000,0,1,,"1621 ALBERT STREET, REGINA, SK S4P2S5",Address,Old 33,1621 ALBERT STREET DEVELOPMENT CORP.,Property Owner,"520-Office building; consultant’s office, doctor’s office, insurance compan"
PRRN202500005,Renovation/Alteration,2025-01-07 00:00:00,Residential,Alteration and improvements,2000,0,,,"24 ARLINGTON STREET, REGINA, SK S4S3H6",Address,Albert Park,,Property Owner,"110-Single House, single detached home, bungalow, linked home (linked at fo"
PRSF202402752,Single/Semi-Detached Dwelling 1-2 units,2025-01-07 00:00:00,Residential,New construction,450000,1,1,,"6959 MAPLE VISTA DRIVE, REGINA, SK S4X0J8",Address,Maple Ridge,,Contractor,"110-Single House, single detached home, bungalow, linked home (linked at fo"
PRSF202402887,Single/Semi-Detached Dwelling 1-2 units,2025-01-07 00:00:00,Residential,New construction,259740,1,2,,3136 GREEN TURTLE ROAD,Address,The Towns,EHRENBURG HOMES LTD.,Contractor,"110-Single House, single detached home, bungalow, linked home (linked at fo"
PRSF202402888,Single/Semi-Detached Dwelling 1-2 units,2025-01-07 00:00:00,Residential,New construction,259740,1,2,,3144 GREEN TURTLE ROAD,Address,The Towns,EHRENBURG HOMES LTD.,Contractor,"110-Single House, single detached home, bungalow, linked home (linked at fo"
PRSS202403070,Secondary Suite,2025-01-07 00:00:00,Residential,Alteration and improvements,45000,1,,,"4704 E BUCKINGHAM DRIVE, REGINA, SK *",Address,The Towns,,Property Owner,"110-Single House, single detached home, bungalow, linked home (linked at fo"
PRBS202500023,Basement Development,2025-01-08 00:00:00,Residential,Alteration and improvements,45000,0,,,"5404 E NICHOLSON AVENUE, REGINA, SK *",Address,The Towns,,Property Owner,"110-Single House, single detached home, bungalow, linked home (linked at fo"
PRBS202500038,Basement Development,2025-01-08 00:00:00,Residential,Alteration and improvements,30000,0,,,"2257 BRODER STREET, REGINA, SK S4N3S7",Address,Broders Annex,,Property Owner,"110-Single House, single detached home, bungalow, linked home (linked at fo"
PRFR202500016,Foundation Repair,2025-01-08 00:00:00,Residential,Alteration and improvements,4468,0,,,"2454 E BOLEN BAY, REGINA, SK S4V0V6",Address,Wood Meadows,Regina Basement Bracing - Cole Crowley,Contractor,"110-Single House, single detached home, bungalow, linked home (linked at fo"
PRFR202500041,Foundation Repair,2025-01-08 00:00:00,Residential,Alteration and improvements,3900,0,,,"6222 1ST AVENUE N, REGINA, SK S4T6Z9",Address,Normanview West,AAA Solid Foundation,Contractor,"110-Single House, single detached home, bungalow, linked home (linked at fo"
PRGA202402866,Garage/Carport,2025-01-08 00:00:00,Residential,Garage/Carport/Accessory Structure,20000,0,,,"2922 BELLEGARDE CRESCENT, REGINA, SK S4V3W5",Address,The Towns,,Property Owner,"110-Single House, single detached home, bungalow, linked home (linked at fo"
PRRN202402396,Renovation/Alteration,2025-01-08 00:00:00,Commercial,Alteration and improvements,30000,0,,,"100 VICTORIA AVENUE, REGINA, SK S4N0P3",Address,Tuxedo Park,EMMANUEL ENTERPRISES INC.,Property Owner,"520-Office building; consultant’s office, doctor’s office, insurance compan"
PRRN202403162,Renovation/Alteration,2025-01-08 00:00:00,Residential,Alteration and improvements,10000,0,,,"88 FRENCH CRESCENT, REGINA, SK S4R6N4",Address,Walsh Acres,Turk Construction - Matt,Contractor,"110-Single House, single detached home, bungalow, linked home (linked at fo"
PRRN202500009,Renovation/Alteration,2025-01-08 00:00:00,Residential,Alteration and improvements,25000,0,,,"90 HANLEY CRESCENT, REGINA, SK S4R5A7",Address,Normanview,,Contractor,"110-Single House, single detached home, bungalow, linked home (linked at fo"
PRSF202402886,Single/Semi-Detached Dwelling 1-2 units,2025-01-08 00:00:00,Residential,New construction,278240,1,2,,3116 GREEN TURTLE ROAD,Address,The Towns,EHRENBURG HOMES LTD.,Contractor,"110-Single House, single detached home, bungalow, linked home (linked at fo"
PRSF202402894,Single/Semi-Detached Dwelling 1-2 units,2025-01-08 00:00:00,Residential,New construction,232730,1,2,,3140 GREEN TURTLE ROAD,Address,The Towns,EHRENBURG HOMES LTD.,Contractor,"110-Single House, single detached home, bungalow, linked home (linked at fo"
PRSF202402896,Single/Semi-Detached Dwelling 1-2 units,2025-01-08 00:00:00,Residential,New construction,259740,1,2,,3160 GREEN TURTLE ROAD,Address,The Towns,EHRENBURG HOMES LTD.,Contractor,"110-Single House, single detached home, bungalow, linked home (linked at fo"
PRSF202402897,Single/Semi-Detached Dwelling 1-2 units,2025-01-08 00:00:00,Residential,New construction,259740,1,2,,3164 GREEN TURTLE ROAD,Address,The Towns,EHRENBURG HOMES LTD.,Contractor,"110-Single House, single detached home, bungalow, linked home (linked at fo"
PRSF202402898,Single/Semi-Detached Dwelling 1-2 units,2025-01-08 00:00:00,Residential,New construction,278240,1,2,,3168 GREEN TURTLE ROAD,Address,The Towns,EHRENBURG HOMES LTD.,Contractor,"110-Single House, single detached home, bungalow, linked home (linked at fo"
PRSS202403102,Secondary Suite,2025-01-08 00:00:00,Residential,Alteration and improvements,45000,1,,,"4829 LIBERTY STREET, REGINA, SK S4W0K2",Address,Harbour Landing,,Property Owner,"110-Single House, single detached home, bungalow, linked home (linked at fo"
PRSS202403113,Secondary Suite,2025-01-08 00:00:00,Residential,Alteration and improvements,50000,1,,,"4517 E GREEN ROCK ROAD, REGINA, SK S4V3K4",Address,The Greens on Gardiner,,Property Owner,"110-Single House, single detached home, bungalow, linked home (linked at fo"
PRSS202500030,Secondary Suite,2025-01-08 00:00:00,Residential,Alteration and improvements,40000,1,,,"5210 SQUIRES ROAD, REGINA, SK S4W0G8",Address,Harbour Landing,CRAWFORD HOMES (1991) LTD,Contractor,"110-Single House, single detached home, bungalow, linked home (linked at fo"
PRBS202500035,Basement Development,2025-01-09 00:00:00,Residential,Alteration and improvements,45000,0,,,"2306 MCGREGOR PLACE, REGINA, SK S4V2Y4",Address,Spruce Meadows,,Property Owner,"110-Single House, single detached home, bungalow, linked home (linked at fo"
PRBS202500044,Basement Development,2025-01-09 00:00:00,Residential,Alteration and improvements,4000,0,,,"54 ACADEMY PARK ROAD, REGINA, SK S4S4T7",Address,Whitmore Park,JS GROUP OF COMPANIES,Contractor,"110-Single House, single detached home, bungalow, linked home (linked at fo"
PRBS202500057,Basement Development,2025-01-09 00:00:00,Residential,Alteration and improvements,27500,0,,,"7929 CANOLA AVENUE, REGINA, SK S4Y0E8",Address,Westerra,,Contractor,"330-Row House, garden home, town house, carriage home, quadrex"
PRDK202500031,Deck/Sunroom,2025-01-09 00:00:00,Residential,Alteration and improvements,4000,0,,,"5210 SQUIRES ROAD, REGINA, SK S4W0G8",Address,Harbour Landing,CRAWFORD HOMES (1991) LTD.,Property Owner,"110-Single House, single detached home, bungalow, linked home (linked at fo"
PRSS202403074,Secondary Suite,2025-01-09 00:00:00,Residential,Addition to existing building commerical & residential,60000,1,,,"8116 BARLEY CRESCENT, REGINA, SK S4Y0E7",Address,Westerra,Punjab Construction - Gurpreet Singh,Contractor,"210-Semi-Detached or Double House, single attached home"
PRSS202403119,Secondary Suite,2025-01-09 00:00:00,Residential,Addition to existing building commerical & residential,60000,1,,,"4805 E KELLER AVENUE, REGINA, SK S4V3S6",Address,The Towns,,Property Owner,"110-Single House, single detached home, bungalow, linked home (linked at fo"
PRSS202403134,Secondary Suite,2025-01-09 00:00:00,Residential,Addition to existing building commerical & residential,43500,1,,,"3229 GREEN TURTLE ROAD, REGINA, SK *",Address,The Towns,Lucky Links Building Services Ltd. - Lucky Aluge,Contractor,"110-Single House, single detached home, bungalow, linked home (linked at fo"
PRBS202500071,Basement Development,2025-01-10 00:00:00,Residential,Alteration and improvements,75000,0,,,"3003 QUINN DRIVE, REGINA, SK S4P2W3",Address,Wascana Addition,WEST OAK INVESTMENTS GENERAL PARTNER I LTD.,Contractor,"110-Single House, single detached home, bungalow, linked home (linked at fo"
PRBS202500072,Basement Development,2025-01-10 00:00:00,Residential,Alteration and improvements,20000,0,,,"6769 MAPLE VISTA DRIVE, REGINA, SK S4X0J6",Address,Maple Ridge,,Property Owner,"110-Single House, single detached home, bungalow, linked home (linked at fo"
PRDE202402791,Demolition,2025-01-10 00:00:00,Residential,Demolition,0,0,,1,"2340 MCINTYRE STREET, REGINA, SK S4P2S2",Address,Old 33,S + T Property Maintenance,Contractor,"110-Single House, single detached home, bungalow, linked home (linked at fo"
PRDK202401977,Deck/Sunroom,2025-01-10 00:00:00,Residential,Alteration and improvements,5600,0,,,"4010 14TH AVENUE, REGINA, SK S4T1S3",Address,Old 33,,Property Owner,"110-Single House, single detached home, bungalow, linked home (linked at fo"
PRDK202401997,Deck/Sunroom,2025-01-10 00:00:00,Residential,Alteration and improvements,12480,0,,,"3642 ARGYLE ROAD, REGINA, SK S4S2C1",Address,Lakeview Centre,CARON ENTERPRISES LTD.,Contractor,"110-Single House, single detached home, bungalow, linked home (linked at fo"
PRFR202500061,Foundation Repair,2025-01-10 00:00:00,Residential,Alteration and improvements,19793.16,0,,,"6619 COLLINS BAY, REGINA, SK S4X1T1",Address,Sherwood Estates,KB Better Construction,Contractor,"110-Single House, single detached home, bungalow, linked home (linked at fo"
PRFR202500062,Foundation Repair,2025-01-10 00:00:00,Residential,Foundation (new),10000,0,,,"2301 PARLIAMENT AVENUE, REGINA, SK S4S4G5",Address,Hillsdale,,Property Owner,"110-Single House, single detached home, bungalow, linked home (linked at fo"
PRMH202500060,Plumbing,2025-01-10 00:00:00,Residential,Mechanical,4000,0,,,"119 STAPLEFORD CRESCENT, REGINA, SK S4R4S8",Address,Regent Park,,Property Owner,"110-Single House, single detached home, bungalow, linked home (linked at fo"
PRRN202402154,Renovation/Alteration,2025-01-10 00:00:00,Commercial,Alteration and improvements,75000,0,1,,"2102 11TH AVENUE, REGINA, SK S4P0J5",Address,Old 33,CORNWALL CENTRE INC.,Property Owner,"512-Retail complex; plaza, mall, shopping centre, store/office building"
PRRN202402713,Renovation/Alteration,2025-01-10 00:00:00,Residential,Alteration and improvements,200000,0,,,"2020 DUFFERIN ROAD, REGINA, SK S4S5T8",Address,Whitmore Park,HOPE CONSTRUCTION,Contractor,"110-Single House, single detached home, bungalow, linked home (linked at fo"
PRRN202403126,Renovation/Alteration,2025-01-10 00:00:00,Commercial,Alteration and improvements,70000,0,3,,"15 CENTENNIAL STREET, Unit:11, REGINA, SK S4S6K7",Address,Hillsdale,,Property Owner,315-Apartment - Condominium
PRRN202403127,Renovation/Alteration,2025-01-10 00:00:00,Commercial,Alteration and improvements,70000,0,3,,"23 CENTENNIAL STREET, Unit:11, REGINA, SK S4S6K7",Address,Hillsdale,,Property Owner,315-Apartment - Condominium
PRRN202403128,Renovation/Alteration,2025-01-10 00:00:00,Commercial,Alteration and improvements,70000,0,3,,"43 CENTENNIAL STREET, REGINA, SK S4S6P8",Address,Hillsdale,,Property Owner,315-Apartment - Condominium
PRSF202403108,Single/Semi-Detached Dwelling 1-2 units,2025-01-10 00:00:00,Residential,New construction,400000,1,2,,3104 FAVEL DRIVE,Address,The Towns,DREAM TOWNS LANDS SOUTH (GP) INC.,Property Owner,"110-Single House, single detached home, bungalow, linked home (linked at fo"
PRBS202500068,Basement Development,2025-01-11 00:00:00,Residential,Alteration and improvements,32000,0,,,"2940 GEORGE STREET, REGINA, SK *",Address,The Towns,,Property Owner,"330-Row House, garden home, town house, carriage home, quadrex"
PRBS202403027,Basement Development,2025-01-13 00:00:00,Residential,Alteration and improvements,50000,0,,,"3261 COPELAND ROAD, REGINA, SK S4V3S7",Address,The Towns,CREEK CONSTRUCTION,Contractor,"110-Single House, single detached home, bungalow, linked home (linked at fo"
PRBS202500045,Basement Development,2025-01-13 00:00:00,Residential,Alteration and improvements,45000,0,,,"70 KENNEDY CRESCENT, REGINA, SK S4R6G4",Address,Walsh Acres,,Contractor,"110-Single House, single detached home, bungalow, linked home (linked at fo"
PRDE202500037,Demolition,2025-01-13 00:00:00,Residential,Demolition,5000,0,,,"1175 CAMERON STREET, REGINA, SK S4T2S9",Address,Old 33,101154576 SASKATCHEWAN LTD.,Property Owner,"110-Single House, single detached home, bungalow, linked home (linked at fo"
PRDK202401671,Deck/Sunroom,2025-01-13 00:00:00,Residential,New,8893.49,0,,,"5619 NORSEMAN CRESCENT, REGINA, SK *",Address,Harbour Landing,,Property Owner,"110-Single House, single detached home, bungalow, linked home (linked at fo"
PRDK202403129,Deck/Sunroom,2025-01-13 00:00:00,Residential,Alteration and improvements,10000,0,,,"3925 VICTORIA AVENUE, REGINA, SK S4T1M7",Address,Old 33,,Property Owner,"110-Single House, single detached home, bungalow, linked home (linked at fo"
PRFR202500040,Foundation Repair,2025-01-13 00:00:00,Residential,Alteration and improvements,3720,0,,,"34 PLANT CRESCENT, REGINA, SK S4N5C3",Address,Glencairn Village,AAA Solid Foundation,Contractor,"110-Single House, single detached home, bungalow, linked home (linked at fo"
PRMH202500065,Plumbing,2025-01-13 00:00:00,Residential,Mechanical,4400,0,,,"3120 ANGUS STREET, REGINA, SK S4S1P4",Address,Lakeview,,Property Owner,"110-Single House, single detached home, bungalow, linked home (linked at fo"
PRRN202402940,Renovation/Alteration,2025-01-13 00:00:00,Commercial,Alteration,2972160,0,3,,"3303 HILLSDALE STREET, REGINA, SK S4S4J8",Address,Hillsdale,3303 HILLSDALE PROPERTIES LTD.,Property Owner,"520-Office building; consultant’s office, doctor’s office, insurance compan"
PRRN202500053,Renovation/Alteration,2025-01-13 00:00:00,Residential,Alteration and improvements,50000,0,,,"2154 KING STREET, REGINA, SK S4T4G8",Address,Old 33,,Property Owner,"110-Single House, single detached home, bungalow, linked home (linked at fo"
PRSS202403131,Secondary Suite,2025-01-13 00:00:00,Residential,Addition to existing building commerical & residential,50000,1,,,"7207 MAPLE VIEW CRESCENT, REGINA, SK S4X4S3",Address,Maple Ridge,,Property Owner,"110-Single House, single detached home, bungalow, linked home (linked at fo"
PRFR202500075,Foundation Repair,2025-01-14 00:00:00,Residential,Alteration and improvements,3200,0,,,"187 BOTHWELL CRESCENT, REGINA, SK S4R5Y7",Address,Uplands,Regina Housing Leveling,Contractor,"110-Single House, single detached home, bungalow, linked home (linked at fo"
PRFR202500079,Foundation Repair,2025-01-14 00:00:00,Residential,Foundation (new),40000,0,,,"2301 PARLIAMENT AVENUE, REGINA, SK S4S4G5",Address,Hillsdale,,Property Owner,"110-Single House, single detached home, bungalow, linked home (linked at fo"
PRFR202500086,Foundation Repair,2025-01-14 00:00:00,Residential,Alteration and improvements,5000,0,,,"220 3RD AVENUE, REGINA, SK S4N7C3",Address,Eastview,Regina House Leveling - Travis Zerie,Contractor,"110-Single House, single detached home, bungalow, linked home (linked at fo"
PRNR202403084,New Commercial,2025-01-14 00:00:00,Commercial,New construction,500000,0,1,,3750 CHUKA BOULEVARD,Address,The Greens on Gardiner,102049625 SASKATCHEWAN LTD.,Property Owner,"512-Retail complex; plaza, mall, shopping centre, store/office building"
PRRN202402503,Renovation/Alteration,2025-01-14 00:00:00,Commercial,Alteration,50000,0,2,,"2101 E QUANCE STREET, REGINA, SK S4V3L9",Address,Gardiner Park,BTA REAL ESTATE GROUP INC.,Property Owner,"512-Retail complex; plaza, mall, shopping centre, store/office building"
PRRN202403089,Renovation/Alteration,2025-01-14 00:00:00,Residential,Alteration and improvements,10000,0,,,"6109 KOEP AVENUE, REGINA, SK S4X0H5",Address,Skyview,DRC CONSTRUCTION  - Darrell Wurm,Contractor,"110-Single House, single detached home, bungalow, linked home (linked at fo"
PRSS202403061,Secondary Suite,2025-01-14 00:00:00,Residential,Addition to existing building commerical & residential,35000,1,,,"2922 BELLEGARDE CRESCENT, REGINA, SK S4V3W5",Address,The Towns,,Property Owner,"110-Single House, single detached home, bungalow, linked home (linked at fo"
PRAH202402545,Alternative Family Care Home,2025-01-15 00:00:00,Residential,Alteration and improvements,1500,0,,,"410 N ARGYLE STREET, REGINA, SK S4R4C8",Address,Coronation Park N.,VXLAN INC.,Historic Owner,"110-Single House, single detached home, bungalow, linked home (linked at fo"
PRBS202500039,Basement Development,2025-01-15 00:00:00,Residential,Other,28000,0,,,"3250 DAPHNE STREET, REGINA, SK S4V3R4",Address,Harbour Landing,First Call Construction,Contractor,"110-Single House, single detached home, bungalow, linked home (linked at fo"
PRBS202500055,Basement Development,2025-01-15 00:00:00,Residential,Alteration and improvements,35000,0,,,"4801 CHILD AVENUE, Unit:103, REGINA, SK S4X0C4",Address,Lakeridge,,Contractor,"110-Single House, single detached home, bungalow, linked home (linked at fo"
PRBS202500080,Basement Development,2025-01-15 00:00:00,Residential,Alteration,30000,0,,,"1644 N MAPLE HILL CRESCENT, REGINA, SK S4X0P1",Address,Maple Ridge,,Property Owner,"110-Single House, single detached home, bungalow, linked home (linked at fo"
PRBS202500088,Basement Development,2025-01-15 00:00:00,Residential,Alteration and improvements,5000,0,,,"5234 AERODROME ROAD, Unit:76, REGINA, SK S4W0H7",Address,Harbour Landing,,Property Owner,335-Row House - Condominium
PRBS202500093,Basement Development,2025-01-15 00:00:00,Residential,Alteration and improvements,30000,0,,,"3960 GREEN FALLS DRIVE, Unit:152, REGINA, SK S4V3T5",Address,The Greens on Gardiner,,Property Owner,335-Row House - Condominium
PRFR202500085,Foundation Repair,2025-01-15 00:00:00,Residential,Alteration and improvements,5000,0,,,"220 3RD AVENUE, REGINA, SK S4N7C3",Address,Eastview,Regina House Leveling - Travis Zerie,Contractor,"330-Row House, garden home, town house, carriage home, quadrex"
PRRN202402361,Renovation/Alteration,2025-01-15 00:00:00,Institutional,Alteration and improvements,1500000,0,1,,"111 WASCANA GATE N, REGINA, SK S4V2J6",Address,Wascana View,WILLOW SPRING CONSTRUCTION,Contractor,"660-Religious building; church, cathedral, temple, citadel, synagogue"
PRRN202402953,Renovation/Alteration,2025-01-15 00:00:00,Commercial,Alteration and improvements,904275.6,0,,,"2275 ALBERT STREET, REGINA, SK S4P2V5",Address,Old 33,GRAVES INVESTMENTS LTD.,Property Owner,"520-Office building; consultant’s office, doctor’s office, insurance compan"
PRRN202500020,Renovation/Alteration,2025-01-15 00:00:00,Commercial,Alteration and improvements,85000,0,1,,"225 E 6TH AVENUE, REGINA, SK S4N6A6",Address,Industrial Ross,CROWN SHRED & RECYCLING INC.,Property Owner,"460-Storage building; warehouse (for storage purposes only), industrial mal"
PRSF202500008,Single/Semi-Detached Dwelling 1-2 units,2025-01-15 00:00:00,Residential,New construction,580000,1,2,,"3241 GREEN TURTLE ROAD, REGINA, SK *",Address,The Towns,Homes by Dream,Contractor,"110-Single House, single detached home, bungalow, linked home (linked at fo"
PRFR202500010,Foundation Repair,2025-01-16 00:00:00,Residential,Alteration and improvements,11000,0,0,,"3905 BRANDY LANE DRIVE, REGINA, SK S4S7E2",Address,Albert Park,,Property Owner,"330-Row House, garden home, town house, carriage home, quadrex"
PRMH202500107,Plumbing,2025-01-16 00:00:00,Residential,Mechanical,4195,0,0,,"4115 2ND AVENUE, REGINA, SK S4T0B3",Address,Windsor Place,,Property Owner,"110-Single House, single detached home, bungalow, linked home (linked at fo"
PRMH202500116,Plumbing,2025-01-16 00:00:00,Residential,Mechanical,3000,0,0,,"27 PRINCESS PLACE, REGINA, SK S4S2K3",Address,Lakeview South,,Property Owner,"110-Single House, single detached home, bungalow, linked home (linked at fo"
PRMH202500117,Plumbing,2025-01-16 00:00:00,Residential,Mechanical,10960,0,0,,"1024 ABERDEEN STREET, REGINA, SK S4T5J7",Address,Rosemont South,,Property Owner,"110-Single House, single detached home, bungalow, linked home (linked at fo"
PRRN202500034,Renovation/Alteration,2025-01-16 00:00:00,Residential,Alteration and improvements,1000,0,0,,"6038 DEWDNEY AVENUE, REGINA, SK S4T1C9",Address,Mount Royal,,Property Owner,"110-Single House, single detached home, bungalow, linked home (linked at fo"
PRSF202403136,Single/Semi-Detached Dwelling 1-2 units,2025-01-16 00:00:00,Residential,New construction,400000,2,2,,3101 GREEN TURTLE ROAD,Address,The Towns,PACESETTER NEW HOMES LTD.,Contractor,"110-Single House, single detached home, bungalow, linked home (linked at fo"
PRSF202500032,Single/Semi-Detached Dwelling 1-2 units,2025-01-16 00:00:00,Residential,New construction,320100,2,2,,"2913 WELBY WAY, REGINA, SK S4V4A4",Address,The Towns,CITY OF REGINA,Property Owner,"210-Semi-Detached or Double House, single attached home"
PRSS202402653,Secondary Suite,2025-01-16 00:00:00,Residential,Addition to existing building commerical & residential,24000,1,0,,"8838 WHEAT CRESCENT, REGINA, SK *",Address,Westerra,Resasca Builder,Contractor,"110-Single House, single detached home, bungalow, linked home (linked at fo"
PRSS202402954,Secondary Suite,2025-01-16 00:00:00,Residential,Addition to existing building commerical & residential,26000,1,0,,"3209 GREEN TURTLE ROAD, REGINA, SK *",Address,The Towns,Resasca Builder,Contractor,"110-Single House, single detached home, bungalow, linked home (linked at fo"
PRAH202500025,Alternative Family Care Home,2025-01-17 00:00:00,Residential,Alteration,1500,0,0,,"3857 GREEN MOSS BAY, REGINA, SK S4V1P7",Address,The Greens on Gardiner,CREATIVE OPTIONS REGINA INC.,Property Owner,"110-Single House, single detached home, bungalow, linked home (linked at fo"
PRBS202500113,Basement Development,2025-01-17 00:00:00,Residential,Alteration and improvements,80000,0,0,,"4205 E ELDERBERRY CRESCENT, REGINA, SK S4V3V3",Address,The Creeks,VARSITY HOMES LTD.,Contractor,"110-Single House, single detached home, bungalow, linked home (linked at fo"
PRDK202500109,Deck/Sunroom,2025-01-17 00:00:00,Residential,Alteration and improvements,3200,0,0,,"8685 WHEAT CRESCENT, REGINA, SK *",Address,Westerra,PACESETTER NEW HOMES LTD.,Contractor,"110-Single House, single detached home, bungalow, linked home (linked at fo"
PRGA202402547,Garage/Carport,2025-01-17 00:00:00,Residential,Garage/Carport/Accessory Structure,16271,0,1,,"3245 CHUKA BOULEVARD, REGINA, SK S4V3S5",Address,The Towns,NU-FAB BUILDING PRODUCTS,Contractor,"110-Single House, single detached home, bungalow, linked home (linked at fo"
PRMH202500129,Plumbing,2025-01-17 00:00:00,Residential,Mechanical,5000,0,0,,"3409 29TH AVENUE, REGINA, SK S4S2P4",Address,Parliament Place,Creek Construction - Reza Shirazi,Contractor,"110-Single House, single detached home, bungalow, linked home (linked at fo"
PRNR202402703,New Commercial,2025-01-17 00:00:00,Commercial,Foundation (new),300000,0,0,,3750 CHUKA BOULEVARD,Address,The Greens on Gardiner,102049625 SASKATCHEWAN LTD.,Property Owner,"540-Restaurant, bar, tavern, night club, diner, donut shop"
PRRN202401742,Renovation/Alteration,2025-01-17 00:00:00,Commercial,Alteration and improvements,283000,0,0,,"2121 ROSE STREET, REGINA, SK S4P3Y1",Address,Old 33,SASKATCHEWAN HOUSING CORPORATION,Property Owner,315-Apartment - Condominium
PRRN202500048,Renovation/Alteration,2025-01-17 00:00:00,Commercial,Alteration and improvements,450000,0,0,,"2275 ALBERT STREET, REGINA, SK S4P2V5",Address,Old 33,GRAVES INVESTMENTS LTD.,Property Owner,"520-Office building; consultant’s office, doctor’s office, insurance compan"
PRSS202403097,Secondary Suite,2025-01-17 00:00:00,Residential,Addition,41500,1,0,,"5440 E NICHOLSON AVENUE, REGINA, SK *",Address,The Towns,,Property Owner,"110-Single House, single detached home, bungalow, linked home (linked at fo"
PRSF202500042,Single/Semi-Detached Dwelling 1-2 units,2025-01-19 00:00:00,Residential,New construction,300000,1,2,,"5234 E GREEN CRESCENT, REGINA, SK S4V3S9",Address,The Greens on Gardiner,CRAWFORD HOMES (1991) LTD.,Contractor,"110-Single House, single detached home, bungalow, linked home (linked at fo"
PRDE202402868,Demolition,2025-01-20 00:00:00,Residential,Demolition,5000,0,0,1,"2122 MCARA STREET, REGINA, SK S4N2V8",Address,Broders Annex,MARILU MANAGEMENT INC.,Property Owner,"110-Single House, single detached home, bungalow, linked home (linked at fo"
PRDE202500064,Demolition,2025-01-20 00:00:00,Institutional,Demolition,10000,0,0,0,"3310 LAKEVIEW AVENUE, REGINA, SK **",Address,Lakeview South,CITY OF REGINA,Property Owner,"562-Outdoor recreational building, golf buildings, ski hut, swimming pool"
PRRN202402169,Renovation/Alteration,2025-01-20 00:00:00,Residential,Alteration and improvements,25000,0,0,,"5073 SNOWBIRDS CRESCENT, REGINA, SK S4W0H5",Address,Harbour Landing,,Property Owner,"110-Single House, single detached home, bungalow, linked home (linked at fo"
PRRN202402970,Renovation/Alteration,2025-01-20 00:00:00,Residential,Alteration,7181,0,0,,"211 MCKEE CRESCENT, REGINA, SK S4S5S4",Address,Whitmore Park,The Genuine Builder - Janessa Probe,Contractor,"110-Single House, single detached home, bungalow, linked home (linked at fo"
PRBS202500126,Basement Development,2025-01-21 00:00:00,Residential,Alteration and improvements,20000,0,0,,"2108 MONTAGUE STREET, REGINA, SK S4T3J9",Address,Old 33,,Property Owner,"110-Single House, single detached home, bungalow, linked home (linked at fo"
PRDK202402109,Deck/Sunroom,2025-01-21 00:00:00,Residential,Alteration and improvements,35000,0,0,,"6735 MAPLECREST PLACE, REGINA, SK S4X4C3",Address,Maple Ridge,REGINA WINDOWS & EXTERIORS,Contractor,"110-Single House, single detached home, bungalow, linked home (linked at fo"
PRFR202500131,Foundation Repair,2025-01-21 00:00:00,Residential,Alteration and improvements,45500,0,0,,"6 ROGERS PLACE, REGINA, SK S4S6S1",Address,Albert Park,JS GROUP OF COMPANIES,Contractor,"110-Single House, single detached home, bungalow, linked home (linked at fo"
PRRN202403082,Renovation/Alteration,2025-01-21 00:00:00,Residential,Alteration and improvements,6000,0,0,,"3877 GOLDFINCH WAY, REGINA, SK S4V1S3",Address,The Creeks,,Property Owner,"110-Single House, single detached home, bungalow, linked home (linked at fo"
PRRN202500077,Renovation/Alteration,2025-01-21 00:00:00,Residential,Alteration and improvements,20000,0,0,,"70 KENNEDY CRESCENT, REGINA, SK S4R6G4",Address,Walsh Acres,,Property Owner,"110-Single House, single detached home, bungalow, linked home (linked at fo"
PRRN202403150,Renovation/Alteration,2025-01-22 00:00:00,Commercial,Alteration and improvements,24500,0,0,,"2055 ALBERT STREET, REGINA, SK S4P3G8",Address,Old 33,CREDIT UNION CENTRAL OF SASKATCHEWAN,Property Owner,"520-Office building; consultant’s office, doctor’s office, insurance compan"
PRSF202403055,Single/Semi-Detached Dwelling 1-2 units,2025-01-22 00:00:00,Residential,New construction,450000,1,2,,"5229 E GREEN QUARTZ BAY, REGINA, SK S4V3T1",Address,The Greens on Gardiner,MINIRA PROPERTIES LTD.,Contractor,"110-Single House, single detached home, bungalow, linked home (linked at fo"
PRSF202500058,Single/Semi-Detached Dwelling 1-2 units,2025-01-22 00:00:00,Residential,New construction,400000,1,2,,"8746 WHEAT CRESCENT, REGINA, SK *",Address,Westerra,PACESETTER NEW HOMES LTD.,Contractor,"110-Single House, single detached home, bungalow, linked home (linked at fo"
PRSF202500074,Single/Semi-Detached Dwelling 1-2 units,2025-01-22 00:00:00,Residential,New construction,458000,4,2,,"2901 NARCISSE DRIVE, REGINA, SK S4X0M6",Address,Hawkstone,NORTH RIDGE DEVELOPMENT CORPORATION,Property Owner,"210-Semi-Detached or Double House, single attached home"
PRSF202500076,Single/Semi-Detached Dwelling 1-2 units,2025-01-22 00:00:00,Residential,New construction,458000,4,2,,"2849 NARCISSE DRIVE, REGINA, SK S4X0M6",Address,Hawkstone,NORTH RIDGE DEVELOPMENT CORPORATION,Contractor,"210-Semi-Detached or Double House, single attached home"
PRSF202500095,Single/Semi-Detached Dwelling 1-2 units,2025-01-22 00:00:00,Residential,New construction,357720,2,2,,"2973 WELBY WAY, REGINA, SK S4V4A2",Address,The Towns,Rohit Communities Inc.,Contractor,"210-Semi-Detached or Double House, single attached home"
PRBS202500114,Basement Development,2025-01-23 00:00:00,Residential,Alteration and improvements,25000,0,,,"3296 FAVEL DRIVE, REGINA, SK *",Address,The Towns,,Contractor,"110-Single House, single detached home, bungalow, linked home (linked at fo"
PRFR202500084,Foundation Repair,2025-01-23 00:00:00,Residential,Alteration and improvements,3000,0,,,"55 SNEATH CRESCENT, REGINA, SK S4R5R1",Address,Normanview,Regina Housing Leveling,Contractor,"110-Single House, single detached home, bungalow, linked home (linked at fo"
PRRN202403071,Renovation/Alteration,2025-01-23 00:00:00,Commercial,Alteration and improvements,925000,0,1,,"1700 PARK STREET, REGINA, SK S4N6B2",Address,Tuxedo Park,BRIDON PROJECT MANAGEMENT,Contractor,"460-Storage building; warehouse (for storage purposes only), industrial mal"
PRSF202403112,Single/Semi-Detached Dwelling 1-2 units,2025-01-23 00:00:00,Residential,New construction,990000,1,2,,"4224 E ELDERBERRY CRESCENT, REGINA, SK S4V3V3",Address,The Creeks,Gilroy Homes Inc.,Contractor,"110-Single House, single detached home, bungalow, linked home (linked at fo"
PRDE202402660,Demolition,2025-01-24 00:00:00,Residential,Demolition,22686.62,0,,1,"719 ROBINSON STREET, REGINA, SK S4T2M2",Address,Washington Park,First Choice Excavation & Demolition,Contractor,"110-Single House, single detached home, bungalow, linked home (linked at fo"
PRDE202402661,Demolition,2025-01-24 00:00:00,Residential,Demolition,43865.49,0,,1,"879 RETALLACK STREET, REGINA, SK S4T2G9",Address,Washington Park,First Choice Excavation & Demolition,Contractor,"110-Single House, single detached home, bungalow, linked home (linked at fo"
PRDE202500112,Demolition,2025-01-24 00:00:00,Residential,Demolition,0,0,,1,"2350 MCINTYRE STREET, REGINA, SK S4P2S2",Address,Old 33,S & T Property Maintenance - Sean Thomson,Contractor,"110-Single House, single detached home, bungalow, linked home (linked at fo"
PRDK202402801,Deck/Sunroom,2025-01-24 00:00:00,Residential,Addition to existing building commercial & residential,14000,0,,,"8109 BARLEY CRESCENT, REGINA, SK S4Y0E7",Address,Westerra,,Property Owner,"110-Single House, single detached home, bungalow, linked home (linked at fo"
PRMH202500176,Plumbing,2025-01-24 00:00:00,Residential,Mechanical,4000,0,0,,"3540 REGINA AVENUE, REGINA, SK S4S0H4",Address,Normandy Heights,MARSHALL PLUMBING & HEATING,Contractor,"110-Single House, single detached home, bungalow, linked home (linked at fo"
PRRN202403088,Renovation/Alteration,2025-01-24 00:00:00,Commercial,Alteration and improvements,38740,0,,,"2025 HESELTINE ROAD, REGINA, SK S4V2Z4",Address,River Bend,REGINA RETIREMENT GROUP LTD.,Property Owner,315-Apartment - Condominium
PRBS202500056,Basement Development,2025-01-27 00:00:00,Residential,Alteration and improvements,16956,0,,,"169 N ST JOHN STREET, REGINA, SK S4R2V8",Address,North Annex,,Property Owner,"110-Single House, single detached home, bungalow, linked home (linked at fo"
PRBS202500108,Basement Development,2025-01-27 00:00:00,Residential,Alteration and improvements,56827,0,,,"3719 E CORMORANT DRIVE, REGINA, SK S4N7S4",Address,Parkridge,HOPE CONSTRUCTION,Contractor,"110-Single House, single detached home, bungalow, linked home (linked at fo"
PRFR202500182,Foundation Repair,2025-01-27 00:00:00,Residential,Alteration and improvements,3600,0,0,,"23 BOTHWELL CRESCENT, REGINA, SK S4R5Y7",Address,Uplands,AAA Solid Foundation,Contractor,"110-Single House, single detached home, bungalow, linked home (linked at fo"
PRRN202402305,Renovation/Alteration,2025-01-27 00:00:00,Commercial,Alteration and improvements,300000,0,,,"3025 MCDONALD STREET, REGINA, SK **",Address,Douglas Place,CITY OF REGINA,Property Owner,"562-Outdoor recreational building, golf buildings, ski hut, swimming pool"
PRRN202402735,Renovation/Alteration,2025-01-27 00:00:00,Commercial,Alteration and improvements,650000,0,0,,"1531 1ST AVENUE, REGINA, SK S4R8H2",Address,Industrial Park,MCNAUGHTON JAMIE N - CCRConstruction,Contractor,"572-Service station, repair garage and specialty shop; gasoline station, se"
PRRN202500132,Renovation/Alteration,2025-01-27 00:00:00,Residential,Alteration and improvements,10000,0,,,"51 DAFFODIL CRESCENT, REGINA, SK S4S5A2",Address,Whitmore Park,,Contractor,"110-Single House, single detached home, bungalow, linked home (linked at fo"
PRRN202500151,Renovation/Alteration,2025-01-27 00:00:00,Commercial,Alteration and improvements,20000,0,,,"1301 FLEURY STREET, REGINA, SK S4N7N5",Address,Innismore,T/K CONCRETE,Contractor,"460-Storage building; warehouse (for storage purposes only), industrial mal"
PRTN202500096,Tent / Temporary Structure,2025-01-27 00:00:00,Institutional,Other,15000,,,,"2405 LEGISLATIVE DRIVE, REGINA, SK S4S0B3",Address,Wascana Park,Special Events Rentals - Karson,Contractor,Not Applicable
PRBS202500183,Basement Development,2025-01-28 00:00:00,Residential,Alteration and improvements,12000,0,0,,"5432 E BOYER BAY, REGINA, SK S4V3P2",Address,The Greens on Gardiner,,Property Owner,"110-Single House, single detached home, bungalow, linked home (linked at fo"
PRFR202500140,Foundation Repair,2025-01-28 00:00:00,Residential,Alteration and improvements,51500,0,0,,"3409 29TH AVENUE, REGINA, SK S4S2P4",Address,Parliament Place,Creek Construction - Reza Shirazi,Contractor,"110-Single House, single detached home, bungalow, linked home (linked at fo"
PRFR202500187,Foundation Repair,2025-01-28 00:00:00,Residential,Alteration and improvements,2500,0,,,"99 HOUSTON ROAD, REGINA, SK S4V0G3",Address,University Park,,Property Owner,"110-Single House, single detached home, bungalow, linked home (linked at fo"
PRRN202402148,Renovation/Alteration,2025-01-28 00:00:00,Commercial,Alteration and improvements,2000000,29,4,,"1827 ALBERT STREET, REGINA, SK S4P2S9",Address,Old 33,D.R. ANDERSON HOLDINGS INC.,Property Owner,315-Apartment - Condominium
PRRN202403101,Renovation/Alteration,2025-01-28 00:00:00,Commercial,Alteration and improvements,500000,0,,,"2445 ALBERT STREET, REGINA, SK S4P4W7",Address,Wascana Park,SASKATCHEWAN PROPERTY MANAGEMENT CORPORATION,Property Owner,"550-Theatre and performing art center; movie theatre, concert hall, opera h"
PRSS202401545,Secondary Suite,2025-01-28 00:00:00,Residential,Addition to existing building commercial & residential,24000,1,,,"2908 TROMBLEY STREET, REGINA, SK *",Address,The Towns,Resasca Builder,Contractor,"110-Single House, single detached home, bungalow, linked home (linked at fo"
PRSS202403123,Secondary Suite,2025-01-28 00:00:00,Residential,Alteration and improvements,25000,1,,,"4417 E KELLER AVENUE, REGINA, SK S4V3R3",Address,The Towns,,Property Owner,"210-Semi-Detached or Double House, single attached home"
PRSS202500127,Secondary Suite,2025-01-28 00:00:00,Residential,Alteration,34997,1,,,"2964 TROMBLEY STREET, REGINA, SK *",Address,The Towns,,Property Owner,"110-Single House, single detached home, bungalow, linked home (linked at fo"
PRDE202500189,Demolition,2025-01-29 00:00:00,Residential,Demolition,13956.03,0,0,1,"1413 RAE STREET, REGINA, SK S4T2C6",Address,Old 33,First Choice Excavation & Demolition,Contractor,"110-Single House, single detached home, bungalow, linked home (linked at fo"
PRDE202500192,Demolition,2025-01-29 00:00:00,Residential,Demolition,29300,0,0,1,"1543 ELPHINSTONE STREET, REGINA, SK S4T3M9",Address,Old 33,,Property Owner,"110-Single House, single detached home, bungalow, linked home (linked at fo"
PRFR202500130,Foundation Repair,2025-01-29 00:00:00,Residential,Alteration and improvements,17000,0,,,"260 LOGAN CRESCENT, REGINA, SK S4S5P9",Address,Whitmore Park,JS GROUP OF COMPANIES,Contractor,"110-Single House, single detached home, bungalow, linked home (linked at fo"
PRRN202402911,Renovation/Alteration,2025-01-29 00:00:00,Commercial,Alteration and improvements,500000,0,1,,3750 CHUKA BOULEVARD,Address,The Greens on Gardiner,,Contractor,"540-Restaurant, bar, tavern, night club, diner, donut shop"
PRSF202500015,Single/Semi-Detached Dwelling 1-2 units,2025-01-29 00:00:00,Residential,New construction,450400,1,2,,"5421 E NICHOLSON AVENUE, REGINA, SK *",Address,The Towns,Homes by Dream,Contractor,"110-Single House, single detached home, bungalow, linked home (linked at fo"
PRTN202500100,Tent / Temporary Structure,2025-01-29 00:00:00,Commercial,Other,0,,,,"2190 VICTORIA AVENUE, REGINA, SK **",Address,Old 33,A1-Rent Alls - Desiree Wright,Contractor,Not Applicable
PRMU202500049,Multi-Unit Dwelling 3+ Units,2025-01-30 00:00:00,Residential,New construction,482790,3,2,,"2981, 2985, 2989 WELBY WAY, REGINA, SK S4V4A2",Address,The Towns,Rohit Communities Inc.,Contractor,"330-Row House, garden home, town house, carriage home, quadrex"
PRRN202402186,Renovation/Alteration,2025-01-30 00:00:00,Residential,Alteration and improvements,3500,0,0,,"1425 RETALLACK STREET, REGINA, SK S4T2J3",Address,Old 33,CHIDERA INVESTMENTS LIMITED,Property Owner,"110-Single House, single detached home, bungalow, linked home (linked at fo"
PRRN202403058,Renovation/Alteration,2025-01-30 00:00:00,Commercial,Alteration and improvements,150000,0,0,,"2965 GORDON ROAD, REGINA, SK S4S6H7",Address,Albert Park,SBLP SOUTHLAND MALL INC.,Property Owner,"512-Retail complex; plaza, mall, shopping centre, store/office building"
PRRN202403059,Renovation/Alteration,2025-01-30 00:00:00,Commercial,Alteration and improvements,50000,0,1,,3750 CHUKA BOULEVARD,Address,The Greens on Gardiner,102049625 SASKATCHEWAN LTD.,Property Owner,"512-Retail complex; plaza, mall, shopping centre, store/office building"
PRRN202500161,Renovation/Alteration,2025-01-30 00:00:00,Residential,Alteration and improvements,9000,0,0,,"5120 DEWDNEY AVENUE, REGINA, SK S4T1C1",Address,Belvedere,,Contractor,"110-Single House, single detached home, bungalow, linked home (linked at fo"
PRSF202500087,Single/Semi-Detached Dwelling 1-2 units,2025-01-30 00:00:00,Residential,New construction,250000,2,2,,"3069 GREEN BANK ROAD, REGINA, SK *",Address,The Towns,CRAWFORD HOMES (1991) LTD.,Contractor,"110-Single House, single detached home, bungalow, linked home (linked at fo"
PRSF202500156,Single/Semi-Detached Dwelling 1-2 units,2025-01-30 00:00:00,Residential,New construction,278240,1,2,,3168 GREEN TURTLE ROAD,Address,The Towns,EHRENBURG HOMES LTD.,Contractor,"110-Single House, single detached home, bungalow, linked home (linked at fo"
PRSS202403111,Secondary Suite,2025-01-30 00:00:00,Residential,Alteration and improvements,40000,1,0,,"5109 AERIAL CRESCENT, REGINA, SK S4W0C8",Address,Harbour Landing,,Contractor,"110-Single House, single detached home, bungalow, linked home (linked at fo"
PRBS202500143,Basement Development,2025-01-31 00:00:00,Residential,Alteration and improvements,20000,0,0,,"5308 E NICHOLSON AVENUE, REGINA, SK *",Address,The Towns,,Property Owner,"210-Semi-Detached or Double House, single attached home"
PRBS202500144,Basement Development,2025-01-31 00:00:00,Residential,Alteration and improvements,20000,0,0,,"4724 E BUCKINGHAM DRIVE, REGINA, SK *",Address,The Towns,,Property Owner,"110-Single House, single detached home, bungalow, linked home (linked at fo"
PRFR202500211,Foundation Repair,2025-01-31 00:00:00,Residential,Alteration and improvements,4000,0,0,,"419 PALLISER STREET, REGINA, SK S4R5J6",Address,Normanview,Regina Housing Leveling,Contractor,"110-Single House, single detached home, bungalow, linked home (linked at fo"
PRRN202402860,Renovation/Alteration,2025-01-31 00:00:00,Residential,Alteration and improvements,37000,0,0,,"519 KING STREET, REGINA, SK S4R4H7",Address,Premier Place,,Property Owner,"110-Single House, single detached home, bungalow, linked home (linked at fo"
PRRN202403118,Renovation/Alteration,2025-01-31 00:00:00,Commercial,Alteration and improvements,400000,0,0,,"3769 WASCANA PARKWAY, REGINA, SK S4S0A2",Address,Hillsdale,THE UNIVERSITY OF REGINA,Property Owner,"540-Restaurant, bar, tavern, night club, diner, donut shop"
PRDE202402030,Demolition,2025-02-01 00:00:00,Residential,Demolition,2500,0,0,,"1567 GARNET STREET, REGINA, SK S4T2Y8",Address,Old 33,,Property Owner,"110-Single House, single detached home, bungalow, linked home (linked at fo"
PRFR202403160,Foundation Repair,2025-02-03 00:00:00,Residential,Alteration and improvements,80000,0,0,,"3622 FONYO BAY, REGINA, SK S4V2H5",Address,Richmond Place,RSR Construction - Adrian Kasick,Contractor,"110-Single House, single detached home, bungalow, linked home (linked at fo"
PRFR202500081,Foundation Repair,2025-02-03 00:00:00,Residential,Alteration and improvements,8900,0,0,,"91 MCNAB CRESCENT, REGINA, SK S4S4B3",Address,Hillsdale,Regina Basement Bracing - Cole Crowley,Contractor,"110-Single House, single detached home, bungalow, linked home (linked at fo"
PRGA202402933,Garage/Carport,2025-02-03 00:00:00,Residential,Garage/Carport/Accessory Structure,28000,0,0,,"3082 BELLEGARDE CRESCENT, REGINA, SK *",Address,The Towns,The Genuine Builder - Janessa Probe,Contractor,"110-Single House, single detached home, bungalow, linked home (linked at fo"
PRRN202403133,Renovation/Alteration,2025-02-03 00:00:00,Commercial,Alteration and improvements,500000,0,1,,"4020 ROCHDALE BOULEVARD, REGINA, SK S4X4P7",Address,Hawkstone,WESTRIDGE CONSTRUCTION - Liam Clarke,Contractor,"570-Motor vehicle show room (new and used); car dealership, used car, motor"
PRSF202500063,Single/Semi-Detached Dwelling 1-2 units,2025-02-03 00:00:00,Residential,New construction,288600,1,2,,3133 GREEN TURTLE ROAD,Address,The Towns,EHRENBURG HOMES LTD.,Contractor,"110-Single House, single detached home, bungalow, linked home (linked at fo"
PRSF202500069,Single/Semi-Detached Dwelling 1-2 units,2025-02-03 00:00:00,Residential,New construction,370000,1,2,,3137 GREEN TURTLE ROAD,Address,The Towns,EHRENBURG HOMES LTD.,Contractor,"110-Single House, single detached home, bungalow, linked home (linked at fo"
PRSF202500070,Single/Semi-Detached Dwelling 1-2 units,2025-02-03 00:00:00,Residential,New construction,370000,1,2,,3140 FAVEL DRIVE,Address,The Towns,EHRENBURG HOMES LTD.,Contractor,"110-Single House, single detached home, bungalow, linked home (linked at fo"
PRSF202500082,Single/Semi-Detached Dwelling 1-2 units,2025-02-03 00:00:00,Residential,New construction,288600,1,2,,3145 GREEN TURTLE ROAD,Address,The Towns,EHRENBURG HOMES LTD.,Contractor,"110-Single House, single detached home, bungalow, linked home (linked at fo"
PRSF202500101,Single/Semi-Detached Dwelling 1-2 units,2025-02-03 00:00:00,Residential,New construction,311170,1,2,,3105 GREEN TURTLE ROAD,Address,The Towns,EHRENBURG HOMES LTD.,Contractor,"110-Single House, single detached home, bungalow, linked home (linked at fo"
PRSF202500102,Single/Semi-Detached Dwelling 1-2 units,2025-02-03 00:00:00,Residential,New construction,288600,1,2,,3149 GREEN TURTLE ROAD,Address,The Towns,EHRENBURG HOMES LTD.,Contractor,"110-Single House, single detached home, bungalow, linked home (linked at fo"
PRSF202500103,Single/Semi-Detached Dwelling 1-2 units,2025-02-03 00:00:00,Residential,New construction,288600,1,2,,3153 GREEN TURTLE ROAD,Address,The Towns,EHRENBURG HOMES LTD.,Contractor,"110-Single House, single detached home, bungalow, linked home (linked at fo"
PRSF202500191,Single/Semi-Detached Dwelling 1-2 units,2025-02-03 00:00:00,Residential,New construction,250000,1,2,,"3116 COPELAND ROAD, REGINA, SK *",Address,The Towns,CRAWFORD HOMES (1991) LTD.,Property Owner,"110-Single House, single detached home, bungalow, linked home (linked at fo"
PRSS202500046,Secondary Suite,2025-02-03 00:00:00,Residential,Alteration and improvements,30000,1,0,,"5304 E NICHOLSON AVENUE, REGINA, SK *",Address,The Towns,First Call Construction,Contractor,"110-Single House, single detached home, bungalow, linked home (linked at fo"
PRBS202500228,Basement Development,2025-02-04 00:00:00,Residential,Alteration and improvements,12000,0,0,,"3260 CROSBIE CRESCENT, REGINA, SK S4V3S4",Address,The Towns,,Property Owner,"110-Single House, single detached home, bungalow, linked home (linked at fo"
PRGA202500173,Garage/Carport,2025-02-04 00:00:00,Residential,Garage/Carport/Accessory Structure,15000,0,0,,"1043 ELLIOTT STREET, REGINA, SK S4N3E7",Address,Eastview,,Property Owner,"110-Single House, single detached home, bungalow, linked home (linked at fo"
PRMU202402757,Multi-Unit Dwelling 3+ Units,2025-02-04 00:00:00,Commercial,Foundation (new),168500,0,0,,1621 WEST MARKET STREET,Address,Westerra,KDR-CH PROPERTIES REGINA LTD.,Property Owner,"310-Apartment, apartment building, duplex, triplex, quadruple"
PRMU202500067,Multi-Unit Dwelling 3+ Units,2025-02-04 00:00:00,Residential,New construction,472780,3,2,,"2941, 2945, 2949 WELBY WAY, REGINA, SK S4V4A2",Address,The Towns,Rohit Communities Inc.,Contractor,"330-Row House, garden home, town house, carriage home, quadrex"
PRRN202500137,Renovation/Alteration,2025-02-04 00:00:00,Residential,Alteration and improvements,4500,0,0,,"2330 ATHOL STREET, REGINA, SK S4T3G3",Address,Old 33,,Property Owner,"110-Single House, single detached home, bungalow, linked home (linked at fo"
PRSF202500099,Single/Semi-Detached Dwelling 1-2 units,2025-02-04 00:00:00,Residential,New construction,375000,1,2,,"2475 MCARA STREET, REGINA, SK S4N2W6",Address,Assiniboia  Place,NORD WEST STUCCO LTD.,Property Owner,"110-Single House, single detached home, bungalow, linked home (linked at fo"
PRSF202500105,Single/Semi-Detached Dwelling 1-2 units,2025-02-04 00:00:00,Residential,New construction,333740,1,2,,3157 GREEN TURTLE ROAD,Address,The Towns,EHRENBURG HOMES LTD.,Contractor,"110-Single House, single detached home, bungalow, linked home (linked at fo"
PRSF202500106,Single/Semi-Detached Dwelling 1-2 units,2025-02-04 00:00:00,Residential,New construction,391090,1,2,,3161 GREEN TURTLE ROAD,Address,The Towns,EHRENBURG HOMES LTD.,Contractor,"110-Single House, single detached home, bungalow, linked home (linked at fo"
PRSF202500169,Single/Semi-Detached Dwelling 1-2 units,2025-02-04 00:00:00,Residential,New construction,400000,1,2,,"8802 WHEAT CRESCENT, REGINA, SK *",Address,Westerra,PACESETTER NEW HOMES LTD.,Contractor,"110-Single House, single detached home, bungalow, linked home (linked at fo"
PRSS202500196,Secondary Suite,2025-02-04 00:00:00,Residential,Alteration and improvements,19000,1,0,,"8622 WHEAT CRESCENT, REGINA, SK *",Address,Westerra,PACESETTER HOMES REGINA,Contractor,"210-Semi-Detached or Double House, single attached home"
PRBS202500197,Basement Development,2025-02-05 00:00:00,Residential,Alteration and improvements,40000,0,0,,"5201 E ARENS ROAD, Unit:HDR, REGINA, SK S4V4A8",Address,The Towns,North Ridge Development Corp. - Nigel Cater,Contractor,335-Row House - Condominium
PRBS202500249,Basement Development,2025-02-05 00:00:00,Residential,Alteration and improvements,21000,0,0,,"8681 WHEAT CRESCENT, REGINA, SK *",Address,Westerra,PACESETTER NEW HOMES LTD.,Contractor,"110-Single House, single detached home, bungalow, linked home (linked at fo"
PRFR202500217,Foundation Repair,2025-02-05 00:00:00,Residential,Alteration and improvements,8000,0,0,,"8 OSLER PLACE, REGINA, SK S4R2X2",Address,Churchill Place,,Property Owner,"110-Single House, single detached home, bungalow, linked home (linked at fo"
PRRN202500110,Renovation/Alteration,2025-02-05 00:00:00,Residential,Alteration and improvements,5000,0,0,,"1349 FORGET STREET, REGINA, SK S4T4Y2",Address,Belvedere,,Property Owner,"110-Single House, single detached home, bungalow, linked home (linked at fo"
PRRN202500111,Renovation/Alteration,2025-02-05 00:00:00,Residential,Alteration and improvements,5000,0,0,,"1349 FORGET STREET, REGINA, SK S4T4Y2",Address,Belvedere,,Property Owner,"110-Single House, single detached home, bungalow, linked home (linked at fo"
PRSF202500185,Single/Semi-Detached Dwelling 1-2 units,2025-02-05 00:00:00,Residential,New construction,440000,2,1,,3601 GREEN MARSH CRESCENT,Address,The Greens on Gardiner,MONTEREY DEVELOPMENTS LTD.,Property Owner,215-Semi-Detached or Double House - Condominium
PRSF202500186,Single/Semi-Detached Dwelling 1-2 units,2025-02-05 00:00:00,Residential,New construction,440000,2,1,,3601 GREEN MARSH CRESCENT,Address,The Greens on Gardiner,NORTH RIDGE DEVELOPMENT CORPORATION,Contractor,215-Semi-Detached or Double House - Condominium
PRSS202500163,Secondary Suite,2025-02-05 00:00:00,Residential,Alteration and improvements,35000,1,0,,"3293 GREEN TURTLE ROAD, REGINA, SK *",Address,The Towns,,Property Owner,"110-Single House, single detached home, bungalow, linked home (linked at fo"
PRGA202500201,Garage/Carport,2025-02-06 00:00:00,Residential,Garage/Carport/Accessory Structure,35000,0,0,,"2940 GEORGE STREET, REGINA, SK *",Address,The Towns,,Property Owner,"330-Row House, garden home, town house, carriage home, quadrex"
PRMH202500218,Plumbing,2025-02-06 00:00:00,Residential,Mechanical,6000,0,0,,"2850 ALBERT STREET, REGINA, SK S4S3N5",Address,Lakeview,,Property Owner,"110-Single House, single detached home, bungalow, linked home (linked at fo"
PRMH202500263,Plumbing,2025-02-06 00:00:00,Residential,Mechanical,8000,0,0,,"19 MERLIN CRESCENT, REGINA, SK S4R3E1",Address,Coronation Park N.,Universal Plumbing & Heating Inc,Contractor,"110-Single House, single detached home, bungalow, linked home (linked at fo"
PRRN202403092,Renovation/Alteration,2025-02-06 00:00:00,Commercial,Alteration and improvements,100000,0,0,,"225 E VICTORIA AVENUE, REGINA, SK S4N0N5",Address,Broders Annex,101297854 SASKATCHEWAN LTD.,Property Owner,"520-Office building; consultant’s office, doctor’s office, insurance compan"
PRRN202403154,Renovation/Alteration,2025-02-06 00:00:00,Institutional,Alteration and improvements,2500000,0,1,,"1600 HALIFAX STREET, REGINA, SK S4P1S8",Address,Old 33,CITY OF REGINA,Property Owner,"534-Other accommodation; student’s residence, boarding house, religious res"
PRBS202500241,Basement Development,2025-02-07 00:00:00,Residential,Alteration and improvements,8000,0,0,,"2130 BORDEN STREET, REGINA, SK S4N2K8",Address,Broders Annex,ACHEN PROPERTY MANAGEMENT  INC.,Property Owner,"110-Single House, single detached home, bungalow, linked home (linked at fo"
PRFR202500160,Foundation Repair,2025-02-07 00:00:00,Residential,Alteration and improvements,8500,0,0,,"127 MACKENZIE WAY, REGINA, SK S4N5M9",Address,Glencairn Village,,Property Owner,335-Row House - Condominium
PRFR202500162,Foundation Repair,2025-02-07 00:00:00,Residential,Alteration and improvements,3600,0,0,,"51 MACKENZIE WAY, REGINA, SK S4N5M7",Address,Glencairn Village,102084236 SASKATCHEWAN LTD.,Property Owner,115-Single House - Condominium
PRFR202500166,Foundation Repair,2025-02-07 00:00:00,Residential,Alteration and improvements,8500,0,0,,"74 MACKENZIE MEWS, REGINA, SK S4N5M5",Address,Glencairn Village,,Property Owner,115-Single House - Condominium
PRFR202500174,Foundation Repair,2025-02-07 00:00:00,Residential,Alteration and improvements,3200,0,0,,"95 MACKENZIE WAY, REGINA, SK S4N5M8",Address,Glencairn Village,,Property Owner,335-Row House - Condominium
PRMH202500272,Plumbing,2025-02-07 00:00:00,Residential,Mechanical,500,0,0,,"446 FROOM CRESCENT, REGINA, SK S4N1T6",Address,Glen Elm Park S.,,Property Owner,"110-Single House, single detached home, bungalow, linked home (linked at fo"
PRMU202402754,Multi-Unit Dwelling 3+ Units,2025-02-07 00:00:00,Commercial,Foundation (new),168500,0,0,,1621 WEST MARKET STREET,Address,Westerra,KDR-CH PROPERTIES REGINA LTD.,Property Owner,"310-Apartment, apartment building, duplex, triplex, quadruple"
PRRN202402851,Renovation/Alteration,2025-02-07 00:00:00,Residential,Alteration and improvements,8000,0,0,,"2935 ROTHWELL STREET, REGINA, SK S4N2E6",Address,Douglas Place,,Property Owner,"110-Single House, single detached home, bungalow, linked home (linked at fo"
PRRN202500180,Renovation/Alteration,2025-02-07 00:00:00,Commercial,Alteration and improvements,9000,0,2,,"2102 11TH AVENUE, REGINA, SK S4P0J5",Address,Old 33,CORNWALL CENTRE INC.,Property Owner,"512-Retail complex; plaza, mall, shopping centre, store/office building"
PRSF202500172,Single/Semi-Detached Dwelling 1-2 units,2025-02-07 00:00:00,Residential,New construction,250000,1,2,,"3165 GREEN STONE ROAD, REGINA, SK *",Address,The Towns,CITY OF REGINA,Property Owner,"110-Single House, single detached home, bungalow, linked home (linked at fo"
PRSF202500264,Single/Semi-Detached Dwelling 1-2 units,2025-02-07 00:00:00,Residential,New construction,750000,2,2,,"3320, 3324 FAVEL DRIVE, REGINA, SK *",Address,The Towns,PACESETTER NEW HOMES LTD.,Contractor,"210-Semi-Detached or Double House, single attached home"
PRSF202500265,Single/Semi-Detached Dwelling 1-2 units,2025-02-07 00:00:00,Residential,New construction,750000,2,2,,"3336, 3340 FAVEL DRIVE, REGINA, SK *",Address,The Towns,PACESETTER NEW HOMES LTD.,Contractor,"210-Semi-Detached or Double House, single attached home"
PRAD202400123,Addition,2025-02-10 00:00:00,Commercial,Addition to existing building commercial & residential,25000,0,0,,"311 VICTORIA AVENUE, REGINA, SK S4N0P5",Address,Broders Annex,,Property Owner,"522-Office complex, office/store, office/apartment"
PRBS202500271,Basement Development,2025-02-10 00:00:00,Residential,Alteration and improvements,40000,0,0,,"837 GRACE STREET, REGINA, SK S4T5M4",Address,Rosemont North,,Property Owner,"110-Single House, single detached home, bungalow, linked home (linked at fo"
PRRN202500232,Renovation/Alteration,2025-02-10 00:00:00,Residential,Alteration and improvements,700,0,0,,"2928 GEORGE STREET, REGINA, SK *",Address,The Towns,,Property Owner,"330-Row House, garden home, town house, carriage home, quadrex"
PRSS202500168,Secondary Suite,2025-02-10 00:00:00,Residential,Alteration and improvements,45000,1,0,,"4016 WATERER STREET, REGINA, SK S4W0N3",Address,Harbour Landing,,Property Owner,"110-Single House, single detached home, bungalow, linked home (linked at fo"
PRSS202500190,Secondary Suite,2025-02-10 00:00:00,Residential,Alteration and improvements,45000,1,0,,"2930 GREEN BROOK ROAD, REGINA, SK *",Address,The Towns,Richmond Enterprise,Contractor,"110-Single House, single detached home, bungalow, linked home (linked at fo"
PRDK202500275,Deck/Sunroom,2025-02-11 00:00:00,Residential,Alteration and improvements,3200,0,0,,"8681 WHEAT CRESCENT, REGINA, SK *",Address,Westerra,PACESETTER NEW HOMES LTD.,Contractor,"110-Single House, single detached home, bungalow, linked home (linked at fo"
PRFR202500304,Foundation Repair,2025-02-11 00:00:00,Residential,Alteration and improvements,6000,0,0,,"2822 KUTARNA CRESCENT, REGINA, SK S4V0T1",Address,Wood Meadows,DRC CONSTRUCTION LTD.,Contractor,"110-Single House, single detached home, bungalow, linked home (linked at fo"
PRGA202500207,Garage/Carport,2025-02-11 00:00:00,Residential,Garage/Carport/Accessory Structure,21500,0,0,,"7916 LENTIL AVENUE, REGINA, SK S4Y0E9",Address,Westerra,,Contractor,"330-Row House, garden home, town house, carriage home, quadrex"
PRRN202500233,Renovation/Alteration,2025-02-11 00:00:00,Residential,Alteration and improvements,15000,0,0,,"25 WESLEY ROAD, REGINA, SK S4S5P3",Address,Whitmore Park,,Property Owner,"110-Single House, single detached home, bungalow, linked home (linked at fo"
PRSS202500158,Secondary Suite,2025-02-11 00:00:00,Residential,Alteration and improvements,30000,1,0,,"2904 GEORGE STREET, REGINA, SK *",Address,The Towns,First Call Construction,Contractor,"330-Row House, garden home, town house, carriage home, quadrex"
PRBS202500306,Basement Development,2025-02-12 00:00:00,Residential,Alteration and improvements,15000,0,0,,"4607 HAMES BAY, REGINA, SK S4W0B6",Address,Harbour Landing,,Property Owner,"110-Single House, single detached home, bungalow, linked home (linked at fo"
PRBS202500314,Basement Development,2025-02-12 00:00:00,Residential,Alteration and improvements,14850,0,0,,"6603 LIGGETT BAY, REGINA, SK S4X1T8",Address,Sherwood Estates,,Property Owner,"110-Single House, single detached home, bungalow, linked home (linked at fo"
PRMH202500321,Plumbing,2025-02-12 00:00:00,Residential,Mechanical,4400,0,0,,"3207 MOUNTBATTEN CRESCENT, REGINA, SK S4V0R5",Address,University Park East,,Property Owner,"110-Single House, single detached home, bungalow, linked home (linked at fo"
PRRN202500254,Renovation/Alteration,2025-02-12 00:00:00,Residential,Alteration and improvements,3500,0,0,,"16 MONTGOMERY ROAD, REGINA, SK S4S5C4",Address,Whitmore Park,,Contractor,"110-Single House, single detached home, bungalow, linked home (linked at fo"
PRSF202500234,Single/Semi-Detached Dwelling 1-2 units,2025-02-12 00:00:00,Residential,New construction,577800,1,2,,"3272 FAVEL DRIVE, REGINA, SK *",Address,The Towns,Dream Towns Land South LP,Contractor,"110-Single House, single detached home, bungalow, linked home (linked at fo"
PRSS202500133,Secondary Suite,2025-02-12 00:00:00,Residential,Alteration and improvements,69580,1,0,,"4402 E BUCKINGHAM DRIVE, REGINA, SK *",Address,The Towns,Dhami Construction Inc.,Contractor,"330-Row House, garden home, town house, carriage home, quadrex"
PRSS202500222,Secondary Suite,2025-02-12 00:00:00,Residential,Alteration and improvements,42000,1,0,,"4808 E KAUFMAN AVENUE, REGINA, SK *",Address,The Towns,,Contractor,"110-Single House, single detached home, bungalow, linked home (linked at fo"
PRBS202500332,Basement Development,2025-02-13 00:00:00,Residential,Alteration and improvements,25000,0,0,,"3143 CAMERON STREET, REGINA, SK S4S1W8",Address,Lakeview,,Property Owner,"110-Single House, single detached home, bungalow, linked home (linked at fo"
PRDK202500216,Deck/Sunroom,2025-02-13 00:00:00,Residential,Alteration and improvements,8000,0,0,,"3150 MAZURAK CRESCENT, REGINA, SK S4X0N2",Address,Hawkstone,,Property Owner,"210-Semi-Detached or Double House, single attached home"
PRFR202500329,Foundation Repair,2025-02-13 00:00:00,Residential,Alteration and improvements,4900,0,0,,"158 UPLAND DRIVE, REGINA, SK S4R0C3",Address,Uplands,,Property Owner,"110-Single House, single detached home, bungalow, linked home (linked at fo"
PRMH202500328,Plumbing,2025-02-13 00:00:00,Commercial,Mechanical,5000,0,0,,"1967 12TH AVENUE, REGINA, SK S4P0M1",Address,Old 33,HARVARD DIVERSIFIED ENTERPRISES INC.,Property Owner,"520-Office building; consultant’s office, doctor’s office, insurance compan"
PRRN202403117,Renovation/Alteration,2025-02-13 00:00:00,Commercial,Alteration and improvements,650000,0,0,,"3769 WASCANA PARKWAY, REGINA, SK S4S0A2",Address,Hillsdale,THE UNIVERSITY OF REGINA,Property Owner,626-University
PRRN202500073,Renovation/Alteration,2025-02-13 00:00:00,Commercial,Alteration and improvements,10000,0,0,,"62 KLEISINGER CRESCENT, REGINA, SK S4R7M5",Address,Mount Pleasant,Ryan Barnard - Infinity Fire Protection,Contractor,315-Apartment - Condominium
PRRN202500179,Renovation/Alteration,2025-02-13 00:00:00,Commercial,Alteration and improvements,250000,0,0,,"3799 ROCHDALE BOULEVARD, REGINA, SK *",Address,Hawkstone,CORNERSTONE HOLDINGS LTD.,Property Owner,"540-Restaurant, bar, tavern, night club, diner, donut shop"
PRRN202500209,Renovation/Alteration,2025-02-13 00:00:00,Residential,Alteration and improvements,9759,0,0,,"327 N ROSE STREET, REGINA, SK S4R2Y5",Address,Cityview,,Property Owner,"110-Single House, single detached home, bungalow, linked home (linked at fo"
PRSS202500128,Secondary Suite,2025-02-13 00:00:00,Residential,Alteration and improvements,30000,1,0,,"4216 E JASMIN PLACE, REGINA, SK *",Address,The Towns,,Property Owner,"110-Single House, single detached home, bungalow, linked home (linked at fo"
PRBS202500213,Basement Development,2025-02-14 00:00:00,Residential,Alteration and improvements,35000,0,0,,"4720 E BUCKINGHAM DRIVE, REGINA, SK *",Address,The Towns,,Property Owner,"110-Single House, single detached home, bungalow, linked home (linked at fo"
PRDE202500278,Demolition,2025-02-14 00:00:00,Residential,Demolition,47800,0,1,1,"1525 ATHOL STREET, REGINA, SK S4T3C9",Address,Old 33,Adair's Demolition Ltd.,Contractor,"110-Single House, single detached home, bungalow, linked home (linked at fo"
PRDE202500279,Demolition,2025-02-14 00:00:00,Residential,Demolition,43300,0,1,1,"1026 GARNET STREET, REGINA, SK S4T2X6",Address,Old 33,,Property Owner,"110-Single House, single detached home, bungalow, linked home (linked at fo"
PRFR202500014,Foundation Repair,2025-02-14 00:00:00,Residential,Alteration and improvements,3500,0,0,,"1453 ABERDEEN STREET, REGINA, SK S4T5K5",Address,Rosemont,,Property Owner,"110-Single House, single detached home, bungalow, linked home (linked at fo"
PRFR202500337,Foundation Repair,2025-02-14 00:00:00,Residential,Alteration and improvements,19400,0,0,,"1613 ATHOL STREET, REGINA, SK S4T3E2",Address,Old 33,AAA Solid Foundation,Contractor,"110-Single House, single detached home, bungalow, linked home (linked at fo"
PRRN202403161,Renovation/Alteration,2025-02-14 00:00:00,Residential,Alteration and improvements,2650,0,0,,"6066 8TH AVENUE, REGINA, SK S4T0W7",Address,Mount Royal,WESTERN STUCCO - Ian,Contractor,"110-Single House, single detached home, bungalow, linked home (linked at fo"
PRRN202500181,Renovation/Alteration,2025-02-14 00:00:00,Residential,Alteration and improvements,10000,0,0,,"2274 QUEEN STREET, REGINA, SK S4T4C5",Address,Old 33,,Property Owner,"110-Single House, single detached home, bungalow, linked home (linked at fo"
PRRN202500313,Renovation/Alteration,2025-02-14 00:00:00,Residential,Alteration and improvements,1100,0,0,,"3409 29TH AVENUE, REGINA, SK S4S2P4",Address,Parliament Place,CREEK CONSTRUCTION,Contractor,"110-Single House, single detached home, bungalow, linked home (linked at fo"
PRBS202402134,Basement Development,2025-02-18 00:00:00,Residential,Alteration and improvements,30000,0,0,,"3281 CHUKA BOULEVARD, REGINA, SK S4V3S5",Address,The Towns,,Contractor,"110-Single House, single detached home, bungalow, linked home (linked at fo"
PRBS202500352,Basement Development,2025-02-18 00:00:00,Residential,Alteration and improvements,15000,0,0,,"1612 N MAPLE HILL CRESCENT, REGINA, SK S4X0P1",Address,Maple Ridge,STHAMANN HOMES INC.,Property Owner,"110-Single House, single detached home, bungalow, linked home (linked at fo"
PRBS202500353,Basement Development,2025-02-18 00:00:00,Residential,Alteration and improvements,9500,0,0,,"4115 2ND AVENUE, REGINA, SK S4T0B3",Address,Windsor Place,,Property Owner,"110-Single House, single detached home, bungalow, linked home (linked at fo"
PRDK202500239,Deck/Sunroom,2025-02-18 00:00:00,Residential,Alteration and improvements,30580,0,0,,"3236 CROSBIE CRESCENT, REGINA, SK S4V3S4",Address,The Towns,,Contractor,"110-Single House, single detached home, bungalow, linked home (linked at fo"
PRGA202500240,Garage/Carport,2025-02-18 00:00:00,Residential,Garage/Carport/Accessory Structure,18000,0,0,,"1781 WEST MARKET STREET, REGINA, SK *",Address,Westerra,,Property Owner,"110-Single House, single detached home, bungalow, linked home (linked at fo"
PRRN202500315,Renovation/Alteration,2025-02-18 00:00:00,Residential,Alteration and improvements,1100,0,0,,"67 MCGILLIVRAY CRESCENT, REGINA, SK S4R4V8",Address,Regent Park,JS GROUP OF COMPANIES,Contractor,"110-Single House, single detached home, bungalow, linked home (linked at fo"
PRRN202500319,Renovation/Alteration,2025-02-18 00:00:00,Residential,Alteration and improvements,12000,0,0,,"2615 E CROCUS DRIVE, REGINA, SK S4V1S9",Address,Wood Meadows,JS GROUP OF COMPANIES,Contractor,"110-Single House, single detached home, bungalow, linked home (linked at fo"
PRSF202500188,Single/Semi-Detached Dwelling 1-2 units,2025-02-18 00:00:00,Residential,New construction,250000,2,2,,"4013 WATERER STREET, REGINA, SK S4W0N2",Address,Harbour Landing,CRAWFORD HOMES (1991) LTD.,Property Owner,"110-Single House, single detached home, bungalow, linked home (linked at fo"
PRSF202500260,Single/Semi-Detached Dwelling 1-2 units,2025-02-18 00:00:00,Residential,New construction,250000,1,2,,"8718 WHEAT CRESCENT, REGINA, SK *",Address,Westerra,Crawford Homes (eBuild),Contractor,"110-Single House, single detached home, bungalow, linked home (linked at fo"
PRSS202500256,Secondary Suite,2025-02-18 00:00:00,Residential,Alteration and improvements,45000,1,0,,"87 MASSEY ROAD, REGINA, SK S4S4N1",Address,Hillsdale,,Property Owner,"110-Single House, single detached home, bungalow, linked home (linked at fo"
PRSS202500257,Secondary Suite,2025-02-18 00:00:00,Residential,Alteration and improvements,45000,1,0,,"81 MCNAB CRESCENT, REGINA, SK S4S4B3",Address,Hillsdale,,Property Owner,"110-Single House, single detached home, bungalow, linked home (linked at fo"
PRSS202500293,Secondary Suite,2025-02-18 00:00:00,Residential,Alteration and improvements,35000,1,0,,"2977 BELLEGARDE CRESCENT, REGINA, SK S4V3W4",Address,The Towns,GREEN STONE RENOVATIONS LTD,Contractor,"110-Single House, single detached home, bungalow, linked home (linked at fo"
PRBS202500258,Basement Development,2025-02-19 00:00:00,Residential,Alteration and improvements,50000,0,0,,"3957 JAMES HILL ROAD, REGINA, SK S4W0N8",Address,Harbour Landing,,Property Owner,"310-Apartment, apartment building, duplex, triplex, quadruple"
PRBS202500259,Basement Development,2025-02-19 00:00:00,Residential,Alteration and improvements,50000,0,0,,"3957 JAMES HILL ROAD, REGINA, SK S4W0N8",Address,Harbour Landing,,Property Owner,"310-Apartment, apartment building, duplex, triplex, quadruple"
PRBS202500357,Basement Development,2025-02-19 00:00:00,Residential,Alteration and improvements,25000,0,0,,"3138 GREEN BANK ROAD, REGINA, SK S4V3P8",Address,The Towns,,Property Owner,"110-Single House, single detached home, bungalow, linked home (linked at fo"
PRFR202500017,Foundation Repair,2025-02-19 00:00:00,Residential,Alteration and improvements,4991,0,0,,"3105 PARK STREET, REGINA, SK S4N2J3",Address,Douglas Place,Regina Basement Bracing - Cole Crowley,Contractor,"110-Single House, single detached home, bungalow, linked home (linked at fo"
PRFR202500204,Foundation Repair,2025-02-19 00:00:00,Residential,Alteration and improvements,8400,0,0,,"2843 KUTARNA CRESCENT, REGINA, SK S4V0S9",Address,Wood Meadows,,Contractor,"110-Single House, single detached home, bungalow, linked home (linked at fo"
PRGA202500295,Garage/Carport,2025-02-19 00:00:00,Residential,Garage/Carport/Accessory Structure,40000,0,0,,"4752 E BUCKINGHAM DRIVE, REGINA, SK *",Address,The Towns,,Property Owner,"110-Single House, single detached home, bungalow, linked home (linked at fo"
PRGA202500312,Garage/Carport,2025-02-19 00:00:00,Residential,Garage/Carport/Accessory Structure,25000,0,0,,"52 EVERETT CRESCENT, REGINA, SK S4S2M7",Address,Parliament Place,,Property Owner,"110-Single House, single detached home, bungalow, linked home (linked at fo"
PRNR202403121,New Commercial,2025-02-19 00:00:00,Commercial,Foundation (new),390000,0,1,,2000 ANAQUOD ROAD,Address,East Victoria Lands,AURORA II RETAIL CORP.,Property Owner,"510-Retail and wholesale outlets; retail outlet, department store, photogra"
PRBS202500383,Basement Development,2025-02-20 00:00:00,Residential,Alteration and improvements,22000,0,0,,"4801 TRINITY LANE, Unit:6, REGINA, SK S4W0L9",Address,Harbour Landing,,Property Owner,335-Row House - Condominium
PRBS202500384,Basement Development,2025-02-20 00:00:00,Residential,Alteration and improvements,20000,0,0,,"4801 TRINITY LANE, Unit:8, REGINA, SK S4W0L9",Address,Harbour Landing,,Property Owner,335-Row House - Condominium
PRGA202402966,Garage/Carport,2025-02-20 00:00:00,Residential,Garage/Carport/Accessory Structure,17950,0,0,,"4736 E BUCKINGHAM DRIVE, REGINA, SK *",Address,The Towns,,Property Owner,"110-Single House, single detached home, bungalow, linked home (linked at fo"
PRRN202500325,Renovation/Alteration,2025-02-20 00:00:00,Residential,Alteration and improvements,5000,0,0,,"325 DURHAM DRIVE, REGINA, SK S4S4Z6",Address,Whitmore Park,,Property Owner,"110-Single House, single detached home, bungalow, linked home (linked at fo"
PRSF202500150,Single/Semi-Detached Dwelling 1-2 units,2025-02-20 00:00:00,Residential,New construction,426700,1,2,,"3237 GREEN TURTLE ROAD, REGINA, SK *",Address,The Towns,Dream Towns Land South LP,Contractor,"110-Single House, single detached home, bungalow, linked home (linked at fo"
PRSS202500331,Secondary Suite,2025-02-20 00:00:00,Residential,Alteration and improvements,35000,1,0,,"5206 SQUIRES ROAD, REGINA, SK S4W0G8",Address,Harbour Landing,,Property Owner,"110-Single House, single detached home, bungalow, linked home (linked at fo"
PRTN202500378,Tent / Temporary Structure,2025-02-20 00:00:00,Commercial,New construction,80000,0,0,,"2055 PRINCE OF WALES DRIVE, REGINA, SK S4V3A3",Address,Eastgate,LOBLAW PROPERTIES WEST INC.,Property Owner,Not Applicable
PRFR202500394,Foundation Repair,2025-02-21 00:00:00,Residential,Alteration and improvements,20000,0,0,,"154 BOTHWELL CRESCENT, REGINA, SK S4R6E7",Address,Uplands,Otte2Know Construction and Design,Contractor,"110-Single House, single detached home, bungalow, linked home (linked at fo"
PRMH202500399,Plumbing,2025-02-21 00:00:00,Residential,Mechanical,800,0,0,,"4615 QUEEN STREET, REGINA, SK S4S5Y1",Address,Albert Park,,Contractor,"110-Single House, single detached home, bungalow, linked home (linked at fo"
PRRN202403132,Renovation/Alteration,2025-02-21 00:00:00,Commercial,Alteration and improvements,1200000,0,1,,"4841 HARBOUR LANDING DRIVE, REGINA, SK S4W0B7",Address,Harbour Landing,HARVARD DIVERSIFIED ENTERPRISES INC.,Property Owner,"510-Retail and wholesale outlets; retail outlet, department store, photogra"
PRSS202500231,Secondary Suite,2025-02-21 00:00:00,Residential,Alteration and improvements,45000,1,0,,"3307 6TH AVENUE N, REGINA, SK S4R0P7",Address,Coronation Park N.,,Property Owner,"110-Single House, single detached home, bungalow, linked home (linked at fo"
PRSS202500310,Secondary Suite,2025-02-21 00:00:00,Residential,Alteration and improvements,60580,1,0,,"3708 GEE CRESCENT, REGINA, SK S4V3P1",Address,The Greens on Gardiner,Dhami Construction Inc.,Contractor,"110-Single House, single detached home, bungalow, linked home (linked at fo"
PRBS202500404,Basement Development,2025-02-24 00:00:00,Residential,Alteration and improvements,27000,0,0,,"5602 MCCAUGHEY STREET, REGINA, SK S4W0P3",Address,Harbour Landing,,Property Owner,"110-Single House, single detached home, bungalow, linked home (linked at fo"
PRFR202500043,Foundation Repair,2025-02-24 00:00:00,Residential,Alteration and improvements,7500,0,0,,"4037 HILLSDALE STREET, REGINA, SK S4S3Y8",Address,Hillsdale,Triple R Concrete Cutting,Contractor,"110-Single House, single detached home, bungalow, linked home (linked at fo"
PRFR202500237,Foundation Repair,2025-02-24 00:00:00,Residential,Alteration and improvements,50000,0,0,,"1655 N SHATTUCK BAY, REGINA, SK S4X4G6",Address,Lakewood,RSR Construction - Adrian Kasick,Contractor,"110-Single House, single detached home, bungalow, linked home (linked at fo"
PRFR202500297,Foundation Repair,2025-02-24 00:00:00,Residential,Alteration and improvements,8000,0,0,,"19 DROPE STREET, REGINA, SK S4R4R7",Address,Regent Park,,Property Owner,"110-Single House, single detached home, bungalow, linked home (linked at fo"
PRFR202500402,Foundation Repair,2025-02-24 00:00:00,Residential,Alteration and improvements,5500,0,0,,"146 CHURCH DRIVE, REGINA, SK S4X1P8",Address,Sherwood Estates,JS GROUP OF COMPANIES,Contractor,"110-Single House, single detached home, bungalow, linked home (linked at fo"
PRMH202500152,Plumbing,2025-02-24 00:00:00,Residential,Mechanical,10000,0,0,,"711 ROYAL STREET, REGINA, SK S4T4Z3",Address,Transcona,Able Plumbing and Heating LTD,Contractor,"110-Single House, single detached home, bungalow, linked home (linked at fo"
PRRN202500333,Renovation/Alteration,2025-02-24 00:00:00,Residential,Alteration and improvements,30000,0,0,,"2275 MONTAGUE STREET, REGINA, SK S4T3K4",Address,Old 33,,Property Owner,"110-Single House, single detached home, bungalow, linked home (linked at fo"
PRSS202402715,Secondary Suite,2025-02-24 00:00:00,Residential,Alteration and improvements,40000,1,0,,"1202 WALLACE STREET, REGINA, SK S4N3Z3",Address,Eastern Annex,102114621 SASKATCHEWAN LTD.,Property Owner,"110-Single House, single detached home, bungalow, linked home (linked at fo"
PRSS202500294,Secondary Suite,2025-02-24 00:00:00,Residential,Alteration and improvements,45000,1,0,,"3205 GREEN TURTLE ROAD, REGINA, SK *",Address,The Towns,GREEN STONE RENOVATIONS LTD,Contractor,"110-Single House, single detached home, bungalow, linked home (linked at fo"
PRSS202500356,Secondary Suite,2025-02-24 00:00:00,Residential,Alteration and improvements,19000,1,0,,"8620 WHEAT CRESCENT, REGINA, SK *",Address,Westerra,PACESETTER NEW HOMES LTD.,Property Owner,"210-Semi-Detached or Double House, single attached home"
PRFR202500316,Foundation Repair,2025-02-25 00:00:00,Residential,Alteration and improvements,11500,0,0,,"622 ABERDEEN CRESCENT, REGINA, SK S4T6A9",Address,Rosemont North,Regina Housing Leveling,Contractor,"110-Single House, single detached home, bungalow, linked home (linked at fo"
PRFR202500342,Foundation Repair,2025-02-25 00:00:00,Residential,Alteration and improvements,4225,0,0,,"155 FAIRVIEW ROAD, REGINA, SK S4R5K1",Address,Uplands,Regina Basement Bracing - Cole Crowley,Contractor,"110-Single House, single detached home, bungalow, linked home (linked at fo"
PRFR202500389,Foundation Repair,2025-02-25 00:00:00,Residential,Alteration and improvements,10900,0,0,,"75 KRIVEL CRESCENT, REGINA, SK S4R5C6",Address,Normanview,Dynamic Earth Solutions - Darrell Mihial,Contractor,"110-Single House, single detached home, bungalow, linked home (linked at fo"
PRMH202500419,Plumbing,2025-02-25 00:00:00,Residential,Mechanical,3000,0,0,,"121 GARNET STREET, REGINA, SK S4R3R9",Address,Coronation Park,FAMILY PLUMBING & HEATING,Contractor,"110-Single House, single detached home, bungalow, linked home (linked at fo"
PRSS202500184,Secondary Suite,2025-02-25 00:00:00,Residential,Alteration and improvements,30000,1,0,,"2921 TROMBLEY STREET, REGINA, SK *",Address,The Towns,First Call Construction,Contractor,"110-Single House, single detached home, bungalow, linked home (linked at fo"
PRSS202500195,Secondary Suite,2025-02-25 00:00:00,Residential,Alteration and improvements,30000,1,0,,"3217 GREEN TURTLE ROAD, REGINA, SK *",Address,The Towns,First Call Construction,Contractor,"110-Single House, single detached home, bungalow, linked home (linked at fo"
PRBS202500412,Basement Development,2025-02-26 00:00:00,Residential,Alteration and improvements,80000,0,0,,"2710 E POPLAR PLACE, REGINA, SK S4V1X8",Address,Gardiner Heights,,Property Owner,"110-Single House, single detached home, bungalow, linked home (linked at fo"
PRBS202500416,Basement Development,2025-02-26 00:00:00,Residential,Alteration and improvements,50000,0,0,,"5505 E NICHOLSON AVENUE, REGINA, SK *",Address,The Towns,CREEK CONSTRUCTION,Contractor,"110-Single House, single detached home, bungalow, linked home (linked at fo"
PRDK202402496,Deck/Sunroom,2025-02-26 00:00:00,Residential,Alteration and improvements,3600,0,0,,"1785 RED SPRING STREET, REGINA, SK S4Y0G4",Address,Westerra,,Property Owner,"330-Row House, garden home, town house, carriage home, quadrex"
PRFR202500420,Foundation Repair,2025-02-26 00:00:00,Residential,Alteration and improvements,23500,0,0,,"3330 WESTMINSTER ROAD, REGINA, SK S4V0S4",Address,University Park East,JS GROUP OF COMPANIES,Contractor,"110-Single House, single detached home, bungalow, linked home (linked at fo"
PRMH202500421,Plumbing,2025-02-26 00:00:00,Residential,Mechanical,17000,0,0,,"2812 MCCALLUM AVENUE, REGINA, SK S4S0P9",Address,Lakeview,,Property Owner,"110-Single House, single detached home, bungalow, linked home (linked at fo"
PRSS202403073,Secondary Suite,2025-02-26 00:00:00,Residential,Alteration and improvements,35000,1,0,,"5049 AERIAL CRESCENT, REGINA, SK S4W0C8",Address,Harbour Landing,J S S HOLDINGS INC.,Property Owner,"210-Semi-Detached or Double House, single attached home"
PRBS202403105,Basement Development,2025-02-27 00:00:00,Residential,Alteration and improvements,55000,0,0,,"8025 EDGEWATER BAY, REGINA, SK S4Y0A5",Address,UNDEVELOP,,Contractor,"110-Single House, single detached home, bungalow, linked home (linked at fo"
PRBS202500373,Basement Development,2025-02-27 00:00:00,Residential,Alteration and improvements,30000,0,0,,"901 CAMPBELL STREET, REGINA, SK S4T5P2",Address,Rosemont North,,Property Owner,"110-Single House, single detached home, bungalow, linked home (linked at fo"
PRDE202500193,Demolition,2025-02-27 00:00:00,Institutional,Demolition,80000,0,0,,"2160 CAMERON STREET, REGINA, SK S4T2V6",Address,Old 33,BOARD OF EDUCATION OF THE REGINA ROMAN CATHOLIC SEPARATE SCHOOL DIVISION NO. 81 OF SASKATC,Property Owner,"620-Elementary school, kindergarten"
PRDE202500364,Demolition,2025-02-27 00:00:00,Residential,Demolition,0,0,0,1,"17 CHARLES CRESCENT, REGINA, SK S4T5X3",Address,Coventry Place,CANADA MORTGAGE AND HOUSING CORPORATION,Property Owner,"110-Single House, single detached home, bungalow, linked home (linked at fo"
PRFR202500381,Foundation Repair,2025-02-27 00:00:00,Residential,Alteration and improvements,9000,0,0,,"58 ROOTMAN AVENUE, REGINA, SK S4N5T2",Address,Rothwell Place,Regina House Leveling - Travis Zerie,Contractor,"110-Single House, single detached home, bungalow, linked home (linked at fo"
PRFR202500429,Foundation Repair,2025-02-27 00:00:00,Residential,Alteration and improvements,4000,0,0,,"7207 SCHILLER BAY, REGINA, SK S4X3X5",Address,Rochdale Park,Regina House Leveling - Travis Zerie,Contractor,"110-Single House, single detached home, bungalow, linked home (linked at fo"
PRGA202402676,Garage/Carport,2025-02-27 00:00:00,Residential,Garage/Carport/Accessory Structure,40000,0,0,,"1458 HORACE STREET, REGINA, SK S4T5L8",Address,Belvedere,,Property Owner,"110-Single House, single detached home, bungalow, linked home (linked at fo"
PRTN202500379,Tent / Temporary Structure,2025-02-27 00:00:00,Commercial,New construction,80000,0,1,,"4450 ROCHDALE BOULEVARD, REGINA, SK S4X4N9",Address,Lakeridge,BMO LIFE ASSURANCE COMPANY / BMO SOCIETE D`ASSURANCE-VIE,Property Owner,Not Applicable
PRDE202500397,Demolition,2025-02-28 00:00:00,Residential,Demolition,3500,0,0,,"764 FORGET STREET, REGINA, SK S4T4X2",Address,Transcona,,Property Owner,"110-Single House, single detached home, bungalow, linked home (linked at fo"
PRDK202500408,Deck/Sunroom,2025-02-28 00:00:00,Residential,Alteration and improvements,12000,0,0,,"5601 PARLIAMENT AVENUE, Unit:30, REGINA, SK S4W0V4",Address,Harbour Landing,,Property Owner,115-Single House - Condominium
PRGA202500141,Garage/Carport,2025-02-28 00:00:00,Residential,Garage/Carport/Accessory Structure,18000,0,0,,"1357 ABERDEEN STREET, REGINA, SK S4T5K3",Address,Rosemont,VALHALLA CONSTRUCTION INC - Kyle Strass,Contractor,"110-Single House, single detached home, bungalow, linked home (linked at fo"
PRRN202500089,Renovation/Alteration,2025-02-28 00:00:00,Institutional,Alteration and improvements,20000,0,0,,"1440 14TH AVENUE, REGINA, SK S4P0W5",Address,Old 33,REGINA QU`APPELLE REGIONAL HEALTH REGION,Property Owner,"640-Hospital; general, military, specialized"
PRSS202500390,Secondary Suite,2025-02-28 00:00:00,Residential,Alteration and improvements,22000,1,0,,"5421 E BUCKINGHAM DRIVE, REGINA, SK *",Address,The Towns,PACESETTER NEW HOMES LTD.,Contractor,"330-Row House, garden home, town house, carriage home, quadrex"
PRRN202500250,Renovation/Alteration,2025-03-01 00:00:00,Commercial,Alteration and improvements,125000,0,3,,"1545 NEVILLE DRIVE, Unit:213, REGINA, SK S4Z0A7",Address,Eastgate,GREEN LADDER BUILDING CORP.,Contractor,315-Apartment - Condominium
PRBS202500434,Basement Development,2025-03-03 00:00:00,Residential,Alteration and improvements,10000,0,0,,"2845 RIDGWAY AVENUE, REGINA, SK S4X0M9",Address,Hawkstone,,Property Owner,"110-Single House, single detached home, bungalow, linked home (linked at fo"
PRMH202500395,Plumbing,2025-03-03 00:00:00,Residential,Mechanical,20000,0,0,,"3335 ROBINSON STREET, REGINA, SK S4S1V9",Address,Lakeview Centre,Technique Construction Inc. - Kevin Wassill,Contractor,"110-Single House, single detached home, bungalow, linked home (linked at fo"
PRBS202402742,Basement Development,2025-03-04 00:00:00,Residential,Alteration and improvements,30000,0,0,,"1931 CONNAUGHT STREET, REGINA, SK S4T4T6",Address,Cpr Annex,First Call Construction,Contractor,"110-Single House, single detached home, bungalow, linked home (linked at fo"
PRBS202500440,Basement Development,2025-03-04 00:00:00,Residential,Alteration and improvements,22000,0,0,,"4348 JAMES HILL ROAD, REGINA, SK S4W0R2",Address,Harbour Landing,,Property Owner,"210-Semi-Detached or Double House, single attached home"
PRBS202500453,Basement Development,2025-03-04 00:00:00,Residential,Alteration and improvements,54000,0,0,,"5201 E ARENS ROAD, Unit:29, REGINA, SK S4V4A8",Address,The Towns,North Ridge Development Corp. - Nigel Cater,Contractor,335-Row House - Condominium
PRDE202402683,Demolition,2025-03-04 00:00:00,Residential,Demolition,15000,0,0,1,"3023 REGINA AVENUE, REGINA, SK S4S0G8",Address,Lakeview,WEST OAK INVESTMENTS GENERAL PARTNER I LTD.,Contractor,"110-Single House, single detached home, bungalow, linked home (linked at fo"
PRDE202500091,Demolition,2025-03-04 00:00:00,Residential,Demolition,0,0,0,,"834 RAE STREET, REGINA, SK S4T2B2",Address,Washington Park,,Property Owner,"110-Single House, single detached home, bungalow, linked home (linked at fo"
PRGA202500380,Garage/Carport,2025-03-04 00:00:00,Residential,Garage/Carport/Accessory Structure,28000,0,0,,"2240 MCTAVISH STREET, REGINA, SK S4T3X2",Address,Old 33,,Property Owner,"110-Single House, single detached home, bungalow, linked home (linked at fo"
PRMU202500194,Multi-Unit Dwelling 3+ Units,2025-03-04 00:00:00,Residential,New construction,660000,3,1,,3601 GREEN MARSH CRESCENT,Address,The Greens on Gardiner,NORTH RIDGE HOLDINGS LTD.,Contractor,315-Apartment - Condominium
PRRN202500346,Renovation/Alteration,2025-03-04 00:00:00,Residential,Alteration and improvements,20000,0,0,,"5529 BLAKE CRESCENT, Unit:85, REGINA, SK S4X0J1",Address,Lakeridge Addition,Innovation Renovation Inc.,Contractor,335-Row House - Condominium
PRRN202500413,Renovation/Alteration,2025-03-04 00:00:00,Residential,Alteration and improvements,60000,0,0,,"3003 QUINN DRIVE, REGINA, SK S4P2W3",Address,Wascana Addition,WEST OAK INVESTMENTS GENERAL PARTNER I LTD.,Contractor,"110-Single House, single detached home, bungalow, linked home (linked at fo"
PRSS202500164,Secondary Suite,2025-03-04 00:00:00,Residential,Alteration and improvements,30000,1,0,,"5189 CRANE CRESCENT, REGINA, SK S4W0H8",Address,Harbour Landing,First Call Construction,Contractor,"110-Single House, single detached home, bungalow, linked home (linked at fo"
PRSS202500350,Secondary Suite,2025-03-04 00:00:00,Residential,Alteration and improvements,30000,1,0,,"5106 E KAUFMAN AVENUE, REGINA, SK *",Address,The Towns,First Call Construction,Contractor,"110-Single House, single detached home, bungalow, linked home (linked at fo"
PRBS202500460,Basement Development,2025-03-05 00:00:00,Residential,Alteration and improvements,20000,0,0,,"5000 CORNELL GATE, REGINA, SK S4W0J2",Address,Harbour Landing,,Property Owner,"110-Single House, single detached home, bungalow, linked home (linked at fo"
PRDE202500134,Demolition,2025-03-05 00:00:00,Residential,Demolition,22000,0,0,1,"1404 GARNET STREET, REGINA, SK S4T2Y5",Address,Old 33,DAVIES EXCAVATING LTD,Contractor,"110-Single House, single detached home, bungalow, linked home (linked at fo"
PRDE202500236,Demolition,2025-03-05 00:00:00,Residential,Demolition,0,0,0,,"1370 ANGUS STREET, REGINA, SK S4T1Y8",Address,Old 33,,Property Owner,"110-Single House, single detached home, bungalow, linked home (linked at fo"
PRDE202500360,Demolition,2025-03-05 00:00:00,Residential,Demolition,30000,0,0,1,"2250 SCARTH STREET, REGINA, SK S4P2J6",Address,Old 33,Westridge Construction -Colin,Contractor,"110-Single House, single detached home, bungalow, linked home (linked at fo"
PRDE202500361,Demolition,2025-03-05 00:00:00,Residential,Demolition,20000,0,0,1,"2244 SCARTH STREET, REGINA, SK S4P2J6",Address,Old 33,FRIENDS OF SASKATCHEWAN CHILDREN INC.,Property Owner,"110-Single House, single detached home, bungalow, linked home (linked at fo"
PRFR202500463,Foundation Repair,2025-03-05 00:00:00,Residential,Alteration and improvements,15000,0,0,,"24 DERBY STREET, REGINA, SK S4R4E8",Address,Coronation Park N.,JS GROUP OF COMPANIES,Contractor,"110-Single House, single detached home, bungalow, linked home (linked at fo"
PRRN202500149,Renovation/Alteration,2025-03-05 00:00:00,Commercial,Alteration and improvements,45000,0,1,,"620 E 4TH AVENUE, REGINA, SK S4N4Z5",Address,Industrial Ross,CARTWRIGHT PROPERTIES LIMITED,Property Owner,"540-Restaurant, bar, tavern, night club, diner, donut shop"
PRRN202500431,Renovation/Alteration,2025-03-05 00:00:00,Commercial,Alteration and improvements,50000,0,0,,"1300 8TH AVENUE, REGINA, SK S4R1E2",Address,Old 33,102133628 SASKATCHEWAN LTD.,Property Owner,"430-Plant for manufacturing, processing and assembling goods; factory, plan"
PRSS202500355,Secondary Suite,2025-03-05 00:00:00,Residential,Alteration and improvements,45000,1,0,,"2995 GREEN STONE ROAD, REGINA, SK *",Address,The Towns,,Property Owner,"330-Row House, garden home, town house, carriage home, quadrex"
PRFR202500457,Foundation Repair,2025-03-06 00:00:00,Residential,Alteration and improvements,6900,0,0,,"2918 RETALLACK STREET, REGINA, SK S4S1S9",Address,Lakeview,AAA Solid Foundation,Contractor,"110-Single House, single detached home, bungalow, linked home (linked at the foundation), single family dwelling"
PRPO202402208,Pool,2025-03-06 00:00:00,Residential,Swimming pool,75199,0,0,,"5047 BREMNER BAY, REGINA, SK S4X4R7",Address,Lakeridge,PARADISE LEISURESCAPES,Contractor,"110-Single House, single detached home, bungalow, linked home (linked at the foundation), single family dwelling"
PRRN202500298,Renovation/Alteration,2025-03-06 00:00:00,Residential,Alteration and improvements,40000,0,0,,"2308 CAMERON STREET, REGINA, SK S4T2W1",Address,Old 33,,Property Owner,"110-Single House, single detached home, bungalow, linked home (linked at the foundation), single family dwelling"
PRRN202500428,Renovation/Alteration,2025-03-06 00:00:00,Commercial,Alteration and improvements,600,0,1,,"852 8TH AVENUE, REGINA, SK **",Address,Eastern Annex,FOUR STAR FREIGHT INC.,Property Owner,"520-Office building; consultant’s office, doctor’s office, insurance company, bank, taxi stand, office/cafeteria, office/smoke shop"
PRRN202500433,Renovation/Alteration,2025-03-06 00:00:00,Residential,Alteration and improvements,75000,0,0,,"10 COLONY PLACE, REGINA, SK S4S3L4",Address,Albert Park,Technique Construction Inc. - Kevin Wassill,Contractor,"110-Single House, single detached home, bungalow, linked home (linked at the foundation), single family dwelling"
PRSF202402792,Single/Semi-Detached Dwelling 1-2 units,2025-03-06 00:00:00,Residential,New construction,750000,2,2,,"3023 REGINA AVENUE, REGINA, SK S4S0G8",Address,Lakeview,WEST OAK INVESTMENTS GENERAL PARTNER I LTD.,Property Owner,215-Semi-Detached or Double House - Condominium
PRSS202403096,Secondary Suite,2025-03-06 00:00:00,Residential,Alteration and improvements,55000,1,0,,"3221 GREEN TURTLE ROAD, REGINA, SK *",Address,The Towns,,Contractor,"110-Single House, single detached home, bungalow, linked home (linked at the foundation), single family dwelling"
PRDE202500493,Demolition,2025-03-07 00:00:00,Residential,Demolition,5000,0,0,,"2711 QUINN DRIVE, REGINA, SK S4P2W2",Address,Wascana Addition,Restorex Disaster Restoration - Nate Veilleux,Contractor,"110-Single House, single detached home, bungalow, linked home (linked at the foundation), single family dwelling"
PRRN202401620,Renovation/Alteration,2025-03-07 00:00:00,Commercial,Alteration and improvements,750000,0,0,,"1819 CORNWALL STREET, REGINA, SK S4P2K4",Address,Old 33,2125 11TH AVENUE PROPERTIES LTD.,Property Owner,"522-Office complex; office/store, office/apartment"
PRSS202500354,Secondary Suite,2025-03-07 00:00:00,Residential,Alteration and improvements,30000,1,0,,"5429 E NICHOLSON AVENUE, REGINA, SK *",Address,The Towns,First Call Construction,Contractor,"110-Single House, single detached home, bungalow, linked home (linked at the foundation), single family dwelling"
PRFR202500480,Foundation Repair,2025-03-08 00:00:00,Residential,Alteration and improvements,10000,0,0,,"1931 MONTREAL STREET, REGINA, SK S4P1L4",Address,Old 33,,Property Owner,"110-Single House, single detached home, bungalow, linked home (linked at the foundation), single family dwelling"
PRSS202500374,Secondary Suite,2025-03-08 00:00:00,Residential,Alteration and improvements,30000,1,0,,"4653 FERNDALE CRESCENT, REGINA, SK *",Address,The Towns,,Property Owner,"110-Single House, single detached home, bungalow, linked home (linked at the foundation), single family dwelling"
PRDE202500371,Demolition,2025-03-10 00:00:00,Residential,Demolition,4000,0,0,,"1247 RAE STREET, REGINA, SK S4T2C2",Address,Old 33,DAVIES EXCAVATING LTD,Contractor,"110-Single House, single detached home, bungalow, linked home (linked at the foundation), single family dwelling"
PRDE202500372,Demolition,2025-03-10 00:00:00,Residential,Demolition,4000,0,0,,"928 QUEEN STREET, REGINA, SK S4T4A7",Address,Windsor Place,DAVIES EXCAVATING LTD,Contractor,"110-Single House, single detached home, bungalow, linked home (linked at the foundation), single family dwelling"
PRFR202500501,Foundation Repair,2025-03-10 00:00:00,Residential,Alteration and improvements,3000,0,0,,"2700 QUINN DRIVE, REGINA, SK S4P2W1",Address,Wascana Addition,JS GROUP OF COMPANIES,Contractor,"110-Single House, single detached home, bungalow, linked home (linked at the foundation), single family dwelling"
PRRN202500210,Renovation/Alteration,2025-03-10 00:00:00,Residential,Alteration and improvements,29375,0,0,,"693 RETALLACK STREET, REGINA, SK S4T2G5",Address,Washington Park,,Contractor,"110-Single House, single detached home, bungalow, linked home (linked at the foundation), single family dwelling"
PRSF202500291,Single/Semi-Detached Dwelling 1-2 units,2025-03-10 00:00:00,Residential,New construction,1000000,1,2,,"2728 REGINA AVENUE, REGINA, SK S4S0G5",Address,Lakeview,Ripplinger Homes LTD,Contractor,"110-Single House, single detached home, bungalow, linked home (linked at the foundation), single family dwelling"
PRBS202500435,Basement Development,2025-03-11 00:00:00,Residential,Alteration and improvements,30000,0,0,,"2809 MCDONALD STREET, REGINA, SK S4N3A1",Address,Assiniboia  Place,NORD WEST STUCCO LTD.,Property Owner,"110-Single House, single detached home, bungalow, linked home (linked at the foundation), single family dwelling"
PRBS202500530,Basement Development,2025-03-11 00:00:00,Residential,Alteration and improvements,35000,0,0,,"4821 E KELLER AVENUE, REGINA, SK S4V3S6",Address,The Towns,Crawford Homes (eBuild),Contractor,"110-Single House, single detached home, bungalow, linked home (linked at the foundation), single family dwelling"
PRBS202500532,Basement Development,2025-03-11 00:00:00,Residential,Alteration and improvements,1000,0,0,,"1843 OTTAWA STREET, REGINA, SK S4P1P5",Address,Old 33,,Contractor,"110-Single House, single detached home, bungalow, linked home (linked at the foundation), single family dwelling"
PRFR202500444,Foundation Repair,2025-03-11 00:00:00,Residential,Alteration and improvements,10000,0,0,,"118 CARTER CRESCENT, REGINA, SK S4X2C7",Address,Normanview W. Addn.,INNOVATION RENOVATION & ROOFING,Contractor,"110-Single House, single detached home, bungalow, linked home (linked at the foundation), single family dwelling"
PRFR202500512,Foundation Repair,2025-03-11 00:00:00,Residential,Alteration and improvements,4000,0,0,,"797 N BARD CRESCENT, REGINA, SK S4X2L1",Address,Mccarthy Park,,Property Owner,"110-Single House, single detached home, bungalow, linked home (linked at the foundation), single family dwelling"
PRFR202500515,Foundation Repair,2025-03-11 00:00:00,Residential,Alteration and improvements,50000,0,0,,"4141 MONTAGUE STREET, REGINA, SK S4S3K3",Address,Parliament Place,RSR Construction - Adrian Kasick,Contractor,"110-Single House, single detached home, bungalow, linked home (linked at the foundation), single family dwelling"
PRRN202500215,Renovation/Alteration,2025-03-11 00:00:00,Residential,Alteration and improvements,175000,0,0,,"3131 ANGUS STREET, REGINA, SK S4S1P5",Address,Lakeview,Alair Homes - Bridget Bjornson,Contractor,"110-Single House, single detached home, bungalow, linked home (linked at the foundation), single family dwelling"
PRRN202500403,Renovation/Alteration,2025-03-11 00:00:00,Commercial,Alteration and improvements,150000,0,1,,"1621 ALBERT STREET, REGINA, SK S4P2S5",Address,Old 33,1621 ALBERT STREET DEVELOPMENT CORP.,Property Owner,"520-Office building; consultant’s office, doctor’s office, insurance company, bank, taxi stand, office/cafeteria, office/smoke shop"
PRSF202500437,Single/Semi-Detached Dwelling 1-2 units,2025-03-11 00:00:00,Residential,New construction,400000,2,2,,"8645 WHEAT CRESCENT, REGINA, SK *",Address,Westerra,PACESETTER NEW HOMES LTD.,Contractor,"110-Single House, single detached home, bungalow, linked home (linked at the foundation), single family dwelling"
PRBS202500526,Basement Development,2025-03-12 00:00:00,Residential,Alteration and improvements,50135,0,0,,"8032 BARLEY CRESCENT, REGINA, SK S4Y0E7",Address,Westerra,LONG LAKE CONSTRUCTION INC.,Contractor,"110-Single House, single detached home, bungalow, linked home (linked at the foundation), single family dwelling"
PRFR202500513,Foundation Repair,2025-03-12 00:00:00,Residential,Alteration and improvements,9000,0,0,,"2216 MCTAVISH STREET, REGINA, SK S4T3X2",Address,Old 33,Regina House Leveling - Travis Zerie,Contractor,"110-Single House, single detached home, bungalow, linked home (linked at the foundation), single family dwelling"
PRMH202500553,Plumbing,2025-03-12 00:00:00,Residential,Mechanical,1000,0,0,,"97 BOBOLINK BAY, REGINA, SK S4S4K2",Address,Whitmore Park,,Property Owner,"110-Single House, single detached home, bungalow, linked home (linked at the foundation), single family dwelling"
PRSF202500036,Single/Semi-Detached Dwelling 1-2 units,2025-03-12 00:00:00,Residential,New construction,300000,1,2,,"3130 GARNET STREET, REGINA, SK S4S1X5",Address,Lakeview,,Property Owner,"110-Single House, single detached home, bungalow, linked home (linked at the foundation), single family dwelling"
PRBS202500478,Basement Development,2025-03-13 00:00:00,Residential,Alteration and improvements,22000,0,0,,"5412 E GREEN SILVERBERRY DRIVE, REGINA, SK S4V3M4",Address,The Greens on Gardiner,,Property Owner,"210-Semi-Detached or Double House, single attached home"
PRFR202500557,Foundation Repair,2025-03-13 00:00:00,Residential,Alteration and improvements,7000,0,0,,"966 N COOK CRESCENT, REGINA, SK S4X2M1",Address,Mccarthy Park,,Contractor,"110-Single House, single detached home, bungalow, linked home (linked at the foundation), single family dwelling"
PRFR202500558,Foundation Repair,2025-03-13 00:00:00,Residential,Alteration and improvements,16500,0,0,,"183 LLOYD CRESCENT, REGINA, SK S4R6C2",Address,Parkview,AAA Solid Foundation,Contractor,"110-Single House, single detached home, bungalow, linked home (linked at the foundation), single family dwelling"
PRMH202500564,Plumbing,2025-03-13 00:00:00,Residential,Mechanical,5000,0,0,,"2239 QUEBEC STREET, REGINA, SK S4P1K3",Address,Old 33,VARIETY  PLUMBING & HEATING - Robert Bodnar,Contractor,"110-Single House, single detached home, bungalow, linked home (linked at the foundation), single family dwelling"
PRRN202402956,Renovation/Alteration,2025-03-13 00:00:00,Institutional,Alteration and improvements,2787339,0,0,,"3769 WASCANA PARKWAY, REGINA, SK S4S0A2",Address,Hillsdale,THE UNIVERSITY OF REGINA,Property Owner,"520-Office building; consultant’s office, doctor’s office, insurance company, bank, taxi stand, office/cafeteria, office/smoke shop"
PRSF202500441,Single/Semi-Detached Dwelling 1-2 units,2025-03-13 00:00:00,Residential,New construction,250000,1,2,,"3032 KAUFMAN WAY, REGINA, SK *",Address,The Towns,CRAWFORD HOMES (1991) LTD.,Contractor,"110-Single House, single detached home, bungalow, linked home (linked at the foundation), single family dwelling"
PRSF202500452,Single/Semi-Detached Dwelling 1-2 units,2025-03-13 00:00:00,Residential,New construction,480000,1,2,,"3005 GREEN STONE ROAD, REGINA, SK *",Address,The Towns,"101301324 SASKATCHEWAN LTD., - RICHMOND HOMES - Sukhjinder Singh",Contractor,"110-Single House, single detached home, bungalow, linked home (linked at the foundation), single family dwelling"
PRSS202403014,Secondary Suite,2025-03-13 00:00:00,Residential,Alteration and improvements,87600,1,0,,"1866 ATKINSON STREET, REGINA, SK S4N3W3",Address,Arcola Sub,Alis Construction Ltd.,Contractor,"110-Single House, single detached home, bungalow, linked home (linked at the foundation), single family dwelling"
PRSS202500489,Secondary Suite,2025-03-13 00:00:00,Residential,Alteration and improvements,60000,1,0,,"3930 GREEN DIAMOND ROAD, REGINA, SK S4V3T3",Address,The Greens on Gardiner,,Property Owner,"330-Row House, garden home, town house, carriage home, quadrex"
PRBS202500511,Basement Development,2025-03-14 00:00:00,Residential,Alteration and improvements,35000,0,0,,"4690 E MUTRIE CRESCENT, REGINA, SK *",Address,The Towns,,Contractor,"330-Row House, garden home, town house, carriage home, quadrex"
PRDK202402216,Deck/Sunroom,2025-03-14 00:00:00,Residential,Alteration and improvements,50000,0,0,,"1638 WASCANA HIGHLANDS, REGINA, SK S4V2K7",Address,Wascana View,,Property Owner,"110-Single House, single detached home, bungalow, linked home (linked at the foundation), single family dwelling"
PRFR202500543,Foundation Repair,2025-03-14 00:00:00,Residential,Alteration and improvements,20000,0,0,,"1379 MINTO STREET, REGINA, SK S4T5J3",Address,Rosemont,SHIRAZI PROPERTIES LIMITED,Property Owner,"110-Single House, single detached home, bungalow, linked home (linked at the foundation), single family dwelling"
PRRN202403124,Renovation/Alteration,2025-03-14 00:00:00,Institutional,Alteration and improvements,647000,0,0,,"3769 WASCANA PARKWAY, REGINA, SK S4S0A2",Address,Hillsdale,THE UNIVERSITY OF REGINA,Property Owner,626-University
PRRN202500175,Renovation/Alteration,2025-03-14 00:00:00,Commercial,Alteration and improvements,380000,0,0,,"660 HENDERSON DRIVE, REGINA, SK S4N5V6",Address,Industrial Ross,WHITEROCK CHESTEMERE REGINA INC.,Property Owner,"520-Office building; consultant’s office, doctor’s office, insurance company, bank, taxi stand, office/cafeteria, office/smoke shop"
PRSF202500154,Single/Semi-Detached Dwelling 1-2 units,2025-03-14 00:00:00,Residential,New construction,300000,2,2,,"462 LORNE STREET, REGINA, SK S4R2J4",Address,Highland Park,CCM - CORPORATE CRISIS MANAGEMENT CANADA LTD.,Property Owner,215-Semi-Detached or Double House - Condominium
PRSS202500407,Secondary Suite,2025-03-14 00:00:00,Residential,Alteration and improvements,50000,1,0,,"5405 E NICHOLSON AVENUE, REGINA, SK *",Address,The Towns,Premiere Home Improvements,Contractor,"110-Single House, single detached home, bungalow, linked home (linked at the foundation), single family dwelling"
PRSS202500448,Secondary Suite,2025-03-14 00:00:00,Residential,Alteration and improvements,45000,1,0,,"4601 E KELLER AVENUE, REGINA, SK S4V3R5",Address,The Towns,,Property Owner,"330-Row House, garden home, town house, carriage home, quadrex"
PRTN202500555,Tent / Temporary Structure,2025-03-14 00:00:00,Commercial,Other,75000,0,0,,"1700 ELPHINSTONE STREET, REGINA, SK S4P2Z6",Address,Cpr Annex,CITY OF REGINA,Property Owner,Not Applicable
PRDK202500528,Deck/Sunroom,2025-03-15 00:00:00,Residential,Alteration and improvements,3000,0,0,,"1454 ELLICE STREET, REGINA, SK S4T5S3",Address,Mount Royal,,Property Owner,"110-Single House, single detached home, bungalow, linked home (linked at the foundation), single family dwelling"
PRRN202500007,Renovation/Alteration,2025-03-15 00:00:00,Residential,Alteration and improvements,6500,0,0,,"1454 ELLICE STREET, REGINA, SK S4T5S3",Address,Mount Royal,ROCKWOOL PLUMBING & HEATING,Contractor,"110-Single House, single detached home, bungalow, linked home (linked at the foundation), single family dwelling"
PRDE202500226,Demolition,2025-03-17 00:00:00,Residential,Demolition,25000,0,1,1,"1121 RAE STREET, REGINA, SK S4T2B9",Address,Old 33,BRIDON PROJECT MANAGEMENT,Contractor,"110-Single House, single detached home, bungalow, linked home (linked at the foundation), single family dwelling"
PRDE202500227,Demolition,2025-03-17 00:00:00,Commercial,Demolition,50000,0,2,12,"2735 5TH AVENUE, REGINA, SK S4T0L2",Address,Old 33,BRIDON PROJECT MANAGEMENT,Contractor,"310-Apartment, apartment building, duplex, triplex, quadruple"
PRDE202500334,Demolition,2025-03-17 00:00:00,Residential,Demolition,25000,0,0,1,"1111 RAE STREET, REGINA, SK S4T2B9",Address,Old 33,BRIDON PROJECT MANAGEMENT,Contractor,"110-Single House, single detached home, bungalow, linked home (linked at the foundation), single family dwelling"
PRDK202500500,Deck/Sunroom,2025-03-17 00:00:00,Residential,Alteration and improvements,15000,0,0,,"59 WHEELER CRESCENT, REGINA, SK S4R6P1",Address,Walsh Acres,,Property Owner,"110-Single House, single detached home, bungalow, linked home (linked at the foundation), single family dwelling"
PRRN202500396,Renovation/Alteration,2025-03-17 00:00:00,Commercial,Alteration and improvements,324000,0,0,,"1230 BLACKFOOT DRIVE, REGINA, SK S4S7G4",Address,Hillsdale,PARK CENTRE PROPERTIES LTD.,Property Owner,"520-Office building; consultant’s office, doctor’s office, insurance company, bank, taxi stand, office/cafeteria, office/smoke shop"
PRBS202500581,Basement Development,2025-03-18 00:00:00,Residential,Alteration and improvements,15000,0,0,,"3510 GREEN CREEK ROAD, REGINA, SK S4V3H2",Address,The Greens on Gardiner,,Property Owner,"110-Single House, single detached home, bungalow, linked home (linked at the foundation), single family dwelling"
PRDE202500365,Demolition,2025-03-18 00:00:00,Residential,Demolition,0,0,0,1,"1947 MONTREAL STREET, REGINA, SK S4P1L4",Address,Old 33,CANADA MORTGAGE AND HOUSING CORPORATION,Property Owner,"110-Single House, single detached home, bungalow, linked home (linked at the foundation), single family dwelling"
PRFR202500414,Foundation Repair,2025-03-18 00:00:00,Residential,Alteration and improvements,2900,0,0,,"239 HABKIRK DRIVE, REGINA, SK S4S2X5",Address,Albert Park,GRASSHOPPER CONSTRUCTION  - Jeff Hartnell,Contractor,"110-Single House, single detached home, bungalow, linked home (linked at the foundation), single family dwelling"
PRFR202500548,Foundation Repair,2025-03-18 00:00:00,Residential,Alteration and improvements,50000,0,0,,"460 HABKIRK DRIVE, REGINA, SK S4S6B1",Address,Albert Park,,Property Owner,"110-Single House, single detached home, bungalow, linked home (linked at the foundation), single family dwelling"
PRFR202500559,Foundation Repair,2025-03-18 00:00:00,Residential,Alteration and improvements,7500,0,0,,"935 N STANLEY CRESCENT, REGINA, SK S4X1Z9",Address,Mccarthy Park,AAA Solid Foundation,Contractor,"110-Single House, single detached home, bungalow, linked home (linked at the foundation), single family dwelling"
PRFR202500572,Foundation Repair,2025-03-18 00:00:00,Residential,Alteration and improvements,6690,0,0,,"2845 ATHOL STREET, REGINA, SK S4S1Y3",Address,Lakeview,AAA Solid Foundation,Contractor,"110-Single House, single detached home, bungalow, linked home (linked at the foundation), single family dwelling"
PRFR202500595,Foundation Repair,2025-03-18 00:00:00,Residential,Alteration and improvements,18000,0,0,,"108 HANLEY CRESCENT, REGINA, SK S4R5A7",Address,Normanview,Steve Perlinger - JS Group of Companies Ltd.,Contractor,"110-Single House, single detached home, bungalow, linked home (linked at the foundation), single family dwelling"
PRRN202500267,Renovation/Alteration,2025-03-18 00:00:00,Commercial,Alteration and improvements,50000,0,1,,"70 MASSEY ROAD, REGINA, SK S4S4M9",Address,Hillsdale,HIPPERSON CONSTRUCTION COMPANY (1996) LTD,Contractor,"560-Indoor recreational building; sports complex, tennis court and squash, community center, arena, curling club, swimming pool"
PRRN202500450,Renovation/Alteration,2025-03-18 00:00:00,Residential,Alteration and improvements,110000,0,0,,"1439 CONNAUGHT STREET, REGINA, SK S4T4T1",Address,Belvedere,MAXIMUS PROPERTIES CORP.,Property Owner,"110-Single House, single detached home, bungalow, linked home (linked at the foundation), single family dwelling"
PRSF202500274,Single/Semi-Detached Dwelling 1-2 units,2025-03-18 00:00:00,Residential,New construction,380000,1,2,,3114 BOWEN STREET,Address,The Towns,EHRENBURG HOMES LTD.,Contractor,"110-Single House, single detached home, bungalow, linked home (linked at the foundation), single family dwelling"
PRSF202500276,Single/Semi-Detached Dwelling 1-2 units,2025-03-18 00:00:00,Residential,New construction,400000,1,2,,3116 FAVEL DRIVE,Address,The Towns,EHRENBURG HOMES LTD.,Contractor,"110-Single House, single detached home, bungalow, linked home (linked at the foundation), single family dwelling"
PRSF202500280,Single/Semi-Detached Dwelling 1-2 units,2025-03-18 00:00:00,Residential,New construction,380000,1,2,,3126 BOWEN STREET,Address,The Towns,EHRENBURG HOMES LTD.,Contractor,"110-Single House, single detached home, bungalow, linked home (linked at the foundation), single family dwelling"
PRSF202500281,Single/Semi-Detached Dwelling 1-2 units,2025-03-18 00:00:00,Residential,New construction,400000,1,2,,3128 FAVEL DRIVE,Address,The Towns,EHRENBURG HOMES LTD.,Contractor,"110-Single House, single detached home, bungalow, linked home (linked at the foundation), single family dwelling"
PRSF202500282,Single/Semi-Detached Dwelling 1-2 units,2025-03-18 00:00:00,Residential,New construction,370000,1,2,,3130 BOWEN STREET,Address,The Towns,EHRENBURG HOMES LTD.,Contractor,"110-Single House, single detached home, bungalow, linked home (linked at the foundation), single family dwelling"
PRSF202500283,Single/Semi-Detached Dwelling 1-2 units,2025-03-18 00:00:00,Residential,New construction,370000,1,2,,3134 BOWEN STREET,Address,The Towns,EHRENBURG HOMES LTD.,Contractor,"110-Single House, single detached home, bungalow, linked home (linked at the foundation), single family dwelling"
PRSF202500284,Single/Semi-Detached Dwelling 1-2 units,2025-03-18 00:00:00,Residential,New construction,400000,1,2,,3136 FAVEL DRIVE,Address,The Towns,EHRENBURG HOMES LTD.,Contractor,"110-Single House, single detached home, bungalow, linked home (linked at the foundation), single family dwelling"
PRSF202500285,Single/Semi-Detached Dwelling 1-2 units,2025-03-18 00:00:00,Residential,New construction,370000,1,2,,3150 BOWEN STREET,Address,The Towns,EHRENBURG HOMES LTD.,Contractor,"110-Single House, single detached home, bungalow, linked home (linked at the foundation), single family dwelling"
PRSF202500286,Single/Semi-Detached Dwelling 1-2 units,2025-03-18 00:00:00,Residential,New construction,370000,1,2,,3154 BOWEN STREET,Address,The Towns,EHRENBURG HOMES LTD.,Contractor,"110-Single House, single detached home, bungalow, linked home (linked at the foundation), single family dwelling"
PRSF202500287,Single/Semi-Detached Dwelling 1-2 units,2025-03-18 00:00:00,Residential,New construction,380000,1,2,,3162 BOWEN STREET,Address,The Towns,EHRENBURG HOMES LTD.,Contractor,"110-Single House, single detached home, bungalow, linked home (linked at the foundation), single family dwelling"
PRSF202500504,Single/Semi-Detached Dwelling 1-2 units,2025-03-18 00:00:00,Residential,New construction,400000,2,2,,3113 GREEN TURTLE ROAD,Address,The Towns,PACESETTER NEW HOMES LTD.,Contractor,"110-Single House, single detached home, bungalow, linked home (linked at the foundation), single family dwelling"
PRSF202500524,Single/Semi-Detached Dwelling 1-2 units,2025-03-18 00:00:00,Residential,New construction,182710,1,2,,"3117 GREEN STONE ROAD, REGINA, SK *",Address,The Towns,CITY OF REGINA,Property Owner,"110-Single House, single detached home, bungalow, linked home (linked at the foundation), single family dwelling"
PRSS202500461,Secondary Suite,2025-03-18 00:00:00,Residential,Alteration and improvements,45000,1,0,,"2479 SWAYZE CRESCENT, REGINA, SK S4V1A4",Address,Gardiner Park,,Property Owner,"110-Single House, single detached home, bungalow, linked home (linked at the foundation), single family dwelling"
PRSS202500498,Secondary Suite,2025-03-18 00:00:00,Residential,Alteration and improvements,25000,1,0,,"6038 DEWDNEY AVENUE, REGINA, SK S4T1C9",Address,Mount Royal,,Property Owner,"110-Single House, single detached home, bungalow, linked home (linked at the foundation), single family dwelling"
PRSS202500509,Secondary Suite,2025-03-18 00:00:00,Residential,Alteration and improvements,40000,1,0,,"4837 LIBERTY STREET, REGINA, SK S4W0K1",Address,Harbour Landing,,Property Owner,"110-Single House, single detached home, bungalow, linked home (linked at the foundation), single family dwelling"
PRDE202500376,Demolition,2025-03-19 00:00:00,Residential,Demolition,10000,0,0,1,"3080 ROBINSON STREET, REGINA, SK S4S1V4",Address,Lakeview,ENCORA DEVELOPMENTS INC.,Contractor,"110-Single House, single detached home, bungalow, linked home (linked at the foundation), single family dwelling"
PRFR202500436,Foundation Repair,2025-03-19 00:00:00,Residential,Alteration and improvements,25000,0,0,,"445 RAE STREET, REGINA, SK S4R3M3",Address,Coronation Park,NAMERIND HOUSING CORPORATION,Property Owner,315-Apartment - Condominium
PRFR202500519,Foundation Repair,2025-03-19 00:00:00,Residential,Alteration and improvements,1800,0,0,,"1328 GRYPHONS WALK, REGINA, SK S4S6X1",Address,Hillsdale,RELIANCE CONTRACTING,Contractor,335-Row House - Condominium
PRMH202500622,Plumbing,2025-03-19 00:00:00,Residential,Mechanical,1200,0,0,,"3939 JAMES HILL ROAD, REGINA, SK S4W0N8",Address,Harbour Landing,,Property Owner,"110-Single House, single detached home, bungalow, linked home (linked at the foundation), single family dwelling"
PRSS202500430,Secondary Suite,2025-03-19 00:00:00,Residential,Alteration and improvements,35000,1,0,,"2913 TROMBLEY STREET, REGINA, SK *",Address,The Towns,,Property Owner,"110-Single House, single detached home, bungalow, linked home (linked at the foundation), single family dwelling"
PRBS202500616,Basement Development,2025-03-20 00:00:00,Residential,Alteration and improvements,6000,0,0,,"4002 SANDHILL CRESCENT, Unit:201, REGINA, SK S4V3J1",Address,The Creeks,NORTH RIDGE DEVELOPMENT CORPORATION,Contractor,"110-Single House, single detached home, bungalow, linked home (linked at the foundation), single family dwelling"
PRDE202500148,Demolition,2025-03-20 00:00:00,Residential,Demolition,4000,0,0,1,"68 CHARLES CRESCENT, REGINA, SK S4T5X4",Address,Coventry Place,OLSON BUILDERS LTD.,Property Owner,"110-Single House, single detached home, bungalow, linked home (linked at the foundation), single family dwelling"
PRDE202500571,Demolition,2025-03-20 00:00:00,Residential,Demolition,27300,0,0,1,"1668 MONTREAL STREET, REGINA, SK S4P1K6",Address,Old 33,Adair's Demolition Ltd.,Contractor,"110-Single House, single detached home, bungalow, linked home (linked at the foundation), single family dwelling"
PRDK202500536,Deck/Sunroom,2025-03-20 00:00:00,Residential,Alteration and improvements,5000,0,0,,"2337 CAMERON STREET, REGINA, SK S4T2W2",Address,Old 33,,Property Owner,"110-Single House, single detached home, bungalow, linked home (linked at the foundation), single family dwelling"
PRFR202500597,Foundation Repair,2025-03-20 00:00:00,Residential,Alteration and improvements,25000,0,0,,"2311 RAE STREET, REGINA, SK S4T2G3",Address,Old 33,COLOSSAL CONSTRUCTION,Contractor,"110-Single House, single detached home, bungalow, linked home (linked at the foundation), single family dwelling"
PRFR202500599,Foundation Repair,2025-03-20 00:00:00,Residential,Alteration and improvements,18150,0,0,,"682 CAMERON STREET, REGINA, SK S4T2R8",Address,Washington Park,AAA Solid Foundation,Contractor,"110-Single House, single detached home, bungalow, linked home (linked at the foundation), single family dwelling"
PRFR202500606,Foundation Repair,2025-03-20 00:00:00,Residential,Alteration and improvements,6000,0,0,,"500 TORONTO STREET, REGINA, SK S4R1M6",Address,North Annex,COLOSSAL FOUNDATION REPAIR INC.,Contractor,"110-Single House, single detached home, bungalow, linked home (linked at the foundation), single family dwelling"
PRMH202500574,Plumbing,2025-03-20 00:00:00,Residential,Mechanical,3000,0,0,,"1328 GRYPHONS WALK, REGINA, SK S4S6X1",Address,Hillsdale,Able Plumbing and Heating LTD,Contractor,335-Row House - Condominium
PRMU202402417,Multi-Unit Dwelling 3+ Units,2025-03-20 00:00:00,Commercial,New construction,33000000,210,6,,"1705 NEVILLE DRIVE, REGINA, SK **",Address,Eastgate,NEVILLE DRIVE SOUTH APARTMENTS INC.,Property Owner,"310-Apartment, apartment building, duplex, triplex, quadruple"
PRSF202500443,Single/Semi-Detached Dwelling 1-2 units,2025-03-20 00:00:00,Residential,New construction,300000,1,2,,"3747 GEE CRESCENT, REGINA, SK S4V3P1",Address,The Greens on Gardiner,CRAWFORD HOMES (1991) LTD.,Contractor,"110-Single House, single detached home, bungalow, linked home (linked at the foundation), single family dwelling"
PRSF202500522,Single/Semi-Detached Dwelling 1-2 units,2025-03-20 00:00:00,Residential,New construction,182710,1,2,,"3111 GREEN STONE ROAD, REGINA, SK *",Address,The Towns,CITY OF REGINA,Property Owner,"110-Single House, single detached home, bungalow, linked home (linked at the foundation), single family dwelling"
PRSS202500487,Secondary Suite,2025-03-20 00:00:00,Residential,Alteration and improvements,42000,1,0,,"3332 FAVEL DRIVE, REGINA, SK *",Address,The Towns,Lucky Links Building Services Ltd. - Lucky Aluge,Contractor,"110-Single House, single detached home, bungalow, linked home (linked at the foundation), single family dwelling"
PRBS202500445,Basement Development,2025-03-21 00:00:00,Residential,Alteration and improvements,15000,0,0,,"118 CARTER CRESCENT, REGINA, SK S4X2C7",Address,Normanview W. Addn.,INNOVATION RENOVATION & ROOFING,Contractor,"110-Single House, single detached home, bungalow, linked home (linked at the foundation), single family dwelling"
PRBS202500447,Basement Development,2025-03-21 00:00:00,Residential,Alteration and improvements,25000,0,0,,"114 MOLLARD CRESCENT, REGINA, SK S4T6J5",Address,Mount Royal,,Property Owner,"110-Single House, single detached home, bungalow, linked home (linked at the foundation), single family dwelling"
PRDE202500529,Demolition,2025-03-21 00:00:00,Residential,Demolition,40000,0,0,1,"637 COLLEGE AVENUE, REGINA, SK S4N0X6",Address,Assiniboia  Place,DAVIES EXCAVATING LTD.,Contractor,"110-Single House, single detached home, bungalow, linked home (linked at the foundation), single family dwelling"
PRMH202500634,Plumbing,2025-03-21 00:00:00,Residential,Mechanical,5000,0,0,,"1230 ROYAL STREET, REGINA, SK S4T4Z8",Address,Coventry Place,,Property Owner,"110-Single House, single detached home, bungalow, linked home (linked at the foundation), single family dwelling"
PRMU202500050,Multi-Unit Dwelling 3+ Units,2025-03-21 00:00:00,Residential,New construction,482790,3,2,,"2901, 2905, 2909 WELBY WAY, REGINA, SK S4V4A4",Address,The Towns,CITY OF REGINA,Property Owner,"330-Row House, garden home, town house, carriage home, quadrex"
PRRN202500344,Renovation/Alteration,2025-03-21 00:00:00,Commercial,Alteration and improvements,280000,0,0,,"3885 SHERWOOD DRIVE, REGINA, SK **",Address,Regent Park,101154559 SASKATCHEWAN LTD.,Property Owner,"512-Retail complex; plaza, mall, shopping centre, store/office building"
PRRN202500507,Renovation/Alteration,2025-03-21 00:00:00,Commercial,Mechanical,300000,0,3,,"777 ALBERT STREET, REGINA, SK S4R2P6",Address,Industrial Park,13458148 CANADA INC.,Property Owner,"530-Hotel, hotel/motel, motor hotel"
PRRN202500556,Renovation/Alteration,2025-03-21 00:00:00,Commercial,Alteration and improvements,15000,0,0,,"2440 BROAD STREET, REGINA, SK S4P3Z4",Address,Wascana Park,HER MAJESTY THE QUEEN (SASKATCHEWAN),Property Owner,"520-Office building; consultant’s office, doctor’s office, insurance company, bank, taxi stand, office/cafeteria, office/smoke shop"
PRRN202500563,Renovation/Alteration,2025-03-21 00:00:00,Commercial,Alteration and improvements,25000,0,0,,"1205 15TH AVENUE, REGINA, SK S4P0Y8",Address,Old 33,,Contractor,"512-Retail complex; plaza, mall, shopping centre, store/office building"
PRSF202500170,Single/Semi-Detached Dwelling 1-2 units,2025-03-21 00:00:00,Residential,New construction,250000,2,2,,"5541 WATERER ROAD, REGINA, SK S4W0N2",Address,Harbour Landing,Crawford Homes (eBuild),Contractor,"110-Single House, single detached home, bungalow, linked home (linked at the foundation), single family dwelling"
PRDE202500540,Demolition,2025-03-23 00:00:00,Residential,Demolition,4000,0,0,,"1525 SOUTH RAILWAY STREET, REGINA, SK **",Address,Old 33,DAVIES EXCAVATING LTD,Contractor,"110-Single House, single detached home, bungalow, linked home (linked at the foundation), single family dwelling"
PRDE202500520,Demolition,2025-03-24 00:00:00,Residential,Demolition,500,0,0,,"1247 RAE STREET, REGINA, SK S4T2C2",Address,Old 33,CHIDERA INVESTMENTS LIMITED,Property Owner,"110-Single House, single detached home, bungalow, linked home (linked at the foundation), single family dwelling"
PRDE202500631,Demolition,2025-03-24 00:00:00,Residential,Demolition,2000,0,0,1,"1451 EDWARD STREET, REGINA, SK S4T4M9",Address,Belvedere,,Property Owner,"110-Single House, single detached home, bungalow, linked home (linked at the foundation), single family dwelling"
PRFR202500640,Foundation Repair,2025-03-24 00:00:00,Residential,Alteration and improvements,6000,0,0,,"31 ROSEN CRESCENT, REGINA, SK S4N5B4",Address,Glencairn,JS GROUP OF COMPANIES,Contractor,"110-Single House, single detached home, bungalow, linked home (linked at the foundation), single family dwelling"
PRFR202500647,Foundation Repair,2025-03-24 00:00:00,Residential,Alteration and improvements,6000,0,0,,"268 TREMAINE AVENUE, REGINA, SK S4R6M2",Address,Walsh Acres,Regina House Leveling - Travis Zerie,Contractor,"110-Single House, single detached home, bungalow, linked home (linked at the foundation), single family dwelling"
PRRN202500451,Renovation/Alteration,2025-03-24 00:00:00,Residential,Alteration and improvements,40000,0,0,,"1247 N RUNCIMAN CRESCENT, REGINA, SK S4X2Z3",Address,Lakewood,,Property Owner,"110-Single House, single detached home, bungalow, linked home (linked at the foundation), single family dwelling"
PRRN202500585,Renovation/Alteration,2025-03-24 00:00:00,Commercial,Alteration and improvements,27000,0,0,,"62 KLEISINGER CRESCENT, REGINA, SK S4R7M5",Address,Mount Pleasant,BLUE CHIP PROPERTIES INC.,Property Owner,"310-Apartment, apartment building, duplex, triplex, quadruple"
PRSS202500439,Secondary Suite,2025-03-24 00:00:00,Residential,Alteration and improvements,30000,1,0,,"2976 TROMBLEY STREET, REGINA, SK *",Address,The Towns,,Property Owner,"110-Single House, single detached home, bungalow, linked home (linked at the foundation), single family dwelling"
PRTN202500549,Tent / Temporary Structure,2025-03-24 00:00:00,Commercial,New construction,80000,0,1,,"3806 ALBERT STREET, REGINA, SK S4S3R1",Address,Parliament Place,4187415 CANADA INC.,Property Owner,Not Applicable
PRBS202500643,Basement Development,2025-03-25 00:00:00,Residential,Alteration and improvements,23000,0,0,,"4621 PADWICK ROAD, REGINA, SK S4W0C3",Address,Harbour Landing,SUPREME REGINA HOME PAINTING LTD.,Contractor,"110-Single House, single detached home, bungalow, linked home (linked at the foundation), single family dwelling"
PRDE202500541,Demolition,2025-03-25 00:00:00,Residential,Demolition,12000,0,0,1,"700 GARNET STREET, REGINA, SK S4T2X1",Address,Washington Park,,Property Owner,"110-Single House, single detached home, bungalow, linked home (linked at the foundation), single family dwelling"
PRFR202500632,Foundation Repair,2025-03-25 00:00:00,Residential,Alteration and improvements,5500,0,0,,"10 WHEATON CRESCENT, REGINA, SK S4S2Z2",Address,Albert Park,,Property Owner,"110-Single House, single detached home, bungalow, linked home (linked at the foundation), single family dwelling"
PRMH202500658,Plumbing,2025-03-25 00:00:00,Residential,Mechanical,6000,0,0,,"67 MCGILLIVRAY CRESCENT, REGINA, SK S4R4V8",Address,Regent Park,,Property Owner,"110-Single House, single detached home, bungalow, linked home (linked at the foundation), single family dwelling"
PRRN202402907,Renovation/Alteration,2025-03-25 00:00:00,Commercial,Alteration and improvements,400000,0,0,,"2010 12TH AVENUE, REGINA, SK S4P0M3",Address,Old 33,15877873 CANADA INC.,Property Owner,"520-Office building; consultant’s office, doctor’s office, insurance company, bank, taxi stand, office/cafeteria, office/smoke shop"
PRRN202500247,Renovation/Alteration,2025-03-25 00:00:00,Commercial,Alteration and improvements,200000,0,2,,"2425 VICTORIA AVENUE, REGINA, SK S4P3V7",Address,Old 33,SASKATCHEWAN PROPERTY MANAGEMENT CORPORATION,Property Owner,"520-Office building; consultant’s office, doctor’s office, insurance company, bank, taxi stand, office/cafeteria, office/smoke shop"
PRRN202500326,Renovation/Alteration,2025-03-25 00:00:00,Commercial,Alteration and improvements,450000,0,1,,3750 CHUKA BOULEVARD,Address,The Greens on Gardiner,Caliber Construction Group Inc - Tony Hadi,Contractor,"520-Office building; consultant’s office, doctor’s office, insurance company, bank, taxi stand, office/cafeteria, office/smoke shop"
PRRN202500490,Renovation/Alteration,2025-03-25 00:00:00,Commercial,Alteration and improvements,300000,0,1,,"3885 SHERWOOD DRIVE, REGINA, SK **",Address,Regent Park,C&S BUILDERS LTD - Karson Smith,Contractor,"512-Retail complex; plaza, mall, shopping centre, store/office building"
PRRN202500545,Renovation/Alteration,2025-03-25 00:00:00,Residential,Alteration and improvements,5000,0,0,,"2817 WASCANA STREET, REGINA, SK S4S2G7",Address,Normandy Heights,Forth Wright General Contracting,Contractor,"110-Single House, single detached home, bungalow, linked home (linked at the foundation), single family dwelling"
PRBS202500592,Basement Development,2025-03-26 00:00:00,Residential,Alteration and improvements,30000,0,0,,"183 LLOYD CRESCENT, REGINA, SK S4R6C2",Address,Parkview,Maxwell General Construction - Jonathan Zhang,Contractor,"110-Single House, single detached home, bungalow, linked home (linked at the foundation), single family dwelling"
PRDK202500570,Deck/Sunroom,2025-03-26 00:00:00,Residential,Alteration and improvements,3000,0,0,,"104 PORTLAND CRESCENT, REGINA, SK S4N1Y1",Address,Dominion Heights,,Property Owner,"110-Single House, single detached home, bungalow, linked home (linked at the foundation), single family dwelling"
PRFR202500604,Foundation Repair,2025-03-26 00:00:00,Residential,Alteration and improvements,1500,0,0,,"74 HATTON CRESCENT, REGINA, SK S4N5K6",Address,Glencairn Village,Regina House Leveling - Travis Zerie,Contractor,"110-Single House, single detached home, bungalow, linked home (linked at the foundation), single family dwelling"
PRFR202500633,Foundation Repair,2025-03-26 00:00:00,Residential,Alteration and improvements,3800,0,0,,"3214 CARNEGIE STREET, REGINA, SK S4R8J6",Address,Englewood,,Property Owner,"110-Single House, single detached home, bungalow, linked home (linked at the foundation), single family dwelling"
PRFR202500656,Foundation Repair,2025-03-26 00:00:00,Residential,Alteration and improvements,60000,0,0,,"11 DIAMOND STREET, REGINA, SK S4N5K1",Address,Glencairn Village,RSR Construction - Adrian Kasick,Contractor,"110-Single House, single detached home, bungalow, linked home (linked at the foundation), single family dwelling"
PRFR202500666,Foundation Repair,2025-03-26 00:00:00,Residential,Alteration and improvements,20645,0,0,,"2342 HALIFAX STREET, REGINA, SK S4P1V4",Address,Old 33,AAA Solid Foundation,Contractor,"110-Single House, single detached home, bungalow, linked home (linked at the foundation), single family dwelling"
PRFR202500667,Foundation Repair,2025-03-26 00:00:00,Residential,Alteration and improvements,3000,0,0,,"2051 BRODER STREET, REGINA, SK S4N3S3",Address,Broders Annex,Regina Housing Leveling,Contractor,"110-Single House, single detached home, bungalow, linked home (linked at the foundation), single family dwelling"
PRFR202500671,Foundation Repair,2025-03-26 00:00:00,Residential,Alteration and improvements,19000,0,0,,"2671 E CROCUS DRIVE, REGINA, SK S4V1T3",Address,Wood Meadows,JS GROUP OF COMPANIES,Contractor,"110-Single House, single detached home, bungalow, linked home (linked at the foundation), single family dwelling"
PRRN202500415,Renovation/Alteration,2025-03-26 00:00:00,Industrial,Alteration and improvements,250000,0,1,,"1700 PARK STREET, REGINA, SK S4N6B2",Address,Tuxedo Park,MDL REAL ESTATE INCOME FUND GP  INC.,Property Owner,"460-Storage building; warehouse (for storage purposes only), industrial mall, grain elevator, locker rental, silo, quonset, refrigerated storage terminal"
PRRN202500484,Renovation/Alteration,2025-03-26 00:00:00,Commercial,Alteration and improvements,754253,0,0,,"2010 12TH AVENUE, REGINA, SK S4P0M3",Address,Old 33,WESTRIDGE CONSTRUCTION LTD  - Aaron Obst,Contractor,"520-Office building; consultant’s office, doctor’s office, insurance company, bank, taxi stand, office/cafeteria, office/smoke shop"
PRRN202500610,Renovation/Alteration,2025-03-26 00:00:00,Residential,Alteration and improvements,55000,0,0,,"27 LAUBACH AVENUE, REGINA, SK S4S6C3",Address,Parliament Place,BLACK PEARL CONSTRUCTION - Kyle Colibaba,Contractor,"110-Single House, single detached home, bungalow, linked home (linked at the foundation), single family dwelling"
PRSF202500426,Single/Semi-Detached Dwelling 1-2 units,2025-03-26 00:00:00,Residential,New construction,650000,2,2,,"3182, 3186 MAZURAK CRESCENT, REGINA, SK S4X0N2",Address,Hawkstone,ARMADA HOMES,Contractor,"110-Single House, single detached home, bungalow, linked home (linked at the foundation), single family dwelling"
PRSF202500539,Single/Semi-Detached Dwelling 1-2 units,2025-03-26 00:00:00,Residential,New construction,350000,1,2,,"5234 SQUIRES ROAD, REGINA, SK S4W0G8",Address,Harbour Landing,FOUR SEASONS CONSTRUCTION AND RENOVATIONS INC.,Contractor,"110-Single House, single detached home, bungalow, linked home (linked at the foundation), single family dwelling"
PRSF202500542,Single/Semi-Detached Dwelling 1-2 units,2025-03-26 00:00:00,Residential,New construction,275000,1,2,,"3104 COPELAND ROAD, REGINA, SK *",Address,The Towns,CRAWFORD HOMES (1991) LTD.,Property Owner,"110-Single House, single detached home, bungalow, linked home (linked at the foundation), single family dwelling"
PRSS202500514,Secondary Suite,2025-03-26 00:00:00,Residential,Alteration and improvements,41500,1,0,,"4414 E BUCKINGHAM DRIVE, REGINA, SK *",Address,The Towns,Lucky Links Building Services Ltd. - Lucky Aluge,Contractor,"330-Row House, garden home, town house, carriage home, quadrex"
PRSS202500550,Secondary Suite,2025-03-26 00:00:00,Residential,Alteration and improvements,38000,1,0,,"3633 GREEN MOSS LANE, REGINA, SK S4V1M2",Address,The Greens on Gardiner,,Property Owner,"110-Single House, single detached home, bungalow, linked home (linked at the foundation), single family dwelling"
PRSS202500603,Secondary Suite,2025-03-26 00:00:00,Residential,Alteration and improvements,45000,1,0,,"2981 GREEN STONE ROAD, REGINA, SK *",Address,The Towns,GREEN STONE RENOVATIONS LTD,Contractor,"330-Row House, garden home, town house, carriage home, quadrex"
PRBS202500676,Basement Development,2025-03-27 00:00:00,Residential,Alteration and improvements,54000,0,0,,"5201 E ARENS ROAD, Unit:21, REGINA, SK S4V4A8",Address,The Towns,NORTH RIDGE DEVELOPMENT CORPORATION,Contractor,215-Semi-Detached or Double House - Condominium
PRFR202500649,Foundation Repair,2025-03-27 00:00:00,Residential,Alteration and improvements,10866,0,0,,"28 RITCHIE CRESCENT, REGINA, SK S4R5A4",Address,Normanview,Regina Basement Bracing - Cole Crowley,Contractor,"110-Single House, single detached home, bungalow, linked home (linked at the foundation), single family dwelling"
PRFR202500677,Foundation Repair,2025-03-27 00:00:00,Residential,Alteration and improvements,9900,0,0,,"2221 PRINCESS STREET, REGINA, SK S4T3Z9",Address,Old 33,AAA Solid Foundation,Contractor,"110-Single House, single detached home, bungalow, linked home (linked at the foundation), single family dwelling"
PRFR202500679,Foundation Repair,2025-03-27 00:00:00,Residential,Alteration and improvements,11000,0,0,,"3115 MCCALLUM AVENUE, REGINA, SK S4S0R6",Address,Lakeview,JS GROUP OF COMPANIES,Contractor,"110-Single House, single detached home, bungalow, linked home (linked at the foundation), single family dwelling"
PRFR202500681,Foundation Repair,2025-03-27 00:00:00,Residential,Alteration and improvements,6000,0,0,,"6910 DALGLIESH DRIVE, REGINA, SK S4X2M6",Address,Sherwood Estates,Regina House Leveling - Travis Zerie,Contractor,"110-Single House, single detached home, bungalow, linked home (linked at the foundation), single family dwelling"
PRRN202500525,Renovation/Alteration,2025-03-27 00:00:00,Commercial,Alteration and improvements,45000,0,12,,"1740 HAMILTON STREET, REGINA, SK S4P4A9",Address,Old 33,SASKATCHEWAN HOUSING CORPORATION,Property Owner,315-Apartment - Condominium
PRRN202500562,Renovation/Alteration,2025-03-27 00:00:00,Commercial,Alteration and improvements,92746,0,0,,"2167 ANGUS STREET, REGINA, SK S4T2A1",Address,Old 33,THE OWNERS: CONDOMINIUM PLAN NO. 01RA21228,Property Owner,315-Apartment - Condominium
PRRN202500601,Renovation/Alteration,2025-03-27 00:00:00,Residential,Alteration and improvements,2000,0,0,,"682 CAMERON STREET, REGINA, SK S4T2R8",Address,Washington Park,ALL-ROUND CONSTRUCTION  LIMITED,Contractor,"110-Single House, single detached home, bungalow, linked home (linked at the foundation), single family dwelling"
PRSF202500620,Single/Semi-Detached Dwelling 1-2 units,2025-03-27 00:00:00,Residential,New construction,400000,1,2,,3109 GREEN TURTLE ROAD,Address,The Towns,PACESETTER NEW HOMES LTD.,Contractor,"110-Single House, single detached home, bungalow, linked home (linked at the foundation), single family dwelling"
PRTN202500651,Tent / Temporary Structure,2025-03-27 00:00:00,Commercial,New construction,30000,0,0,,"302 UNIVERSITY PARK DRIVE, REGINA, SK S4V0Y8",Address,Gardiner Park,GARDINER JOINT VENTURE LTD,Property Owner,Not Applicable
PRAD202500432,Addition,2025-03-28 00:00:00,Residential,Additional value to previous permit(s),75000,0,0,,"2606 23RD AVENUE, REGINA, SK S4S6L3",Address,Lakeview,,Property Owner,"110-Single House, single detached home, bungalow, linked home (linked at the foundation), single family dwelling"
PRBS202500467,Basement Development,2025-03-28 00:00:00,Residential,Alteration and improvements,25000,0,0,,"3828 CAMERON STREET, REGINA, SK S4S3E5",Address,Parliament Place,,Property Owner,"110-Single House, single detached home, bungalow, linked home (linked at the foundation), single family dwelling"
PRBS202500646,Basement Development,2025-03-28 00:00:00,Residential,Alteration and improvements,55647,0,0,,"5201 E ARENS ROAD, Unit:9, REGINA, SK S4V4A8",Address,The Towns,,Contractor,215-Semi-Detached or Double House - Condominium
PRDE202500580,Demolition,2025-03-28 00:00:00,Residential,Demolition,20000,0,0,1,"4440 ACADIA DRIVE, REGINA, SK S4S4T4",Address,Whitmore Park,VARSITY HOMES LTD.,Property Owner,"110-Single House, single detached home, bungalow, linked home (linked at the foundation), single family dwelling"
PRDK202500678,Deck/Sunroom,2025-03-28 00:00:00,Residential,Alteration and improvements,7748.91,0,0,,"47 BOTHWELL CRESCENT, REGINA, SK S4R5Y7",Address,Uplands,DK Prime Construction - kyle@dkprime.ca,Contractor,"110-Single House, single detached home, bungalow, linked home (linked at the foundation), single family dwelling"
PRFR202500674,Foundation Repair,2025-03-28 00:00:00,Residential,Alteration and improvements,100000,0,0,,"39 PENSE BAY, REGINA, SK S4R8A5",Address,Walsh Acres,RSR Construction - Adrian Kasick,Contractor,"110-Single House, single detached home, bungalow, linked home (linked at the foundation), single family dwelling"
PRGA202500246,Garage/Carport,2025-03-28 00:00:00,Residential,Garage/Carport/Accessory Structure,30000,0,0,,"2525 GARNET STREET, REGINA, SK S4T3A6",Address,Riverside,NU-FAB BUILDING PRODUCTS,Contractor,"110-Single House, single detached home, bungalow, linked home (linked at the foundation), single family dwelling"
PRNR202402479,New Commercial,2025-03-28 00:00:00,Commercial,Foundation (new),1149000,0,0,,"2100 15TH AVENUE, REGINA, SK S4P0Z9",Address,Old 33,Westridge Construction Ltd. - Greg Shiplack,Contractor,"650-Day care, nursing home, rest home, home for the blind, charitable home, detoxification center"
PRRN202500255,Renovation/Alteration,2025-03-28 00:00:00,Commercial,Alteration and improvements,250000,0,1,,"1700 ELPHINSTONE STREET, Unit:YQR, REGINA, SK S4P2Z6",Address,Cpr Annex,REGINA EXHIBITION ASSOCIATION LTD.,Property Owner,"460-Storage building; warehouse (for storage purposes only), industrial mall, grain elevator, locker rental, silo, quonset, refrigerated storage terminal"
PRSS202402799,Secondary Suite,2025-03-28 00:00:00,Residential,Alteration and improvements,45000,1,0,,"8719 WASCANA GARDENS PLACE, REGINA, SK S4V1E8",Address,Wascana View,,Property Owner,"110-Single House, single detached home, bungalow, linked home (linked at the foundation), single family dwelling"
PRDE202500235,Demolition,2025-03-30 00:00:00,Residential,Demolition,39405,0,0,1,"4252 SAGE PLACE, REGINA, SK S4V3H8",Address,The Creeks,First Call Construction,Contractor,"110-Single House, single detached home, bungalow, linked home (linked at the foundation), single family dwelling"
PRFR202500639,Foundation Repair,2025-03-31 00:00:00,Residential,Alteration and improvements,3000,0,0,,"16 ANGUS CRESCENT, REGINA, SK S4T6N2",Address,Crescents,Regina House Leveling - Travis Zerie,Contractor,"110-Single House, single detached home, bungalow, linked home (linked at the foundation), single family dwelling"
PRFR202500696,Foundation Repair,2025-03-31 00:00:00,Residential,Alteration and improvements,10000,0,0,,"5100 DEWDNEY AVENUE, REGINA, SK S4T1C1",Address,Belvedere,,Property Owner,"110-Single House, single detached home, bungalow, linked home (linked at the foundation), single family dwelling"
PRRN202402883,Renovation/Alteration,2025-03-31 00:00:00,Residential,Alteration and improvements,12000,0,0,,"3870 GEE CRESCENT, REGINA, SK S4V3N9",Address,The Greens on Gardiner,,Property Owner,"210-Semi-Detached or Double House, single attached home"
PRRN202500135,Renovation/Alteration,2025-03-31 00:00:00,Commercial,Alteration and improvements,175000,0,1,,"489 N ALBERT STREET, REGINA, SK S4R3C3",Address,Cityview,WESTDALE CONSTRUCTION CO. LIMITED,Property Owner,"540-Restaurant, bar, tavern, night club, diner, donut shop"
PRRN202500167,Renovation/Alteration,2025-03-31 00:00:00,Commercial,Alteration and improvements,175000,0,1,,3750 CHUKA BOULEVARD,Address,The Greens on Gardiner,102049625 SASKATCHEWAN LTD.,Property Owner,"540-Restaurant, bar, tavern, night club, diner, donut shop"
PRRN202500510,Renovation/Alteration,2025-03-31 00:00:00,Residential,Alteration and improvements,25000,0,0,,"1454 ELLICE STREET, REGINA, SK S4T5S3",Address,Mount Royal,,Property Owner,"110-Single House, single detached home, bungalow, linked home (linked at the foundation), single family dwelling"
PRSF202500590,Single/Semi-Detached Dwelling 1-2 units,2025-03-31 00:00:00,Residential,New construction,300000,1,1,,"196 NAGEL CRESCENT, REGINA, SK S4N4N5",Address,Glencairn,FOUR SEASONS CONSTRUCTION AND RENOVATIONS INC.,Contractor,"110-Single House, single detached home, bungalow, linked home (linked at the foundation), single family dwelling"
PRSS202500641,Secondary Suite,2025-03-31 00:00:00,Residential,Alteration and improvements,50000,1,0,,"1761 MUSTARD STREET, REGINA, SK S4Y0G1",Address,Westerra,Lucky Links Building Services Ltd. - Lucky Aluge,Contractor,"210-Semi-Detached or Double House, single attached home"
PRBS202500598,Basement Development,2025-04-01 00:00:00,Residential,Alteration and improvements,40000,0,0,,"4221 E ELDERBERRY CRESCENT, REGINA, SK S4V3V3",Address,The Creeks,VARSITY HOMES LTD.,Contractor,"110-Single House, single detached home, bungalow, linked home (linked at the foundation), single family dwelling"
PRBS202500710,Basement Development,2025-04-01 00:00:00,Residential,Alteration and improvements,35000,0,0,,"1125 N JURASIN STREET, REGINA, SK S4X0K1",Address,Hawkstone,,Property Owner,"110-Single House, single detached home, bungalow, linked home (linked at the foundation), single family dwelling"
PRBY202500198,Backyard/Laneway Suite,2025-04-01 00:00:00,Residential,New construction,138386.98,1,2,,"62 LOWRY PLACE, REGINA, SK S4S6C7",Address,Albert Park,Ledcor Construction Limited,Contractor,"110-Single House, single detached home, bungalow, linked home (linked at the foundation), single family dwelling"
PRDK202400292,Deck/Sunroom,2025-04-01 00:00:00,Residential,Alteration and improvements,5779,0,0,,"2377 CAMERON STREET, REGINA, SK S4T2W2",Address,Old 33,,Property Owner,"110-Single House, single detached home, bungalow, linked home (linked at the foundation), single family dwelling"
PRFR202500596,Foundation Repair,2025-04-01 00:00:00,Residential,Alteration and improvements,4400,0,0,,"1332 MCNIVEN AVENUE, REGINA, SK S4S3X8",Address,Hillsdale,COLOSSAL CONSTRUCTION,Contractor,"110-Single House, single detached home, bungalow, linked home (linked at the foundation), single family dwelling"
PRFR202500717,Foundation Repair,2025-04-01 00:00:00,Residential,Alteration and improvements,19500,0,0,,"66 MCMURCHY AVENUE, REGINA, SK S4R3G4",Address,Coronation Park N.,AAA Solid Foundation,Contractor,"110-Single House, single detached home, bungalow, linked home (linked at the foundation), single family dwelling"
PRFR202500718,Foundation Repair,2025-04-01 00:00:00,Residential,Alteration and improvements,25940,0,0,,"1525 VICTORIA AVENUE, REGINA, SK S4P0P6",Address,Old 33,AAA Solid Foundation,Contractor,"110-Single House, single detached home, bungalow, linked home (linked at the foundation), single family dwelling"
PRRN202403103,Renovation/Alteration,2025-04-01 00:00:00,Commercial,Alteration and improvements,200000,0,0,,"3769 WASCANA PARKWAY, REGINA, SK S4S0A2",Address,Hillsdale,THE UNIVERSITY OF REGINA,Property Owner,626-University
PRRN202500533,Renovation/Alteration,2025-04-01 00:00:00,Commercial,Alteration and improvements,400000,0,0,,"3015 E QUANCE STREET, REGINA, SK S4V3B7",Address,Mayfair,JYSK LINEN`N FURNITURE INC.,Property Owner,"512-Retail complex; plaza, mall, shopping centre, store/office building"
PRRN202500625,Renovation/Alteration,2025-04-01 00:00:00,Residential,Alteration and improvements,2500,0,0,,"2415 E STRATHMORE PLACE, REGINA, SK S4V0Z1",Address,University Park East,Steve Perlinger - JS Group of Companies Ltd.,Contractor,"110-Single House, single detached home, bungalow, linked home (linked at the foundation), single family dwelling"
PRSF202500506,Single/Semi-Detached Dwelling 1-2 units,2025-04-01 00:00:00,Residential,New construction,800000,2,2,,"2934, 2938 ROCHDALE BOULEVARD, REGINA, SK S4X0M6",Address,Hawkstone,VARSITY HOMES LTD.,Contractor,"210-Semi-Detached or Double House, single attached home"
PRSF202500554,Single/Semi-Detached Dwelling 1-2 units,2025-04-01 00:00:00,Residential,New construction,500000,1,2,,"3017 GREEN STONE ROAD, REGINA, SK *",Address,The Towns,Richmond Enterprise,Contractor,"110-Single House, single detached home, bungalow, linked home (linked at the foundation), single family dwelling"
PRSS202500583,Secondary Suite,2025-04-01 00:00:00,Residential,Alteration and improvements,35000,1,0,,"5262 AVIATOR CRESCENT, REGINA, SK S4W0G9",Address,Harbour Landing,,Property Owner,"110-Single House, single detached home, bungalow, linked home (linked at the foundation), single family dwelling"
PRDE202500565,Demolition,2025-04-02 00:00:00,Residential,Demolition,5000,0,0,0,"462 LORNE STREET, REGINA, SK S4R2J4",Address,Highland Park,CCM - CORPORATE CRISIS MANAGEMENT CANADA LTD.,Property Owner,"110-Single House, single detached home, bungalow, linked home (linked at the foundation), single family dwelling"
PRFR202500593,Foundation Repair,2025-04-02 00:00:00,Residential,Alteration and improvements,5000,0,0,,"3620 VAN HORNE AVENUE, REGINA, SK S4S1M4",Address,Lakeview South,,Property Owner,"110-Single House, single detached home, bungalow, linked home (linked at the foundation), single family dwelling"
PRFR202500648,Foundation Repair,2025-04-02 00:00:00,Residential,Alteration and improvements,7400,0,0,,"226 MCINTOSH STREET, REGINA, SK S4R5T9",Address,Normanview,AAA Solid Foundation,Contractor,"110-Single House, single detached home, bungalow, linked home (linked at the foundation), single family dwelling"
PRFR202500727,Foundation Repair,2025-04-02 00:00:00,Residential,Alteration and improvements,4800,0,0,,"839 N BATTEL STREET, REGINA, SK S4X1Y4",Address,Sherwood Estates,JS GROUP OF COMPANIES,Contractor,"110-Single House, single detached home, bungalow, linked home (linked at the foundation), single family dwelling"
PRFR202500731,Foundation Repair,2025-04-02 00:00:00,Residential,Alteration and improvements,8500,0,0,,"2722 KLIMAN CRESCENT, REGINA, SK S4V0M2",Address,Gardiner Park,Regina House Leveling - Travis Zerie,Contractor,"110-Single House, single detached home, bungalow, linked home (linked at the foundation), single family dwelling"
PRRN202500589,Renovation/Alteration,2025-04-02 00:00:00,Commercial,Alteration and improvements,6561.1,0,1,,"5934 ROCHDALE BOULEVARD, REGINA, SK S4X4J7",Address,Lakewood,HENLEY PROPERTIES LIMITED,Property Owner,"540-Restaurant, bar, tavern, night club, diner, donut shop"
PRRN202500670,Renovation/Alteration,2025-04-02 00:00:00,Residential,Alteration and improvements,9000,0,0,,"66 PATTERSON DRIVE, REGINA, SK S4S3W9",Address,Hillsdale,Geissler Carpentry,Contractor,"110-Single House, single detached home, bungalow, linked home (linked at the foundation), single family dwelling"
PRSS202500424,Secondary Suite,2025-04-02 00:00:00,Residential,Alteration and improvements,45000,1,0,,"2969 GREEN STONE ROAD, REGINA, SK *",Address,The Towns,,Contractor,"330-Row House, garden home, town house, carriage home, quadrex"
PRSS202500486,Secondary Suite,2025-04-02 00:00:00,Residential,Alteration and improvements,45000,1,0,,"5400 E NICHOLSON AVENUE, REGINA, SK *",Address,The Towns,,Contractor,"110-Single House, single detached home, bungalow, linked home (linked at the foundation), single family dwelling"
PRSS202500575,Secondary Suite,2025-04-02 00:00:00,Residential,Alteration and improvements,45000,1,0,,"4718 E MUTRIE CRESCENT, REGINA, SK *",Address,The Towns,,Property Owner,"330-Row House, garden home, town house, carriage home, quadrex"
PRTN202500401,Tent / Temporary Structure,2025-04-02 00:00:00,Commercial,New construction,6000,0,1,,"1070 MCDONALD STREET, REGINA, SK S4N2X8",Address,Eastern Annex,DARK HORSE HOLDINGS LTD.,Property Owner,Not Applicable
PRBS202500615,Basement Development,2025-04-03 00:00:00,Residential,Alteration and improvements,20000,0,0,,"1718 STONEY LANE, REGINA, SK S4X0A7",Address,Kensington Greens,,Property Owner,"110-Single House, single detached home, bungalow, linked home (linked at the foundation), single family dwelling"
PRBS202500619,Basement Development,2025-04-03 00:00:00,Residential,Alteration and improvements,30000,0,0,,"2825 ELGAARD DRIVE, REGINA, SK S4X0M4",Address,Hawkstone,,Property Owner,"110-Single House, single detached home, bungalow, linked home (linked at the foundation), single family dwelling"
PRFR202500608,Foundation Repair,2025-04-03 00:00:00,Residential,Alteration and improvements,20000,0,0,,"711 E 18TH AVENUE, REGINA, SK S4N1E8",Address,Assiniboia East,Jamie Erdahl United Roofing,Contractor,"110-Single House, single detached home, bungalow, linked home (linked at the foundation), single family dwelling"
PRFR202500749,Foundation Repair,2025-04-03 00:00:00,Residential,Alteration and improvements,4000,0,0,,"3141 GRANT ROAD, REGINA, SK S4S5H4",Address,Whitmore Park,COLOSSAL CONSTRUCTION INC. - Darcy Rogalski,Contractor,"110-Single House, single detached home, bungalow, linked home (linked at the foundation), single family dwelling"
PRSF202500635,Single/Semi-Detached Dwelling 1-2 units,2025-04-03 00:00:00,Residential,New construction,400000,1,2,,3122 BOWEN STREET,Address,The Towns,PACESETTER NEW HOMES LTD.,Contractor,"110-Single House, single detached home, bungalow, linked home (linked at the foundation), single family dwelling"
PRSS202500662,Secondary Suite,2025-04-03 00:00:00,Residential,Alteration and improvements,45000,1,0,,"1748 MUSTARD STREET, REGINA, SK S4Y0G1",Address,Westerra,,Property Owner,"330-Row House, garden home, town house, carriage home, quadrex"
PRSS202500680,Secondary Suite,2025-04-03 00:00:00,Residential,Alteration and improvements,45000,1,0,,"7900 LENTIL AVENUE, REGINA, SK S4Y0E9",Address,Westerra,GREEN STONE RENOVATIONS LTD,Contractor,"330-Row House, garden home, town house, carriage home, quadrex"
PRAD202500659,Addition,2025-04-04 00:00:00,Residential,Addition to existing building commercial & residential,22984,0,0,,"3707 ALLEN AVENUE, REGINA, SK S4S1A1",Address,Lakeview South,GRASSHOPPER CONSTRUCTION,Contractor,"110-Single House, single detached home, bungalow, linked home (linked at the foundation), single family dwelling"
PRMH202500767,Plumbing,2025-04-04 00:00:00,Residential,Mechanical,2000,0,0,,"3234 MOUNTBATTEN CRESCENT, REGINA, SK S4V0Z4",Address,University Park East,,Property Owner,"110-Single House, single detached home, bungalow, linked home (linked at the foundation), single family dwelling"
PRRN202500305,Renovation/Alteration,2025-04-04 00:00:00,Residential,Alteration and improvements,30000,0,0,,"1903 ATHOL STREET, REGINA, SK S4T3E4",Address,Old 33,,Property Owner,"110-Single House, single detached home, bungalow, linked home (linked at the foundation), single family dwelling"
PRRN202500613,Renovation/Alteration,2025-04-04 00:00:00,Commercial,Alteration and improvements,506147,0,1,,2000 ANAQUOD ROAD,Address,East Victoria Lands,AURORA II RETAIL CORP.,Property Owner,"520-Office building; consultant’s office, doctor’s office, insurance company, bank, taxi stand, office/cafeteria, office/smoke shop"
PRRN202500627,Renovation/Alteration,2025-04-04 00:00:00,Commercial,Garage/Carport/Accessory Structure,120250,0,2,,"3520 HILLSDALE STREET, Unit:HDR, REGINA, SK S4S5Z5",Address,Hillsdale,,Contractor,315-Apartment - Condominium
PRRN202500660,Renovation/Alteration,2025-04-04 00:00:00,Residential,Alteration and improvements,77016,0,0,,"3707 ALLEN AVENUE, REGINA, SK S4S1A1",Address,Lakeview South,GRASSHOPPER CONSTRUCTION  - Jeff Hartnell,Contractor,"110-Single House, single detached home, bungalow, linked home (linked at the foundation), single family dwelling"
PRSF202500269,Single/Semi-Detached Dwelling 1-2 units,2025-04-04 00:00:00,Residential,New construction,600000,2,2,,"68 CHARLES CRESCENT, REGINA, SK S4T5X4",Address,Coventry Place,OLSON BUILDERS LTD.,Contractor,"210-Semi-Detached or Double House, single attached home"
PRSF202500697,Single/Semi-Detached Dwelling 1-2 units,2025-04-04 00:00:00,Residential,New construction,750000,2,2,,"8616 WHEAT CRESCENT, REGINA, SK *",Address,Westerra,PACESETTER NEW HOMES LTD.,Contractor,"210-Semi-Detached or Double House, single attached home"
PRSS202500538,Secondary Suite,2025-04-04 00:00:00,Residential,Addition to existing building commercial & residential,50000,1,0,,"3337 FAVEL DRIVE, REGINA, SK *",Address,The Towns,,Property Owner,"110-Single House, single detached home, bungalow, linked home (linked at the foundation), single family dwelling"
PRBS202500744,Basement Development,2025-04-05 00:00:00,Residential,Alteration and improvements,35000,0,0,,"1136 E 10TH AVENUE, REGINA, SK S4N0J2",Address,Glen Elm Park,ROC Construction,Contractor,"110-Single House, single detached home, bungalow, linked home (linked at the foundation), single family dwelling"
PRFR202500759,Foundation Repair,2025-04-05 00:00:00,Residential,Alteration and improvements,4000,0,0,,"342 MCCARTHY BOULEVARD, REGINA, SK S4R6A7",Address,Normanview West,INNOVATION RENOVATION,Contractor,"110-Single House, single detached home, bungalow, linked home (linked at the foundation), single family dwelling"
PRDE202500665,Demolition,2025-04-07 00:00:00,Residential,Demolition,0,0,0,0,"1458 RETALLACK STREET, REGINA, SK S4T2J2",Address,Old 33,,Property Owner,"110-Single House, single detached home, bungalow, linked home (linked at the foundation), single family dwelling"
PRFR202500690,Foundation Repair,2025-04-07 00:00:00,Residential,Alteration and improvements,4900,0,0,,"1759 YORK STREET, REGINA, SK S4T4R1",Address,Cpr Annex,AAA Solid Foundation,Contractor,"110-Single House, single detached home, bungalow, linked home (linked at the foundation), single family dwelling"
PRFR202500757,Foundation Repair,2025-04-07 00:00:00,Residential,Alteration and improvements,11000,0,0,,"37 KNOWLES CRESCENT, REGINA, SK S4S4N9",Address,Hillsdale,Regina House Leveling - Travis Zerie,Contractor,"110-Single House, single detached home, bungalow, linked home (linked at the foundation), single family dwelling"
PRFR202500763,Foundation Repair,2025-04-07 00:00:00,Residential,Alteration and improvements,3500,0,0,,"2403 E STRATHMORE PLACE, REGINA, SK S4V0Z1",Address,University Park East,JS GROUP OF COMPANIES,Contractor,"110-Single House, single detached home, bungalow, linked home (linked at the foundation), single family dwelling"
PRFR202500769,Foundation Repair,2025-04-07 00:00:00,Residential,Alteration and improvements,3360,0,0,,"1720 OTTAWA STREET, REGINA, SK S4P1P2",Address,Old 33,,Property Owner,"110-Single House, single detached home, bungalow, linked home (linked at the foundation), single family dwelling"
PRRN202500455,Renovation/Alteration,2025-04-07 00:00:00,Commercial,Alteration and improvements,400000,0,0,,"3769 WASCANA PARKWAY, REGINA, SK S4S0A2",Address,Hillsdale,THE UNIVERSITY OF REGINA,Property Owner,"540-Restaurant, bar, tavern, night club, diner, donut shop"
PRSF202500645,Single/Semi-Detached Dwelling 1-2 units,2025-04-07 00:00:00,Residential,New construction,585900,1,2,,3169 FAVEL DRIVE,Address,The Towns,Homes by Dream,Contractor,"110-Single House, single detached home, bungalow, linked home (linked at the foundation), single family dwelling"
PRSS202500405,Secondary Suite,2025-04-07 00:00:00,Residential,Addition to existing building commercial & residential,35000,1,0,,"2999 BELLEGARDE CRESCENT, REGINA, SK S4V3W4",Address,The Towns,,Property Owner,"110-Single House, single detached home, bungalow, linked home (linked at the foundation), single family dwelling"
PRSS202500582,Secondary Suite,2025-04-07 00:00:00,Residential,Addition to existing building commercial & residential,35000,1,0,,"4625 PADWICK ROAD, REGINA, SK S4W0C3",Address,Harbour Landing,,Property Owner,"110-Single House, single detached home, bungalow, linked home (linked at the foundation), single family dwelling"
PRAD202402765,Addition,2025-04-08 00:00:00,Institutional,Addition to existing building commercial & residential,16563274,0,1,,"333 WINNIPEG STREET, REGINA, SK S4R8P2",Address,UNDEVELOP,CITY OF REGINA,Property Owner,"440-Transportation terminal; bus and truck terminal, airport, railway station"
PRBS202500785,Basement Development,2025-04-08 00:00:00,Residential,Alteration and improvements,18000,0,0,,"39 HALLERAN CRESCENT, REGINA, SK S4R3Z3",Address,Coronation Park N.,,Property Owner,"110-Single House, single detached home, bungalow, linked home (linked at the foundation), single family dwelling"
PRDE202500663,Demolition,2025-04-08 00:00:00,Commercial,Demolition,27000,0,0,0,"631 COLLEGE AVENUE, REGINA, SK S4N0X6",Address,Assiniboia  Place,DAVIES EXCAVATING LTD,Contractor,"520-Office building; consultant’s office, doctor’s office, insurance company, bank, taxi stand, office/cafeteria, office/smoke shop"
PRDE202500736,Demolition,2025-04-08 00:00:00,Residential,Demolition,0,0,0,0,"1071 MCTAVISH STREET, REGINA, SK S4T3V4",Address,Old 33,,Property Owner,"110-Single House, single detached home, bungalow, linked home (linked at the foundation), single family dwelling"
PRNR202402938,Foundation (new),2025-04-08 00:00:00,Commercial,New construction,300000,0,0,,"4594 HARBOUR LANDING DRIVE, REGINA, SK *",Address,Harbour Landing,Gilroy Homes,Contractor,315-Apartment - Condominium
PRRN202500537,Renovation/Alteration,2025-04-08 00:00:00,Institutional,Alteration and improvements,1009253,0,0,,"4101 DEWDNEY AVENUE, REGINA, SK S4T1A5",Address,Old 33,PROVINCE OF SASK.,Property Owner,"640-Hospital; general, military, specialized"
PRRN202500721,Renovation/Alteration,2025-04-08 00:00:00,Residential,Alteration and improvements,5000,0,0,,"2403 E STRATHMORE PLACE, REGINA, SK S4V0Z1",Address,University Park East,CREEK CONSTRUCTION,Contractor,"110-Single House, single detached home, bungalow, linked home (linked at the foundation), single family dwelling"
PRRN202500725,Renovation/Alteration,2025-04-08 00:00:00,Residential,Alteration and improvements,6000,0,0,,"8306 KESTRAL DRIVE, REGINA, SK S4Y1G9",Address,Westhill Park,Turk Construction - Matt,Contractor,"110-Single House, single detached home, bungalow, linked home (linked at the foundation), single family dwelling"
PRSF202500568,Single/Semi-Detached Dwelling 1-2 units,2025-04-08 00:00:00,Residential,New construction,250000,1,2,,"4327 WILD ROSE DRIVE, REGINA, SK S4V3V6",Address,The Creeks,CRAWFORD HOMES (1991) LTD.,Contractor,"110-Single House, single detached home, bungalow, linked home (linked at the foundation), single family dwelling"
PRSF202500682,Single/Semi-Detached Dwelling 1-2 units,2025-04-08 00:00:00,Residential,New construction,326260,2,2,,"4744 FERNDALE CRESCENT, REGINA, SK S4V4A5",Address,The Towns,CITY OF REGINA,Property Owner,"210-Semi-Detached or Double House, single attached home"
PRBS202500787,Basement Development,2025-04-09 00:00:00,Residential,Alteration and improvements,5000,0,0,,"3632 29TH AVENUE, REGINA, SK S4S2P7",Address,Parliament Place,,Property Owner,"110-Single House, single detached home, bungalow, linked home (linked at the foundation), single family dwelling"
PRDE202500709,Demolition,2025-04-09 00:00:00,Residential,Demolition,5000,0,0,1,"1400 E 12TH AVENUE, REGINA, SK S4N0M6",Address,Glencairn,,Property Owner,130-Mobile Home
PRDE202500782,Demolition,2025-04-09 00:00:00,Residential,Demolition,29100,0,0,1,"1913 ST JOHN STREET, REGINA, SK S4P1S3",Address,Old 33,Adair's Demolition Ltd.,Contractor,"110-Single House, single detached home, bungalow, linked home (linked at the foundation), single family dwelling"
PRFR202500743,Foundation Repair,2025-04-09 00:00:00,Residential,Alteration and improvements,2000,0,0,,"3632 29TH AVENUE, REGINA, SK S4S2P7",Address,Parliament Place,,Property Owner,"110-Single House, single detached home, bungalow, linked home (linked at the foundation), single family dwelling"
PRFR202500777,Foundation Repair,2025-04-09 00:00:00,Residential,Alteration and improvements,5500,0,0,,"336 OAKVIEW DRIVE, REGINA, SK S4R5K5",Address,Uplands,JS GROUP OF COMPANIES,Contractor,"110-Single House, single detached home, bungalow, linked home (linked at the foundation), single family dwelling"
PRGA202500770,Garage/Carport,2025-04-09 00:00:00,Residential,Garage/Carport/Accessory Structure,65000,0,0,,"30 ANTICKNAP BAY, REGINA, SK S4N4G6",Address,Glencairn,,Property Owner,"110-Single House, single detached home, bungalow, linked home (linked at the foundation), single family dwelling"
PRBS202500547,Basement Development,2025-04-10 00:00:00,Residential,Alteration and improvements,11000,0,0,,"3960 GREEN FALLS DRIVE, Unit:122, REGINA, SK S4V3T5",Address,The Greens on Gardiner,,Property Owner,335-Row House - Condominium
PRDE202500791,Demolition,2025-04-10 00:00:00,Residential,Demolition,6000,0,0,1,"2165 MCDONALD STREET, REGINA, SK S4N2Y6",Address,Broders Annex,,Contractor,"110-Single House, single detached home, bungalow, linked home (linked at the foundation), single family dwelling"
PRDK202500796,Deck/Sunroom,2025-04-10 00:00:00,Residential,Alteration and improvements,8000,0,0,,"2403 E STRATHMORE PLACE, REGINA, SK S4V0Z1",Address,University Park East,CREEK CONSTRUCTION,Contractor,"110-Single House, single detached home, bungalow, linked home (linked at the foundation), single family dwelling"
PRMH202500806,Plumbing,2025-04-10 00:00:00,Residential,Mechanical,14000,0,0,,"3019 WHITMORE AVENUE, REGINA, SK S4S1B7",Address,Lakeview Centre,,Property Owner,"110-Single House, single detached home, bungalow, linked home (linked at the foundation), single family dwelling"
PRRN202500341,Renovation/Alteration,2025-04-10 00:00:00,Commercial,Alteration and improvements,250000,0,1,,"3710 E EASTGATE DRIVE, Unit:7, REGINA, SK S4Z1A5",Address,Eastgate,DOME LAND DEVELOPMENT LTD.,Property Owner,"512-Retail complex; plaza, mall, shopping centre, store/office building"
PRRN202500692,Renovation/Alteration,2025-04-10 00:00:00,Residential,Alteration and improvements,9000,0,0,,"5631 VEDETTE ROAD, REGINA, SK S4W0P8",Address,Harbour Landing,,Property Owner,"110-Single House, single detached home, bungalow, linked home (linked at the foundation), single family dwelling"
PRRN202500758,Renovation/Alteration,2025-04-10 00:00:00,Residential,Alteration and improvements,7000,0,0,,"109 N MILNE STREET, REGINA, SK S4R5B8",Address,Normanview,,Property Owner,315-Apartment - Condominium
PRSF202500375,Single/Semi-Detached Dwelling 1-2 units,2025-04-10 00:00:00,Residential,New construction,725000,1,2,,"3080 ROBINSON STREET, REGINA, SK S4S1V4",Address,Lakeview,ENCORA DEVELOPMENTS INC.,Contractor,"110-Single House, single detached home, bungalow, linked home (linked at the foundation), single family dwelling"
PRSS202500153,Secondary Suite,2025-04-10 00:00:00,Residential,Alteration and improvements,80000,1,0,,"44 WESLEY ROAD, REGINA, SK S4S5P4",Address,Whitmore Park,102188988 Saskatchewan Limited,Contractor,"110-Single House, single detached home, bungalow, linked home (linked at the foundation), single family dwelling"
PRTN202500738,Tent / Temporary Structure,2025-04-10 00:00:00,Commercial,Other,2500,0,0,,"2425 7TH AVENUE N, REGINA, SK S4R0K4",Address,Cityview,THE BRICK GP LTD,Property Owner,Not Applicable
PRAD202500366,Addition,2025-04-11 00:00:00,Commercial,Addition,1050000,0,2,,"3215 LAKEVIEW AVENUE, REGINA, SK **",Address,Lakeview South,BOARD OF EDUCATION OF THE REGINA SCHOOL DIVISION NO. 4 OF SASKATCHEWAN,Property Owner,"620-Elementary school, kindergarten"
PRBS202500811,Basement Development,2025-04-11 00:00:00,Residential,Alteration and improvements,44000,0,0,,3601 GREEN MARSH CRESCENT,Address,The Greens on Gardiner,NORTH RIDGE HOLDINGS LTD.,Contractor,215-Semi-Detached or Double House - Condominium
PRDE202500492,Demolition,2025-04-11 00:00:00,Residential,Demolition,0,0,0,,"1114 CAMERON STREET, REGINA, SK S4T2S8",Address,Old 33,,Property Owner,"110-Single House, single detached home, bungalow, linked home (linked at the foundation), single family dwelling"
PRDK202500815,Deck/Sunroom,2025-04-11 00:00:00,Residential,Alteration and improvements,32000,0,0,,"2523 FARNSWORTH PLACE, REGINA, SK S4S6Z7",Address,Whitmore Park,Factory Direct Sunrooms - John Kushniruk,Contractor,"110-Single House, single detached home, bungalow, linked home (linked at the foundation), single family dwelling"
PRGA202500425,Garage/Carport,2025-04-11 00:00:00,Residential,Garage/Carport/Accessory Structure,60000,0,0,,"3182 MAZURAK CRESCENT, REGINA, SK S4X0N2",Address,Hawkstone,ARMADA HOMES,Contractor,"210-Semi-Detached or Double House, single attached home"
PRNR202402258,New Commercial,2025-04-11 00:00:00,Commercial,New construction,1450000,0,1,,"800 MACRAE BAY, REGINA, SK *",Address,Industrial Ross,Olympic Building Products - Doug Holt,Contractor,"460-Storage building; warehouse (for storage purposes only), industrial mall, grain elevator, locker rental, silo, quonset, refrigerated storage terminal"
PRSF202500719,Single/Semi-Detached Dwelling 1-2 units,2025-04-11 00:00:00,Residential,New construction,182710,1,2,,"4789 FERNDALE CRESCENT, REGINA, SK S4V4A5",Address,The Towns,CITY OF REGINA,Property Owner,"110-Single House, single detached home, bungalow, linked home (linked at the foundation), single family dwelling"
PRSF202500753,Single/Semi-Detached Dwelling 1-2 units,2025-04-11 00:00:00,Residential,New construction,250000,2,2,,"5250 E GREEN CRESCENT, REGINA, SK S4V3S9",Address,The Greens on Gardiner,CRAWFORD HOMES (1991) LTD.,Property Owner,"110-Single House, single detached home, bungalow, linked home (linked at the foundation), single family dwelling"
PRSS202500612,Secondary Suite,2025-04-11 00:00:00,Residential,Addition to existing building commercial & residential,41005.71,1,0,,"3735 GEE CRESCENT, REGINA, SK S4V3P1",Address,The Greens on Gardiner,Xpert Construction Ltd.,Contractor,"110-Single House, single detached home, bungalow, linked home (linked at the foundation), single family dwelling"
PRFR202500789,Foundation Repair,2025-04-13 00:00:00,Residential,Alteration and improvements,22000,0,0,,"4612 MCTAVISH STREET, REGINA, SK S4S3N2",Address,Albert Park,John Wilkie - RamJack Saskatchewan,Contractor,"110-Single House, single detached home, bungalow, linked home (linked at the foundation), single family dwelling"
PRAD202500367,Addition,2025-04-14 00:00:00,Institutional,Addition to existing building commercial & residential,450000,0,2,,"3860 E BUCKINGHAM DRIVE, REGINA, SK S4V3A1",Address,Windsor Park,CITY OF REGINA,Property Owner,"620-Elementary school, kindergarten"
PRBS202500829,Basement Development,2025-04-14 00:00:00,Residential,Alteration and improvements,45000,0,0,,"5201 E ARENS ROAD, Unit:12, REGINA, SK S4V4A8",Address,The Towns,AL SCHICK CONSTRUCTION LTD.,Contractor,215-Semi-Detached or Double House - Condominium
PRDE202500261,Demolition,2025-04-14 00:00:00,Residential,Demolition,0,0,0,,"1535 GROSVENOR STREET, REGINA, SK S4N4L8",Address,Glen Elm Park,,Property Owner,"110-Single House, single detached home, bungalow, linked home (linked at the foundation), single family dwelling"
PRDE202500780,Demolition,2025-04-14 00:00:00,Residential,Demolition,46800,0,0,1,"1280 RETALLACK STREET, REGINA, SK S4T2H7",Address,Old 33,Adair's Demolition Ltd.,Contractor,"110-Single House, single detached home, bungalow, linked home (linked at the foundation), single family dwelling"
PRDK202500805,Deck/Sunroom,2025-04-14 00:00:00,Residential,Alteration and improvements,6500,0,0,,"4752 E BUCKINGHAM DRIVE, REGINA, SK *",Address,The Towns,Lucky Links Building Services Ltd. - Lucky Aluge,Contractor,"110-Single House, single detached home, bungalow, linked home (linked at the foundation), single family dwelling"
PRRN202401718,Renovation/Alteration,2025-04-14 00:00:00,Commercial,Alteration and improvements,20000,0,0,,"2201 1ST AVENUE, REGINA, SK S4R8G4",Address,Industrial Park,2201 - 1ST AVENUE HOLDINGS LTD,Property Owner,"512-Retail complex; plaza, mall, shopping centre, store/office building"
PRRN202500687,Renovation/Alteration,2025-04-14 00:00:00,Commercial,Alteration and improvements,600000,0,2,,"2235 HESELTINE ROAD, REGINA, SK S4V3G8",Address,River Bend,SIENNA-SABRA SK CORP.,Property Owner,"650-Day care, nursing home, rest home, home for the blind, charitable home, detoxification center"
PRRN202500688,Renovation/Alteration,2025-04-14 00:00:00,Residential,Alteration and improvements,4000,0,0,,"1444 GARNET STREET, REGINA, SK S4T2Y5",Address,Old 33,ALL-ROUND CONSTRUCTION  LIMITED,Contractor,"110-Single House, single detached home, bungalow, linked home (linked at the foundation), single family dwelling"
PRRN202500722,Renovation/Alteration,2025-04-14 00:00:00,Residential,Alteration and improvements,15000,0,0,,"2274 QUEEN STREET, REGINA, SK S4T4C5",Address,Old 33,,Property Owner,"110-Single House, single detached home, bungalow, linked home (linked at the foundation), single family dwelling"
PRRN202500795,Renovation/Alteration,2025-04-14 00:00:00,Residential,Alteration and improvements,4000,0,0,,"2081 LINDSAY STREET, REGINA, SK S4N3B8",Address,Broders Annex,,Property Owner,"110-Single House, single detached home, bungalow, linked home (linked at the foundation), single family dwelling"
PRSF202500523,Single/Semi-Detached Dwelling 1-2 units,2025-04-14 00:00:00,Residential,New construction,581700,1,2,,"5313 E NICHOLSON AVENUE, REGINA, SK *",Address,The Towns,DREAM TOWNS LANDS SOUTH (GP) INC.,Property Owner,"110-Single House, single detached home, bungalow, linked home (linked at the foundation), single family dwelling"
PRSF202500707,Single/Semi-Detached Dwelling 1-2 units,2025-04-14 00:00:00,Residential,New construction,357720,2,2,,"4768 FERNDALE CRESCENT, REGINA, SK S4V4A5",Address,The Towns,CITY OF REGINA,Property Owner,"210-Semi-Detached or Double House, single attached home"
PRSS202500018,Secondary Suite,2025-04-14 00:00:00,Residential,Addition to existing building commercial & residential,30000,1,0,,"5318 MCKENNA CRESCENT, REGINA, SK S4W0H2",Address,Harbour Landing,,Property Owner,"110-Single House, single detached home, bungalow, linked home (linked at the foundation), single family dwelling"
PRSS202500551,Secondary Suite,2025-04-14 00:00:00,Residential,Alteration and improvements,50000,1,0,,"2818 SINTON AVENUE, REGINA, SK S4S1K3",Address,Lakeview Centre,,Property Owner,"110-Single House, single detached home, bungalow, linked home (linked at the foundation), single family dwelling"
PRSS202500724,Secondary Suite,2025-04-14 00:00:00,Residential,Alteration and improvements,50000,1,0,,"3360 FAVEL DRIVE, REGINA, SK *",Address,The Towns,Lucky Links Building Services Ltd. - Lucky Aluge,Contractor,"110-Single House, single detached home, bungalow, linked home (linked at the foundation), single family dwelling"
PRTN202500700,Tent / Temporary Structure,2025-04-14 00:00:00,Commercial,Other,7500,0,0,,"7 COVENTRY ROAD, REGINA, SK S4T5Z4",Address,Coventry Place,SUNCOR ENERGY INC.,Property Owner,Not Applicable
PRAH202500786,Alternative Family Care Home,2025-04-15 00:00:00,Residential,Alteration and improvements,20000,0,0,,"1723 FLEET STREET, REGINA, SK S4N6B4",Address,Glencairn Village,,Property Owner,"110-Single House, single detached home, bungalow, linked home (linked at the foundation), single family dwelling"
PRBS202500803,Basement Development,2025-04-15 00:00:00,Residential,Alteration and improvements,29000,0,0,,"7648 WALSH AVENUE, REGINA, SK *",Address,Rosewood Park,ARKIGER CONTRACTING,Contractor,"210-Semi-Detached or Double House, single attached home"
PRDE202500756,Demolition,2025-04-15 00:00:00,Residential,Demolition,0,0,0,1,"1041 RAE STREET, REGINA, SK S4T2B7",Address,Old 33,IGGY'S RENOS & REPAIRS,Contractor,"110-Single House, single detached home, bungalow, linked home (linked at the foundation), single family dwelling"
PRDK202500823,Deck/Sunroom,2025-04-15 00:00:00,Residential,Alteration and improvements,3500,0,0,,"1166 DEGELMAN DRIVE, REGINA, SK S4N7P7",Address,Creekside,,Property Owner,"110-Single House, single detached home, bungalow, linked home (linked at the foundation), single family dwelling"
PRFR202500822,Foundation Repair,2025-04-15 00:00:00,Residential,Alteration and improvements,23630,0,0,,"1930 RETALLACK STREET, REGINA, SK S4T2J9",Address,Old 33,AAA Solid Foundation,Contractor,"110-Single House, single detached home, bungalow, linked home (linked at the foundation), single family dwelling"
PRFR202500828,Foundation Repair,2025-04-15 00:00:00,Residential,Alteration and improvements,2600,0,0,,"2687 E CROCUS DRIVE, REGINA, SK S4V1T3",Address,Wood Meadows,AAA Solid Foundation,Contractor,"110-Single House, single detached home, bungalow, linked home (linked at the foundation), single family dwelling"
PRRN202500021,Renovation/Alteration,2025-04-15 00:00:00,Commercial,Alteration and improvements,149172,0,1,,"2020 VAN EGMOND PLACE, REGINA, SK S4N7L6",Address,Glen Elm Park S.,THE GLENELM CONGREGATION OF JEHOVAH`S WITNESSES,Property Owner,"660-Religious building; church, cathedral, temple, citadel, synagogue"
PRRN202500449,Renovation/Alteration,2025-04-15 00:00:00,Commercial,Alteration and improvements,75000,0,1,,"5650 ROCHDALE BOULEVARD, REGINA, SK S4X4P1",Address,Lakeridge,OLYMPUS HOLDINGS INC.,Property Owner,"512-Retail complex; plaza, mall, shopping centre, store/office building"
PRRN202500454,Renovation/Alteration,2025-04-15 00:00:00,Residential,Alteration and improvements,68000,0,0,,"2020 DUFFERIN ROAD, REGINA, SK S4S5T8",Address,Whitmore Park,HOPE CONSTRUCTION,Contractor,"110-Single House, single detached home, bungalow, linked home (linked at the foundation), single family dwelling"
PRRN202500481,Renovation/Alteration,2025-04-15 00:00:00,Commercial,Alteration and improvements,175000,0,0,,"2102 11TH AVENUE, REGINA, SK S4P0J5",Address,Old 33,CORNWALL CENTRE INC.,Property Owner,"512-Retail complex; plaza, mall, shopping centre, store/office building"
PRRN202500745,Renovation/Alteration,2025-04-15 00:00:00,Commercial,Alteration,80000,0,2,,"2040 MCINTYRE STREET, REGINA, SK S4P2R6",Address,Old 33,NALLEK HOLDINGS INC.,Property Owner,"520-Office building; consultant’s office, doctor’s office, insurance company, bank, taxi stand, office/cafeteria, office/smoke shop"
PRRN202500788,Renovation/Alteration,2025-04-15 00:00:00,Residential,Alteration and improvements,5000,0,0,,"3632 29TH AVENUE, REGINA, SK S4S2P7",Address,Parliament Place,,Property Owner,"110-Single House, single detached home, bungalow, linked home (linked at the foundation), single family dwelling"
PRSF202500740,Single/Semi-Detached Dwelling 1-2 units,2025-04-15 00:00:00,Residential,New construction,348000,1,1,,"2316 SAUNDERS CRESCENT, REGINA, SK S4X0N8",Address,Kensington Greens,Gilroy Homes Inc.,Contractor,"110-Single House, single detached home, bungalow, linked home (linked at the foundation), single family dwelling"
PRDE202402671,Demolition,2025-04-16 00:00:00,Commercial,Demolition,80000,0,0,6,"2717 CORONATION STREET, REGINA, SK S4S0L5",Address,River Heights,CORONATION STREET HOLDINGS CORP.,Property Owner,"310-Apartment, apartment building, duplex, triplex, quadruple"
PRDE202500339,Demolition,2025-04-16 00:00:00,Residential,Demolition,1000,0,0,,"52 EVERETT CRESCENT, REGINA, SK S4S2M7",Address,Parliament Place,,Property Owner,"110-Single House, single detached home, bungalow, linked home (linked at the foundation), single family dwelling"
PRDK202500617,Deck/Sunroom,2025-04-16 00:00:00,Residential,New construction,5000,0,0,,"3273 VALLEY GREEN ROAD, REGINA, SK *",Address,The Towns,,Property Owner,"110-Single House, single detached home, bungalow, linked home (linked at the foundation), single family dwelling"
PRDK202500801,Deck/Sunroom,2025-04-16 00:00:00,Residential,Addition to existing building commercial & residential,6500,0,0,,"4652 FERNDALE CRESCENT, REGINA, SK *",Address,The Towns,Lucky Links Building Services Ltd. - Lucky Aluge,Contractor,"110-Single House, single detached home, bungalow, linked home (linked at the foundation), single family dwelling"
PRDK202500853,Deck/Sunroom,2025-04-16 00:00:00,Residential,Alteration and improvements,6537.9,0,0,,"3298 FAVEL DRIVE, REGINA, SK *",Address,The Towns,Prairie Beaver Construction LTD.,Contractor,"110-Single House, single detached home, bungalow, linked home (linked at the foundation), single family dwelling"
PRGA202500706,Garage/Carport,2025-04-16 00:00:00,Residential,Garage/Carport/Accessory Structure,30000,0,0,,"83 CAMERON CRESCENT, REGINA, SK S4S2X1",Address,Albert Park,,Property Owner,"110-Single House, single detached home, bungalow, linked home (linked at the foundation), single family dwelling"
PRRN202401954,Renovation/Alteration,2025-04-16 00:00:00,Commercial,Alteration and improvements,7000,0,0,,"2500 13TH AVENUE, REGINA, SK S4P0W2",Address,Old 33,DOUBLEKRUK HOLDINGS LTD.,Property Owner,"520-Office building; consultant’s office, doctor’s office, insurance company, bank, taxi stand, office/cafeteria, office/smoke shop"
PRRN202500742,Renovation/Alteration,2025-04-16 00:00:00,Commercial,Alteration,900000,0,0,,"2965 GORDON ROAD, REGINA, SK S4S6H7",Address,Albert Park,SBLP SOUTHLAND MALL INC.,Property Owner,"512-Retail complex; plaza, mall, shopping centre, store/office building"
PRRN202500768,Renovation/Alteration,2025-04-16 00:00:00,Institutional,Alteration and improvements,75000,0,0,,"3105 HILLSDALE STREET, REGINA, SK S4S7K8",Address,Hillsdale,RRR SAS FACILITIES INC,Property Owner,315-Apartment - Condominium
PRRN202500793,Renovation/Alteration,2025-04-16 00:00:00,Commercial,Alteration and improvements,105000,0,3,,"1545 NEVILLE DRIVE, Unit:113, REGINA, SK S4Z0A7",Address,Eastgate,GREEN LADDER BUILDING CORP.,Contractor,315-Apartment - Condominium
PRSS202500573,Secondary Suite,2025-04-16 00:00:00,Residential,Alteration,65500,1,0,,"2925 TROMBLEY STREET, REGINA, SK *",Address,The Towns,Dhami Construction Inc.,Contractor,"110-Single House, single detached home, bungalow, linked home (linked at the foundation), single family dwelling"
PRAD202500370,Addition,2025-04-17 00:00:00,Institutional,Addition to existing building commercial & residential,450000,0,2,,"2710 HELMSING STREET, REGINA, SK S4V0W9",Address,Wood Meadows,BOARD OF EDUCATION OF THE REGINA SCHOOL DIVISION NO. 4 OF SASKATCHEWAN,Property Owner,"620-Elementary school, kindergarten"
PRBS202500858,Basement Development,2025-04-17 00:00:00,Residential,Alteration and improvements,65000,0,0,,"4205 E GREEN ROSE CRESCENT, REGINA, SK S4V1M6",Address,The Greens on Gardiner,CREEK CONSTRUCTION,Contractor,"110-Single House, single detached home, bungalow, linked home (linked at the foundation), single family dwelling"
PRDE202500578,Demolition,2025-04-17 00:00:00,Residential,Demolition,1000,0,0,,"118 PLANT CRESCENT, REGINA, SK S4N5C3",Address,Glencairn Village,,Property Owner,"110-Single House, single detached home, bungalow, linked home (linked at the foundation), single family dwelling"
PRDK202500871,Deck/Sunroom,2025-04-17 00:00:00,Residential,Alteration and improvements,25000,0,0,,"2403 E STRATHMORE PLACE, REGINA, SK S4V0Z1",Address,University Park East,,Property Owner,"110-Single House, single detached home, bungalow, linked home (linked at the foundation), single family dwelling"
PRGA202402281,Garage/Carport,2025-04-17 00:00:00,Residential,Garage/Carport/Accessory Structure,2000,0,0,,"8616 THURSTON CRESCENT, REGINA, SK S4Y1A3",Address,Westhill Park,,Property Owner,"110-Single House, single detached home, bungalow, linked home (linked at the foundation), single family dwelling"
PRGA202500479,Garage/Carport,2025-04-17 00:00:00,Residential,Garage/Carport/Accessory Structure,45000,0,0,,"118 PLANT CRESCENT, REGINA, SK S4N5C3",Address,Glencairn Village,,Property Owner,"110-Single House, single detached home, bungalow, linked home (linked at the foundation), single family dwelling"
PRGA202500723,Garage/Carport,2025-04-17 00:00:00,Residential,Garage/Carport/Accessory Structure,25000,0,0,,"554 SCARTH STREET, REGINA, SK S4R2C8",Address,Highland Park,,Property Owner,"110-Single House, single detached home, bungalow, linked home (linked at the foundation), single family dwelling"
PRRN202500614,Renovation/Alteration,2025-04-17 00:00:00,Institutional,Alteration and improvements,257802,0,0,,"1440 14TH AVENUE, REGINA, SK S4P0W5",Address,Old 33,REGINA QU`APPELLE REGIONAL HEALTH REGION,Property Owner,"640-Hospital; general, military, specialized"
PRRN202500618,Renovation/Alteration,2025-04-17 00:00:00,Commercial,Alteration and improvements,230000,0,0,,"702 TORONTO STREET, REGINA, SK S4R8L1",Address,Industrial Park,BARAMY INVESTMENTS LTD.,Property Owner,"522-Office complex; office/store, office/apartment"
PRRN202500689,Renovation/Alteration,2025-04-17 00:00:00,Commercial,Alteration and improvements,1000000,0,3,,"1440 14TH AVENUE, REGINA, SK S4P0W5",Address,Old 33,PCL CONSTRUCTION RESOURCES INC. - Patrick Clinton,Contractor,"640-Hospital; general, military, specialized"
PRRN202500798,Renovation/Alteration,2025-04-17 00:00:00,Residential,Alteration and improvements,5000,0,0,,"223 N HODGINS CRESCENT, REGINA, SK S4X2T2",Address,Normanview W. Addn.,,Property Owner,"110-Single House, single detached home, bungalow, linked home (linked at the foundation), single family dwelling"
PRRN202500825,Renovation/Alteration,2025-04-17 00:00:00,Residential,Alteration and improvements,6000,0,0,,"7940 BARLEY CRESCENT, REGINA, SK S4Y0E6",Address,Westerra,,Property Owner,"110-Single House, single detached home, bungalow, linked home (linked at the foundation), single family dwelling"
PRSF202500495,Single/Semi-Detached Dwelling 1-2 units,2025-04-17 00:00:00,Residential,New construction,350600,1,2,,"5317 E NICHOLSON AVENUE, REGINA, SK *",Address,The Towns,DREAM TOWNS LANDS SOUTH (GP) INC.,Property Owner,"110-Single House, single detached home, bungalow, linked home (linked at the foundation), single family dwelling"
PRSF202500621,Single/Semi-Detached Dwelling 1-2 units,2025-04-17 00:00:00,Residential,New construction,346600,1,2,,3141 GREEN TURTLE ROAD,Address,The Towns,Homes by Dream,Contractor,"110-Single House, single detached home, bungalow, linked home (linked at the foundation), single family dwelling"
PRSF202500755,Single/Semi-Detached Dwelling 1-2 units,2025-04-17 00:00:00,Residential,New construction,750000,3,2,,"8612, 8614 WHEAT CRESCENT, REGINA, SK *",Address,Westerra,PACESETTER NEW HOMES LTD.,Contractor,"210-Semi-Detached or Double House, single attached home"
PRSF202500804,Single/Semi-Detached Dwelling 1-2 units,2025-04-17 00:00:00,Residential,New construction,357720,2,2,,"4776, 4780 FERNDALE CRESCENT, REGINA, SK S4V4A5",Address,The Towns,Rohit Communities Inc.,Contractor,"210-Semi-Detached or Double House, single attached home"
PRSS202500594,Secondary Suite,2025-04-17 00:00:00,Residential,Alteration and improvements,30000,1,0,,"5127 E KAUFMAN AVENUE, REGINA, SK S4V3W3",Address,The Towns,,Property Owner,"110-Single House, single detached home, bungalow, linked home (linked at the foundation), single family dwelling"
PRSS202500775,Secondary Suite,2025-04-17 00:00:00,Residential,Alteration and improvements,30000,1,0,,"5529 WATERER ROAD, REGINA, SK S4W0N2",Address,Harbour Landing,,Property Owner,"110-Single House, single detached home, bungalow, linked home (linked at the foundation), single family dwelling"
PRTN202500764,Tent / Temporary Structure,2025-04-17 00:00:00,Commercial,Other,3100,0,0,,"2770 E VICTORIA AVENUE, REGINA, SK S4N6M5",Address,Mayfair,VICTORIA ACRES DEVELOPMENT CORPORATION,Property Owner,Not Applicable
PRFR202500778,Foundation Repair,2025-04-19 00:00:00,Residential,Alteration and improvements,30000,0,0,,"27 LAUBACH AVENUE, REGINA, SK S4S6C3",Address,Parliament Place,BLACK PEARL CONSTRUCTION,Contractor,"110-Single House, single detached home, bungalow, linked home (linked at the foundation), single family dwelling"
PRSS202500739,Secondary Suite,2025-04-20 00:00:00,Residential,Alteration and improvements,50000,1,0,,"3260 VALLEY GREEN ROAD, REGINA, SK S4V3R1",Address,The Towns,Lucky Links Building Services Ltd. - Lucky Aluge,Contractor,"110-Single House, single detached home, bungalow, linked home (linked at the foundation), single family dwelling"
PRDE202500703,Demolition,2025-04-21 00:00:00,Residential,Demolition,3500,0,0,,"2341 REYNOLDS STREET, REGINA, SK S4N3N6",Address,Broders Annex,First Choice Excavation & Demolition,Contractor,"110-Single House, single detached home, bungalow, linked home (linked at the foundation), single family dwelling"
PRFR202500715,Foundation Repair,2025-04-21 00:00:00,Residential,Alteration and improvements,8000,0,0,,"6715 MAPLE RIDGE DRIVE, REGINA, SK S4X3Y8",Address,Maple Ridge,RSR Construction - Adrian Kasick,Contractor,"110-Single House, single detached home, bungalow, linked home (linked at the foundation), single family dwelling"
PRDE202500772,Demolition,2025-04-22 00:00:00,Residential,Demolition,0,0,0,1,"234 HANLEY CRESCENT, REGINA, SK S4R5B1",Address,Normanview,,Property Owner,"110-Single House, single detached home, bungalow, linked home (linked at the foundation), single family dwelling"
PRDE202500838,Demolition,2025-04-22 00:00:00,Residential,Demolition,1000,0,0,,"2072 MCARA STREET, REGINA, SK S4N2V6",Address,Broders Annex,,Property Owner,"110-Single House, single detached home, bungalow, linked home (linked at the foundation), single family dwelling"
PRDE202500881,Demolition,2025-04-22 00:00:00,Residential,Demolition,3607,0,0,,"1926 OTTAWA STREET, REGINA, SK S4P1P6",Address,Old 33,First Choice Excavation & Demolition,Contractor,"110-Single House, single detached home, bungalow, linked home (linked at the foundation), single family dwelling"
PRFR202500464,Foundation Repair,2025-04-22 00:00:00,Commercial,Alteration and improvements,4950,0,0,,"235 MCINTYRE STREET, REGINA, SK S4R2L7",Address,Highland Park,JS GROUP OF COMPANIES,Contractor,"310-Apartment, apartment building, duplex, triplex, quadruple"
PRFR202500854,Foundation Repair,2025-04-22 00:00:00,Residential,Alteration and improvements,4000,0,0,,"8 THATCHER ROAD, REGINA, SK S4S6E9",Address,Albert Park,COLOSSAL FOUNDATION REPAIR INC.,Contractor,"110-Single House, single detached home, bungalow, linked home (linked at the foundation), single family dwelling"
PRFR202500874,Foundation Repair,2025-04-22 00:00:00,Residential,Alteration and improvements,60000,0,0,,"272 N QUEBEC STREET, REGINA, SK S4R2S4",Address,North Annex,John Wilkie - RamJack Saskatchewan,Contractor,"110-Single House, single detached home, bungalow, linked home (linked at the foundation), single family dwelling"
PRRN202500026,Renovation/Alteration,2025-04-22 00:00:00,Residential,Alteration and improvements,25000,0,0,,"300 BROADWAY AVENUE, REGINA, SK S4N1B5",Address,Assiniboia  Place,,Property Owner,"110-Single House, single detached home, bungalow, linked home (linked at the foundation), single family dwelling"
PRRN202500754,Renovation/Alteration,2025-04-22 00:00:00,Commercial,Alteration and improvements,300000,0,1,,"1700 PARK STREET, REGINA, SK S4N6B2",Address,Tuxedo Park,MDL REAL ESTATE INCOME FUND GP  INC.,Property Owner,"460-Storage building; warehouse (for storage purposes only), industrial mall, grain elevator, locker rental, silo, quonset, refrigerated storage terminal"
PRRN202500817,Renovation/Alteration,2025-04-22 00:00:00,Residential,Alteration and improvements,15000,0,0,,"99 COLDWELL ROAD, REGINA, SK S4R4K4",Address,Regent Park,Prairie Sun Solar,Contractor,"110-Single House, single detached home, bungalow, linked home (linked at the foundation), single family dwelling"
PRSS202500750,Secondary Suite,2025-04-22 00:00:00,Residential,Alteration and improvements,45000,1,0,,"5333 E GREEN BROOKS WAY, REGINA, SK S4V3M4",Address,The Greens on Gardiner,GREEN STONE RENOVATIONS LTD,Contractor,"110-Single House, single detached home, bungalow, linked home (linked at the foundation), single family dwelling"
PRBS202500821,Basement Development,2025-04-23 00:00:00,Residential,Alteration and improvements,46000,0,0,,"2670 MCDONALD STREET, REGINA, SK S4N2Z8",Address,Assiniboia  Place,,Property Owner,"110-Single House, single detached home, bungalow, linked home (linked at the foundation), single family dwelling"
PRBS202500883,Basement Development,2025-04-23 00:00:00,Residential,Alteration and improvements,25000,0,0,,"3692 GEE CRESCENT, REGINA, SK S4V3P1",Address,The Greens on Gardiner,,Property Owner,"110-Single House, single detached home, bungalow, linked home (linked at the foundation), single family dwelling"
PRBS202500898,Basement Development,2025-04-23 00:00:00,Residential,Alteration and improvements,8000,0,0,,"176 POPLAR BLUFF CRESCENT, REGINA, SK S4Y0B4",Address,Fairways West,,Property Owner,"110-Single House, single detached home, bungalow, linked home (linked at the foundation), single family dwelling"
PRFR202500638,Foundation Repair,2025-04-23 00:00:00,Residential,Alteration and improvements,17500,0,0,,"2177 BORDEN STREET, REGINA, SK S4N2K9",Address,Broders Annex,Akta Foundation Repair,Contractor,"110-Single House, single detached home, bungalow, linked home (linked at the foundation), single family dwelling"
PRFR202500713,Foundation Repair,2025-04-23 00:00:00,Residential,Alteration and improvements,10000,0,0,,"3010 WHITMORE AVENUE, REGINA, SK S4S1B8",Address,Lakeview Centre,Akta Foundation Repair,Contractor,"110-Single House, single detached home, bungalow, linked home (linked at the foundation), single family dwelling"
PRFR202500816,Foundation Repair,2025-04-23 00:00:00,Residential,Alteration and improvements,20000,0,0,,"98 FINES DRIVE, REGINA, SK S4N5K5",Address,Glencairn Village,,Contractor,"110-Single House, single detached home, bungalow, linked home (linked at the foundation), single family dwelling"
PRFR202500905,Foundation Repair,2025-04-23 00:00:00,Residential,Alteration and improvements,1715,0,0,,"4124 PRINCESS STREET, REGINA, SK S4S3N3",Address,Parliament Place,AAA Solid Foundation,Contractor,"110-Single House, single detached home, bungalow, linked home (linked at the foundation), single family dwelling"
PRGA202500712,Garage/Carport,2025-04-23 00:00:00,Residential,Garage/Carport/Accessory Structure,38000,0,0,,"1259 QUEEN STREET, REGINA, SK S4T4B5",Address,Old 33,McConnell and Sons Interiors - Brian McConnell,Contractor,"110-Single House, single detached home, bungalow, linked home (linked at the foundation), single family dwelling"
PRRN202500398,Renovation/Alteration,2025-04-23 00:00:00,Commercial,Alteration and improvements,80000,0,0,,"2102 11TH AVENUE, REGINA, SK S4P0J5",Address,Old 33,CORNWALL CENTRE INC.,Property Owner,"512-Retail complex; plaza, mall, shopping centre, store/office building"
PRRN202500494,Renovation/Alteration,2025-04-23 00:00:00,Residential,Alteration and improvements,7000,0,0,,"1436 COLLEGE AVENUE, REGINA, SK S4P1B3",Address,Old 33,,Property Owner,"110-Single House, single detached home, bungalow, linked home (linked at the foundation), single family dwelling"
PRRN202500624,Renovation/Alteration,2025-04-23 00:00:00,Residential,Alteration and improvements,420000,0,0,,"43 SOMERVILLE ROAD, REGINA, SK S4S2Y5",Address,Albert Park,AUTHENTIC DEVELOPMENTS,Contractor,"110-Single House, single detached home, bungalow, linked home (linked at the foundation), single family dwelling"
PRSS202500704,Secondary Suite,2025-04-23 00:00:00,Residential,Alteration and improvements,45000,1,0,,"5561 NORSEMAN CRESCENT, REGINA, SK S4W0J8",Address,Harbour Landing,GREEN STONE RENOVATIONS LTD,Contractor,"110-Single House, single detached home, bungalow, linked home (linked at the foundation), single family dwelling"
PRTN202500466,Tent / Temporary Structure,2025-04-23 00:00:00,Institutional,Other,0,0,0,,"2404 ELPHINSTONE STREET, REGINA, SK S4T7S7",Address,Old 33,CITY OF REGINA,Property Owner,Not Applicable
PRTN202500485,Tent / Temporary Structure,2025-04-23 00:00:00,Commercial,Other,0,0,0,,"2900 13TH AVENUE, REGINA, SK S4T1N7",Address,Old 33,CITY OF REGINA,Property Owner,Not Applicable
PRTN202500502,Tent / Temporary Structure,2025-04-23 00:00:00,Institutional,Other,0,0,0,,"3118 14TH AVENUE, REGINA, SK S4T1R9",Address,Old 33,CITY OF REGINA,Property Owner,Not Applicable
PRBS202500799,Basement Development,2025-04-24 00:00:00,Residential,Alteration and improvements,40000,0,0,,"5201 E ARENS ROAD, Unit:16, REGINA, SK S4V4A8",Address,The Towns,,Contractor,335-Row House - Condominium
PRBS202500846,Basement Development,2025-04-24 00:00:00,Residential,Alteration and improvements,25000,0,0,,"3134 GREEN BANK ROAD, REGINA, SK S4V3P8",Address,The Towns,,Property Owner,"110-Single House, single detached home, bungalow, linked home (linked at the foundation), single family dwelling"
PRBS202500852,Basement Development,2025-04-24 00:00:00,Residential,Alteration and improvements,22840,0,0,,"1759 YORK STREET, REGINA, SK S4T4R1",Address,Cpr Annex,,Property Owner,"110-Single House, single detached home, bungalow, linked home (linked at the foundation), single family dwelling"
PRBS202500937,Basement Development,2025-04-24 00:00:00,Residential,Alteration and improvements,54000,0,0,,3601 GREEN MARSH CRESCENT,Address,The Greens on Gardiner,MONTEREY DEVELOPMENTS LTD.,Property Owner,215-Semi-Detached or Double House - Condominium
PRDK202500901,Deck/Sunroom,2025-04-24 00:00:00,Residential,Alteration and improvements,5000,0,0,,"4028 DELHAYE WAY, REGINA, SK S4W0N3",Address,Harbour Landing,Kailey Landscaping INC.,Contractor,"110-Single House, single detached home, bungalow, linked home (linked at the foundation), single family dwelling"
PRFR202500906,Foundation Repair,2025-04-24 00:00:00,Residential,Alteration and improvements,5235,0,0,,"60 EDEN AVENUE, REGINA, SK S4R5T2",Address,Normanview,AAA Solid Foundation,Contractor,"110-Single House, single detached home, bungalow, linked home (linked at the foundation), single family dwelling"
PRMH202500960,Plumbing,2025-04-24 00:00:00,Residential,Mechanical,4500,0,0,,"3058 LACON STREET, REGINA, SK S4N2A8",Address,Douglas Place,,Property Owner,"110-Single House, single detached home, bungalow, linked home (linked at the foundation), single family dwelling"
PRMH202500964,Plumbing,2025-04-24 00:00:00,Residential,Mechanical,8000,0,0,,"5404 E NICHOLSON AVENUE, REGINA, SK *",Address,The Towns,,Property Owner,"110-Single House, single detached home, bungalow, linked home (linked at the foundation), single family dwelling"
PRRN202403063,Renovation/Alteration,2025-04-24 00:00:00,Residential,Alteration and improvements,3500,0,0,,"83 ROTHWELL CRESCENT, REGINA, SK S4N1R5",Address,Rothwell Place,,Property Owner,"110-Single House, single detached home, bungalow, linked home (linked at the foundation), single family dwelling"
PRRN202500544,Renovation/Alteration,2025-04-24 00:00:00,Commercial,Alteration and improvements,200000,0,1,,"2055 PRINCE OF WALES DRIVE, REGINA, SK S4V3A3",Address,Eastgate,LOBLAW PROPERTIES WEST INC.,Property Owner,"512-Retail complex; plaza, mall, shopping centre, store/office building"
PRRN202500840,Renovation/Alteration,2025-04-24 00:00:00,Commercial,Alteration and improvements,2317797.83,0,0,,"2102 11TH AVENUE, REGINA, SK S4P0J5",Address,Old 33,CORNWALL CENTRE INC.,Property Owner,"512-Retail complex; plaza, mall, shopping centre, store/office building"
PRSF202500623,Single/Semi-Detached Dwelling 1-2 units,2025-04-24 00:00:00,Residential,New construction,250000,1,2,,"8710 WHEAT CRESCENT, REGINA, SK *",Address,Westerra,Westerra Development Corp.,Property Owner,"110-Single House, single detached home, bungalow, linked home (linked at the foundation), single family dwelling"
PRSF202500705,Single/Semi-Detached Dwelling 1-2 units,2025-04-24 00:00:00,Residential,New construction,319110,2,2,,"4752, 4756 FERNDALE CRESCENT, REGINA, SK S4V4A5",Address,The Towns,CITY OF REGINA,Property Owner,"210-Semi-Detached or Double House, single attached home"
PRDE202500219,Demolition,2025-04-25 00:00:00,Residential,Demolition,0,0,1.5,1,"1722 MCINTOSH STREET, REGINA, SK S4T5C5",Address,Cpr Annex,,Contractor,"110-Single House, single detached home, bungalow, linked home (linked at the foundation), single family dwelling"
PRFR202500837,Foundation Repair,2025-04-25 00:00:00,Residential,Alteration and improvements,20500,0,0,,"1818 E 7TH AVENUE, REGINA, SK S4N4H2",Address,Glencairn,Regina House Leveling - Travis Zerie,Contractor,"110-Single House, single detached home, bungalow, linked home (linked at the foundation), single family dwelling"
PRFR202500848,Foundation Repair,2025-04-25 00:00:00,Residential,Alteration and improvements,10000,0,0,,"2812 MCCALLUM AVENUE, REGINA, SK S4S0P9",Address,Lakeview,Regina House Leveling - Travis Zerie,Contractor,"110-Single House, single detached home, bungalow, linked home (linked at the foundation), single family dwelling"
PRFR202500849,Foundation Repair,2025-04-25 00:00:00,Residential,Alteration and improvements,17000,0,0,,"2149 ELPHINSTONE STREET, REGINA, SK S4T3N7",Address,Old 33,Regina House Leveling - Travis Zerie,Contractor,"110-Single House, single detached home, bungalow, linked home (linked at the foundation), single family dwelling"
PRGA202500746,Garage/Carport,2025-04-25 00:00:00,Residential,Garage/Carport/Accessory Structure,16800,0,0,,"1848 WALLACE STREET, REGINA, SK S4N3Z9",Address,Arcola Sub,BRODNER CONSTRUCTION - Russ Brodner,Contractor,"110-Single House, single detached home, bungalow, linked home (linked at the foundation), single family dwelling"
PRGA202500834,Garage/Carport,2025-04-25 00:00:00,Residential,Garage/Carport/Accessory Structure,17000,0,0,,"5601 BEACON DRIVE, REGINA, SK *",Address,Harbour Landing,POTZY CONSTRUCTION,Contractor,"330-Row House, garden home, town house, carriage home, quadrex"
PRNR202500516,New Commercial,2025-04-25 00:00:00,Institutional,New construction,2936524.36,0,1,,"1920 E VICTORIA AVENUE, REGINA, SK S4N7K3",Address,Glen Elm Park,Ledcor Construction Limited - Mark Behrns,Contractor,"650-Day care, nursing home, rest home, home for the blind, charitable home, detoxification center"
PRRN202500626,Renovation/Alteration,2025-04-25 00:00:00,Commercial,Alteration and improvements,160000,0,0,,"1801 HAMILTON STREET, REGINA, SK S4P4B4",Address,Old 33,,Contractor,"520-Office building; consultant’s office, doctor’s office, insurance company, bank, taxi stand, office/cafeteria, office/smoke shop"
PRSF202500698,Single/Semi-Detached Dwelling 1-2 units,2025-04-25 00:00:00,Residential,New construction,420000,2,1,,"2165 MCDONALD STREET, REGINA, SK S4N2Y6",Address,Broders Annex,,Property Owner,"110-Single House, single detached home, bungalow, linked home (linked at the foundation), single family dwelling"
PRSF202500771,Single/Semi-Detached Dwelling 1-2 units,2025-04-25 00:00:00,Residential,New construction,357720,2,2,,"4736, 4740 FERNDALE CRESCENT, REGINA, SK S4V4A5",Address,The Towns,Rohit Communities Inc.,Contractor,"210-Semi-Detached or Double House, single attached home"
PRFR202500936,Foundation Repair,2025-04-26 00:00:00,Residential,Alteration and improvements,5185,0,0,,"100 CONNAUGHT CRESCENT, REGINA, SK S4T6M9",Address,Crescents,AAA Solid Foundation,Contractor,"110-Single House, single detached home, bungalow, linked home (linked at the foundation), single family dwelling"
PRFR202500954,Foundation Repair,2025-04-26 00:00:00,Residential,Alteration and improvements,1325,0,0,,"55 STEWART AVENUE, REGINA, SK S4R4M5",Address,Regent Park,AAA Solid Foundation,Contractor,"110-Single House, single detached home, bungalow, linked home (linked at the foundation), single family dwelling"
PRGA202500711,Garage/Carport,2025-04-26 00:00:00,Residential,Garage/Carport/Accessory Structure,20000,0,0,,"6 HUGHES STREET, REGINA, SK S4X1G9",Address,Normanview W. Addn.,,Property Owner,"110-Single House, single detached home, bungalow, linked home (linked at the foundation), single family dwelling"
PRRN202500458,Renovation/Alteration,2025-04-26 00:00:00,Residential,Alteration and improvements,10000,0,0,,"29 DUNNING CRESCENT, REGINA, SK S4S3V9",Address,Hillsdale,,Property Owner,"110-Single House, single detached home, bungalow, linked home (linked at the foundation), single family dwelling"
PRBS202500993,Basement Development,2025-04-28 00:00:00,Residential,Alteration and improvements,35000,0,0,,"2610 EDGAR STREET, REGINA, SK S4N3L7",Address,Assiniboia  Place,,Property Owner,"110-Single House, single detached home, bungalow, linked home (linked at the foundation), single family dwelling"
PRDK202500052,Deck/Sunroom,2025-04-28 00:00:00,Residential,Alteration and improvements,6000,0,0,,"2154 KING STREET, REGINA, SK S4T4G8",Address,Old 33,,Property Owner,"110-Single House, single detached home, bungalow, linked home (linked at the foundation), single family dwelling"
PRDK202500839,Deck/Sunroom,2025-04-28 00:00:00,Residential,Alteration and improvements,5642,0,0,,"211 DOUGLAS CRESCENT, REGINA, SK S4N1J3",Address,Arnhem Place,,Contractor,"110-Single House, single detached home, bungalow, linked home (linked at the foundation), single family dwelling"
PRDK202500888,Deck/Sunroom,2025-04-28 00:00:00,Residential,Alteration and improvements,1720,0,0,,"5849 MCKINLEY AVENUE, REGINA, SK S4T6P4",Address,Mount Royal,,Property Owner,"110-Single House, single detached home, bungalow, linked home (linked at the foundation), single family dwelling"
PRDK202500903,Deck/Sunroom,2025-04-28 00:00:00,Residential,Alteration and improvements,2477,0,0,,"22 GREENBRIER PLACE, REGINA, SK S4S7E8",Address,Albert Park,,Property Owner,115-Single House - Condominium
PRFR202500943,Foundation Repair,2025-04-28 00:00:00,Residential,Alteration and improvements,8800,0,0,,"7343 5TH AVENUE, REGINA, SK S4T0N2",Address,Dieppe Place,JS GROUP OF COMPANIES,Contractor,"110-Single House, single detached home, bungalow, linked home (linked at the foundation), single family dwelling"
PRFR202500967,Foundation Repair,2025-04-28 00:00:00,Residential,Alteration and improvements,5000,0,0,,"2302 GOLDMAN CRESCENT, REGINA, SK S4V1E4",Address,Gardiner Park,Triple R Concrete Cutting,Contractor,"110-Single House, single detached home, bungalow, linked home (linked at the foundation), single family dwelling"
PRMU202500178,Multi-Unit Dwelling 3+ Units,2025-04-28 00:00:00,Commercial,New construction,3200000,18,2,,"1512, 1516, 1520 VICTORIA AVENUE, REGINA, SK S4P0P5",Address,Old 33,102194725 SASKATCHEWAN LTD.,Property Owner,"310-Apartment, apartment building, duplex, triplex, quadruple"
PRRN202500118,Renovation/Alteration,2025-04-28 00:00:00,Residential,Alteration and improvements,50000,0,0,,"2501 WINDSOR PARK ROAD, Unit:109, REGINA, SK S4V1P3",Address,Windsor Park,,Property Owner,335-Row House - Condominium
PRRN202500456,Renovation/Alteration,2025-04-28 00:00:00,Commercial,Alteration and improvements,400000,0,2,,"3769 WASCANA PARKWAY, REGINA, SK S4S0A2",Address,Hillsdale,THE UNIVERSITY OF REGINA,Property Owner,"540-Restaurant, bar, tavern, night club, diner, donut shop"
PRSF202500781,Single/Semi-Detached Dwelling 1-2 units,2025-04-28 00:00:00,Residential,New construction,250000,2,2,,"4306 E KINLOCH BAY, REGINA, SK *",Address,The Towns,CRAWFORD HOMES (1991) LTD.,Contractor,"110-Single House, single detached home, bungalow, linked home (linked at the foundation), single family dwelling"
PRDE202500935,Demolition,2025-04-29 00:00:00,Residential,Demolition,250,0,0,,"1735 QUEBEC STREET, REGINA, SK S4P1J4",Address,Old 33,,Property Owner,"110-Single House, single detached home, bungalow, linked home (linked at the foundation), single family dwelling"
PRDK202500870,Deck/Sunroom,2025-04-29 00:00:00,Residential,Alteration and improvements,5000,0,0,,"139 N QUEBEC STREET, REGINA, SK S4R2S2",Address,North Annex,102177636 SASKATCHEWAN LTD.,Property Owner,"110-Single House, single detached home, bungalow, linked home (linked at the foundation), single family dwelling"
PRFR202500569,Foundation Repair,2025-04-29 00:00:00,Residential,Alteration and improvements,7351,0,0,,"666 FORGET STREET, REGINA, SK S4T4X2",Address,Transcona,Regina Basement Bracing - Cole Crowley,Contractor,"110-Single House, single detached home, bungalow, linked home (linked at the foundation), single family dwelling"
PRFR202500576,Foundation Repair,2025-04-29 00:00:00,Residential,Alteration and improvements,5000,0,0,,"2106 MCDONALD STREET, REGINA, SK S4N2Y7",Address,Broders Annex,RSR Construction - Adrian Kasick,Contractor,"110-Single House, single detached home, bungalow, linked home (linked at the foundation), single family dwelling"
PRFR202500927,Foundation Repair,2025-04-29 00:00:00,Residential,Alteration and improvements,69000,0,0,,"91 KNOWLES CRESCENT, REGINA, SK S4S4P3",Address,Hillsdale,,Property Owner,"110-Single House, single detached home, bungalow, linked home (linked at the foundation), single family dwelling"
PRFR202500928,Foundation Repair,2025-04-29 00:00:00,Residential,Alteration and improvements,100000,0,0,,"2735 KLIMAN CRESCENT, REGINA, SK S4V0M1",Address,Gardiner Park,RSR Construction - Adrian Kasick,Contractor,"110-Single House, single detached home, bungalow, linked home (linked at the foundation), single family dwelling"
PRGA202500878,Garage/Carport,2025-04-29 00:00:00,Residential,Garage/Carport/Accessory Structure,21000,0,0,,"5624 GILBERT CRESCENT, REGINA, SK S4W0J4",Address,Harbour Landing,,Property Owner,"110-Single House, single detached home, bungalow, linked home (linked at the foundation), single family dwelling"
PRMU202500268,Multi-Unit Dwelling 3+ Units,2025-04-29 00:00:00,Residential,Superstructure or part of new building,2083150,12,3,,1621 WEST MARKET STREET,Address,Westerra,KDR-CH PROPERTIES REGINA LTD.,Property Owner,"310-Apartment, apartment building, duplex, triplex, quadruple"
PRRN202500438,Renovation/Alteration,2025-04-29 00:00:00,Institutional,Alteration and improvements,1650000,0,1,,"190 N BROAD STREET, REGINA, SK S4R2X4",Address,Cityview,PROPERTY DEVELOPMENTS LTD.,Property Owner,"650-Day care, nursing home, rest home, home for the blind, charitable home, detoxification center"
PRSF202500902,Single/Semi-Detached Dwelling 1-2 units,2025-04-29 00:00:00,Residential,New construction,400000,1,2,,3118 BOWEN STREET,Address,The Towns,PACESETTER NEW HOMES LTD.,Contractor,"110-Single House, single detached home, bungalow, linked home (linked at the foundation), single family dwelling"
PRSS202500729,Secondary Suite,2025-04-29 00:00:00,Residential,Alteration and improvements,45000,1,0,,"4422 E BUCKINGHAM DRIVE, REGINA, SK *",Address,The Towns,GREEN STONE RENOVATIONS LTD,Contractor,"330-Row House, garden home, town house, carriage home, quadrex"
PRSS202500802,Secondary Suite,2025-04-29 00:00:00,Residential,Alteration and improvements,60580,1,0,,"4004 WATERER STREET, REGINA, SK S4W0N3",Address,Harbour Landing,Dhami Construction Inc.,Contractor,"110-Single House, single detached home, bungalow, linked home (linked at the foundation), single family dwelling"
PRSS202500872,Secondary Suite,2025-04-29 00:00:00,Residential,Alteration and improvements,19000,1,0,,"8618 WHEAT CRESCENT, REGINA, SK *",Address,Westerra,PACESETTER HOMES REGINA,Contractor,"210-Semi-Detached or Double House, single attached home"
PRDE202500981,Demolition,2025-04-30 00:00:00,Residential,Demolition,5800,0,0,,"902 N BROAD STREET, REGINA, SK S4R5Z1",Address,Uplands,DAVIES EXCAVATING LTD,Contractor,"110-Single House, single detached home, bungalow, linked home (linked at the foundation), single family dwelling"
PRDK202500968,Deck/Sunroom,2025-04-30 00:00:00,Residential,Alteration and improvements,7000,0,0,,"4740 E BUCKINGHAM DRIVE, REGINA, SK *",Address,The Towns,,Property Owner,"110-Single House, single detached home, bungalow, linked home (linked at the foundation), single family dwelling"
PRFR202500830,Foundation Repair,2025-04-30 00:00:00,Residential,Alteration and improvements,3000,0,0,,"2223 ARGYLE STREET, REGINA, SK S4T3T2",Address,Old 33,AAA Solid Foundation,Contractor,"110-Single House, single detached home, bungalow, linked home (linked at the foundation), single family dwelling"
PRFR202500938,Foundation Repair,2025-04-30 00:00:00,Residential,Alteration and improvements,9100,0,0,,"33 SCOTT STREET, REGINA, SK S4S4A1",Address,Hillsdale,HUSSAIN FOUNDATION REPAIR LIMITED,Contractor,"110-Single House, single detached home, bungalow, linked home (linked at the foundation), single family dwelling"
PRFR202501007,Foundation Repair,2025-04-30 00:00:00,Residential,Alteration and improvements,40000,0,0,,"4446 CASTLE ROAD, REGINA, SK S4S4W3",Address,Whitmore Park,GCA CONSTRUCTION,Contractor,"110-Single House, single detached home, bungalow, linked home (linked at the foundation), single family dwelling"
PRRN202401418,Renovation/Alteration,2025-04-30 00:00:00,Commercial,Alteration and improvements,8250,0,0,,"2204 MCINTYRE STREET, REGINA, SK S4P2R9",Address,Old 33,PATRICK OTTE & ASSOCIATE,Contractor,"510-Retail and wholesale outlets; retail outlet, department store, photographic studio, rental service, beauty salon, hairdressing salon, lumber yard, dry cleaner, laundromat"
PRRN202500517,Renovation/Alteration,2025-04-30 00:00:00,Commercial,Alteration and improvements,300000,0,0,,"3015 E QUANCE STREET, REGINA, SK S4V3B7",Address,Mayfair,C&S BUILDERS LTD - Karson Smith,Contractor,"512-Retail complex; plaza, mall, shopping centre, store/office building"
PRRN202500792,Renovation/Alteration,2025-04-30 00:00:00,Commercial,Alteration and improvements,130000,0,0,,"1626 HALIFAX STREET, REGINA, SK S4P1S8",Address,Old 33,L.K. AUTO COLLISION LTD.,Property Owner,"572-Service station, repair garage and specialty shop; gasoline station, service station/car wash, muffler show, transmission shop, service station/garage"
PRSF202500644,Single/Semi-Detached Dwelling 1-2 units,2025-04-30 00:00:00,Residential,New construction,615200,1,2,,3181 FAVEL DRIVE,Address,The Towns,Homes by Dream,Contractor,"110-Single House, single detached home, bungalow, linked home (linked at the foundation), single family dwelling"
PRSS202500836,Secondary Suite,2025-04-30 00:00:00,Residential,Alteration and improvements,45000,1,0,,"3221 VALLEY GREEN ROAD, REGINA, SK S4V3R2",Address,The Towns,AFE Ventures Corporation,Contractor,"110-Single House, single detached home, bungalow, linked home (linked at the foundation), single family dwelling"
PRTN202500812,Tent / Temporary Structure,2025-04-30 00:00:00,Commercial,Other,20000,0,0,,"1700 ELPHINSTONE STREET, REGINA, SK S4P2Z6",Address,Old 33,CITY OF REGINA,Property Owner,Not Applicable
PRDE202500783,Demolition,2025-05-01 00:00:00,Residential,Demolition,0,0,0,1,"1867 WALLACE STREET, REGINA, SK S4N3Z8",Address,Arcola Sub,102175609 SASKATCHEWAN INC.,Property Owner,"110-Single House, single detached home, bungalow, linked home (linked at the foundation), single family dwelling"
PRDK202500850,Deck/Sunroom,2025-05-01 00:00:00,Residential,Alteration and improvements,6500,0,0,,"3333 FAVEL DRIVE, REGINA, SK *",Address,The Towns,Lucky Links Building Services Ltd. - Lucky Aluge,Contractor,"110-Single House, single detached home, bungalow, linked home (linked at the foundation), single family dwelling"
PRFR202501050,Foundation Repair,2025-05-01 00:00:00,Residential,Alteration and improvements,16000,0,0,,"242 HANSEN DRIVE, REGINA, SK S4X2Y6",Address,Normanview W. Addn.,JS GROUP OF COMPANIES,Contractor,"110-Single House, single detached home, bungalow, linked home (linked at the foundation), single family dwelling"
PRNR202500388,New Commercial,2025-05-01 00:00:00,Commercial,Superstructure or part of new building,9500000,0,1,,2000 ANAQUOD ROAD,Address,East Victoria Lands,QUOREX CONSTRUCTION,Contractor,"510-Retail and wholesale outlets; retail outlet, department store, photographic studio, rental service, beauty salon, hairdressing salon, lumber yard, dry cleaner, laundromat"
PRRN202500686,Renovation/Alteration,2025-05-01 00:00:00,Commercial,Alteration and improvements,75000,0,14,,"2476 VICTORIA AVENUE, REGINA, SK S4N6M5",Address,Old 33,CITY OF REGINA,Property Owner,"520-Office building; consultant’s office, doctor’s office, insurance company, bank, taxi stand, office/cafeteria, office/smoke shop"
PRDK202501008,Deck/Sunroom,2025-05-02 00:00:00,Residential,Alteration and improvements,5800,0,0,,"3312 FAVEL DRIVE, REGINA, SK *",Address,The Towns,,Property Owner,"110-Single House, single detached home, bungalow, linked home (linked at the foundation), single family dwelling"
PRFR202500925,Foundation Repair,2025-05-02 00:00:00,Residential,Alteration and improvements,5000,0,0,,"2207 E ELDERKIN DRIVE, REGINA, SK S4V0L8",Address,Gardiner Park,5 Star Projects Inc.,Contractor,"110-Single House, single detached home, bungalow, linked home (linked at the foundation), single family dwelling"
PRFR202501029,Foundation Repair,2025-05-02 00:00:00,Residential,Alteration and improvements,5320,0,0,,"1210 GRAHAM ROAD, REGINA, SK S4N6A2",Address,Glencairn Village,,Contractor,"110-Single House, single detached home, bungalow, linked home (linked at the foundation), single family dwelling"
PRRN202500567,Renovation/Alteration,2025-05-02 00:00:00,Commercial,Alteration and improvements,450000,0,1,,"2333 E VICTORIA AVENUE, REGINA, SK S4N1K5",Address,Glen Elm Park,PINNACLE DEVELOPMENTS INC.,Property Owner,"540-Restaurant, bar, tavern, night club, diner, donut shop"
PRRN202500675,Renovation/Alteration,2025-05-02 00:00:00,Institutional,Alteration and improvements,535300,0,0,,"400 FINES DRIVE, REGINA, SK S4N5L9",Address,Glencairn Village,BOARD OF EDUCATION OF THE REGINA SCHOOL DIVISION NO. 4 OF SASKATCHEWAN,Property Owner,"622-Secondary school, high school, junior high school"
PRRN202500876,Renovation/Alteration,2025-05-02 00:00:00,Residential,Alteration and improvements,20000,0,0,,"50 POWELL PLACE, REGINA, SK S4S6R9",Address,Albert Park,,Property Owner,"110-Single House, single detached home, bungalow, linked home (linked at the foundation), single family dwelling"
PRSF202500826,Single/Semi-Detached Dwelling 1-2 units,2025-05-02 00:00:00,Residential,New construction,250000,1,2,,"4302 E KINLOCH BAY, REGINA, SK *",Address,The Towns,CRAWFORD HOMES (1991) LTD.,Contractor,"110-Single House, single detached home, bungalow, linked home (linked at the foundation), single family dwelling"
PRSF202500877,Single/Semi-Detached Dwelling 1-2 units,2025-05-02 00:00:00,Residential,New construction,250000,1,2,,"6861 MAPLE VISTA DRIVE, REGINA, SK S4X0J7",Address,Maple Ridge,MUNRO HOMES LTD.,Contractor,"110-Single House, single detached home, bungalow, linked home (linked at the foundation), single family dwelling"
PRDK202500982,Deck/Sunroom,2025-05-03 00:00:00,Residential,Alteration and improvements,40000,0,0,,"5201 E ARENS ROAD, Unit:16, REGINA, SK S4V4A8",Address,The Towns,,Contractor,335-Row House - Condominium
PRDK202500766,Deck/Sunroom,2025-05-05 00:00:00,Residential,Alteration and improvements,12237.75,0,0,,"98 HAMMOND ROAD, REGINA, SK S4R3C6",Address,Coronation Park N.,DK Prime Construction - kyle@dkprime.ca,Contractor,"110-Single House, single detached home, bungalow, linked home (linked at the foundation), single family dwelling"
PRDK202500952,Deck/Sunroom,2025-05-05 00:00:00,Residential,Alteration and improvements,13000,0,0,,"127 FORSYTH CRESCENT, REGINA, SK S4R5L8",Address,Normanview,HRC Construction Ltd. - Cal Rose,Contractor,"110-Single House, single detached home, bungalow, linked home (linked at the foundation), single family dwelling"
PRFR202500845,Foundation Repair,2025-05-05 00:00:00,Residential,Alteration and improvements,13000,0,0,,"23 PENSE BAY, REGINA, SK S4R8A5",Address,Walsh Acres,GCA CONSTRUCTION,Contractor,"110-Single House, single detached home, bungalow, linked home (linked at the foundation), single family dwelling"
PRFR202501030,Foundation Repair,2025-05-05 00:00:00,Residential,Alteration and improvements,7165,0,0,,"64 INGERSOLL CRESCENT, REGINA, SK S4T5Z3",Address,Coventry Place,AAA Solid Foundation,Contractor,"110-Single House, single detached home, bungalow, linked home (linked at the foundation), single family dwelling"
PRGA202500999,Garage/Carport,2025-05-05 00:00:00,Residential,Garage/Carport/Accessory Structure,20000,0,0,,"15 NELLES STREET, REGINA, SK S4X1M3",Address,Sherwood Estates,VALLEYSIDE CONSTRUCTION,Contractor,"110-Single House, single detached home, bungalow, linked home (linked at the foundation), single family dwelling"
PRMU202401447,Multi-Unit Dwelling 3+ Units,2025-05-05 00:00:00,Residential,New construction,350000,4,2,,"2042 MCARA STREET, REGINA, SK S4N2V6",Address,Broders Annex,,Contractor,"330-Row House, garden home, town house, carriage home, quadrex"
PRRN202500859,Renovation/Alteration,2025-05-05 00:00:00,Residential,Alteration and improvements,85000,0,0,,"1618 E LEE PLACE, REGINA, SK S4V0S7",Address,Gardiner Park,Technique Construction Inc. - Kevin Wassill,Contractor,"110-Single House, single detached home, bungalow, linked home (linked at the foundation), single family dwelling"
PRSF202500892,Single/Semi-Detached Dwelling 1-2 units,2025-05-05 00:00:00,Residential,New construction,250000,1,2,,"3171 GREEN STONE ROAD, REGINA, SK *",Address,The Towns,Crawford Homes (eBuild),Contractor,"110-Single House, single detached home, bungalow, linked home (linked at the foundation), single family dwelling"
PRSF202500985,Single/Semi-Detached Dwelling 1-2 units,2025-05-05 00:00:00,Residential,New construction,182710,1,2,,3052 DUMONT WAY,Address,The Towns,Rohit Communities Inc.,Contractor,"110-Single House, single detached home, bungalow, linked home (linked at the foundation), single family dwelling"
PRSF202500987,Single/Semi-Detached Dwelling 1-2 units,2025-05-05 00:00:00,Residential,New construction,182710,1,2,,3036 DUMONT WAY,Address,The Towns,Rohit Communities Inc.,Contractor,"110-Single House, single detached home, bungalow, linked home (linked at the foundation), single family dwelling"
PRSS202500761,Secondary Suite,2025-05-05 00:00:00,Residential,Alteration and improvements,55000,1,0,,"51 BOUCHER CRESCENT, REGINA, SK S4R7E2",Address,Argyle Park,,Property Owner,"110-Single House, single detached home, bungalow, linked home (linked at the foundation), single family dwelling"
PRDE202500177,Demolition,2025-05-06 00:00:00,Residential,Demolition,26301.73,0,1,1,"1221 GARNET STREET, REGINA, SK S4T2Y2",Address,Old 33,First Choice Excavation & Demolition,Contractor,"110-Single House, single detached home, bungalow, linked home (linked at the foundation), single family dwelling"
PRDE202500847,Demolition,2025-05-06 00:00:00,Residential,Demolition,44133.6,0,0,,"1101 GARNET STREET, REGINA, SK S4T2X9",Address,Old 33,First Choice Excavation & Demolition,Contractor,"110-Single House, single detached home, bungalow, linked home (linked at the foundation), single family dwelling"
PRDK202501041,Deck/Sunroom,2025-05-06 00:00:00,Residential,Alteration and improvements,7000,0,0,,"4608 FERNDALE CRESCENT, REGINA, SK *",Address,The Towns,,Contractor,"330-Row House, garden home, town house, carriage home, quadrex"
PRFR202501004,Foundation Repair,2025-05-06 00:00:00,Residential,Alteration and improvements,15000,0,0,,"6622 WHEATLY BAY, REGINA, SK S4X1V3",Address,Sherwood Estates,John Wilkie - RamJack Saskatchewan,Contractor,"110-Single House, single detached home, bungalow, linked home (linked at the foundation), single family dwelling"
PRPO202500996,Pool,2025-05-06 00:00:00,Residential,Swimming pool,15000,0,0,,"168 KRIVEL CRESCENT, REGINA, SK S4T6W4",Address,Normanview West,KALRON CONSTRUCTION,Contractor,"110-Single House, single detached home, bungalow, linked home (linked at the foundation), single family dwelling"
PRSF202500683,Single/Semi-Detached Dwelling 1-2 units,2025-05-06 00:00:00,Residential,New construction,300000,2,2,,"3724 GEE CRESCENT, REGINA, SK S4V3P1",Address,The Greens on Gardiner,,Property Owner,"110-Single House, single detached home, bungalow, linked home (linked at the foundation), single family dwelling"
PRSF202500861,Single/Semi-Detached Dwelling 1-2 units,2025-05-06 00:00:00,Residential,New construction,250000,1,2,,"3141 GREEN STONE ROAD, REGINA, SK *",Address,The Towns,Crawford Homes (eBuild),Contractor,"110-Single House, single detached home, bungalow, linked home (linked at the foundation), single family dwelling"
PRSF202500913,Single/Semi-Detached Dwelling 1-2 units,2025-05-06 00:00:00,Residential,New construction,182710,1,2,,"3123 GREEN STONE ROAD, REGINA, SK *",Address,The Towns,Rohit Communities Inc.,Contractor,"110-Single House, single detached home, bungalow, linked home (linked at the foundation), single family dwelling"
PRSS202500921,Secondary Suite,2025-05-06 00:00:00,Residential,Alteration and improvements,50000,1,0,,"3506 GREEN CREEK ROAD, REGINA, SK S4V3H2",Address,The Greens on Gardiner,,Property Owner,"110-Single House, single detached home, bungalow, linked home (linked at the foundation), single family dwelling"
PRDE202500737,Demolition,2025-05-07 00:00:00,Residential,Demolition,2000,0,0,,"66 STRAUB CRESCENT, REGINA, SK S4T6S6",Address,Mount Royal,INNOVATION RENOVATION,Contractor,"110-Single House, single detached home, bungalow, linked home (linked at the foundation), single family dwelling"
PRFR202500880,Foundation Repair,2025-05-07 00:00:00,Residential,Alteration and improvements,61275,0,0,,"2427 E GLAMIS PLACE, REGINA, SK S4V1A5",Address,University Park East,AAA SOLID FOUNDATIONS LTD.,Contractor,"110-Single House, single detached home, bungalow, linked home (linked at the foundation), single family dwelling"
PRFR202500918,Foundation Repair,2025-05-07 00:00:00,Residential,Alteration and improvements,8500,0,0,,"12 CRESTVIEW BAY, REGINA, SK S4R0B7",Address,Uplands,GCA CONSTRUCTION,Contractor,"110-Single House, single detached home, bungalow, linked home (linked at the foundation), single family dwelling"
PRFR202501053,Foundation Repair,2025-05-07 00:00:00,Residential,Alteration and improvements,11910,0,0,,"2041 KING STREET, REGINA, SK S4T4G7",Address,Old 33,AAA Solid Foundation,Contractor,"110-Single House, single detached home, bungalow, linked home (linked at the foundation), single family dwelling"
PRFR202501069,Foundation Repair,2025-05-07 00:00:00,Residential,Alteration and improvements,9400,0,0,,"34 ACASTER STREET, REGINA, SK S4R6M5",Address,Walsh Acres,AAA Solid Foundation,Contractor,"110-Single House, single detached home, bungalow, linked home (linked at the foundation), single family dwelling"
PRFR202501071,Foundation Repair,2025-05-07 00:00:00,Residential,Alteration and improvements,2700,0,0,,"732 BROADWAY AVENUE, REGINA, SK S4N1C3",Address,Assiniboia  Place,AAA Solid Foundation,Contractor,"110-Single House, single detached home, bungalow, linked home (linked at the foundation), single family dwelling"
PRFR202501085,Foundation Repair,2025-05-07 00:00:00,Residential,Alteration and improvements,3000,0,0,,"7118 LAWRENCE DRIVE, REGINA, SK S4X3X6",Address,Rochdale Park,,Property Owner,"110-Single House, single detached home, bungalow, linked home (linked at the foundation), single family dwelling"
PRSF202500605,Single/Semi-Detached Dwelling 1-2 units,2025-05-07 00:00:00,Residential,New construction,400000,1,2,,"3054 ROBINSON STREET, REGINA, SK S4S1V4",Address,Lakeview,ARTEMIS HOMES LTD.,Contractor,"110-Single House, single detached home, bungalow, linked home (linked at the foundation), single family dwelling"
PRSF202500652,Single/Semi-Detached Dwelling 1-2 units,2025-05-07 00:00:00,Residential,New construction,569800,1,2,,3149 FAVEL DRIVE,Address,The Towns,Homes by Dream,Contractor,"110-Single House, single detached home, bungalow, linked home (linked at the foundation), single family dwelling"
PRSF202500708,Single/Semi-Detached Dwelling 1-2 units,2025-05-07 00:00:00,Residential,New construction,250000,1,2,,"8706 WHEAT CRESCENT, REGINA, SK S4Y0H8",Address,Westerra,CRAWFORD HOMES (1991) LTD.,Contractor,"110-Single House, single detached home, bungalow, linked home (linked at the foundation), single family dwelling"
PRSF202500832,Single/Semi-Detached Dwelling 1-2 units,2025-05-07 00:00:00,Residential,New construction,480000,1,2,,"3025 GREEN STONE ROAD, REGINA, SK *",Address,The Towns,"101301324 SASKATCHEWAN LTD., - RICHMOND HOMES - Sukhjinder Singh",Contractor,"110-Single House, single detached home, bungalow, linked home (linked at the foundation), single family dwelling"
PRSF202500911,Single/Semi-Detached Dwelling 1-2 units,2025-05-07 00:00:00,Residential,New construction,500000,1,2,,"2309 SAUNDERS CRESCENT, REGINA, SK S4X0N8",Address,Kensington Greens,KENSINGTON GREENS DEVELOPMENT CORP.,Property Owner,"110-Single House, single detached home, bungalow, linked home (linked at the foundation), single family dwelling"
PRSS202501012,Secondary Suite,2025-05-07 00:00:00,Residential,Alteration and improvements,45000,1,0,,"5320 E NICHOLSON AVENUE, REGINA, SK *",Address,The Towns,GREEN STONE RENOVATIONS LTD,Contractor,"110-Single House, single detached home, bungalow, linked home (linked at the foundation), single family dwelling"
PRSS202501021,Secondary Suite,2025-05-07 00:00:00,Residential,Alteration and improvements,40000,1,0,,"3277 FAVEL DRIVE, REGINA, SK *",Address,The Towns,First Call Construction,Contractor,"110-Single House, single detached home, bungalow, linked home (linked at the foundation), single family dwelling"
PRTN202501020,Tent / Temporary Structure,2025-05-07 00:00:00,Commercial,Other,0,0,0,,"2190 VICTORIA AVENUE, REGINA, SK **",Address,Old 33,CITY OF REGINA,Property Owner,Not Applicable
PRBS202500459,Basement Development,2025-05-08 00:00:00,Residential,Alteration and improvements,10000,0,0,,"3726 GREEN MOSS LANE, REGINA, SK S4V1P6",Address,The Greens on Gardiner,,Property Owner,"110-Single House, single detached home, bungalow, linked home (linked at the foundation), single family dwelling"
PRBS202501068,Basement Development,2025-05-08 00:00:00,Residential,Alteration and improvements,30000,0,0,,"1776 MUSTARD STREET, REGINA, SK S4Y0G1",Address,Westerra,,Contractor,"330-Row House, garden home, town house, carriage home, quadrex"
PRDE202500962,Demolition,2025-05-08 00:00:00,Residential,Demolition,25000,0,0,1,"1020 RAE STREET, REGINA, SK S4T2B6",Address,Old 33,DAVIES EXCAVATING LTD,Contractor,"110-Single House, single detached home, bungalow, linked home (linked at the foundation), single family dwelling"
PRDK202501065,Deck/Sunroom,2025-05-08 00:00:00,Residential,Alteration and improvements,2500,0,0,,"27 LAUBACH AVENUE, REGINA, SK S4S6C3",Address,Parliament Place,BLACK PEARL CONSTRUCTION - Kyle Colibaba,Contractor,"110-Single House, single detached home, bungalow, linked home (linked at the foundation), single family dwelling"
PRDK202501097,Deck/Sunroom,2025-05-08 00:00:00,Residential,Alteration and improvements,8000,0,0,,"4616 FERNDALE CRESCENT, REGINA, SK S4V4A1",Address,The Towns,Lucky Links Building Services Ltd. - Lucky Aluge,Contractor,"210-Semi-Detached or Double House, single attached home"
PRFR202501089,Foundation Repair,2025-05-08 00:00:00,Residential,Alteration and improvements,45000,0,0,,"18 CRITTENDEN PLACE, REGINA, SK S4S6N9",Address,Albert Park,JS GROUP OF COMPANIES,Contractor,"110-Single House, single detached home, bungalow, linked home (linked at the foundation), single family dwelling"
PRGA202501017,Garage/Carport,2025-05-08 00:00:00,Residential,Garage/Carport/Accessory Structure,16000,0,0,,"7965 CANOLA AVENUE, REGINA, SK S4Y0E8",Address,Westerra,,Property Owner,"330-Row House, garden home, town house, carriage home, quadrex"
PRRN202500879,Renovation/Alteration,2025-05-08 00:00:00,Commercial,Alteration and improvements,870000,0,0,,"3015 E QUANCE STREET, REGINA, SK S4V3B7",Address,Mayfair,JYSK LINEN`N FURNITURE INC.,Property Owner,"512-Retail complex; plaza, mall, shopping centre, store/office building"
PRRN202500922,Renovation/Alteration,2025-05-08 00:00:00,Residential,Alteration and improvements,2000,0,0,,"3506 GREEN CREEK ROAD, REGINA, SK S4V3H2",Address,The Greens on Gardiner,,Property Owner,"110-Single House, single detached home, bungalow, linked home (linked at the foundation), single family dwelling"
PRRN202500957,Renovation/Alteration,2025-05-08 00:00:00,Commercial,Alteration and improvements,40000,0,0,,"2631 28TH AVENUE, REGINA, SK S4S6X3",Address,Parliament Place,Robyn Lynch Property Management,Contractor,"520-Office building; consultant’s office, doctor’s office, insurance company, bank, taxi stand, office/cafeteria, office/smoke shop"
PRRN202501022,Renovation/Alteration,2025-05-08 00:00:00,Residential,Alteration and improvements,5000,0,0,,"170 MAGEE CRESCENT, REGINA, SK S4R6K7",Address,Argyle Park,,Property Owner,"110-Single House, single detached home, bungalow, linked home (linked at the foundation), single family dwelling"
PRSF202500970,Single/Semi-Detached Dwelling 1-2 units,2025-05-08 00:00:00,Residential,New construction,157300,1,2,,3094 DUMONT WAY,Address,The Towns,CITY OF REGINA,Property Owner,"110-Single House, single detached home, bungalow, linked home (linked at the foundation), single family dwelling"
PRSF202500980,Single/Semi-Detached Dwelling 1-2 units,2025-05-08 00:00:00,Residential,New construction,157300,1,2,,3048 DUMONT WAY,Address,The Towns,Rohit Communities Inc.,Contractor,"110-Single House, single detached home, bungalow, linked home (linked at the foundation), single family dwelling"
PRSF202501033,Single/Semi-Detached Dwelling 1-2 units,2025-05-08 00:00:00,Residential,New construction,157300,1,2,,3056 DUMONT WAY,Address,The Towns,CITY OF REGINA,Property Owner,"110-Single House, single detached home, bungalow, linked home (linked at the foundation), single family dwelling"
PRSF202501048,Single/Semi-Detached Dwelling 1-2 units,2025-05-08 00:00:00,Residential,New construction,157300,1,2,,3072 DUMONT WAY,Address,The Towns,Rohit Communities Inc.,Contractor,"110-Single House, single detached home, bungalow, linked home (linked at the foundation), single family dwelling"
PRDK202501060,Deck/Sunroom,2025-05-09 00:00:00,Residential,Alteration and improvements,3000,0,0,,"3019 DONISON DRIVE, REGINA, SK S4V1X6",Address,Gardiner Heights,,Property Owner,"110-Single House, single detached home, bungalow, linked home (linked at the foundation), single family dwelling"
PRDK202501098,Deck/Sunroom,2025-05-09 00:00:00,Residential,Alteration and improvements,6000,0,0,,"5440 E NICHOLSON AVENUE, REGINA, SK S4V4B4",Address,The Towns,Lucky Links Building Services Ltd. - Lucky Aluge,Contractor,"110-Single House, single detached home, bungalow, linked home (linked at the foundation), single family dwelling"
PRDK202501105,Deck/Sunroom,2025-05-09 00:00:00,Residential,Alteration and improvements,5000,0,0,,"299 TRIFUNOV CRESCENT, REGINA, SK S4R7C8",Address,Argyle Park,,Property Owner,"110-Single House, single detached home, bungalow, linked home (linked at the foundation), single family dwelling"
PRFR202501116,Foundation Repair,2025-05-09 00:00:00,Residential,Alteration and improvements,20000,0,0,,"2953 GRANT ROAD, REGINA, SK S4S5G6",Address,Whitmore Park,John Wilkie - RamJack Saskatchewan,Contractor,"110-Single House, single detached home, bungalow, linked home (linked at the foundation), single family dwelling"
PRGA202500953,Garage/Carport,2025-05-09 00:00:00,Residential,Garage/Carport/Accessory Structure,1500,0,0,,"622 DOROTHY STREET, REGINA, SK S4T5T4",Address,Mount Royal,,Property Owner,"110-Single House, single detached home, bungalow, linked home (linked at the foundation), single family dwelling"
PRGA202501042,Garage/Carport,2025-05-09 00:00:00,Residential,Garage/Carport/Accessory Structure,25000,0,0,,"4223 QUEEN STREET, REGINA, SK S4S5Y4",Address,Parliament Place,NuFab Building Products - Nathan Ede,Contractor,"110-Single House, single detached home, bungalow, linked home (linked at the foundation), single family dwelling"
PRGA202501044,Garage/Carport,2025-05-09 00:00:00,Residential,Garage/Carport/Accessory Structure,20755,0,0,,"5100 E SIMARD AVENUE, REGINA, SK S4V3W5",Address,The Towns,NuFab Building Products - Nathan Ede,Contractor,"110-Single House, single detached home, bungalow, linked home (linked at the foundation), single family dwelling"
PRGA202501066,Garage/Carport,2025-05-09 00:00:00,Residential,Garage/Carport/Accessory Structure,25000,0,0,,"6206 LITTLE PINE LOOP, REGINA, SK S4X0J2",Address,Skyview,CALVERT CONSTRUCTION LTD.,Contractor,"110-Single House, single detached home, bungalow, linked home (linked at the foundation), single family dwelling"
PRMU202402549,Multi-Unit Dwelling 3+ Units,2025-05-09 00:00:00,Commercial,New construction,2100000,12,0,,"376 ANGUS STREET, REGINA, SK S4R3K6",Address,Coronation Park,TRUSS T. MANUFACTURING LTD.,Contractor,315-Apartment - Condominium
PRPO202501064,Pool,2025-05-09 00:00:00,Residential,Swimming pool,60000,0,0,,"2726 REGINA AVENUE, REGINA, SK S4S0G5",Address,Old Lakeview,Ripplinger Homes LTD,Contractor,"110-Single House, single detached home, bungalow, linked home (linked at the foundation), single family dwelling"
PRRN202500720,Renovation/Alteration,2025-05-09 00:00:00,Commercial,Alteration and improvements,11500,0,1,,"1333 MCINTOSH STREET, REGINA, SK S4T7X8",Address,Belvedere,Voltz Electric 2020 Inc. - Joshua Graff,Contractor,315-Apartment - Condominium
PRRN202500807,Renovation/Alteration,2025-05-09 00:00:00,Commercial,Alteration and improvements,2750000,0,2,,"1750 SOUTH RAILWAY STREET, REGINA, SK **",Address,Old 33,SGC HOLDINGS INC.,Property Owner,"490-Engineering; parking garage, tunnel, dock"
PRRN202500983,Renovation/Alteration,2025-05-09 00:00:00,Commercial,Alteration and improvements,30000,0,0,,"2223 E VICTORIA AVENUE, REGINA, SK S4N6E4",Address,Glen Elm Park,MOUNTWATER CAPITAL CORP.,Property Owner,"660-Religious building; church, cathedral, temple, citadel, synagogue"
PRSF202500702,Single/Semi-Detached Dwelling 1-2 units,2025-05-09 00:00:00,Residential,New construction,700000,1,2,,"2626 ROBINSON STREET, REGINA, SK S4T2R4",Address,Riverside,RIPPLINGER HOMES LTD.,Contractor,"110-Single House, single detached home, bungalow, linked home (linked at the foundation), single family dwelling"
PRSF202500751,Single/Semi-Detached Dwelling 1-2 units,2025-05-09 00:00:00,Residential,New construction,326590,2,2,,"4760, 4764 FERNDALE CRESCENT, REGINA, SK S4V4A5",Address,The Towns,Rohit Communities Inc.,Contractor,"110-Single House, single detached home, bungalow, linked home (linked at the foundation), single family dwelling"
PRSF202500884,Single/Semi-Detached Dwelling 1-2 units,2025-05-09 00:00:00,Residential,New construction,593500,1,2,,3164 FAVEL DRIVE,Address,The Towns,DREAM TOWNS LANDS SOUTH (GP) INC.,Contractor,"110-Single House, single detached home, bungalow, linked home (linked at the foundation), single family dwelling"
PRSS202500924,Secondary Suite,2025-05-09 00:00:00,Residential,Alteration and improvements,45000,1,0,,"2975 KAUFMAN WAY, REGINA, SK *",Address,The Towns,GREEN STONE RENOVATIONS LTD,Contractor,"110-Single House, single detached home, bungalow, linked home (linked at the foundation), single family dwelling"
PRSS202500961,Secondary Suite,2025-05-09 00:00:00,Residential,Alteration and improvements,60000,1,0,,"3213 GREEN TURTLE ROAD, REGINA, SK S4V4B5",Address,The Towns,HAUP CONSTRUCTION INC.,Contractor,"110-Single House, single detached home, bungalow, linked home (linked at the foundation), single family dwelling"
PRSS202501025,Secondary Suite,2025-05-09 00:00:00,Residential,Alteration and improvements,45000,1,0,,"2909 GREEN STONE ROAD, REGINA, SK S4V3Z9",Address,The Towns,,Property Owner,"330-Row House, garden home, town house, carriage home, quadrex"
PRDK202500827,Deck/Sunroom,2025-05-10 00:00:00,Residential,Alteration and improvements,6000,0,0,,"2903 WIMBLEDON DRIVE, REGINA, SK S4V2Y2",Address,Windsor Park,,Property Owner,"110-Single House, single detached home, bungalow, linked home (linked at the foundation), single family dwelling"
PRSS202500929,Secondary Suite,2025-05-11 00:00:00,Residential,Alteration and improvements,24000,1,0,,"5132 E BUCKINGHAM DRIVE, REGINA, SK S4V3W2",Address,The Towns,Resasca Builder,Contractor,"110-Single House, single detached home, bungalow, linked home (linked at the foundation), single family dwelling"
PRAD202500914,Addition,2025-05-12 00:00:00,Industrial,Addition to existing building commercial & residential,133420,0,0,,1450 N COURTNEY STREET,Address,Rosewood Park,CITY OF REGINA,Property Owner,"480-Utility building; hydro control building, oil refinery building, water"
PRBS202501136,Basement Development,2025-05-12 00:00:00,Residential,Alteration and improvements,35000,0,0,,"4213 E SAGE CRESCENT, REGINA, SK S4V3L6",Address,The Creeks,,Property Owner,"110-Single House, single detached home, bungalow, linked home (linked at the foundation), single family dwelling"
PRDE202500995,Demolition,2025-05-12 00:00:00,Residential,Demolition,12000,0,0,1,"2910 GARNET STREET, REGINA, SK S4S1X2",Address,Lakeview,CORONATION STREET HOLDINGS CORP.,Contractor,"110-Single House, single detached home, bungalow, linked home (linked at the foundation), single family dwelling"
PRDE202501112,Demolition,2025-05-12 00:00:00,Residential,Demolition,0,0,0,,"4200 18TH AVENUE, REGINA, SK S4S0C5",Address,River Heights,Cole & Tim Enterprise,Contractor,"110-Single House, single detached home, bungalow, linked home (linked at the foundation), single family dwelling"
PRDE202501113,Demolition,2025-05-12 00:00:00,Residential,Demolition,300,0,0,,"1730 6TH AVENUE N, REGINA, SK S4R0M7",Address,Churchill Downs,,Property Owner,"110-Single House, single detached home, bungalow, linked home (linked at the foundation), single family dwelling"
PRFR202500673,Foundation Repair,2025-05-12 00:00:00,Residential,Alteration and improvements,40000,0,0,,"107 ELMVIEW ROAD, REGINA, SK S4R0B5",Address,Uplands,RSR Construction,Contractor,"110-Single House, single detached home, bungalow, linked home (linked at the foundation), single family dwelling"
PRFR202501082,Foundation Repair,2025-05-12 00:00:00,Residential,Alteration and improvements,28000,0,0,,"148 DAFFODIL CRESCENT, REGINA, SK S4S5A4",Address,Whitmore Park,GCA CONSTRUCTION,Contractor,"110-Single House, single detached home, bungalow, linked home (linked at the foundation), single family dwelling"
PRFR202501144,Foundation Repair,2025-05-12 00:00:00,Residential,Alteration and improvements,12000,0,0,,"1035 VICTORY CRESCENT, REGINA, SK S4N6X5",Address,Parkridge,Regina House Leveling - Travis Zerie,Contractor,"110-Single House, single detached home, bungalow, linked home (linked at the foundation), single family dwelling"
PRFR202501154,Foundation Repair,2025-05-12 00:00:00,Residential,Alteration and improvements,10000,0,0,,"1866 ATKINSON STREET, REGINA, SK S4N3W3",Address,Arcola Sub,,Property Owner,"110-Single House, single detached home, bungalow, linked home (linked at the foundation), single family dwelling"
PRGA202500831,Garage/Carport,2025-05-12 00:00:00,Residential,Garage/Carport/Accessory Structure,15000,0,0,,"2072 MCARA STREET, REGINA, SK S4N2V6",Address,Broders Annex,,Property Owner,"110-Single House, single detached home, bungalow, linked home (linked at the foundation), single family dwelling"
PRRN202500577,Renovation/Alteration,2025-05-12 00:00:00,Commercial,Alteration and improvements,45000,0,0,,"1827 ALBERT STREET, REGINA, SK S4P2S9",Address,Old 33,D.R. ANDERSON HOLDINGS INC.,Property Owner,"310-Apartment, apartment building, duplex, triplex, quadruple"
PRRN202500820,Renovation/Alteration,2025-05-12 00:00:00,Commercial,Alteration and improvements,140000,0,2,,"4010 PASQUA STREET, Unit:700, REGINA, SK S4S7B9",Address,Lewvan Park,HIGH STREET PROPERTIES INC.,Property Owner,"520-Office building; consultant’s office, doctor’s office, insurance company, bank, taxi stand, office/cafeteria, office/smoke shop"
PRRN202500899,Renovation/Alteration,2025-05-12 00:00:00,Residential,Alteration and improvements,80000,0,0,,"5100 DEWDNEY AVENUE, REGINA, SK S4T1C1",Address,Belvedere,,Contractor,"110-Single House, single detached home, bungalow, linked home (linked at the foundation), single family dwelling"
PRSF202500986,Single/Semi-Detached Dwelling 1-2 units,2025-05-12 00:00:00,Residential,New construction,182710,1,2,,3040 DUMONT WAY,Address,The Towns,CITY OF REGINA,Property Owner,"110-Single House, single detached home, bungalow, linked home (linked at the foundation), single family dwelling"
PRSF202501018,Single/Semi-Detached Dwelling 1-2 units,2025-05-12 00:00:00,Residential,New construction,230000,1,2,,"5230 SQUIRES ROAD, REGINA, SK S4W0G8",Address,Harbour Landing,CRAWFORD HOMES (1991) LTD.,Contractor,"110-Single House, single detached home, bungalow, linked home (linked at the foundation), single family dwelling"
PRSF202501093,Single/Semi-Detached Dwelling 1-2 units,2025-05-12 00:00:00,Residential,New construction,215000,1,2,,"5226 SQUIRES ROAD, REGINA, SK S4W0G8",Address,Harbour Landing,CRAWFORD HOMES (1991) LTD.,Property Owner,"110-Single House, single detached home, bungalow, linked home (linked at the foundation), single family dwelling"
PRSS202500810,Secondary Suite,2025-05-12 00:00:00,Residential,Alteration and improvements,45000,1,0,,"5128 E BUCKINGHAM DRIVE, REGINA, SK S4V3W2",Address,The Towns,GREEN STONE RENOVATIONS LTD,Contractor,"210-Semi-Detached or Double House, single attached home"
PRSS202500865,Secondary Suite,2025-05-12 00:00:00,Residential,Alteration and improvements,24000,1,0,,"5417 E NICHOLSON AVENUE, REGINA, SK S4V4B3",Address,The Towns,Resasca Builder,Contractor,"110-Single House, single detached home, bungalow, linked home (linked at the foundation), single family dwelling"
PRSS202500934,Secondary Suite,2025-05-12 00:00:00,Residential,Alteration and improvements,20000,1,0,,"7940 BARLEY CRESCENT, REGINA, SK S4Y0E6",Address,Westerra,Resasca Builder,Contractor,"110-Single House, single detached home, bungalow, linked home (linked at the foundation), single family dwelling"
PRSS202501040,Secondary Suite,2025-05-12 00:00:00,Residential,Alteration and improvements,55000,1,0,,"5618 NORSEMAN CRESCENT, REGINA, SK S4W0J6",Address,Harbour Landing,,Property Owner,"110-Single House, single detached home, bungalow, linked home (linked at the foundation), single family dwelling"
PRDE202501059,Demolition,2025-05-13 00:00:00,Residential,Demolition,8000,0,0,,"2220 ELPHINSTONE STREET, REGINA, SK S4T3N8",Address,Old 33,REILLYS CONSTRUCTION LTD.,Contractor,"110-Single House, single detached home, bungalow, linked home (linked at the foundation), single family dwelling"
PRDE202501118,Demolition,2025-05-13 00:00:00,Residential,Demolition,23000,0,0,1,"1445 GARNET STREET, REGINA, SK S4T2Y6",Address,Old 33,DAVIES EXCAVATING LTD,Contractor,"110-Single House, single detached home, bungalow, linked home (linked at the foundation), single family dwelling"
PRDK202501152,Deck/Sunroom,2025-05-13 00:00:00,Residential,Alteration and improvements,9885.7,0,0,,"4213 E SAGE CRESCENT, REGINA, SK S4V3L6",Address,The Creeks,CHANGING SPACES,Contractor,"110-Single House, single detached home, bungalow, linked home (linked at the foundation), single family dwelling"
PRFR202501056,Foundation Repair,2025-05-13 00:00:00,Residential,Alteration and improvements,25000,0,0,,"2729 ABBOTT ROAD, REGINA, SK S4N2J7",Address,Assiniboia East,,Property Owner,"110-Single House, single detached home, bungalow, linked home (linked at the foundation), single family dwelling"
PRFR202501143,Foundation Repair,2025-05-13 00:00:00,Residential,Alteration and improvements,65000,0,0,,"14 IRVIN CRESCENT, REGINA, SK S4R5L2",Address,Normanview,Regina House Leveling - Travis Zerie,Contractor,"110-Single House, single detached home, bungalow, linked home (linked at the foundation), single family dwelling"
PRGA202500735,Garage/Carport,2025-05-13 00:00:00,Residential,Garage/Carport/Accessory Structure,25000,0,0,,"66 STRAUB CRESCENT, REGINA, SK S4T6S6",Address,Mount Royal,INNOVATION RENOVATION,Contractor,"110-Single House, single detached home, bungalow, linked home (linked at the foundation), single family dwelling"
PRGA202501031,Garage/Carport,2025-05-13 00:00:00,Residential,Garage/Carport/Accessory Structure,10038.67,0,0,,"3656 GREEN BANK ROAD, REGINA, SK S4V1P6",Address,The Greens on Gardiner,,Contractor,"110-Single House, single detached home, bungalow, linked home (linked at the foundation), single family dwelling"
PRMU202500915,Multi-Unit Dwelling 3+ Units,2025-05-13 00:00:00,Residential,New construction,660000,3,1,,3601 GREEN MARSH CRESCENT,Address,The Greens on Gardiner,MONTEREY DEVELOPMENTS LTD.,Property Owner,335-Row House - Condominium
PRRN202500343,Renovation/Alteration,2025-05-13 00:00:00,Commercial,Alteration and improvements,300000,0,0,,"1378 MCINTYRE STREET, REGINA, SK S4R2M8",Address,Old 33,URBAN INTERNATIONAL DEVELOPMENT INC.,Property Owner,"540-Restaurant, bar, tavern, night club, diner, donut shop"
PRRN202500882,Renovation/Alteration,2025-05-13 00:00:00,Commercial,Alteration and improvements,30000,0,4,,"2631 28TH AVENUE, REGINA, SK S4S6X3",Address,Parliament Place,102200166 SASKATCHEWAN LTD.,Property Owner,"520-Office building; consultant’s office, doctor’s office, insurance company, bank, taxi stand, office/cafeteria, office/smoke shop"
PRRN202501039,Renovation/Alteration,2025-05-13 00:00:00,Residential,Alteration and improvements,8000,0,0,,"5644 PREFONTAINE AVENUE, REGINA, SK S4W0M8",Address,Harbour Landing,,Property Owner,"330-Row House, garden home, town house, carriage home, quadrex"
PRRN202501088,Renovation/Alteration,2025-05-13 00:00:00,Residential,Alteration and improvements,9100,0,0,,"2947 KUTARNA CRESCENT, REGINA, SK S4V0T2",Address,Wood Meadows,RBT Construction and Renovations,Contractor,"110-Single House, single detached home, bungalow, linked home (linked at the foundation), single family dwelling"
PRSF202500972,Single/Semi-Detached Dwelling 1-2 units,2025-05-13 00:00:00,Residential,New construction,182710,1,2,,3068 DUMONT WAY,Address,The Towns,Rohit Communities Inc.,Contractor,"110-Single House, single detached home, bungalow, linked home (linked at the foundation), single family dwelling"
PRSF202501047,Single/Semi-Detached Dwelling 1-2 units,2025-05-13 00:00:00,Residential,New construction,157300,1,2,,3076 DUMONT WAY,Address,The Towns,Rohit Communities Inc.,Contractor,"110-Single House, single detached home, bungalow, linked home (linked at the foundation), single family dwelling"
PRSF202501078,Single/Semi-Detached Dwelling 1-2 units,2025-05-13 00:00:00,Residential,New construction,500000,1,2,,"7201 MAPLE IVY DRIVE, REGINA, SK S4X0P1",Address,Maple Ridge,Sthamann Homes Inc.,Contractor,"110-Single House, single detached home, bungalow, linked home (linked at the foundation), single family dwelling"
PRSF202501090,Single/Semi-Detached Dwelling 1-2 units,2025-05-13 00:00:00,Residential,New construction,250000,1,2,,"3135 GREEN STONE ROAD, REGINA, SK S4V3X4",Address,The Towns,Crawford Homes (eBuild),Contractor,"110-Single House, single detached home, bungalow, linked home (linked at the foundation), single family dwelling"
PRSS202500958,Secondary Suite,2025-05-13 00:00:00,Residential,Alteration and improvements,35000,1,0,,"1232 ELLIOTT STREET, REGINA, SK S4N3G1",Address,Eastern Annex,,Property Owner,"110-Single House, single detached home, bungalow, linked home (linked at the foundation), single family dwelling"
PRSS202500959,Secondary Suite,2025-05-13 00:00:00,Residential,Alteration and improvements,30000,1,0,,"2929 TROMBLEY STREET, REGINA, SK S4V3Y5",Address,The Towns,,Property Owner,"110-Single House, single detached home, bungalow, linked home (linked at the foundation), single family dwelling"
PRTN202500965,Tent / Temporary Structure,2025-05-13 00:00:00,Residential,Other,1709,0,0,,560 ELPHINSTONE STREET,Address,Premier Place,CITY OF REGINA,Property Owner,Not Applicable
PRDE202500966,Demolition,2025-05-14 00:00:00,Residential,Demolition,0,0,0,1,"1872 TORONTO STREET, REGINA, SK S4P1M6",Address,Old 33,Cara Homes LTD.,Contractor,"110-Single House, single detached home, bungalow, linked home (linked at the foundation), single family dwelling"
PRDE202501121,Demolition,2025-05-14 00:00:00,Residential,Demolition,7500,0,0,1,"1400 E 12TH AVENUE, Unit:48 ROW B, REGINA, SK S4N0M6",Address,Glencairn,GLEN ELM PROPERTIES LTD.,Property Owner,130-Mobile Home
PRDE202501122,Demolition,2025-05-14 00:00:00,Residential,Demolition,7500,0,0,1,"1400 E 12TH AVENUE, Unit:53 ROW B, REGINA, SK S4N0M6",Address,Glencairn,,Contractor,130-Mobile Home
PRDE202501123,Demolition,2025-05-14 00:00:00,Residential,Demolition,7500,0,0,1,"1400 E 12TH AVENUE, Unit:45 ROW C, REGINA, SK S4N0M6",Address,Glencairn,S & T Property Maintenance - Sean Thomson,Contractor,130-Mobile Home
PRDE202501125,Demolition,2025-05-14 00:00:00,Residential,Demolition,7500,0,0,1,"1400 E 12TH AVENUE, Unit:20 ROW D, REGINA, SK S4N0M6",Address,Glencairn,S & T Property Maintenance - Sean Thomson,Contractor,130-Mobile Home
PRDE202501127,Demolition,2025-05-14 00:00:00,Residential,Demolition,7500,0,0,1,"1400 E 12TH AVENUE, Unit:54 ROW D, REGINA, SK S4N0M6",Address,Glencairn,S & T Property Maintenance - Sean Thomson,Contractor,130-Mobile Home
PRDK202501075,Deck/Sunroom,2025-05-14 00:00:00,Residential,Alteration and improvements,7000,0,0,,"3260 VALLEY GREEN ROAD, REGINA, SK S4V3R1",Address,The Towns,Lucky Links Building Services Ltd. - Lucky Aluge,Contractor,"110-Single House, single detached home, bungalow, linked home (linked at the foundation), single family dwelling"
PRDK202501087,Deck/Sunroom,2025-05-14 00:00:00,Residential,Alteration and improvements,6000,0,0,,"131 LITZENBERGER CRESCENT, REGINA, SK S4R5X8",Address,Walsh Acres,306 Handyman,Contractor,"110-Single House, single detached home, bungalow, linked home (linked at the foundation), single family dwelling"
PRFR202500863,Foundation Repair,2025-05-14 00:00:00,Residential,Alteration and improvements,3000,0,0,,"30 NEWLANDS STREET, REGINA, SK S4S4S4",Address,Hillsdale,GCA CONSTRUCTION,Contractor,"110-Single House, single detached home, bungalow, linked home (linked at the foundation), single family dwelling"
PRFR202501110,Foundation Repair,2025-05-14 00:00:00,Residential,Alteration and improvements,15500,0,0,,"3411 MCCALLUM AVENUE, REGINA, SK S4S0S2",Address,Lakeview,,Contractor,"110-Single House, single detached home, bungalow, linked home (linked at the foundation), single family dwelling"
PRGA202500642,Garage/Carport,2025-05-14 00:00:00,Residential,Garage/Carport/Accessory Structure,22000,0,0,,"5 DUNNING CRESCENT, REGINA, SK S4S3V9",Address,Hillsdale,,Property Owner,"110-Single House, single detached home, bungalow, linked home (linked at the foundation), single family dwelling"
PRGA202500991,Garage/Carport,2025-05-14 00:00:00,Residential,Garage/Carport/Accessory Structure,18000,0,0,,"4537 E GREEN POPLAR LANE, REGINA, SK S4V3H6",Address,The Greens on Gardiner,"BASES COVERED CONTRACTING & WOODWORK INC, - Laurinda Jeffery",Contractor,"110-Single House, single detached home, bungalow, linked home (linked at the foundation), single family dwelling"
PRRN202501013,Renovation/Alteration,2025-05-14 00:00:00,Industrial,Alteration and improvements,704824.59,0,0,,"225 E 6TH AVENUE, REGINA, SK S4N6A6",Address,Industrial Ross,CROWN SHRED & RECYCLING INC.,Property Owner,"460-Storage building; warehouse (for storage purposes only), industrial mall, grain elevator, locker rental, silo, quonset, refrigerated storage terminal"
PRRN202501054,Renovation/Alteration,2025-05-14 00:00:00,Commercial,Alteration and improvements,65000,0,0,,"3811 ALBERT STREET, REGINA, SK S4S3R4",Address,Hillsdale,CHIPPERS CONTRACTING,Contractor,"540-Restaurant, bar, tavern, night club, diner, donut shop"
PRRN202501130,Renovation/Alteration,2025-05-14 00:00:00,Residential,Alteration and improvements,1500,0,0,,"707 N HAYWORTH CRESCENT, REGINA, SK S4X1X8",Address,Sherwood Estates,,Property Owner,"110-Single House, single detached home, bungalow, linked home (linked at the foundation), single family dwelling"
PRSS202500900,Secondary Suite,2025-05-14 00:00:00,Residential,Alteration and improvements,50000,1,1,,"3159 GREEN STONE ROAD, REGINA, SK *",Address,The Towns,,Property Owner,"110-Single House, single detached home, bungalow, linked home (linked at the foundation), single family dwelling"
PRBS202501108,Basement Development,2025-05-15 00:00:00,Residential,Alteration and improvements,30000,0,0,,"4694 ALBULET DRIVE, REGINA, SK S4W0R3",Address,Harbour Landing,REDACTED,Property Owner,"110-Single House, single detached home, bungalow, linked home (linked at the foundation), single family dwelling"
PRDE202500844,Demolition,2025-05-15 00:00:00,Residential,Demolition,0,0,0,0,"333 N MCCARTHY BOULEVARD, REGINA, SK S4R5R3",Address,Normanview,REDACTED,Property Owner,"110-Single House, single detached home, bungalow, linked home (linked at the foundation), single family dwelling"
PRDK202500998,Deck/Sunroom,2025-05-15 00:00:00,Residential,Alteration and improvements,1500,0,0,,"5026 8TH AVENUE, REGINA, SK S4T0W3",Address,Belvedere,REDACTED,Property Owner,"110-Single House, single detached home, bungalow, linked home (linked at the foundation), single family dwelling"
PRDK202501099,Deck/Sunroom,2025-05-15 00:00:00,Residential,Alteration and improvements,7000,0,0,,"4744 E BUCKINGHAM DRIVE, REGINA, SK S4V3X8",Address,The Towns,REDACTED,Property Owner,"110-Single House, single detached home, bungalow, linked home (linked at the foundation), single family dwelling"
PRDK202501186,Deck/Sunroom,2025-05-15 00:00:00,Residential,Alteration and improvements,3200,,,,"5436 E NICHOLSON AVENUE, REGINA, SK S4V4B4",Address,The Towns,PACESETTER NEW HOMES LTD.,Contractor,"210-Semi-Detached or Double House, single attached home"
PRGA202500841,Garage/Carport,2025-05-15 00:00:00,Residential,Garage/Carport/Accessory Structure,32000,0,0,,"333 N MCCARTHY BOULEVARD, REGINA, SK S4R5R3",Address,Normanview,FRESH FACE EXTERIORS,Contractor,"110-Single House, single detached home, bungalow, linked home (linked at the foundation), single family dwelling"
PRRN202501011,Renovation/Alteration,2025-05-15 00:00:00,Residential,Alteration and improvements,35000,0,0,,"2629 ANGUS BOULEVARD, REGINA, SK S4T2A6",Address,Riverside,COLLABORATIVE CONSTRUCTION INC. (EBUILD),Contractor,"110-Single House, single detached home, bungalow, linked home (linked at the foundation), single family dwelling"
PRDE202501114,Demolition,2025-05-16 00:00:00,Residential,Demolition,7500,,,1,"1400 E 12TH AVENUE, Unit:9 ROW B, REGINA, SK S4N0M6",Address,Glencairn,S & T PROPERTY MAINTENANCE - SEAN THOMSON,Contractor,130-Mobile Home
PRDE202501124,Demolition,2025-05-16 00:00:00,Residential,Demolition,7500,,,1,"1400 E 12TH AVENUE, Unit:47 ROW C, REGINA, SK S4N0M6",Address,Glencairn,S & T PROPERTY MAINTENANCE - SEAN THOMSON,Contractor,130-Mobile Home
PRDE202501128,Demolition,2025-05-16 00:00:00,Residential,Demolition,7500,0,0,1,"1400 E 12TH AVENUE, Unit:17 ROW E, REGINA, SK S4N0M6",Address,Glencairn,S & T PROPERTY MAINTENANCE - SEAN THOMSON,Contractor,130-Mobile Home
PRFR202501202,Foundation Repair,2025-05-16 00:00:00,Residential,Alteration and improvements,3500,0,0,,"322 FROOM CRESCENT, REGINA, SK S4N1B7",Address,Glen Elm Park S.,REDACTED,Property Owner,"210-Semi-Detached or Double House, single attached home"
PRMH202501208,Plumbing,2025-05-16 00:00:00,Residential,Mechanical,7840,0,0,,"1520 PARKER AVENUE, REGINA, SK S4S4R8",Address,Hillsdale,ARROW PLUMBING & HEATING,Contractor,"110-Single House, single detached home, bungalow, linked home (linked at the foundation), single family dwelling"
PRMU202500266,Multi-Unit Dwelling 3+ Units,2025-05-16 00:00:00,Residential,New construction,2083150,12,3,,1621 WEST MARKET STREET,Address,Westerra,KDR-CH PROPERTIES REGINA LTD.,Property Owner,"310-Apartment, apartment building, duplex, triplex, quadruple"
PRRN202401958,Renovation/Alteration,2025-05-16 00:00:00,Commercial,Alteration and improvements,60000,,,,"251 ALBERT STREET, REGINA, SK S4R2N5",Address,Highland Park,AMADO`S PITA INC.,Property Owner,"510-Retail and wholesale outlets; retail outlet, department store, photographic studio, rental service, beauty salon, hairdressing salon, lumber yard, dry cleaner, laundromat"
PRRN202500699,Renovation/Alteration,2025-05-16 00:00:00,Institutional,Alteration and improvements,348041,0,6,,"3769 WASCANA PARKWAY, REGINA, SK S4S0A2",Address,Wascana Park,THE UNIVERSITY OF REGINA,Property Owner,626-University
PRRN202500701,Renovation/Alteration,2025-05-16 00:00:00,Commercial,Alteration and improvements,67000,0,2,,"4270 E BUCKINGHAM DRIVE, REGINA, SK S4V3Y9",Address,The Towns,102049625 SASKATCHEWAN LTD.,Property Owner,"510-Retail and wholesale outlets; retail outlet, department store, photographic studio, rental service, beauty salon, hairdressing salon, lumber yard, dry cleaner, laundromat"
PRRN202500734,Renovation/Alteration,2025-05-16 00:00:00,Commercial,Alteration and improvements,572825,0,,,"230 HENDERSON DRIVE, REGINA, SK S4N5P7",Address,Industrial Ross,CASE CANADA CORPORATION,Property Owner,"460-Storage building; warehouse (for storage purposes only), industrial mall, grain elevator, locker rental, silo, quonset, refrigerated storage terminal"
PRBS202501170,Basement Development,2025-05-17 00:00:00,Residential,Alteration and improvements,15000,0,0,,"3706 QUEENS GATE, REGINA, SK S4S7J1",Address,Lakeview South,GFI CONTRACTING - GLEN FAUBERT,Contractor,115-Single House - Condominium
PRDE202500560,Demolition,2025-05-17 00:00:00,Residential,Demolition,59480.46,,0,1,"3217 DEWDNEY AVENUE, REGINA, SK S4T0Y7",Address,Old 33,FIRST CHOICE EXCAVATION & DEMOLITION,Contractor,"110-Single House, single detached home, bungalow, linked home (linked at the foundation), single family dwelling"
PRGA202500851,Garage/Carport,2025-05-17 00:00:00,Residential,Garage/Carport/Accessory Structure,50000,0,0,,"31 YARNTON CRESCENT, REGINA, SK S4R4A1",Address,Regent Park,REDACTED,Property Owner,"110-Single House, single detached home, bungalow, linked home (linked at the foundation), single family dwelling"
PRFR202501167,Foundation Repair,2025-05-19 00:00:00,Residential,Alteration and improvements,3000,0,0,,"731 CONNAUGHT STREET, REGINA, SK S4T4S5",Address,Balbriggan Place,BOUSS CONSTRUCTION INC.,Property Owner,"110-Single House, single detached home, bungalow, linked home (linked at the foundation), single family dwelling"
PRRN202501095,Renovation/Alteration,2025-05-19 00:00:00,Commercial,Alteration and improvements,5500,,,,"1201 HALIFAX STREET, REGINA, SK S4R1T7",Address,Old 33,JUNIORS CONSTRUCTION,Contractor,"460-Storage building; warehouse (for storage purposes only), industrial mall, grain elevator, locker rental, silo, quonset, refrigerated storage terminal"
PRBS202501032,Basement Development,2025-05-20 00:00:00,Residential,Alteration and improvements,50000,0,0,,"12167 WASCANA HEIGHTS, REGINA, SK S4V3B4",Address,Wascana View,COLLABORATIVE CONSTRUCTION,Contractor,"110-Single House, single detached home, bungalow, linked home (linked at the foundation), single family dwelling"
PRDK202501163,Deck/Sunroom,2025-05-20 00:00:00,Residential,Alteration and improvements,15000,0,0,,"1617 N MAPLE ROSE CRESCENT, REGINA, SK S4X0J6",Address,Maple Ridge,REDACTED,Property Owner,"110-Single House, single detached home, bungalow, linked home (linked at the foundation), single family dwelling"
PRFR202500765,Foundation Repair,2025-05-20 00:00:00,Residential,Alteration and improvements,8000,0,0,,"3219 29TH AVENUE, REGINA, SK S4S2P1",Address,Parliament Place,HOPE CONSTRUCTION | PROWESS CONSTRUCTION INC - ADRIAN MWELWA,Contractor,"110-Single House, single detached home, bungalow, linked home (linked at the foundation), single family dwelling"
PRFR202501214,Foundation Repair,2025-05-20 00:00:00,Residential,Alteration and improvements,9520,0,0,,"7316 6TH AVENUE, REGINA, SK S4T0P2",Address,Dieppe Place,AAA SOLID FOUNDATION,Contractor,"110-Single House, single detached home, bungalow, linked home (linked at the foundation), single family dwelling"
PRFR202501234,Foundation Repair,2025-05-20 00:00:00,Residential,Alteration and improvements,22400,0,0,,"1024 HORACE STREET, REGINA, SK S4T5L2",Address,Rosemont South,AAA SOLID FOUNDATION,Contractor,"110-Single House, single detached home, bungalow, linked home (linked at the foundation), single family dwelling"
PRFR202501240,Foundation Repair,2025-05-20 00:00:00,Residential,Alteration and improvements,67000,0,0,,"3028 LACON STREET, REGINA, SK S4N2A8",Address,Douglas Place,REDACTED,Property Owner,"110-Single House, single detached home, bungalow, linked home (linked at the foundation), single family dwelling"
PRPO202501016,Pool,2025-05-20 00:00:00,Residential,Swimming pool,118000,0,0,,"3535 MCCOURT BAY, REGINA, SK S4V2A4",Address,Varsity Park,ELLIS POOLS & CONST. LTD.,Contractor,"110-Single House, single detached home, bungalow, linked home (linked at the foundation), single family dwelling"
PRRN202500301,Renovation/Alteration,2025-05-20 00:00:00,Residential,Alteration and improvements,20000,0,0,,"33 PARKWOOD ROAD, REGINA, SK S4S2Z8",Address,Albert Park,INCEPTION CONTRACTING LTD.,Contractor,"110-Single House, single detached home, bungalow, linked home (linked at the foundation), single family dwelling"
PRRN202500886,Renovation/Alteration,2025-05-20 00:00:00,Residential,Alteration and improvements,20700,0,0,,"22 NOONAN ROAD, REGINA, SK S4V0J6",Address,University Park,REDACTED,Property Owner,"110-Single House, single detached home, bungalow, linked home (linked at the foundation), single family dwelling"
PRRN202500904,Renovation/Alteration,2025-05-20 00:00:00,Commercial,Alteration and improvements,210000,,,,"3769 WASCANA PARKWAY, REGINA, SK S4S0A2",Address,Wascana Park,THE UNIVERSITY OF REGINA,Property Owner,626-University
PRRN202501133,Renovation/Alteration,2025-05-20 00:00:00,Commercial,Alteration and improvements,90000,,,,"2055 PRINCE OF WALES DRIVE, REGINA, SK S4V3A3",Address,Eastgate,LOBLAW PROPERTIES WEST INC.,Property Owner,"512-Retail complex; plaza, mall, shopping centre, store/office building"
PRRN202501142,Renovation/Alteration,2025-05-20 00:00:00,Residential,Alteration and improvements,500,0,0,,"4349 CHUKA DRIVE, REGINA, SK S4V3L5",Address,The Creeks,REDACTED,Property Owner,"110-Single House, single detached home, bungalow, linked home (linked at the foundation), single family dwelling"
PRRN202501153,Renovation/Alteration,2025-05-20 00:00:00,Residential,Alteration and improvements,14000,0,0,,"63 BROOK BAY, REGINA, SK S4N1M7",Address,Glencairn,TRIPLE R CONCRETE CUTTING,Contractor,"110-Single House, single detached home, bungalow, linked home (linked at the foundation), single family dwelling"
PRSF202501035,Single/Semi-Detached Dwelling 1-2 units,2025-05-20 00:00:00,Residential,New construction,157300,1,2,,3080 DUMONT WAY,Address,The Towns,ROHIT COMMUNITIES INC.,Contractor,"110-Single House, single detached home, bungalow, linked home (linked at the foundation), single family dwelling"
PRSF202501061,Single/Semi-Detached Dwelling 1-2 units,2025-05-20 00:00:00,Residential,New construction,157300,1,2,,3044 DUMONT WAY,Address,The Towns,CITY OF REGINA,Property Owner,"110-Single House, single detached home, bungalow, linked home (linked at the foundation), single family dwelling"
PRSS202500963,Secondary Suite,2025-05-20 00:00:00,Residential,Alteration and improvements,70000,1,0,,"2356 BETTERIDGE DRIVE, REGINA, SK S4X0N7",Address,Kensington Greens,AFE VENTURES CORPORATION,Contractor,"110-Single House, single detached home, bungalow, linked home (linked at the foundation), single family dwelling"
PRSS202501024,Secondary Suite,2025-05-20 00:00:00,Residential,Alteration and improvements,30000,1,0,,"5053 AERIAL CRESCENT, REGINA, SK S4W0C8",Address,Harbour Landing,HAVILAH HOLDINGS LTD.,Property Owner,"210-Semi-Detached or Double House, single attached home"
PRBS202501222,Basement Development,2025-05-21 00:00:00,Residential,Alteration and improvements,35000,0,0,,"5428 E GREEN BLUEBELL ROAD, REGINA, SK S4V3M5",Address,The Greens on Gardiner,REDACTED,Property Owner,"210-Semi-Detached or Double House, single attached home"
PRDE202501175,Demolition,2025-05-21 00:00:00,Residential,Demolition,7500,,,1,"1400 E 12TH AVENUE, Unit:23 ROW E, REGINA, SK S4N0M6",Address,Glencairn,S & T PROPERTY MAINTENANCE - SEAN THOMSON,Contractor,130-Mobile Home
PRDE202501179,Demolition,2025-05-21 00:00:00,Residential,Demolition,7500,0,0,1,"1400 E 12TH AVENUE, Unit:11 ROW E, REGINA, SK S4N0M6",Address,Glencairn,REDACTED,Property Owner,130-Mobile Home
PRDE202501180,Demolition,2025-05-21 00:00:00,Residential,Demolition,7500,,,1,"1400 E 12TH AVENUE, Unit:19 ROW D, REGINA, SK S4N0M6",Address,Glencairn,S & T PROPERTY MAINTENANCE - SEAN THOMSON,Contractor,130-Mobile Home
PRDE202501181,Demolition,2025-05-21 00:00:00,Residential,Demolition,7500,0,0,1,"1400 E 12TH AVENUE, Unit:43 ROW D, REGINA, SK S4N0M6",Address,Glencairn,S & T PROPERTY MAINTENANCE - SEAN THOMSON,Contractor,130-Mobile Home
PRDE202501182,Demolition,2025-05-21 00:00:00,Residential,Demolition,7500,0,0,1,"1400 E 12TH AVENUE, Unit:48 ROW D, REGINA, SK S4N0M6",Address,Glencairn,S & T PROPERTY MAINTENANCE - SEAN THOMSON,Contractor,130-Mobile Home
PRDE202501183,Demolition,2025-05-21 00:00:00,Residential,Demolition,7500,0,0,1,"1400 E 12TH AVENUE, Unit:40 ROW D, REGINA, SK S4N0M6",Address,Glencairn,S & T PROPERTY MAINTENANCE - SEAN THOMSON,Contractor,130-Mobile Home
PRDE202501184,Demolition,2025-05-21 00:00:00,Residential,Demolition,400000,0,0,1,"2165 MCDONALD STREET, REGINA, SK S4N2Y6",Address,Broders Annex,REDACTED,Property Owner,"110-Single House, single detached home, bungalow, linked home (linked at the foundation), single family dwelling"
PRDK202501131,Deck/Sunroom,2025-05-21 00:00:00,Residential,Alteration and improvements,6959.29,0,0,,"1223 N BROAD STREET, REGINA, SK S4R6V8",Address,Uplands,REDACTED,Property Owner,"110-Single House, single detached home, bungalow, linked home (linked at the foundation), single family dwelling"
PRGA202501223,Garage/Carport,2025-05-21 00:00:00,Residential,Garage/Carport/Accessory Structure,20000,0,0,,"2220 ELPHINSTONE STREET, REGINA, SK S4T3N8",Address,Old 33,REILLYS CONSTRUCTION LTD.,Contractor,"110-Single House, single detached home, bungalow, linked home (linked at the foundation), single family dwelling"
PRMU202500066,Multi-Unit Dwelling 3+ Units,2025-05-21 00:00:00,Residential,New construction,472780,3,2,,"2961 WELBY WAY, REGINA, SK S4V4A2 | 2965 WELBY WAY, REGINA, SK S4V4A2 | 2969 WELBY WAY, REGINA, SK S4V4A2",Address,The Towns,ROHIT COMMUNITIES INC.,Contractor,"330-Row House, garden home, town house, carriage home, quadrex"
PRPO202501161,Pool,2025-05-21 00:00:00,Residential,Swimming pool,1000,0,0,,"104 TREMAINE AVENUE, REGINA, SK S4R6S4",Address,Walsh Acres,REDACTED,Property Owner,"110-Single House, single detached home, bungalow, linked home (linked at the foundation), single family dwelling"
PRRN202500584,Renovation/Alteration,2025-05-21 00:00:00,Residential,Alteration and improvements,20000,0,0,,"2802 E STAPLES BAY, REGINA, SK S4V1W7",Address,Wood Meadows,REDACTED,Property Owner,"110-Single House, single detached home, bungalow, linked home (linked at the foundation), single family dwelling"
PRSF202500024,Single/Semi-Detached Dwelling 1-2 units,2025-05-21 00:00:00,Residential,New construction,320100,2,2,,"2953 WELBY WAY, REGINA, SK S4V4A2 | 2957 WELBY WAY, REGINA, SK S4V4A2",Address,The Towns,ROHIT COMMUNITIES,Contractor,"210-Semi-Detached or Double House, single attached home"
PRSF202501027,Single/Semi-Detached Dwelling 1-2 units,2025-05-21 00:00:00,Residential,New construction,250000,1,2,,"3177 GREEN STONE ROAD, REGINA, SK S4V3R8",Address,The Towns,CITY OF REGINA,Property Owner,"110-Single House, single detached home, bungalow, linked home (linked at the foundation), single family dwelling"
PRSF202501067,Single/Semi-Detached Dwelling 1-2 units,2025-05-21 00:00:00,Residential,New construction,580400,1,2,,"5301 E NICHOLSON AVENUE, REGINA, SK S4V4B3",Address,The Towns,DREAM TOWNS LANDS SOUTH (GP) INC.,Property Owner,"110-Single House, single detached home, bungalow, linked home (linked at the foundation), single family dwelling"
PRSF202501147,Single/Semi-Detached Dwelling 1-2 units,2025-05-21 00:00:00,Residential,New construction,157300,1,2,,3092 DUMONT WAY,Address,The Towns,CITY OF REGINA,Property Owner,"110-Single House, single detached home, bungalow, linked home (linked at the foundation), single family dwelling"
PRSF202501148,Single/Semi-Detached Dwelling 1-2 units,2025-05-21 00:00:00,Residential,New construction,157300,1,2,,3090 DUMONT WAY,Address,The Towns,CITY OF REGINA,Property Owner,"110-Single House, single detached home, bungalow, linked home (linked at the foundation), single family dwelling"
PRSS202500726,Secondary Suite,2025-05-21 00:00:00,Residential,Alteration and improvements,40000,1,0,,"115 VERNON CRESCENT, REGINA, SK S4R7S8",Address,Argyle Park,REDACTED,Property Owner,"110-Single House, single detached home, bungalow, linked home (linked at the foundation), single family dwelling"
PRBS202500833,Basement Development,2025-05-22 00:00:00,Residential,Alteration and improvements,10000,0,0,,"3315 GREEN SANDCHERRY STREET, REGINA, SK S4V3M2",Address,The Greens on Gardiner,REDACTED,Property Owner,"210-Semi-Detached or Double House, single attached home"
PRBS202501257,Basement Development,2025-05-22 00:00:00,Residential,Alteration and improvements,22000,0,0,,"3253 GREEN STONE ROAD, REGINA, SK S4V3R4",Address,The Towns,REDACTED,Property Owner,"210-Semi-Detached or Double House, single attached home"
PRDE202500974,Demolition,2025-05-22 00:00:00,Residential,Demolition,500,0,0,,"4633 7TH AVENUE, REGINA, SK S4T0R4",Address,Belvedere,REDACTED,Property Owner,"110-Single House, single detached home, bungalow, linked home (linked at the foundation), single family dwelling"
PRDK202501166,Deck/Sunroom,2025-05-22 00:00:00,Residential,Addition to existing building commercial & residential,2000,0,0,,"75 ROTHWELL CRESCENT, REGINA, SK S4N1R5",Address,Rothwell Place,REDACTED,Property Owner,"110-Single House, single detached home, bungalow, linked home (linked at the foundation), single family dwelling"
PRDK202501188,Deck/Sunroom,2025-05-22 00:00:00,Residential,New,2000,0,0,,"4044 DELHAYE WAY, REGINA, SK S4W0N3",Address,Harbour Landing,REDACTED,Property Owner,"110-Single House, single detached home, bungalow, linked home (linked at the foundation), single family dwelling"
PRDK202501192,Deck/Sunroom,2025-05-22 00:00:00,Residential,Alteration and improvements,7000,0,0,,"3332 FAVEL DRIVE, REGINA, SK S4V4A9",Address,The Towns,LUCKY LINKS BUILDING SERVICES LTD. - LUCKY ALUGE,Contractor,"110-Single House, single detached home, bungalow, linked home (linked at the foundation), single family dwelling"
PRDK202501193,Deck/Sunroom,2025-05-22 00:00:00,Residential,Alteration and improvements,4000,0,0,,"4720 E BUCKINGHAM DRIVE, REGINA, SK S4V3X8",Address,The Towns,LUCKY LINKS BUILDING SERVICES LTD. - LUCKY ALUGE,Contractor,"110-Single House, single detached home, bungalow, linked home (linked at the foundation), single family dwelling"
PRDK202501205,Deck/Sunroom,2025-05-22 00:00:00,Residential,Alteration and improvements,8000,0,0,,"4661 E MUTRIE CRESCENT, REGINA, SK S4V3Y3",Address,The Towns,HONG YARD SOLUTIONS,Contractor,"210-Semi-Detached or Double House, single attached home"
PRFR202501194,Foundation Repair,2025-05-22 00:00:00,Residential,Alteration and improvements,65000,0,0,,"620 E INVER CRESCENT, REGINA, SK S4N2K6",Address,Douglas Place,RAMJACK SASKATCHEWAN,Contractor,"110-Single House, single detached home, bungalow, linked home (linked at the foundation), single family dwelling"
PRFR202501226,Foundation Repair,2025-05-22 00:00:00,Residential,Alteration and improvements,8600,0,0,,"1757 OTTAWA STREET, REGINA, SK S4P1P3",Address,Old 33,REDACTED,Property Owner,"110-Single House, single detached home, bungalow, linked home (linked at the foundation), single family dwelling"
PRPO202501168,Pool,2025-05-22 00:00:00,Residential,Swimming pool,5000,0,0,,"218 ROGERS ROAD, REGINA, SK S4S7C4",Address,Albert Park,REDACTED,Property Owner,"110-Single House, single detached home, bungalow, linked home (linked at the foundation), single family dwelling"
PRRN202500347,Renovation/Alteration,2025-05-22 00:00:00,Commercial,Other,45000,0,0,,"1827 ALBERT STREET, REGINA, SK S4P2S9",Address,Old 33,ANDERSON BUILDERS GROUP 1989 INC,Contractor,"650-Day care, nursing home, rest home, home for the blind, charitable home, detoxification center"
PRRN202501023,Renovation/Alteration,2025-05-22 00:00:00,Residential,Alteration and improvements,50000,0,0,,"5012 QUEEN STREET, REGINA, SK S4S6Z9",Address,Albert Park,COLLABORATIVE CONSTRUCTION,Contractor,"310-Apartment, apartment building, duplex, triplex, quadruple"
PRRN202501210,Renovation/Alteration,2025-05-22 00:00:00,Residential,Alteration and improvements,3716,0,0,,"2843 KUTARNA CRESCENT, REGINA, SK S4V0S9",Address,Wood Meadows,PRAIRIE BOYS SPRAY FOAM - CODY GLIDDON,Contractor,"110-Single House, single detached home, bungalow, linked home (linked at the foundation), single family dwelling"
PRSF202500359,Single/Semi-Detached Dwelling 1-2 units,2025-05-22 00:00:00,Residential,New construction,313170,2,2,,"2933 WELBY WAY, REGINA, SK S4V4A2 | 2937 WELBY WAY, REGINA, SK S4V4A2",Address,The Towns,ROHIT COMMUNITIES INC.,Contractor,"210-Semi-Detached or Double House, single attached home"
PRSF202500992,Single/Semi-Detached Dwelling 1-2 units,2025-05-22 00:00:00,Residential,New construction,250000,2,2,,"2122 MCARA STREET, REGINA, SK S4N2V8",Address,Broders Annex,TURK CONSTRUCTION - MATT,Contractor,"110-Single House, single detached home, bungalow, linked home (linked at the foundation), single family dwelling"
PRSF202501195,Single/Semi-Detached Dwelling 1-2 units,2025-05-22 00:00:00,Residential,New construction,250000,2,2,,"5509 WATERER ROAD, REGINA, SK S4W0N2",Address,Harbour Landing,CRAWFORD HOMES (1991) LTD.,Property Owner,"110-Single House, single detached home, bungalow, linked home (linked at the foundation), single family dwelling"
PRSS202501038,Secondary Suite,2025-05-22 00:00:00,Residential,Addition to existing building commercial & residential,40000,1,0,,"5513 E NICHOLSON AVENUE, REGINA, SK S4V4B1",Address,The Towns,FIRST CALL CONSTRUCTION,Contractor,"110-Single House, single detached home, bungalow, linked home (linked at the foundation), single family dwelling"
PRSS202501077,Secondary Suite,2025-05-22 00:00:00,Residential,Addition to existing building commercial & residential,30000,1,0,,"2729 ABBOTT ROAD, REGINA, SK S4N2J7",Address,Assiniboia East,REDACTED,Property Owner,"110-Single House, single detached home, bungalow, linked home (linked at the foundation), single family dwelling"
PRSS202501132,Secondary Suite,2025-05-22 00:00:00,Residential,Other,40000,1,0,,"3364 FAVEL DRIVE, REGINA, SK S4V4A9",Address,The Towns,FIRST CALL CONSTRUCTION,Contractor,"110-Single House, single detached home, bungalow, linked home (linked at the foundation), single family dwelling"
PRDK202501255,Deck/Sunroom,2025-05-23 00:00:00,Residential,Alteration and improvements,8000,0,0,,"3017 BELLEGARDE CRESCENT, REGINA, SK S4V3W3",Address,The Towns,LUCKY LINKS BUILDING SERVICES LTD. - LUCKY ALUGE,Contractor,"110-Single House, single detached home, bungalow, linked home (linked at the foundation), single family dwelling"
PRDK202501256,Deck/Sunroom,2025-05-23 00:00:00,Residential,Alteration and improvements,3065,0,0,,"835 N HAYWORTH CRESCENT, REGINA, SK S4X1X8",Address,Sherwood Estates,REDACTED,Property Owner,"110-Single House, single detached home, bungalow, linked home (linked at the foundation), single family dwelling"
PRFR202500908,Foundation Repair,2025-05-23 00:00:00,Residential,Alteration and improvements,29000,0,0,,"4212 CASTLE ROAD, Unit:M, REGINA, SK S4S4W1",Address,Whitmore Park,RSR CONSTRUCTION - ADRIAN KASICK,Contractor,335-Row House - Condominium
PRFR202500910,Foundation Repair,2025-05-23 00:00:00,Residential,Alteration and improvements,9000,0,0,,"4212 CASTLE ROAD, Unit:I, REGINA, SK S4S4W1",Address,Whitmore Park,RSR CONSTRUCTION - ADRIAN KASICK,Contractor,335-Row House - Condominium
PRMH202501307,Plumbing,2025-05-23 00:00:00,Residential,Mechanical,5820.84,0,0,,"2512 WASCANA STREET, REGINA, SK S4S0L6",Address,River Heights,REDACTED,Property Owner,"110-Single House, single detached home, bungalow, linked home (linked at the foundation), single family dwelling"
PRPO202500997,Pool,2025-05-23 00:00:00,Residential,Swimming pool,110000,0,0,,"4412 WILD ROSE DRIVE, REGINA, SK S4V3V6",Address,The Creeks,ELLIS POOLS & CONST. LTD.,Contractor,"110-Single House, single detached home, bungalow, linked home (linked at the foundation), single family dwelling"
PRRN202501209,Renovation/Alteration,2025-05-23 00:00:00,Residential,Alteration and improvements,8000,0,0,,"1033 EDGAR STREET, Unit:30, REGINA, SK S4N3J5",Address,Eastern Annex,REDACTED,Property Owner,335-Row House - Condominium
PRRN202501235,Renovation/Alteration,2025-05-23 00:00:00,Residential,Alteration and improvements,6000,0,0,,"332 HABKIRK DRIVE, REGINA, SK S4S6A8",Address,Albert Park,SDM RENOS & SERVICES,Contractor,"110-Single House, single detached home, bungalow, linked home (linked at the foundation), single family dwelling"
PRSS202501100,Secondary Suite,2025-05-23 00:00:00,Residential,Addition to existing building commercial & residential,40000,1,0,,"2949 BELLEGARDE CRESCENT, REGINA, SK S4V3X7",Address,The Towns,CRAWFORD HOMES (EBUILD),Contractor,"110-Single House, single detached home, bungalow, linked home (linked at the foundation), single family dwelling"
PRBS202501252,Basement Development,2025-05-26 00:00:00,Residential,Alteration and improvements,20000,0,0,,"2344 MACKAY STREET, REGINA, SK S4N2T1",Address,Broders Annex,BOUSS CONSTRUCTION INC.,Property Owner,"110-Single House, single detached home, bungalow, linked home (linked at the foundation), single family dwelling"
PRBS202501258,Basement Development,2025-05-26 00:00:00,Residential,Alteration and improvements,35000,0,0,,"225 FOXTAIL STREET, REGINA, SK S4Y0B1",Address,Fairways West,REDACTED,Property Owner,"110-Single House, single detached home, bungalow, linked home (linked at the foundation), single family dwelling"
PRDK202501215,Deck/Sunroom,2025-05-26 00:00:00,Residential,New,4293.69,0,0,,"4748 E BUCKINGHAM DRIVE, REGINA, SK S4V3X8",Address,The Towns,REDACTED,Property Owner,"110-Single House, single detached home, bungalow, linked home (linked at the foundation), single family dwelling"
PRDK202501232,Deck/Sunroom,2025-05-26 00:00:00,Residential,Addition to existing building commercial & residential,7000,0,0,,"4725 E KAUFMAN AVENUE, REGINA, SK S4V3Y4",Address,The Towns,PIVOT CONSTRUCTION,Contractor,"210-Semi-Detached or Double House, single attached home"
PRFR202500862,Foundation Repair,2025-05-26 00:00:00,Residential,Alteration and improvements,50000,0,0,,"3064 GRANT ROAD, REGINA, SK S4S5G7",Address,Whitmore Park,GCA CONSTRUCTION,Contractor,"110-Single House, single detached home, bungalow, linked home (linked at the foundation), single family dwelling"
PRMU202500104,Multi-Unit Dwelling 3+ Units,2025-05-26 00:00:00,Residential,New construction,472780,3,2,,"2921 WELBY WAY, REGINA, SK S4V4A4 | 2925 WELBY WAY, REGINA, SK S4V4A4 | 2929 WELBY WAY, REGINA, SK S4V4A4",Address,The Towns,ROHIT COMMUNITIES INC.,Contractor,"330-Row House, garden home, town house, carriage home, quadrex"
PRRN202500813,Renovation/Alteration,2025-05-26 00:00:00,Residential,Alteration and improvements,5800,0,0,,"2730 FLEURY STREET, REGINA, SK S4N2M4",Address,Assiniboia East,REDACTED,Property Owner,"110-Single House, single detached home, bungalow, linked home (linked at the foundation), single family dwelling"
PRRN202500842,Renovation/Alteration,2025-05-26 00:00:00,Residential,Alteration and improvements,150000,0,0,,"187 PETERSMEYER STREET, REGINA, SK S4R8K9",Address,Englewood,PROSTRUCT DEVELOPMENTS INC,Contractor,"110-Single House, single detached home, bungalow, linked home (linked at the foundation), single family dwelling"
PRRN202501241,Renovation/Alteration,2025-05-26 00:00:00,Residential,Alteration and improvements,34481.76,0,0,,"2605 EDWARD STREET, REGINA, SK S4S0N2",Address,River Heights,OAKRIDGE REMODELING LTD,Contractor,"110-Single House, single detached home, bungalow, linked home (linked at the foundation), single family dwelling"
PRRN202501244,Renovation/Alteration,2025-05-26 00:00:00,Residential,Alteration and improvements,800,0,0,,"5508 CHESTER PLACE, REGINA, SK S4X4G4",Address,Lakeridge,REDACTED,Property Owner,"110-Single House, single detached home, bungalow, linked home (linked at the foundation), single family dwelling"
PRRN202501271,Renovation/Alteration,2025-05-26 00:00:00,Residential,Alteration and improvements,10000,0,0,,"3644 ANSON STREET, REGINA, SK S4S2J3",Address,Lakeview South,REDACTED,Property Owner,"110-Single House, single detached home, bungalow, linked home (linked at the foundation), single family dwelling"
PRSF202501037,Single/Semi-Detached Dwelling 1-2 units,2025-05-26 00:00:00,Residential,New construction,900000,2,2,,"2809 ROCHDALE BOULEVARD, REGINA, SK S4X0N1 | 2813 ROCHDALE BOULEVARD, REGINA, SK S4X0N1",Address,Hawkstone,VARSITY HOMES LTD.,Contractor,"210-Semi-Detached or Double House, single attached home"
PRSF202501081,Single/Semi-Detached Dwelling 1-2 units,2025-05-26 00:00:00,Residential,New construction,400000,1,2,,"5233 MITCHINSON WAY, REGINA, SK S4W0G8",Address,Harbour Landing,FOUR SEASONS CONSTRUCTION AND RENOVATIONS INC.,Contractor,"110-Single House, single detached home, bungalow, linked home (linked at the foundation), single family dwelling"
PRSS202501096,Secondary Suite,2025-05-26 00:00:00,Residential,Addition to existing building commercial & residential,50000,1,0,,"4845 FERNDALE CRESCENT, REGINA, SK S4V4A3",Address,The Towns,LUCKY LINKS BUILDING SERVICES LTD. - LUCKY ALUGE,Contractor,"110-Single House, single detached home, bungalow, linked home (linked at the foundation), single family dwelling"
PRBS202500797,Basement Development,2025-05-27 00:00:00,Residential,Alteration and improvements,22000,0,0,,"1801 GRANT DRIVE, REGINA, SK S4S4V5",Address,Whitmore Park,OAKRIDGE REMODELING LTD,Contractor,"110-Single House, single detached home, bungalow, linked home (linked at the foundation), single family dwelling"
PRDE202500147,Demolition,2025-05-27 00:00:00,Residential,Demolition,4000,,,1,"629 ROYAL STREET, REGINA, SK S4T4Z3",Address,Transcona,OLSON BUILDERS LTD.,Property Owner,"110-Single House, single detached home, bungalow, linked home (linked at the foundation), single family dwelling"
PRDE202501173,Demolition,2025-05-27 00:00:00,Residential,Demolition,7500,0,0,1,"1400 E 12TH AVENUE, Unit:17 ROW B, REGINA, SK S4N0M6",Address,Glencairn,S & T PROPERTY MAINTENANCE - SEAN THOMSON,Contractor,130-Mobile Home
PRDE202501217,Demolition,2025-05-27 00:00:00,Residential,Demolition,1998,0,0,0,"1625 TORONTO STREET, REGINA, SK S4P1M3",Address,Old 33,REDACTED,Property Owner,"110-Single House, single detached home, bungalow, linked home (linked at the foundation), single family dwelling"
PRDE202501219,Demolition,2025-05-27 00:00:00,Residential,Demolition,7500,0,0,1,"1400 E 12TH AVENUE, Unit:27 ROW C, REGINA, SK S4N0M6",Address,Glencairn,S & T PROPERTY MAINTENANCE - SEAN THOMSON,Contractor,115-Single House - Condominium
PRDE202501220,Demolition,2025-05-27 00:00:00,Residential,Demolition,7500,0,0,1,"1400 E 12TH AVENUE, Unit:39 ROW C, REGINA, SK S4N0M6",Address,Glencairn,S & T PROPERTY MAINTENANCE - SEAN THOMSON,Contractor,130-Mobile Home
PRDE202501228,Demolition,2025-05-27 00:00:00,Residential,Demolition,7500,0,0,1,"1400 E 12TH AVENUE, Unit:1 ROW B, REGINA, SK S4N0M6",Address,Glencairn,S & T PROPERTY MAINTENANCE - SEAN THOMSON,Contractor,130-Mobile Home
PRDE202501262,Demolition,2025-05-27 00:00:00,Residential,Demolition,0,0,0,0,"343 N HALIFAX STREET, REGINA, SK S4R2X1",Address,Churchill Place,SERBU SAND & GRAVEL LTD,Contractor,"110-Single House, single detached home, bungalow, linked home (linked at the foundation), single family dwelling"
PRDE202501267,Demolition,2025-05-27 00:00:00,Residential,Demolition,0,0,0,0,"449 OTTAWA STREET, REGINA, SK S4R1N8",Address,North Annex,REDACTED,Property Owner,"110-Single House, single detached home, bungalow, linked home (linked at the foundation), single family dwelling"
PRDK202501275,Deck/Sunroom,2025-05-27 00:00:00,Residential,Alteration and improvements,8000,0,0,,"3228 CROSBIE CRESCENT, REGINA, SK S4V3S4",Address,The Towns,REDACTED,Property Owner,"110-Single House, single detached home, bungalow, linked home (linked at the foundation), single family dwelling"
PRDK202501311,Deck/Sunroom,2025-05-27 00:00:00,Residential,Alteration and improvements,7000,0,0,,"117 CHAMPLAIN DRIVE, REGINA, SK S4S4Z1",Address,Whitmore Park,REDACTED,Property Owner,"110-Single House, single detached home, bungalow, linked home (linked at the foundation), single family dwelling"
PRFR202501253,Foundation Repair,2025-05-27 00:00:00,Residential,Alteration and improvements,3800,0,0,,"4508 ENGLAND ROAD, REGINA, SK S4R4P5",Address,Regent Park,COLOSSAL FOUNDATION REPAIR INC.,Contractor,"110-Single House, single detached home, bungalow, linked home (linked at the foundation), single family dwelling"
PRFR202501270,Foundation Repair,2025-05-27 00:00:00,Residential,Alteration and improvements,4150,0,0,,"161 MCDOUGALL CRESCENT, REGINA, SK S4S5M6",Address,Whitmore Park,AAA SOLID FOUNDATION,Contractor,"110-Single House, single detached home, bungalow, linked home (linked at the foundation), single family dwelling"
PRFR202501284,Foundation Repair,2025-05-27 00:00:00,Residential,Alteration and improvements,5400,0,0,,"3066 HARDING STREET, REGINA, SK S4V1N6",Address,Gardiner Heights,AAA SOLID FOUNDATION,Contractor,"110-Single House, single detached home, bungalow, linked home (linked at the foundation), single family dwelling"
PRFR202501296,Foundation Repair,2025-05-27 00:00:00,Residential,Alteration and improvements,3470,0,0,,"240 HANLEY CRESCENT, REGINA, SK S4R5B1",Address,Normanview,AAA SOLID FOUNDATION,Contractor,"110-Single House, single detached home, bungalow, linked home (linked at the foundation), single family dwelling"
PRFR202501308,Foundation Repair,2025-05-27 00:00:00,Residential,Alteration and improvements,5700,0,0,,"60 PRICE CRESCENT, REGINA, SK S4R6R8",Address,Walsh Acres,JS GROUP OF COMPANIES,Contractor,"110-Single House, single detached home, bungalow, linked home (linked at the foundation), single family dwelling"
PRFR202501322,Foundation Repair,2025-05-27 00:00:00,Residential,Alteration and improvements,5000,0,0,,"2176 MCARA STREET, REGINA, SK S4N2V8",Address,Broders Annex,ISH'S CONSTRUCTION INC.,Contractor,"110-Single House, single detached home, bungalow, linked home (linked at the foundation), single family dwelling"
PRGA202500535,Garage/Carport,2025-05-27 00:00:00,Residential,Garage/Carport/Accessory Structure,55000,0,0,,"143 N PASQUA STREET, REGINA, SK S4R4N2",Address,Coronation Park N.,REDACTED,Property Owner,"110-Single House, single detached home, bungalow, linked home (linked at the foundation), single family dwelling"
PRGA202501295,Garage/Carport,2025-05-27 00:00:00,Residential,Garage/Carport/Accessory Structure,30000,0,0,,"18 COLEMAN CRESCENT, REGINA, SK S4N5J5",Address,Glencairn Village,REDACTED,Property Owner,"110-Single House, single detached home, bungalow, linked home (linked at the foundation), single family dwelling"
PRRN202500895,Renovation/Alteration,2025-05-27 00:00:00,Residential,Alteration and improvements,150000,0,0,,"4040 4TH AVENUE, REGINA, SK S4T0H5",Address,Windsor Place,REDACTED,Property Owner,"110-Single House, single detached home, bungalow, linked home (linked at the foundation), single family dwelling"
PRRN202500955,Renovation/Alteration,2025-05-27 00:00:00,Commercial,Alteration and improvements,2000,,,,"450 N ALBERT STREET, REGINA, SK S4R3C1",Address,Coronation Park N.,NORAD ENTERPRISES LTD.,Property Owner,"512-Retail complex; plaza, mall, shopping centre, store/office building"
PRRN202500989,Renovation/Alteration,2025-05-27 00:00:00,Commercial,Alteration,20000,0,0,,"2625 29TH AVENUE, REGINA, SK S4S2N9",Address,Parliament Place,102025755 SASKATCHEWAN CORP.,Property Owner,"560-Indoor recreational building; sports complex, tennis court and squash, community center, arena, curling club, swimming pool"
PRSF202501264,Single/Semi-Detached Dwelling 1-2 units,2025-05-27 00:00:00,Residential,New construction,250000,2,2,,"2964 KAUFMAN WAY, REGINA, SK S4V3Z5",Address,The Towns,CRAWFORD HOMES (1991) LTD.,Property Owner,"110-Single House, single detached home, bungalow, linked home (linked at the foundation), single family dwelling"
PRSF202501298,Single/Semi-Detached Dwelling 1-2 units,2025-05-27 00:00:00,Residential,New construction,182710,1,2,,3040 DUMONT WAY,Address,The Towns,CITY OF REGINA,Property Owner,"110-Single House, single detached home, bungalow, linked home (linked at the foundation), single family dwelling"
PRTN202501327,Tent / Temporary Structure,2025-05-27 00:00:00,Institutional,Other,4000,,,,2350 LAKESHORE DRIVE,Address,Wascana Park,A1-RENT ALLS - DESIREE WRIGHT,Contractor,Not Applicable
PRAD202501117,Addition,2025-05-28 00:00:00,Commercial,Addition to existing building commercial & residential,705680,0,0,,"1720 E ROSS AVENUE, REGINA, SK S4N7A3",Address,Industrial Ross,BBK ENGINEERING - DUSTIN SHEWCHUK,Contractor,"460-Storage building; warehouse (for storage purposes only), industrial mall, grain elevator, locker rental, silo, quonset, refrigerated storage terminal"
PRDE202501237,Demolition,2025-05-28 00:00:00,Residential,Demolition,0,0,0,,"1551 ROTHWELL STREET, REGINA, SK S4N2B5",Address,Glen Elm Park,ALHERS CONSTRUCTION SERVICES LTD,Contractor,"110-Single House, single detached home, bungalow, linked home (linked at the foundation), single family dwelling"
PRDE202501272,Demolition,2025-05-28 00:00:00,Residential,Garage/Carport/Accessory Structure,40000,0,0,,"10 BASIN CRESCENT, REGINA, SK S4R7T1",Address,Uplands,REDACTED,Property Owner,"110-Single House, single detached home, bungalow, linked home (linked at the foundation), single family dwelling"
PRDE202501288,Demolition,2025-05-28 00:00:00,Residential,Demolition,1500,0,0,,"1427 WASCANA STREET, REGINA, SK S4T4J6",Address,Old 33,REDACTED,Property Owner,"110-Single House, single detached home, bungalow, linked home (linked at the foundation), single family dwelling"
PRDK202501137,Deck/Sunroom,2025-05-28 00:00:00,Residential,Alteration and improvements,10000,0,0,,"2331 MCLURG CRESCENT, REGINA, SK S4V2N3",Address,Wood Meadows,SUNCOAST ENCLOSURES,Contractor,"110-Single House, single detached home, bungalow, linked home (linked at the foundation), single family dwelling"
PRDK202501204,Deck/Sunroom,2025-05-28 00:00:00,Residential,Alteration and improvements,9000,0,0,,"5619 VEDETTE ROAD, REGINA, SK S4W0R1",Address,Harbour Landing,REDACTED,Property Owner,"110-Single House, single detached home, bungalow, linked home (linked at the foundation), single family dwelling"
PRFR202500977,Foundation Repair,2025-05-28 00:00:00,Residential,Alteration and improvements,1450,0,0,,"1122 QUEEN STREET, REGINA, SK S4T4B2",Address,Old 33,AAA SOLID FOUNDATION,Contractor,"110-Single House, single detached home, bungalow, linked home (linked at the foundation), single family dwelling"
PRFR202501302,Foundation Repair,2025-05-28 00:00:00,Residential,Alteration and improvements,8000,0,0,,"11 LIPTON PLACE, REGINA, SK S4R3T5",Address,Regent Park,COLOSSAL CONSTRUCTION,Contractor,"110-Single House, single detached home, bungalow, linked home (linked at the foundation), single family dwelling"
PRFR202501326,Foundation Repair,2025-05-28 00:00:00,Residential,Alteration and improvements,26555,0,0,,"2710 ARGYLE STREET, REGINA, SK S4S0K6",Address,Normandy Heights,REGINA BASEMENT BRACING - COLE CROWLEY,Contractor,"110-Single House, single detached home, bungalow, linked home (linked at the foundation), single family dwelling"
PRFR202501365,Foundation Repair,2025-05-28 00:00:00,Residential,Alteration and improvements,2100,0,0,,"52 LORIMER CRESCENT, REGINA, SK S4R3Y2",Address,Coronation Park N.,AAA SOLID FOUNDATION,Contractor,"110-Single House, single detached home, bungalow, linked home (linked at the foundation), single family dwelling"
PRGA202500867,Garage/Carport,2025-05-28 00:00:00,Residential,Garage/Carport/Accessory Structure,90000,0,0,,"836 HORACE STREET, REGINA, SK S4T5K8",Address,Rosemont North,SVC CONSTRUCTION & GENERAL CONTRACTING LTD.,Contractor,"110-Single House, single detached home, bungalow, linked home (linked at the foundation), single family dwelling"
PRGA202501094,Garage/Carport,2025-05-28 00:00:00,Residential,Garage/Carport/Accessory Structure,32500,0,0,,"2324 RAE STREET, REGINA, SK S4T2G2",Address,Old 33,REDACTED,Property Owner,"110-Single House, single detached home, bungalow, linked home (linked at the foundation), single family dwelling"
PRRN202501165,Renovation/Alteration,2025-05-28 00:00:00,Residential,Alteration and improvements,40000,0,0,,"731 CONNAUGHT STREET, REGINA, SK S4T4S5",Address,Balbriggan Place,BOUSS CONSTRUCTION INC.,Property Owner,"110-Single House, single detached home, bungalow, linked home (linked at the foundation), single family dwelling"
PRRN202501251,Renovation/Alteration,2025-05-28 00:00:00,Residential,Alteration and improvements,40000,0,0,,"2344 MACKAY STREET, REGINA, SK S4N2T1",Address,Broders Annex,BOUSS CONSTRUCTION INC.,Property Owner,"110-Single House, single detached home, bungalow, linked home (linked at the foundation), single family dwelling"
PRRN202501266,Renovation/Alteration,2025-05-28 00:00:00,Residential,Alteration and improvements,4000,0,0,,"1226 N GELSINGER PLACE, REGINA, SK S4X4K2",Address,Lakeridge,REDACTED,Property Owner,"110-Single House, single detached home, bungalow, linked home (linked at the foundation), single family dwelling"
PRSF202501001,Single/Semi-Detached Dwelling 1-2 units,2025-05-28 00:00:00,Residential,New construction,480000,1,2,,"3099 DUMONT WAY, REGINA, SK *",Address,The Towns,101301324 SASKATCHEWAN LTD.,Contractor,"110-Single House, single detached home, bungalow, linked home (linked at the foundation), single family dwelling"
PRAD202500891,Addition,2025-06-02 00:00:00,Commercial,Addition to existing building commercial & residential,1181697,,,,"5125 E GREEN BROOKS WAY, REGINA, SK S4V3M4",Address,The Greens on Gardiner,CITY OF REGINA,Property Owner,"620-Elementary school, kindergarten"
PRBS202501348,Basement Development,2025-05-29 00:00:00,Residential,New,50000,0,0,,"4741 PADWICK AVENUE, REGINA, SK S4W0C4",Address,Harbour Landing,"BMW CONTRACTING LIMITED., - BRANDON WEINBERGER",Contractor,"110-Single House, single detached home, bungalow, linked home (linked at the foundation), single family dwelling"
PRBS202501385,Basement Development,2025-06-04 00:00:00,Residential,Alteration and improvements,25000,0,0,,"5401 E NICHOLSON AVENUE, REGINA, SK S4V4B3",Address,The Towns,REDACTED,Property Owner,"110-Single House, single detached home, bungalow, linked home (linked at the foundation), single family dwelling"
PRDE202500714,Demolition,2025-06-04 00:00:00,Residential,Demolition,47335.68,,,1,"1818 TORONTO STREET, REGINA, SK S4P1M6",Address,Old 33,FIRST CHOICE EXCAVATION & DEMOLITION,Contractor,"110-Single House, single detached home, bungalow, linked home (linked at the foundation), single family dwelling"
PRDE202501301,Demolition,2025-06-03 00:00:00,Residential,Demolition,28300,0,0,1,"1656 ATHOL STREET, REGINA, SK S4T3E1",Address,Old 33,REDACTED,Property Owner,"110-Single House, single detached home, bungalow, linked home (linked at the foundation), single family dwelling"
PRDE202501313,Demolition,2025-06-01 00:00:00,Residential,Demolition,1800,0,0,,"1160 RAE STREET, REGINA, SK S4T2B8",Address,Old 33,REDACTED,Property Owner,"110-Single House, single detached home, bungalow, linked home (linked at the foundation), single family dwelling"
PRDE202501324,Demolition,2025-06-03 00:00:00,Residential,Demolition,22000,0,0,1,"1136 QUEEN STREET, REGINA, SK S4T4B2",Address,Old 33,REDACTED,Property Owner,"110-Single House, single detached home, bungalow, linked home (linked at the foundation), single family dwelling"
PRDK202501254,Deck/Sunroom,2025-06-04 00:00:00,Residential,Alteration and improvements,4000,0,0,,"4716 E BUCKINGHAM DRIVE, REGINA, SK S4V3X8",Address,The Towns,REDACTED,Property Owner,"110-Single House, single detached home, bungalow, linked home (linked at the foundation), single family dwelling"
PRDK202501292,Deck/Sunroom,2025-06-01 00:00:00,Residential,Addition to existing building commercial & residential,5000,0,0,,"4729 E KAUFMAN AVENUE, REGINA, SK S4V3Y4",Address,The Towns,REDACTED,Property Owner,"330-Row House, garden home, town house, carriage home, quadrex"
PRDK202501328,Deck/Sunroom,2025-05-29 00:00:00,Residential,Alteration and improvements,7000,0,0,,"2969 GREEN STONE ROAD, REGINA, SK S4V3Z7",Address,The Towns,PIVOT CONSTRUCTION,Contractor,"330-Row House, garden home, town house, carriage home, quadrex"
PRDK202501342,Deck/Sunroom,2025-05-29 00:00:00,Residential,Alteration and improvements,25000,0,0,,"207 ROGERS ROAD, REGINA, SK S4S7C3",Address,Albert Park,REDACTED,Property Owner,"110-Single House, single detached home, bungalow, linked home (linked at the foundation), single family dwelling"
PRDK202501353,Deck/Sunroom,2025-06-02 00:00:00,Residential,New,4430,0,0,,"2999 GREEN STONE ROAD, REGINA, SK S4V3Z7",Address,The Towns,REDACTED,Property Owner,"330-Row House, garden home, town house, carriage home, quadrex"
PRDK202501354,Deck/Sunroom,2025-06-02 00:00:00,Residential,Alteration and improvements,7000,0,0,,"4033 DELHAYE WAY, REGINA, SK S4W0N3",Address,Harbour Landing,REDACTED,Property Owner,"110-Single House, single detached home, bungalow, linked home (linked at the foundation), single family dwelling"
PRDK202501390,Deck/Sunroom,2025-06-04 00:00:00,Residential,Alteration and improvements,5160,0,0,,"3410 FOSTER BAY, REGINA, SK S4S7C1",Address,Albert Park,REDACTED,Property Owner,"110-Single House, single detached home, bungalow, linked home (linked at the foundation), single family dwelling"
PRFR202500909,Foundation Repair,2025-06-04 00:00:00,Residential,Alteration and improvements,19000,0,0,,"4212 CASTLE ROAD, Unit:L, REGINA, SK S4S4W1",Address,Whitmore Park,RSR CONSTRUCTION,Contractor,335-Row House - Condominium
PRFR202501359,Foundation Repair,2025-05-29 00:00:00,Residential,Alteration and improvements,8500,0,0,,"1618 E LEE PLACE, REGINA, SK S4V0S7",Address,Gardiner Park,TECHNIQUE CONSTRUCTION INC. - KEVIN WASSILL,Contractor,"110-Single House, single detached home, bungalow, linked home (linked at the foundation), single family dwelling"
PRFR202501364,Foundation Repair,2025-05-29 00:00:00,Residential,Alteration and improvements,5770,0,0,,"68 HUDSON DRIVE, REGINA, SK S4S2W6",Address,Parliament Place,AAA SOLID FOUNDATION,Contractor,"110-Single House, single detached home, bungalow, linked home (linked at the foundation), single family dwelling"
PRFR202501393,Foundation Repair,2025-05-29 00:00:00,Residential,Alteration and improvements,6000,0,0,,"3430 PORTNALL AVENUE, REGINA, SK S4S1A8",Address,Lakeview Centre,JS GROUP OF COMPANIES,Contractor,"110-Single House, single detached home, bungalow, linked home (linked at the foundation), single family dwelling"
PRFR202501399,Foundation Repair,2025-06-02 00:00:00,Residential,Alteration and improvements,22000,0,0,,"1018 DOWNEY CRESCENT, REGINA, SK S4N5V1",Address,Glencairn Village,REDACTED,Property Owner,"110-Single House, single detached home, bungalow, linked home (linked at the foundation), single family dwelling"
PRFR202501416,Foundation Repair,2025-06-03 00:00:00,Residential,Alteration and improvements,20000,0,0,,"43 HODGES CRESCENT, REGINA, SK S4N4R2",Address,Glencairn Village,JUNIORS CONSTRUCTION,Contractor,"110-Single House, single detached home, bungalow, linked home (linked at the foundation), single family dwelling"
PRFR202501473,Foundation Repair,2025-06-04 00:00:00,Residential,Alteration and improvements,10450,0,0,,"3506 WASCANA STREET, REGINA, SK S4S2H3",Address,Lakeview South,AAA SOLID FOUNDATION,Contractor,"110-Single House, single detached home, bungalow, linked home (linked at the foundation), single family dwelling"
PRFR202501490,Foundation Repair,2025-06-04 00:00:00,Residential,Alteration and improvements,6450,0,0,,"167 HASTINGS CRESCENT, REGINA, SK S4T7N8",Address,Normanview West,AAA SOLID FOUNDATION,Contractor,"110-Single House, single detached home, bungalow, linked home (linked at the foundation), single family dwelling"
PRGA202501057,Garage/Carport,2025-06-04 00:00:00,Residential,Garage/Carport/Accessory Structure,30000,0,0,,"62 CHARLES CRESCENT, REGINA, SK S4T5X4",Address,Coventry Place,REDACTED,Property Owner,"110-Single House, single detached home, bungalow, linked home (linked at the foundation), single family dwelling"
PRGA202501236,Garage/Carport,2025-05-29 00:00:00,Residential,Garage/Carport/Accessory Structure,38000,0,0,,"526 RINK AVENUE, REGINA, SK S4X2E8",Address,Mccarthy Park,REDACTED,Property Owner,"110-Single House, single detached home, bungalow, linked home (linked at the foundation), single family dwelling"
PRGA202501329,Garage/Carport,2025-06-03 00:00:00,Residential,Garage/Carport/Accessory Structure,19800,0,0,,3168 GREEN TURTLE ROAD,Address,The Towns,EHRENBURG HOMES LTD.,Contractor,"110-Single House, single detached home, bungalow, linked home (linked at the foundation), single family dwelling"
PRGA202501330,Garage/Carport,2025-06-03 00:00:00,Residential,Garage/Carport/Accessory Structure,19800,,,,3164 GREEN TURTLE ROAD,Address,The Towns,EHRENBURG HOMES LTD.,Contractor,"110-Single House, single detached home, bungalow, linked home (linked at the foundation), single family dwelling"
PRGA202501331,Garage/Carport,2025-06-02 00:00:00,Residential,Garage/Carport/Accessory Structure,19800,0,0,,3160 GREEN TURTLE ROAD,Address,The Towns,EHRENBURG HOMES LTD.,Contractor,"110-Single House, single detached home, bungalow, linked home (linked at the foundation), single family dwelling"
PRGA202501332,Garage/Carport,2025-06-03 00:00:00,Residential,Garage/Carport/Accessory Structure,19800,0,0,,3136 GREEN TURTLE ROAD,Address,The Towns,EHRENBURG HOMES LTD.,Contractor,"110-Single House, single detached home, bungalow, linked home (linked at the foundation), single family dwelling"
PRGA202501336,Garage/Carport,2025-06-02 00:00:00,Residential,Garage/Carport/Accessory Structure,19800,0,0,,3144 GREEN TURTLE ROAD,Address,The Towns,EHRENBURG HOMES LTD.,Contractor,"110-Single House, single detached home, bungalow, linked home (linked at the foundation), single family dwelling"
PRGA202501338,Garage/Carport,2025-06-02 00:00:00,Residential,Garage/Carport/Accessory Structure,19800,0,0,,3140 GREEN TURTLE ROAD,Address,The Towns,EHRENBURG HOMES LTD.,Contractor,"110-Single House, single detached home, bungalow, linked home (linked at the foundation), single family dwelling"
PRGA202501339,Garage/Carport,2025-06-02 00:00:00,Residential,Garage/Carport/Accessory Structure,19800,0,0,,3159 BOWEN STREET,Address,The Towns,EHRENBURG HOMES LTD.,Contractor,"110-Single House, single detached home, bungalow, linked home (linked at the foundation), single family dwelling"
PRGA202501340,Garage/Carport,2025-06-02 00:00:00,Residential,Garage/Carport/Accessory Structure,19800,0,0,,3163 BOWEN STREET,Address,The Towns,EHRENBURG HOMES LTD.,Contractor,"110-Single House, single detached home, bungalow, linked home (linked at the foundation), single family dwelling"
PRGA202501341,Garage/Carport,2025-06-02 00:00:00,Residential,Garage/Carport/Accessory Structure,19800,0,0,,3167 BOWEN STREET,Address,The Towns,EHRENBURG HOMES LTD.,Contractor,"110-Single House, single detached home, bungalow, linked home (linked at the foundation), single family dwelling"
PRMH202501405,Plumbing,2025-05-29 00:00:00,Residential,Mechanical,3000,0,0,,"2814 BORDEN STREET, REGINA, SK S4N2L3",Address,Assiniboia East,PROFESSIONAL PLUMBING AND HEATING,Contractor,"110-Single House, single detached home, bungalow, linked home (linked at the foundation), single family dwelling"
PRNR202500588,New Commercial,2025-06-02 00:00:00,Industrial,Foundation (new),2930000,,,,"1155 PARK STREET, REGINA, SK S4N4Y8",Address,Industrial Ross,PTI REAL ESTATE CORPORATION,Property Owner,"520-Office building; consultant’s office, doctor’s office, insurance company, bank, taxi stand, office/cafeteria, office/smoke shop"
PRNR202500875,New Commercial,2025-06-03 00:00:00,Commercial,New construction,1100000,0,1,,3340 EAST BYPASS SERVICE ROAD,Address,Chuka Creek Business Park,WESTRIDGE CONSTRUCTION - LIAM CLARKE,Contractor,"560-Indoor recreational building; sports complex, tennis court and squash, community center, arena, curling club, swimming pool"
PRRN202500245,Renovation/Alteration,2025-06-03 00:00:00,Commercial,Alteration and improvements,350000,,,,"455 PARK STREET, REGINA, SK S4N5B2",Address,Industrial Ross,JOHN DEERE CANADA ULC,Property Owner,"110-Single House, single detached home, bungalow, linked home (linked at the foundation), single family dwelling"
PRRN202500948,Renovation/Alteration,2025-06-02 00:00:00,Commercial,Alteration and improvements,40000,,,,"2709 13TH AVENUE, REGINA, SK S4T1N4",Address,Old 33,CO-OPERATIVE HAIL INSURANCE COMPANY LIMITED,Property Owner,"520-Office building; consultant’s office, doctor’s office, insurance company, bank, taxi stand, office/cafeteria, office/smoke shop"
PRRN202500951,Renovation/Alteration,2025-05-29 00:00:00,Residential,Alteration and improvements,5000,0,0,,"2039 E STYLES CRESCENT, REGINA, SK S4V0P8",Address,Gardiner Park,COLLABORATIVE CONSTRUCTION INC. (EBUILD),Contractor,"110-Single House, single detached home, bungalow, linked home (linked at the foundation), single family dwelling"
PRRN202501129,Renovation/Alteration,2025-05-29 00:00:00,Residential,Alteration,40000,0,0,,"1733 MUSTARD STREET, REGINA, SK S4Y0G1",Address,Westerra,FIRST CALL CONSTRUCTION,Contractor,"110-Single House, single detached home, bungalow, linked home (linked at the foundation), single family dwelling"
PRRN202501134,Renovation/Alteration,2025-06-02 00:00:00,Commercial,Alteration and improvements,85000,,,,"370 ALBERT STREET, REGINA, SK S4R2N7",Address,Coronation Park,JUNIORS CONSTRUCTION,Contractor,"540-Restaurant, bar, tavern, night club, diner, donut shop"
PRRN202501196,Renovation/Alteration,2025-05-29 00:00:00,Commercial,Alteration and improvements,62604,0,3,,"2625 VICTORIA AVENUE, REGINA, SK S4T7T9",Address,Old 33,VITERRA INC.,Property Owner,"520-Office building; consultant’s office, doctor’s office, insurance company, bank, taxi stand, office/cafeteria, office/smoke shop"
PRRN202501243,Renovation/Alteration,2025-05-29 00:00:00,Commercial,Alteration and improvements,90000,0,1,,"4450 ROCHDALE BOULEVARD, REGINA, SK S4X4N9",Address,Lakeridge,BMO LIFE ASSURANCE COMPANY / BMO SOCIETE D`ASSURANCE-VIE | LOBLAW PROPERTIES WEST INC.,Property Owner,"512-Retail complex; plaza, mall, shopping centre, store/office building"
PRRN202501289,Renovation/Alteration,2025-05-29 00:00:00,Residential,Alteration and improvements,8000,0,0,,"5453 GORDON ROAD, REGINA, SK S4W0K6",Address,Harbour Landing,REDACTED,Property Owner,"330-Row House, garden home, town house, carriage home, quadrex"
PRRN202501309,Renovation/Alteration,2025-06-04 00:00:00,Residential,Alteration and improvements,14000,0,0,,"675 QUEEN STREET, REGINA, SK S4T4A2",Address,Parkdale,CANADA MORTGAGE AND HOUSING CORPORATION,Property Owner,"110-Single House, single detached home, bungalow, linked home (linked at the foundation), single family dwelling"
PRRN202501360,Renovation/Alteration,2025-06-03 00:00:00,Residential,Alteration and improvements,6000,0,0,,"1442 WASCANA HIGHLANDS, REGINA, SK S4V2K2",Address,Wascana View,REDACTED,Property Owner,"110-Single House, single detached home, bungalow, linked home (linked at the foundation), single family dwelling"
PRSF202500773,Single/Semi-Detached Dwelling 1-2 units,2025-05-29 00:00:00,Residential,New construction,795000,1,1,,"3505 EVANS COURT, REGINA, SK S4S0A9",Address,Hillsdale,NORTH RIDGE DEVELOPMENT CORPORATION,Contractor,"110-Single House, single detached home, bungalow, linked home (linked at the foundation), single family dwelling"
PRSF202500897,Single/Semi-Detached Dwelling 1-2 units,2025-06-03 00:00:00,Residential,New construction,330000,1,2,,"2051 WASCANA STREET, REGINA, SK S4T4J8",Address,Old 33,REDACTED,Property Owner,"110-Single House, single detached home, bungalow, linked home (linked at the foundation), single family dwelling"
PRSF202501036,Single/Semi-Detached Dwelling 1-2 units,2025-05-29 00:00:00,Residential,New construction,900000,2,2,,"2801 ROCHDALE BOULEVARD, REGINA, SK S4X0N1 | 2805 ROCHDALE BOULEVARD, REGINA, SK S4X0N1",Address,Hawkstone,VARSITY HOMES LTD.,Contractor,"210-Semi-Detached or Double House, single attached home"
PRSF202501091,Single/Semi-Detached Dwelling 1-2 units,2025-06-03 00:00:00,Residential,New construction,250000,1,2,,"5233 E GREEN CRESCENT, REGINA, SK S4V3T1",Address,The Greens on Gardiner,CRAWFORD HOMES (EBUILD),Contractor,"110-Single House, single detached home, bungalow, linked home (linked at the foundation), single family dwelling"
PRSF202501109,Single/Semi-Detached Dwelling 1-2 units,2025-06-03 00:00:00,Residential,New construction,250000,2,2,,"8642 WHEAT CRESCENT, REGINA, SK S4Y0H7",Address,Westerra,CRAWFORD HOMES (EBUILD),Contractor,"110-Single House, single detached home, bungalow, linked home (linked at the foundation), single family dwelling"
PRSF202501263,Single/Semi-Detached Dwelling 1-2 units,2025-05-30 00:00:00,Residential,New construction,250000,1,2,,"3129 GREEN STONE ROAD, REGINA, SK S4V3X4",Address,The Towns,CRAWFORD HOMES (EBUILD),Contractor,"110-Single House, single detached home, bungalow, linked home (linked at the foundation), single family dwelling"
PRSS202501139,Secondary Suite,2025-06-03 00:00:00,Residential,Alteration and improvements,53280,1,0,,"3368 FAVEL DRIVE, REGINA, SK S4V4A9",Address,The Towns,LUCKY LINKS BUILDING SERVICES LTD. - LUCKY ALUGE,Contractor,"210-Semi-Detached or Double House, single attached home"
PRSS202501158,Secondary Suite,2025-06-02 00:00:00,Residential,Alteration and improvements,40000,1,0,,"4632 FERNDALE CRESCENT, REGINA, SK S4V4A1",Address,The Towns,FIRST CALL CONSTRUCTION,Contractor,"210-Semi-Detached or Double House, single attached home"
PRBS202501488,Basement Development,2025-06-05 00:00:00,Residential,Alteration and improvements,20000,0,0,,"3346 ELGAARD DRIVE, REGINA, SK S4X0J9",Address,Hawkstone,REDACTED,Property Owner,"110-Single House, single detached home, bungalow, linked home (linked at the foundation), single family dwelling"
PRDE202501394,Demolition,2025-06-05 00:00:00,Residential,Demolition,33000,0,0,,"2501 PARK STREET, REGINA, SK S4N2H2",Address,Dominion Heights,REDACTED,Property Owner,"110-Single House, single detached home, bungalow, linked home (linked at the foundation), single family dwelling"
PRDK202501436,Deck/Sunroom,2025-06-05 00:00:00,Residential,Alteration and improvements,4000,0,0,,"1376 KING STREET, REGINA, SK S4T4G2",Address,Old 33,CREEK CONSTRUCTION,Contractor,"110-Single House, single detached home, bungalow, linked home (linked at the foundation), single family dwelling"
PRFR202501171,Foundation Repair,2025-06-05 00:00:00,Residential,Alteration and improvements,10000,0,0,,"2354 MCDONALD STREET, REGINA, SK S4N2Z1",Address,Broders Annex,REGINA HOUSE LEVELING - TRAVIS ZERIE,Contractor,"110-Single House, single detached home, bungalow, linked home (linked at the foundation), single family dwelling"
PRFR202501491,Foundation Repair,2025-06-05 00:00:00,Residential,Alteration and improvements,8775,0,0,,"434 ROBINSON STREET, REGINA, SK S4R3R4",Address,Coronation Park,AAA SOLID FOUNDATION,Contractor,"110-Single House, single detached home, bungalow, linked home (linked at the foundation), single family dwelling"
PRFR202501494,Foundation Repair,2025-06-05 00:00:00,Residential,Alteration and improvements,4000,0,0,,"112 GARNET STREET, REGINA, SK S4R3S1",Address,Regent Park,REGINA HOUSE LEVELING - TRAVIS ZERIE,Contractor,"110-Single House, single detached home, bungalow, linked home (linked at the foundation), single family dwelling"
PRRN202500611,Renovation/Alteration,2025-06-05 00:00:00,Commercial,Alteration and improvements,60000,0,1,,1600 13TH AVENUE,Address,Old 33,HONEYCOMB HAIR LOUNGE INC.,Property Owner,"510-Retail and wholesale outlets; retail outlet, department store, photographic studio, rental service, beauty salon, hairdressing salon, lumber yard, dry cleaner, laundromat"
PRRN202501346,Renovation/Alteration,2025-06-05 00:00:00,Institutional,Alteration and improvements,10000,0,0,,"2107 GARNET STREET, REGINA, SK S4T2Z8",Address,Old 33,LA CORPORATION EPISCOPALE CATHOLIQUE ROMAINE DE,Property Owner,"660-Religious building; church, cathedral, temple, citadel, synagogue"
PRRN202501386,Renovation/Alteration,2025-06-05 00:00:00,Residential,Alteration and improvements,12000,0,0,,"2621 E DEWDNEY AVENUE, REGINA, SK S4N4P5",Address,Glencairn Village,TANGENT DRAFTING DESIGN,Contractor,"110-Single House, single detached home, bungalow, linked home (linked at the foundation), single family dwelling"
PRRN202501403,Renovation/Alteration,2025-06-05 00:00:00,Residential,Alteration and improvements,6500,0,0,,"1613 ATHOL STREET, REGINA, SK S4T3E2",Address,Old 33,MAXWELL GENERAL CONSTRUCTION,Contractor,"110-Single House, single detached home, bungalow, linked home (linked at the foundation), single family dwelling"
PRSS202501261,Secondary Suite,2025-06-05 00:00:00,Residential,Addition to existing building commercial & residential,19000,1,0,,"8614 WHEAT CRESCENT, REGINA, SK S4Y0H7",Address,Westerra,PACESETTER NEW HOMES LTD.,Contractor,"210-Semi-Detached or Double House, single attached home"
PRSS202501366,Secondary Suite,2025-06-05 00:00:00,Residential,Alteration and improvements,55000,1,0,,"3345 FAVEL DRIVE, REGINA, SK S4V4B1",Address,The Towns,REDACTED,Property Owner,"110-Single House, single detached home, bungalow, linked home (linked at the foundation), single family dwelling"
PRAD202501072,Addition,2025-06-06 00:00:00,Residential,Addition to existing building commercial & residential,100000,0,1,,"2729 ABBOTT ROAD, REGINA, SK S4N2J7",Address,Assiniboia East,REDACTED,Property Owner,"110-Single House, single detached home, bungalow, linked home (linked at the foundation), single family dwelling"
PRBS202501465,Basement Development,2025-06-06 00:00:00,Residential,Alteration and improvements,54000,0,0,,3601 GREEN MARSH CRESCENT,Address,The Greens on Gardiner,NORTH RIDGE DEVELOPMENT CORPORATION,Contractor,315-Apartment - Condominium
PRBS202501471,Basement Development,2025-06-06 00:00:00,Residential,Alteration and improvements,44000,0,0,,3601 GREEN MARSH CRESCENT,Address,The Greens on Gardiner,MONTEREY DEVELOPMENTS LTD.,Property Owner,"210-Semi-Detached or Double House, single attached home"
PRDE202501389,Demolition,2025-06-06 00:00:00,Residential,Demolition,33800,0,0,1,"2312 WINNIPEG STREET, REGINA, SK S4P1H3",Address,Old 33,ADAIR'S DEMOLITION LTD.,Contractor,"110-Single House, single detached home, bungalow, linked home (linked at the foundation), single family dwelling"
PRDE202501400,Demolition,2025-06-06 00:00:00,Residential,Demolition,0,0,0,0,"1845 HALIFAX STREET, REGINA, SK S4P1T4",Address,Old 33,14659066 CANADA INC.,Property Owner,"110-Single House, single detached home, bungalow, linked home (linked at the foundation), single family dwelling"
PRDK202501321,Deck/Sunroom,2025-06-06 00:00:00,Residential,Alteration and improvements,8500,0,0,,"3152 COPELAND ROAD, REGINA, SK S4V3R9",Address,The Towns,REDACTED,Property Owner,"110-Single House, single detached home, bungalow, linked home (linked at the foundation), single family dwelling"
PRDK202501382,Deck/Sunroom,2025-06-06 00:00:00,Residential,Alteration and improvements,3800,0,0,,"3293 FAVEL DRIVE, REGINA, SK S4V4B2",Address,The Towns,REDACTED,Property Owner,"110-Single House, single detached home, bungalow, linked home (linked at the foundation), single family dwelling"
PRFR202501402,Foundation Repair,2025-06-06 00:00:00,Residential,Alteration and improvements,98000,0,0,,"4522 ARGYLE STREET, REGINA, SK S4S3M2",Address,Albert Park,RAMJACK SASKATCHEWAN,Contractor,"110-Single House, single detached home, bungalow, linked home (linked at the foundation), single family dwelling"
PRFR202501446,Foundation Repair,2025-06-06 00:00:00,Residential,Alteration and improvements,45800,0,0,,"1228 N BOEHM BAY, REGINA, SK S4X4M2",Address,Lakeridge,REDACTED,Property Owner,"110-Single House, single detached home, bungalow, linked home (linked at the foundation), single family dwelling"
PRFR202501474,Foundation Repair,2025-06-06 00:00:00,Residential,Alteration and improvements,8100,0,0,,"1155 ATKINSON STREET, REGINA, SK S4N3V5",Address,Eastern Annex,AAA SOLID FOUNDATION,Contractor,"110-Single House, single detached home, bungalow, linked home (linked at the foundation), single family dwelling"
PRFR202501482,Foundation Repair,2025-06-06 00:00:00,Residential,Alteration and improvements,3200,0,0,,"2815 KUTARNA CRESCENT, REGINA, SK S4V0S9",Address,Wood Meadows,AAA SOLID FOUNDATION,Contractor,"110-Single House, single detached home, bungalow, linked home (linked at the foundation), single family dwelling"
PRGA202501447,Garage/Carport,2025-06-06 00:00:00,Residential,Garage/Carport/Accessory Structure,26000.5,0,0,,"2952 GEORGE STREET, REGINA, SK S4V3W1",Address,The Towns,REDACTED,Property Owner,"110-Single House, single detached home, bungalow, linked home (linked at the foundation), single family dwelling"
PRRN202501049,Renovation/Alteration,2025-06-06 00:00:00,Commercial,Alteration and improvements,215520.68,0,0,,"3102 5TH AVENUE, REGINA, SK S4T0L7",Address,Old 33,REDACTED,Property Owner,"572-Service station, repair garage and specialty shop; gasoline station, service station/car wash, muffler shop, transmission shop, service station/garage"
PRSF202501216,Single/Semi-Detached Dwelling 1-2 units,2025-06-06 00:00:00,Residential,New construction,750000,1,2,,"466 GREENSIDE TERRACE, REGINA, SK S4Y0A8",Address,UNDEVELOP,ALAIR HOMES - 102126083 SASK LTD.,Contractor,115-Single House - Condominium
PRSS202501247,Secondary Suite,2025-06-06 00:00:00,Residential,Addition to existing building commercial & residential,44500,1,0,,"4849 FERNDALE CRESCENT, REGINA, SK S4V4A3",Address,The Towns,REDACTED,Property Owner,"110-Single House, single detached home, bungalow, linked home (linked at the foundation), single family dwelling"
PRSS202501372,Secondary Suite,2025-06-06 00:00:00,Residential,Alteration and improvements,45000,1,0,,"3806 GEE CRESCENT, REGINA, SK S4V3N9",Address,UNDEVELOP,GREEN STONE RENOVATIONS LTD,Contractor,"210-Semi-Detached or Double House, single attached home"
PRSS202500417,Secondary Suite,2025-06-08 00:00:00,Residential,Alteration and improvements,45000,1,0,,"3281 GREEN TURTLE ROAD, REGINA, SK S4V4A9",Address,The Towns,REDACTED,Property Owner,"110-Single House, single detached home, bungalow, linked home (linked at the foundation), single family dwelling"
PRBS202501498,Basement Development,2025-06-09 00:00:00,Residential,Alteration and improvements,25000,0,0,,"4533 HAMES CRESCENT, REGINA, SK S4W0B6",Address,Harbour Landing,REDACTED,Property Owner,"110-Single House, single detached home, bungalow, linked home (linked at the foundation), single family dwelling"
PRDE202501280,Demolition,2025-06-09 00:00:00,Residential,Demolition,2553,0,0,,"2757 MCDONALD STREET, REGINA, SK S4N2Z9",Address,Assiniboia  Place,REDACTED,Property Owner,"110-Single House, single detached home, bungalow, linked home (linked at the foundation), single family dwelling"
PRDK202501316,Deck/Sunroom,2025-06-09 00:00:00,Residential,Alteration and improvements,20000,0,0,,"4338 E GREEN OLIVE WAY, REGINA, SK S4V1P9",Address,The Greens on Gardiner,JAGG CONSTRUCTION,Contractor,"110-Single House, single detached home, bungalow, linked home (linked at the foundation), single family dwelling"
PRDK202501505,Deck/Sunroom,2025-06-09 00:00:00,Residential,Alteration and improvements,8000,0,0,,"2930 GREEN BROOK ROAD, REGINA, SK S4V3Z8",Address,The Towns,FOUR SEASONS CONSTRUCTION AND RENOVATIONS INC.,Contractor,"110-Single House, single detached home, bungalow, linked home (linked at the foundation), single family dwelling"
PRFR202501297,Foundation Repair,2025-06-09 00:00:00,Residential,Alteration and improvements,100000,0,0,,"2682 SANDRINGHAM CRESCENT, REGINA, SK S4V3C6",Address,Windsor Park,GCA CONSTRUCTION,Contractor,"110-Single House, single detached home, bungalow, linked home (linked at the foundation), single family dwelling"
PRFR202501438,Foundation Repair,2025-06-09 00:00:00,Residential,Alteration and improvements,11000,0,0,,"38 NEWLANDS STREET, REGINA, SK S4S4S4",Address,Hillsdale,REDACTED,Property Owner,"110-Single House, single detached home, bungalow, linked home (linked at the foundation), single family dwelling"
PRFR202501493,Foundation Repair,2025-06-09 00:00:00,Residential,Alteration and improvements,20000,0,0,,"270 MAGEE CRESCENT, REGINA, SK S4R6K9",Address,Argyle Park,REGINA HOUSE LEVELING - TRAVIS ZERIE,Contractor,"110-Single House, single detached home, bungalow, linked home (linked at the foundation), single family dwelling"
PRFR202501515,Foundation Repair,2025-06-09 00:00:00,Residential,Alteration and improvements,38000,0,0,,"75 OSBORNE CRESCENT, REGINA, SK S4R5J2",Address,Normanview,REGINA HOUSE LEVELING - TRAVIS ZERIE,Contractor,"110-Single House, single detached home, bungalow, linked home (linked at the foundation), single family dwelling"
PRFR202501518,Foundation Repair,2025-06-09 00:00:00,Residential,Alteration and improvements,5090,0,0,,"2969 ELPHINSTONE STREET, REGINA, SK S4S2A4",Address,Normandy Heights,AAA SOLID FOUNDATION,Contractor,"110-Single House, single detached home, bungalow, linked home (linked at the foundation), single family dwelling"
PRGA202501479,Garage/Carport,2025-06-09 00:00:00,Residential,Garage/Carport/Accessory Structure,39600,0,0,,"5108 E BUCKINGHAM DRIVE, REGINA, SK S4V3W2 | 5112 E BUCKINGHAM DRIVE, REGINA, SK S4V3W2",Address,The Towns,EHRENBURG HOMES LTD.,Contractor,"210-Semi-Detached or Double House, single attached home"
PRPO202501544,Pool,2025-06-09 00:00:00,Residential,New,200,0,0,,"1765 CONNAUGHT STREET, REGINA, SK S4T4T3",Address,Cpr Annex,REDACTED,Property Owner,"110-Single House, single detached home, bungalow, linked home (linked at the foundation), single family dwelling"
PRRN202500988,Renovation/Alteration,2025-06-09 00:00:00,Commercial,Alteration and improvements,630575,0,0,,"1610 PARK STREET, REGINA, SK S4N2G1",Address,Tuxedo Park,SASKATCHEWAN PROPERTY MANAGEMENT CORPORATION,Property Owner,"522-Office complex; office/store, office/apartment"
PRRN202501396,Renovation/Alteration,2025-06-09 00:00:00,Residential,Alteration and improvements,10000,0,0,,"2217 REYNOLDS STREET, REGINA, SK S4N3N4",Address,Broders Annex,CREEK CONSTRUCTION,Contractor,"110-Single House, single detached home, bungalow, linked home (linked at the foundation), single family dwelling"
PRSS202501421,Secondary Suite,2025-06-09 00:00:00,Residential,Addition to existing building commercial & residential,44500,1,0,,"3372 FAVEL DRIVE, REGINA, SK S4V4A9",Address,The Towns,REDACTED,Property Owner,"210-Semi-Detached or Double House, single attached home"
PRBS202501470,Basement Development,2025-06-10 00:00:00,Residential,Alteration and improvements,30000,0,0,,"3077 GREEN BANK ROAD, REGINA, SK S4V3P9",Address,The Towns,REDACTED,Property Owner,"110-Single House, single detached home, bungalow, linked home (linked at the foundation), single family dwelling"
PRDE202501172,Demolition,2025-06-10 00:00:00,Residential,Demolition,7500,0,0,1,"1400 E 12TH AVENUE, Unit:7 ROW B, REGINA, SK S4N0M6",Address,Glencairn,S & T PROPERTY MAINTENANCE - SEAN THOMSON,Contractor,130-Mobile Home
PRDE202501407,Demolition,2025-06-10 00:00:00,Residential,Demolition,7500,1,0,1,"1400 E 12TH AVENUE, Unit:21 ROW E, REGINA, SK S4N0M6",Address,Glencairn,S & T PROPERTY MAINTENANCE - SEAN THOMSON,Contractor,130-Mobile Home
PRDE202501422,Demolition,2025-06-10 00:00:00,Residential,Demolition,7500,0,0,1,"1400 E 12TH AVENUE, Unit:23 ROW D, REGINA, SK S4N0M6",Address,Glencairn,S & T PROPERTY MAINTENANCE - SEAN THOMSON,Contractor,130-Mobile Home
PRFR202501532,Foundation Repair,2025-06-10 00:00:00,Residential,Alteration and improvements,21665,0,0,,"24 HANLEY CRESCENT, REGINA, SK S4R5A7",Address,Normanview,REGINA BASEMENT BRACING - COLE CROWLEY,Contractor,"110-Single House, single detached home, bungalow, linked home (linked at the foundation), single family dwelling"
PRFR202501536,Foundation Repair,2025-06-10 00:00:00,Residential,Alteration and improvements,5000,0,0,,"109 LOGAN CRESCENT, REGINA, SK S4S5P7",Address,Whitmore Park,TRIPLE R CONCRETE CUTTING,Contractor,"110-Single House, single detached home, bungalow, linked home (linked at the foundation), single family dwelling"
PRFR202501546,Foundation Repair,2025-06-10 00:00:00,Residential,Alteration and improvements,35000,0,0,,"1444 MINTO STREET, REGINA, SK S4T5J4",Address,Rosemont,COLOSSAL CONSTRUCTION INC. - DARCY ROGALSKI,Contractor,"110-Single House, single detached home, bungalow, linked home (linked at the foundation), single family dwelling"
PRFR202501556,Foundation Repair,2025-06-10 00:00:00,Residential,Alteration and improvements,9000,0,0,,"39 FAIRLEY BAY, REGINA, SK S4R7P1",Address,Argyle Park,COLOSSAL FOUNDATION REPAIR INC.,Contractor,"110-Single House, single detached home, bungalow, linked home (linked at the foundation), single family dwelling"
PRFR202501557,Foundation Repair,2025-06-10 00:00:00,Residential,Alteration and improvements,6000,0,0,,"256 N OTTAWA STREET, REGINA, SK S4R2V3",Address,Churchill Downs,AAA SOLID FOUNDATION,Contractor,"110-Single House, single detached home, bungalow, linked home (linked at the foundation), single family dwelling"
PRDE202501043,Demolition,2025-06-11 00:00:00,Residential,Demolition,1200,0,0,,"257 ANGUS CRESCENT, REGINA, SK S4T6N3",Address,Crescents,FOXTAIL CARPENTRY,Contractor,"110-Single House, single detached home, bungalow, linked home (linked at the foundation), single family dwelling"
PRDE202501504,Demolition,2025-06-11 00:00:00,Residential,Demolition,30300,0,0,1,"1048 ROBINSON STREET, REGINA, SK S4T2M7",Address,Old 33,ADAIR'S DEMOLITION LTD.,Contractor,"110-Single House, single detached home, bungalow, linked home (linked at the foundation), single family dwelling"
PRDK202501516,Deck/Sunroom,2025-06-11 00:00:00,Residential,Addition to existing building commercial & residential,7000,0,0,,"4640 FERNDALE CRESCENT, REGINA, SK S4V4A1",Address,The Towns,PIVOT CONSTRUCTION,Contractor,"110-Single House, single detached home, bungalow, linked home (linked at the foundation), single family dwelling"
PRGA202501080,Garage/Carport,2025-06-11 00:00:00,Residential,Garage/Carport/Accessory Structure,22000,0,0,,"142 FAIRVIEW ROAD, REGINA, SK S4R0A8",Address,Uplands,REDACTED,Property Owner,"110-Single House, single detached home, bungalow, linked home (linked at the foundation), single family dwelling"
PRGA202501294,Garage/Carport,2025-06-11 00:00:00,Residential,Garage/Carport/Accessory Structure,85000,0,1,,"5967 MALLARD WAY, REGINA, SK S4T7X6",Address,Mount Royal,REDACTED,Property Owner,"110-Single House, single detached home, bungalow, linked home (linked at the foundation), single family dwelling"
PRRN202500944,Renovation/Alteration,2025-06-11 00:00:00,Residential,Alteration and improvements,250000,0,0,,"2909 PASQUA STREET, REGINA, SK S4S2H4",Address,Normandy Heights,RANCH EHRLO SOCIETY,Property Owner,"110-Single House, single detached home, bungalow, linked home (linked at the foundation), single family dwelling"
PRSF202500600,Single/Semi-Detached Dwelling 1-2 units,2025-06-11 00:00:00,Residential,New construction,300000,2,2,,"2460 LINDSAY STREET, REGINA, SK S4N3C6",Address,Assiniboia  Place,102084236 SASKATCHEWAN LTD.,Property Owner,"110-Single House, single detached home, bungalow, linked home (linked at the foundation), single family dwelling"
PRSS202501141,Secondary Suite,2025-06-11 00:00:00,Residential,Addition to existing building commercial & residential,85000,1,0,,"2100 EDGAR STREET, REGINA, SK S4N3K7",Address,Broders Annex,REDACTED,Property Owner,"110-Single House, single detached home, bungalow, linked home (linked at the foundation), single family dwelling"
PRSS202501201,Secondary Suite,2025-06-11 00:00:00,Residential,Addition to existing building commercial & residential,70000,1,0,,"5205 E GREEN CRESCENT, REGINA, SK S4V3S9",Address,The Greens on Gardiner,REDACTED,Property Owner,"110-Single House, single detached home, bungalow, linked home (linked at the foundation), single family dwelling"
PRSS202501356,Secondary Suite,2025-06-11 00:00:00,Residential,Alteration and improvements,54000,1,0,,"2961 TROMBLEY STREET, REGINA, SK S4V3Y7",Address,The Towns,LUCKY LINKS BUILDING SERVICES LTD. - LUCKY ALUGE,Contractor,"110-Single House, single detached home, bungalow, linked home (linked at the foundation), single family dwelling"
PRDE202501250,Demolition,2025-06-12 00:00:00,Residential,Demolition,10000,0,0,1,"2600 CAMERON STREET, REGINA, SK S4T2W4",Address,Riverside,REDACTED,Property Owner,"110-Single House, single detached home, bungalow, linked home (linked at the foundation), single family dwelling"
PRGA202402797,Garage/Carport,2025-06-12 00:00:00,Residential,Garage/Carport/Accessory Structure,30000,0,0,,"42 MCNAB CRESCENT, REGINA, SK S4S4B1",Address,Hillsdale,REDACTED,Property Owner,"110-Single House, single detached home, bungalow, linked home (linked at the foundation), single family dwelling"
PRRN202500521,Renovation/Alteration,2025-06-12 00:00:00,Residential,Alteration and improvements,5000,0,0,,"1247 RAE STREET, REGINA, SK S4T2C2",Address,Old 33,CHIDERA INVESTMENTS LIMITED,Property Owner,"110-Single House, single detached home, bungalow, linked home (linked at the foundation), single family dwelling"
PRRN202500741,Renovation/Alteration,2025-06-12 00:00:00,Industrial,Alteration and improvements,150000,0,1,,"915 MCDONALD STREET, REGINA, SK S4N2X5",Address,Industrial Ross,102099309 SASKATCHEWAN LTD.,Property Owner,"572-Service station, repair garage and specialty shop; gasoline station, service station/car wash, muffler shop, transmission shop, service station/garage"
PRRN202501227,Renovation/Alteration,2025-06-12 00:00:00,Commercial,Alteration and improvements,110000,0,1,,"1010 N PASQUA STREET, REGINA, SK S4X4V3",Address,Garden Ridge,1010 PASQUA ST N REAL ESTATE HOLDINGS LTD.,Property Owner,"510-Retail and wholesale outlets; retail outlet, department store, photographic studio, rental service, beauty salon, hairdressing salon, lumber yard, dry cleaner, laundromat"
PRSF202501169,Single/Semi-Detached Dwelling 1-2 units,2025-06-12 00:00:00,Residential,New construction,465000,2,2,,"6958 MAPLE VISTA DRIVE, REGINA, SK S4X0J8",Address,Maple Ridge,GILROY HOMES INC.,Contractor,"110-Single House, single detached home, bungalow, linked home (linked at the foundation), single family dwelling"
PRSF202501229,Single/Semi-Detached Dwelling 1-2 units,2025-06-12 00:00:00,Residential,New construction,596900,1,2,,3138 BOWEN STREET,Address,The Towns,HOMES BY DREAM,Contractor,"110-Single House, single detached home, bungalow, linked home (linked at the foundation), single family dwelling"
PRSF202501318,Single/Semi-Detached Dwelling 1-2 units,2025-06-12 00:00:00,Residential,New construction,577000,1,2,,3161 FAVEL DRIVE,Address,The Towns,DREAM TOWNS LANDS SOUTH (GP) INC.,Contractor,"110-Single House, single detached home, bungalow, linked home (linked at the foundation), single family dwelling"
PRSS202501379,Secondary Suite,2025-06-12 00:00:00,Residential,Addition to existing building commercial & residential,50000,1,0,,"3149 COPELAND ROAD, REGINA, SK S4V3R9",Address,The Towns,GREEN STONE RENOVATIONS LTD,Contractor,"110-Single House, single detached home, bungalow, linked home (linked at the foundation), single family dwelling"
PRSS202501391,Secondary Suite,2025-06-12 00:00:00,Residential,Addition to existing building commercial & residential,55100,1,0,,"4625 JAMES HILL ROAD, REGINA, SK S4W0C7",Address,Harbour Landing,SUPREME REGINA CONSTRUCTION,Contractor,"110-Single House, single detached home, bungalow, linked home (linked at the foundation), single family dwelling"
PRBS202501605,Basement Development,2025-06-13 00:00:00,Residential,Alteration and improvements,25000,0,0,,"3156 TROMBLEY STREET, REGINA, SK S4V3R9",Address,The Towns,REDACTED,Property Owner,"110-Single House, single detached home, bungalow, linked home (linked at the foundation), single family dwelling"
PRDK202501520,Deck/Sunroom,2025-06-13 00:00:00,Residential,New,20000,0,0,,"5578 LEIBEL CRESCENT, REGINA, SK S4X4E7",Address,Lakeridge,DK PRIME CONSTRUCTION - KYLE@DKPRIME.CA,Contractor,"110-Single House, single detached home, bungalow, linked home (linked at the foundation), single family dwelling"
PRDK202501549,Deck/Sunroom,2025-06-13 00:00:00,Residential,Alteration and improvements,7000,0,0,,"2961 TROMBLEY STREET, REGINA, SK S4V3Y7",Address,The Towns,LUCKY LINKS BUILDING SERVICES LTD. - LUCKY ALUGE,Contractor,"110-Single House, single detached home, bungalow, linked home (linked at the foundation), single family dwelling"
PRDK202501550,Deck/Sunroom,2025-06-13 00:00:00,Residential,Alteration and improvements,8500,0,0,,"4808 E KAUFMAN AVENUE, REGINA, SK S4V3Y7",Address,The Towns,LUCKY LINKS BUILDING SERVICES LTD. - LUCKY ALUGE,Contractor,"110-Single House, single detached home, bungalow, linked home (linked at the foundation), single family dwelling"
PRFR202501606,Foundation Repair,2025-06-13 00:00:00,Residential,Alteration and improvements,4000,0,0,,"6218 SHERWOOD DRIVE, REGINA, SK S4T7G2",Address,Normanview West,REGINA HOUSE LEVELING - TRAVIS ZERIE,Contractor,"110-Single House, single detached home, bungalow, linked home (linked at the foundation), single family dwelling"
PRGA202501224,Garage/Carport,2025-06-13 00:00:00,Residential,Garage/Carport/Accessory Structure,30000,0,0,,"59 FORSYTH CRESCENT, REGINA, SK S4R5L8",Address,Normanview,REDACTED,Property Owner,"110-Single House, single detached home, bungalow, linked home (linked at the foundation), single family dwelling"
PRGA202501310,Garage/Carport,2025-06-13 00:00:00,Residential,Garage/Carport/Accessory Structure,15000,0,0,,"4715 8TH AVENUE, REGINA, SK S4T0V8",Address,Belvedere,REDACTED,Property Owner,"110-Single House, single detached home, bungalow, linked home (linked at the foundation), single family dwelling"
PRGA202501344,Garage/Carport,2025-06-13 00:00:00,Residential,Garage/Carport/Accessory Structure,17100,0,0,,"1535 GROSVENOR STREET, REGINA, SK S4N4L8",Address,Glen Elm Park,REDACTED,Property Owner,"110-Single House, single detached home, bungalow, linked home (linked at the foundation), single family dwelling"
PRMH202501613,Plumbing,2025-06-13 00:00:00,Residential,Mechanical,1500,0,0,,"2916 GEORGE STREET, REGINA, SK S4V3W1",Address,The Towns,PROFESSIONAL PLUMBING AND HEATING,Contractor,"330-Row House, garden home, town house, carriage home, quadrex"
PRMH202501615,Plumbing,2025-06-13 00:00:00,Residential,Alteration and improvements,1500,0,0,,"3213 GREEN TURTLE ROAD, REGINA, SK S4V4B5",Address,The Towns,PROFESSIONAL PLUMBING AND HEATING,Contractor,"110-Single House, single detached home, bungalow, linked home (linked at the foundation), single family dwelling"
PRMH202501617,Plumbing,2025-06-13 00:00:00,Residential,Mechanical,3000,0,0,,"1453 ABERDEEN STREET, REGINA, SK S4T5K5",Address,Rosemont,REDACTED,Property Owner,"110-Single House, single detached home, bungalow, linked home (linked at the foundation), single family dwelling"
PRRN202500728,Renovation/Alteration,2025-06-13 00:00:00,Commercial,Alteration and improvements,510000,0,0,,"1901 SCARTH STREET, REGINA, SK S4P4L4",Address,Old 33,THE CANADA LIFE ASSURANCE COMPANY,Property Owner,"520-Office building; consultant’s office, doctor’s office, insurance company, bank, taxi stand, office/cafeteria, office/smoke shop"
PRRN202501428,Renovation/Alteration,2025-06-13 00:00:00,Institutional,Alteration and improvements,682176.17,0,3,,"2180 23RD AVENUE, REGINA, SK S4S0A5",Address,Wascana Park,TRANSCANADA CONTRACTING - KEITH HUBELIT,Contractor,"642-Clinic, health unit; out-patient clinic, first aid station"
PRFR202501567,Foundation Repair,2025-06-14 00:00:00,Residential,Alteration and improvements,8000,0,0,,"31 MCNAUGHTON AVENUE, REGINA, SK S4R4L9",Address,Regent Park,BOYCHUK EXCAVATING INC.,Contractor,"110-Single House, single detached home, bungalow, linked home (linked at the foundation), single family dwelling"
PRDK202501397,Deck/Sunroom,2025-06-15 00:00:00,Residential,Alteration and improvements,8000,0,0,,"5142 ANTHONY WAY, REGINA, SK S4X0H2",Address,Lakeridge Addition,REDACTED,Property Owner,"110-Single House, single detached home, bungalow, linked home (linked at the foundation), single family dwelling"
PRGA202501164,Garage/Carport,2025-06-15 00:00:00,Residential,Garage/Carport/Accessory Structure,31846,0,0,,"1958 ATHOL STREET, REGINA, SK S4T3E3",Address,Old 33,NUFAB BUILDING PRODUCTS - NATHAN EDE,Contractor,"110-Single House, single detached home, bungalow, linked home (linked at the foundation), single family dwelling"
PRBS202501610,Basement Development,2025-06-16 00:00:00,Residential,Alteration and improvements,22000,0,0,,"3661 GREEN MOSS LANE, REGINA, SK S4V1P6",Address,The Greens on Gardiner,REDACTED,Property Owner,"110-Single House, single detached home, bungalow, linked home (linked at the foundation), single family dwelling"
PRDE202501381,Demolition,2025-06-16 00:00:00,Residential,Demolition,100,0,0,1,"3219 WESTGATE AVENUE, REGINA, SK S4S1B4",Address,Lakeview Centre,BERGEN EXCAVATING LTD.,Contractor,"110-Single House, single detached home, bungalow, linked home (linked at the foundation), single family dwelling"
PRDE202501545,Demolition,2025-06-16 00:00:00,Residential,Demolition,8000,0,0,,"1206 MCINTOSH STREET, REGINA, SK S4T5B9",Address,Belvedere,JUNIORS CONSTRUCTION,Contractor,"110-Single House, single detached home, bungalow, linked home (linked at the foundation), single family dwelling"
PRDE202501552,Demolition,2025-06-16 00:00:00,Residential,Demolition,10000,0,0,1,"3223 WESTGATE AVENUE, REGINA, SK S4S1B4",Address,Lakeview Centre,BERGEN EXCAVATING LTD.,Contractor,"110-Single House, single detached home, bungalow, linked home (linked at the foundation), single family dwelling"
PRFR202501627,Foundation Repair,2025-06-16 00:00:00,Residential,Alteration and improvements,11500,0,0,,"469 TORONTO STREET, REGINA, SK S4R1M5",Address,North Annex,JS GROUP OF COMPANIES,Contractor,"110-Single House, single detached home, bungalow, linked home (linked at the foundation), single family dwelling"
PRGA202501320,Garage/Carport,2025-06-16 00:00:00,Residential,Garage/Carport/Accessory Structure,22000,0,0,,"5222 JIM CAIRNS BOULEVARD, REGINA, SK S4W0E9",Address,Harbour Landing,NU-FAB BUILDING PRODUCTS,Contractor,"110-Single House, single detached home, bungalow, linked home (linked at the foundation), single family dwelling"
PRGA202501383,Garage/Carport,2025-06-16 00:00:00,Residential,Garage/Carport/Accessory Structure,18830.42,0,0,,"3346 GREEN TURTLE ROAD, REGINA, SK S4V3N6",Address,The Greens on Gardiner,NU-FAB BUILDING PRODUCTS,Contractor,"110-Single House, single detached home, bungalow, linked home (linked at the foundation), single family dwelling"
PRNR202501062,New Commercial,2025-06-16 00:00:00,Commercial,Deconversion from single to commercial building,20000,0,0,,"2520 COLLEGE AVENUE, REGINA, SK S4P1C9",Address,Old 33,REDACTED,Property Owner,"520-Office building; consultant’s office, doctor’s office, insurance company, bank, taxi stand, office/cafeteria, office/smoke shop"
PRRN202500685,Renovation/Alteration,2025-06-16 00:00:00,Commercial,Alteration and improvements,515000,0,0,,"2700 E ARENS ROAD, REGINA, SK S4V3A7",Address,River Bend,CITY OF REGINA,Property Owner,"612-Other government building; police station, prison, fire station, military building"
PRRN202501000,Renovation/Alteration,2025-06-16 00:00:00,Commercial,Alteration and improvements,325000,0,0,,"350 N MCCARTHY BOULEVARD, REGINA, SK S4R7M2",Address,Normanview West,GREEN LADDER BUILDING CORP.,Contractor,"512-Retail complex; plaza, mall, shopping centre, store/office building"
PRRN202501287,Renovation/Alteration,2025-06-16 00:00:00,Commercial,Alteration and improvements,271850,0,6,,"34 KLEISINGER CRESCENT, REGINA, SK S4R7M4",Address,Mount Pleasant,BOULEVARD REAL ESTATE EQUITIES LTD.,Property Owner,315-Apartment - Condominium
PRRN202501293,Renovation/Alteration,2025-06-16 00:00:00,Residential,Alteration and improvements,21300,0,0,,"3909 SANDHILL CRESCENT, REGINA, SK S4V3G7",Address,The Creeks,P90 ENERGY INC.,Contractor,"110-Single House, single detached home, bungalow, linked home (linked at the foundation), single family dwelling"
PRRN202501555,Renovation/Alteration,2025-06-16 00:00:00,Residential,Alteration and improvements,95000,0,0,,"4102 GARNET STREET, REGINA, SK S4S3G7",Address,Parliament Place,HYBRID RENOVATIONS - JASON DAUM,Contractor,"110-Single House, single detached home, bungalow, linked home (linked at the foundation), single family dwelling"
PRRN202501559,Renovation/Alteration,2025-06-16 00:00:00,Residential,Alteration and improvements,10000,0,0,,"111 CANNON STREET, REGINA, SK S4N1M2",Address,Glencairn,REDACTED,Property Owner,"110-Single House, single detached home, bungalow, linked home (linked at the foundation), single family dwelling"
PRSF202501458,Single/Semi-Detached Dwelling 1-2 units,2025-06-16 00:00:00,Residential,New construction,250000,1,2,,"5537 WATERER ROAD, REGINA, SK S4W0N2",Address,Harbour Landing,CRAWFORD HOMES (EBUILD),Contractor,"110-Single House, single detached home, bungalow, linked home (linked at the foundation), single family dwelling"
PRSS202501245,Secondary Suite,2025-06-16 00:00:00,Residential,Addition to existing building commercial & residential,30000,1,0,,"3285 FAVEL DRIVE, REGINA, SK S4V4B2",Address,The Towns,REDACTED,Property Owner,"110-Single House, single detached home, bungalow, linked home (linked at the foundation), single family dwelling"
PRSS202501369,Secondary Suite,2025-06-16 00:00:00,Residential,Addition to existing building commercial & residential,20000,1,0,,"3608 GREEN MOSS LANE, REGINA, SK S4V1M2",Address,The Greens on Gardiner,REDACTED,Property Owner,"110-Single House, single detached home, bungalow, linked home (linked at the foundation), single family dwelling"
PRSS202501548,Secondary Suite,2025-06-16 00:00:00,Residential,Addition to existing building commercial & residential,35000,1,0,,"2984 TROMBLEY STREET, REGINA, SK S4V3Y7",Address,The Towns,REDACTED,Property Owner,"110-Single House, single detached home, bungalow, linked home (linked at the foundation), single family dwelling"
PRAD202501414,Addition,2025-06-17 00:00:00,Residential,Alteration and improvements,450000,0,0,,"38 MCMASTER PLACE, REGINA, SK S4V0B4",Address,University Park,ALAIR HOMES,Contractor,"110-Single House, single detached home, bungalow, linked home (linked at the foundation), single family dwelling"
PRDE202500508,Demolition,2025-06-17 00:00:00,Residential,Demolition,20000,0,0,1,"321 19TH AVENUE, REGINA, SK S4N1G9",Address,Arnhem Place,ALAIR HOMES,Contractor,"110-Single House, single detached home, bungalow, linked home (linked at the foundation), single family dwelling"
PRDE202500637,Demolition,2025-06-17 00:00:00,Commercial,Demolition,75000,0,1,,"550 MCDONALD STREET, REGINA, SK S4N4X2",Address,Industrial Ross,SILVERADO DEMOLITION OPERATIONS INC,Contractor,"480-Utility building; hydro control building, oil refinery building, water"
PRDE202501570,Demolition,2025-06-17 00:00:00,Residential,Demolition,3072,0,0,,"2405 5TH AVENUE N, REGINA, SK S4R0S5",Address,Highland Park,RM CONSTRUCTION (2005) LTD.,Contractor,"110-Single House, single detached home, bungalow, linked home (linked at the foundation), single family dwelling"
PRDE202501592,Demolition,2025-06-17 00:00:00,Residential,Garage/Carport/Accessory Structure,50000,0,0,,"2910 ARGYLE STREET, REGINA, SK S4S2A9",Address,Normandy Heights,REDACTED,Property Owner,"110-Single House, single detached home, bungalow, linked home (linked at the foundation), single family dwelling"
PRFR202501611,Foundation Repair,2025-06-17 00:00:00,Residential,Alteration and improvements,10000,0,0,,"117 MCKEE CRESCENT, REGINA, SK S4S5N7",Address,Whitmore Park,MUSTANG CONSTRUCTION LTD.,Contractor,"110-Single House, single detached home, bungalow, linked home (linked at the foundation), single family dwelling"
PRMH202501662,Plumbing,2025-06-17 00:00:00,Residential,Mechanical,5000,0,0,,"2260 PRINCESS STREET, REGINA, SK S4T3Z8",Address,Old 33,REDACTED,Property Owner,"110-Single House, single detached home, bungalow, linked home (linked at the foundation), single family dwelling"
PRNR202500926,New Commercial,2025-06-17 00:00:00,Commercial,New construction,100000,0,0,,"302 ALBERT STREET, REGINA, SK S4R3C1",Address,Coronation Park,102037163 SASKATCHEWAN LTD.,Property Owner,"512-Retail complex; plaza, mall, shopping centre, store/office building"
PRRN202500238,Renovation/Alteration,2025-06-17 00:00:00,Commercial,Alteration and improvements,500000,0,5,,"3769 WASCANA PARKWAY, REGINA, SK S4S0A2",Address,Hillsdale,THE UNIVERSITY OF REGINA,Property Owner,626-University
PRRN202501146,Renovation/Alteration,2025-06-17 00:00:00,Commercial,Alteration and improvements,1600000,0,0,,"3130 E WOODHAMS DRIVE, REGINA, SK S4V2P9",Address,Windsor Park,CITY OF REGINA,Property Owner,"560-Indoor recreational building; sports complex, tennis court and squash, community center, arena, curling club, swimming pool"
PRRN202501420,Renovation/Alteration,2025-06-17 00:00:00,Residential,Alteration and improvements,500,0,0,,"1733 EMPRESS STREET, REGINA, SK S4T5E9",Address,Cpr Annex,REDACTED,Property Owner,"110-Single House, single detached home, bungalow, linked home (linked at the foundation), single family dwelling"
PRRN202501495,Renovation/Alteration,2025-06-17 00:00:00,Residential,Alteration,12000,0,0,,"2601 GRANT ROAD, REGINA, SK S4S5E8",Address,Whitmore Park,REDACTED,Property Owner,"110-Single House, single detached home, bungalow, linked home (linked at the foundation), single family dwelling"
PRRN202501547,Renovation/Alteration,2025-06-17 00:00:00,Residential,Alteration and improvements,5000,0,0,,"1622 E BENSON BAY, REGINA, SK S4V1S7",Address,Gardiner Park,RBT CONSTRUCTION AND RENOVATIONS,Contractor,"110-Single House, single detached home, bungalow, linked home (linked at the foundation), single family dwelling"
PRRN202501591,Renovation/Alteration,2025-06-17 00:00:00,Residential,Alteration and improvements,4000,0,0,,"7158 BLAKENEY DRIVE, REGINA, SK S4X2K6",Address,Sherwood Estates,JS GROUP OF COMPANIES,Contractor,"110-Single House, single detached home, bungalow, linked home (linked at the foundation), single family dwelling"
PRSF202501404,Single/Semi-Detached Dwelling 1-2 units,2025-06-17 00:00:00,Residential,New construction,270000,2,2,,"2208 PRINCESS STREET, REGINA, SK S4T3Z8",Address,Old 33,REDACTED,Property Owner,"110-Single House, single detached home, bungalow, linked home (linked at the foundation), single family dwelling"
PRSF202501415,Single/Semi-Detached Dwelling 1-2 units,2025-06-17 00:00:00,Residential,New construction,628436,1,2,,"3216 FAVEL DRIVE, REGINA, SK S4V4B6",Address,The Towns,DREAM TOWNS LANDS SOUTH (GP) INC.,Property Owner,"110-Single House, single detached home, bungalow, linked home (linked at the foundation), single family dwelling"
PRSF202501442,Single/Semi-Detached Dwelling 1-2 units,2025-06-17 00:00:00,Residential,New construction,250000,2,2,,"3148 COPELAND ROAD, REGINA, SK S4V3R9",Address,The Towns,CRAWFORD HOMES (1991) LTD.,Contractor,"110-Single House, single detached home, bungalow, linked home (linked at the foundation), single family dwelling"
PRDE202501119,Demolition,2025-06-18 00:00:00,Residential,Demolition,7500,0,0,1,"1400 E 12TH AVENUE, Unit:19 ROW B, REGINA, SK S4N0M6",Address,Glencairn,REDACTED,Property Owner,"110-Single House, single detached home, bungalow, linked home (linked at the foundation), single family dwelling"
PRDE202501585,Demolition,2025-06-18 00:00:00,Residential,Demolition,15000,0,0,1,"2164 PASQUA STREET, REGINA, SK S4T4M2",Address,Cpr Annex,ROBERT KLEIN ENTERPRISES INC.,Property Owner,"110-Single House, single detached home, bungalow, linked home (linked at the foundation), single family dwelling"
PRFR202501501,Foundation Repair,2025-06-18 00:00:00,Residential,Alteration and improvements,70000,0,0,,"6731 GILLMORE DRIVE, REGINA, SK S4X3Z1",Address,Maple Ridge,RSR CONSTRUCTION - TERRY PAUN,Contractor,"110-Single House, single detached home, bungalow, linked home (linked at the foundation), single family dwelling"
PRFR202501502,Foundation Repair,2025-06-18 00:00:00,Residential,Alteration and improvements,60000,0,0,,"4129 HILLSDALE STREET, REGINA, SK S4S3Y9",Address,Hillsdale,RSR CONSTRUCTION - TERRY PAUN,Contractor,"110-Single House, single detached home, bungalow, linked home (linked at the foundation), single family dwelling"
PRFR202501533,Foundation Repair,2025-06-18 00:00:00,Residential,Alteration and improvements,4882,0,0,,"6123 DALGLIESH DRIVE, REGINA, SK S4X2K3",Address,Mccarthy Park,REGINA BASEMENT BRACING - COLE CROWLEY,Contractor,"110-Single House, single detached home, bungalow, linked home (linked at the foundation), single family dwelling"
PRGA202501260,Garage/Carport,2025-06-18 00:00:00,Residential,Garage/Carport/Accessory Structure,45682.12,0,0,,"627 PRINCESS STREET, REGINA, SK S4T3X6",Address,Parkdale,REDACTED,Property Owner,"110-Single House, single detached home, bungalow, linked home (linked at the foundation), single family dwelling"
PRGA202501571,Garage/Carport,2025-06-18 00:00:00,Residential,Garage/Carport/Accessory Structure,16000,0,0,,"5436 E NICHOLSON AVENUE, REGINA, SK S4V4B4",Address,The Towns,PACESETTER NEW HOMES LTD.,Contractor,"110-Single House, single detached home, bungalow, linked home (linked at the foundation), single family dwelling"
PRRN202501472,Renovation/Alteration,2025-06-18 00:00:00,Residential,Alteration and improvements,10545,0,0,,"3021 ARGYLE ROAD, REGINA, SK S4S2B3",Address,Lakeview A,PRAIRIE BOYS SPRAY FOAM - CODY GLIDDON,Contractor,"110-Single House, single detached home, bungalow, linked home (linked at the foundation), single family dwelling"
PRSF202500122,Single/Semi-Detached Dwelling 1-2 units,2025-06-18 00:00:00,Residential,New construction,458800,2,1,,"1150 N POLEY STREET, REGINA, SK S4X0K2",Address,Hawkstone,BRICK AND MORTOR HOMES,Contractor,"210-Semi-Detached or Double House, single attached home"
PRSF202500123,Single/Semi-Detached Dwelling 1-2 units,2025-06-18 00:00:00,Residential,New construction,458800,2,1,,"1154 N POLEY STREET, REGINA, SK S4X0K2",Address,Hawkstone,BRICK AND MORTOR HOMES,Contractor,"210-Semi-Detached or Double House, single attached home"
PRSF202500124,Single/Semi-Detached Dwelling 1-2 units,2025-06-18 00:00:00,Residential,New construction,458800,2,1,,"1158 N POLEY STREET, REGINA, SK S4X0K2",Address,Hawkstone,BRICK AND MORTOR HOMES,Contractor,"210-Semi-Detached or Double House, single attached home"
PRSF202500125,Single/Semi-Detached Dwelling 1-2 units,2025-06-18 00:00:00,Residential,New construction,458800,2,1,,"1162 N POLEY STREET, REGINA, SK S4X0K2",Address,Hawkstone,BRICK AND MORTOR HOMES,Contractor,"210-Semi-Detached or Double House, single attached home"
PRSS202501572,Secondary Suite,2025-06-18 00:00:00,Residential,Addition to existing building commercial & residential,50000,1,0,,"5108 E BUCKINGHAM DRIVE, REGINA, SK S4V3W2",Address,The Towns,EHRENBURG HOMES LTD.,Contractor,"210-Semi-Detached or Double House, single attached home"
PRSS202501573,Secondary Suite,2025-06-18 00:00:00,Residential,Addition to existing building commercial & residential,50000,1,0,,"5112 E BUCKINGHAM DRIVE, REGINA, SK S4V3W2",Address,The Towns,EHRENBURG HOMES LTD.,Property Owner,"210-Semi-Detached or Double House, single attached home"
PRAD202501273,Addition,2025-06-19 00:00:00,Residential,Addition to existing building commercial & residential,400000,0,0,,"880 MCNIVEN AVENUE, REGINA, SK S4S2V2",Address,Hillsdale,REDACTED,Contractor,"110-Single House, single detached home, bungalow, linked home (linked at the foundation), single family dwelling"
PRBS202501656,Basement Development,2025-06-19 00:00:00,Residential,Alteration and improvements,10000,0,0,,"3514 E CORMORANT DRIVE, REGINA, SK S4N7G4",Address,Parkridge,REDACTED,Property Owner,"110-Single House, single detached home, bungalow, linked home (linked at the foundation), single family dwelling"
PRGA202501367,Garage/Carport,2025-06-19 00:00:00,Residential,Garage/Carport/Accessory Structure,16264.9,,,,"2965 GREEN STONE ROAD, REGINA, SK S4V3Z7",Address,The Towns,REDACTED,Property Owner,"110-Single House, single detached home, bungalow, linked home (linked at the foundation), single family dwelling"
PRGA202501601,Garage/Carport,2025-06-19 00:00:00,Residential,Garage/Carport/Accessory Structure,25000,0,0,,"844 QUEEN STREET, REGINA, SK S4T4A5",Address,Windsor Place,REDACTED,Property Owner,"110-Single House, single detached home, bungalow, linked home (linked at the foundation), single family dwelling"
PRMU202403153,Multi-Unit Dwelling 3+ Units,2025-06-19 00:00:00,Commercial,New construction,17600000,110,4,,"6302 DEWALT AVENUE, REGINA, SK S4X0J2",Address,Skyview,102130052 SASKATCHEWAN LTD.,Property Owner,"310-Apartment, apartment building, duplex, triplex, quadruple"
PRRN202500317,Renovation/Alteration,2025-06-19 00:00:00,Commercial,Alteration and improvements,50000,0,2,,"1817 OSLER STREET, REGINA, SK S4P1W1",Address,Old 33,SNOWBALL INVESTMENTS LTD.,Property Owner,"522-Office complex; office/store, office/apartment"
PRRN202501337,Renovation/Alteration,2025-06-19 00:00:00,Commercial,Alteration and improvements,65000,0,0,,"1637 CANTERBURY LANE, REGINA, SK S4P0J4",Address,Wascana Addition,REDACTED,Property Owner,335-Row House - Condominium
PRTN202501604,Tent / Temporary Structure,2025-06-19 00:00:00,Commercial,Other,0,0,0,,901 GARNET STREET,Address,Washington Park,CITY OF REGINA,Property Owner,Not Applicable
PRAD202500890,Addition,2025-06-20 00:00:00,Commercial,Addition to existing building commercial & residential,787798,0,2,,"7651 MAPLEFORD BOULEVARD, REGINA, SK S4Y0C6",Address,Rosewood Park,CITY OF REGINA,Property Owner,"620-Elementary school, kindergarten"
PRDK202501643,Deck/Sunroom,2025-06-20 00:00:00,Residential,Alteration and improvements,8000,0,0,,"62 CANNON STREET, REGINA, SK S4N1M1",Address,Glencairn,REDACTED,Contractor,"110-Single House, single detached home, bungalow, linked home (linked at the foundation), single family dwelling"
PRDK202501661,Deck/Sunroom,2025-06-20 00:00:00,Residential,Alteration and improvements,3200,0,0,,"5432 E NICHOLSON AVENUE, REGINA, SK S4V4B4",Address,The Towns,PACESETTER NEW HOMES LTD.,Contractor,"210-Semi-Detached or Double House, single attached home"
PRFR202501558,Foundation Repair,2025-06-20 00:00:00,Residential,Alteration and improvements,45000,0,0,,"2010 E JANZEN CRESCENT, REGINA, SK S4V2J1",Address,Richmond Place,REDACTED,Property Owner,"110-Single House, single detached home, bungalow, linked home (linked at the foundation), single family dwelling"
PRFR202501657,Foundation Repair,2025-06-20 00:00:00,Residential,,4465,0,0,,"411 CORNWALL STREET, REGINA, SK S4R2G9",Address,Highland Park,AAA SOLID FOUNDATIONS LTD.,Contractor,"110-Single House, single detached home, bungalow, linked home (linked at the foundation), single family dwelling"
PRGA202501355,Garage/Carport,2025-06-20 00:00:00,Residential,Garage/Carport/Accessory Structure,20000,0,0,,"4633 7TH AVENUE, REGINA, SK S4T0R4",Address,Belvedere,REDACTED,Property Owner,"110-Single House, single detached home, bungalow, linked home (linked at the foundation), single family dwelling"
PRMH202501698,Plumbing,2025-06-20 00:00:00,Residential,Mechanical,3000,0,0,,"1616 CAPITOL ROAD, REGINA, SK S4S4X8",Address,Whitmore Park,AABCO PLUMBING & HEATING LTD,Contractor,"110-Single House, single detached home, bungalow, linked home (linked at the foundation), single family dwelling"
PRPO202501574,Pool,2025-06-20 00:00:00,Residential,Swimming pool,74000,0,0,,"406 GREENSIDE TERRACE, REGINA, SK S4Y0A8",Address,UNDEVELOP,REDACTED,Property Owner,"110-Single House, single detached home, bungalow, linked home (linked at the foundation), single family dwelling"
PRSF202501106,Single/Semi-Detached Dwelling 1-2 units,2025-06-20 00:00:00,Residential,New construction,400000,1,2,,"2973 BELLEGARDE CRESCENT, REGINA, SK S4V3W4",Address,The Towns,DREAM TOWNS LANDS SOUTH (GP) INC.,Property Owner,"110-Single House, single detached home, bungalow, linked home (linked at the foundation), single family dwelling"
PRSF202501392,Single/Semi-Detached Dwelling 1-2 units,2025-06-20 00:00:00,Residential,New construction,250000,2,2,,"405 ST JOHN STREET, REGINA, SK S4R1R4",Address,North Annex,102084236 SASKATCHEWAN LTD.,Property Owner,"110-Single House, single detached home, bungalow, linked home (linked at the foundation), single family dwelling"
PRTN202501433,Tent / Temporary Structure,2025-06-20 00:00:00,Commercial,New,5000,,,,"200 LAKESHORE DRIVE, REGINA, SK S4S7L3",Address,Wascana Park,PROVINCE OF SASKATCHEWAN,Property Owner,Not Applicable
PRDE202501249,Demolition,2025-06-21 00:00:00,Residential,Demolition,106646.58,,,2,"1416 ELPHINSTONE STREET, REGINA, SK S4T3M6",Address,Old 33,CITY OF REGINA,Property Owner,"210-Semi-Detached or Double House, single attached home"
PRFR202501206,Foundation Repair,2025-06-22 00:00:00,Residential,Alteration and improvements,7000,0,0,,"1475 MCCARTHY BOULEVARD, REGINA, SK S4T5T1",Address,Mount Royal,AAA Solid Foundation,Contractor,"110-Single House, single detached home, bungalow, linked home (linked at the foundation), single family dwelling"
PRDE202501156,Demolition,2025-06-23 00:00:00,Residential,Demolition,4000,0,0,,"3147 RAE STREET, REGINA, SK S4S1R9",Address,Lakeview,REDACTED,Property Owner,"110-Single House, single detached home, bungalow, linked home (linked at the foundation), single family dwelling"
PRDE202501576,Demolition,2025-06-23 00:00:00,Residential,Demolition,15000,0,0,1,"2630 ROBINSON STREET, REGINA, SK S4T2R4",Address,Riverside,Ripplinger Homes LTD,Contractor,"110-Single House, single detached home, bungalow, linked home (linked at the foundation), single family dwelling"
PRDK202501637,Deck/Sunroom,2025-06-23 00:00:00,Residential,Alteration and improvements,4850,0,0,,"4665 FERNDALE CRESCENT, REGINA, SK S4V4A1",Address,The Towns,REDACTED,Property Owner,"110-Single House, single detached home, bungalow, linked home (linked at the foundation), single family dwelling"
PRFR202501687,Foundation Repair,2025-06-23 00:00:00,Residential,Alteration and improvements,8000,0,0,,"2 THATCHER ROAD, REGINA, SK S4S6E9",Address,Albert Park,REDACTED,Property Owner,"110-Single House, single detached home, bungalow, linked home (linked at the foundation), single family dwelling"
PRGA202501351,Garage/Carport,2025-06-23 00:00:00,Residential,Garage/Carport/Accessory Structure,20760,0,0,,"4529 JAMES HILL ROAD, REGINA, SK S4W0K6",Address,Harbour Landing,REDACTED,Property Owner,"210-Semi-Detached or Double House, single attached home"
PRMH202501719,Plumbing,2025-06-23 00:00:00,Residential,Mechanical,10000,0,0,,"5309 3RD AVENUE, REGINA, SK S4T0G3",Address,Rosemont North,REDACTED,Property Owner,"110-Single House, single detached home, bungalow, linked home (linked at the foundation), single family dwelling"
PRRN202500446,Renovation/Alteration,2025-06-23 00:00:00,Commercial,Alteration and improvements,22952.48,,,,"1836 HALIFAX STREET, REGINA, SK S4P1T3",Address,Old 33,102059265 SASKATCHEWAN LTD.,Property Owner,"540-Restaurant, bar, tavern, night club, diner, donut shop"
PRRN202500465,Renovation/Alteration,2025-06-23 00:00:00,Residential,Alteration and improvements,45000,0,0,,"641 MONTAGUE STREET, REGINA, SK S4T3G8",Address,Washington Park,REDACTED,Property Owner,"110-Single House, single detached home, bungalow, linked home (linked at the foundation), single family dwelling"
PRRN202501645,Renovation/Alteration,2025-06-23 00:00:00,Commercial,Other,9000,0,1,,"2035 PARK STREET, REGINA, SK S4N6S2",Address,Glen Elm Park S.,DISCOVERY PROPERTIES INC,Property Owner,"540-Restaurant, bar, tavern, night club, diner, donut shop"
PRSF202501577,Single/Semi-Detached Dwelling 1-2 units,2025-06-23 00:00:00,Residential,New construction,700000,1,2,,"2630 ROBINSON STREET, REGINA, SK S4T2R4",Address,Riverside,RIPPLINGER HOMES LTD.,Contractor,"110-Single House, single detached home, bungalow, linked home (linked at the foundation), single family dwelling"
PRBS202501659,Basement Development,2025-06-24 00:00:00,Residential,Alteration and improvements,100000,0,0,,"160 CONNAUGHT CRESCENT, REGINA, SK S4T6M9",Address,Crescents,CREEK CONSTRUCTION,Contractor,"110-Single House, single detached home, bungalow, linked home (linked at the foundation), single family dwelling"
PRDK202501551,Deck/Sunroom,2025-06-24 00:00:00,Residential,New construction,4750,0,0,,"4000 DELHAYE WAY, REGINA, SK S4W0N5",Address,Harbour Landing,REDACTED,Property Owner,"110-Single House, single detached home, bungalow, linked home (linked at the foundation), single family dwelling"
PRDK202501685,Deck/Sunroom,2025-06-24 00:00:00,Residential,Alteration,2500,0,0,,"2270 GARNET STREET, REGINA, SK S4T2Z9",Address,Old 33,REDACTED,Property Owner,"110-Single House, single detached home, bungalow, linked home (linked at the foundation), single family dwelling"
PRFR202501655,Foundation Repair,2025-06-24 00:00:00,Residential,Alteration and improvements,7800,0,0,,"19 THATCHER ROAD, REGINA, SK S4S6E8",Address,Albert Park,REDACTED,Property Owner,"110-Single House, single detached home, bungalow, linked home (linked at the foundation), single family dwelling"
PRFR202501700,Foundation Repair,2025-06-24 00:00:00,Residential,Alteration and improvements,35000,3,0,,"79 ANDREWS CRESCENT, REGINA, SK S4R7X6",Address,Uplands,All Angles Construction - Kyle Vollman,Contractor,"110-Single House, single detached home, bungalow, linked home (linked at the foundation), single family dwelling"
PRFR202501709,Foundation Repair,2025-06-24 00:00:00,Residential,Alteration and improvements,7000,0,0,,"732 BROADWAY AVENUE, REGINA, SK S4N1C3",Address,Assiniboia  Place,AAA Solid Foundation,Contractor,"110-Single House, single detached home, bungalow, linked home (linked at the foundation), single family dwelling"
PRFR202501730,Foundation Repair,2025-06-24 00:00:00,Residential,Alteration and improvements,7000,0,0,,"5520 KARTUSCH PLACE, REGINA, SK S4X4K1",Address,Lakeridge,REDACTED,Property Owner,"110-Single House, single detached home, bungalow, linked home (linked at the foundation), single family dwelling"
PRGA202501107,Garage/Carport,2025-06-24 00:00:00,Residential,Garage/Carport/Accessory Structure,18000,0,0,,"2954 ANGUS STREET, REGINA, SK S4S1N9",Address,Lakeview,1271887 ALBERTA LTD.,Property Owner,"110-Single House, single detached home, bungalow, linked home (linked at the foundation), single family dwelling"
PRGA202501279,Garage/Carport,2025-06-24 00:00:00,Residential,Garage/Carport/Accessory Structure,21967,0,0,,"1849 ATKINSON STREET, REGINA, SK S4N3W4",Address,Arcola Sub,REDACTED,Property Owner,"110-Single House, single detached home, bungalow, linked home (linked at the foundation), single family dwelling"
PRMU202500377,Multi-Unit Dwelling 3+ Units,2025-06-24 00:00:00,Residential,New construction,1000000,6,2,,"5501, 5457, 5453, 5449 & 5445 E BUCKINGHAM DRIVE, REGINA, SK S4V4B5",Address,The Towns,PACESETTER NEW HOMES LTD.,Contractor,"330-Row House, garden home, town house, carriage home, quadrex"
PRRN202501185,Renovation/Alteration,2025-06-24 00:00:00,Commercial,Alteration and improvements,50000,0,1,,"3885 SHERWOOD DRIVE, REGINA, SK S4R4A8",Address,Premier Place,101154559 SASKATCHEWAN LTD.,Property Owner,"510-Retail and wholesale outlets; retail outlet, department store, photographic studio, rental service, beauty salon, hairdressing salon, lumber yard, dry cleaner, laundromat"
PRRN202501596,Renovation/Alteration,2025-06-24 00:00:00,Commercial,Alteration,92500,,,,"4001 E VICTORIA AVENUE, REGINA, SK S4V3A3",Address,The Towns,ARBOR MEMORIAL INC.,Property Owner,"590-Special building use; funeral director, crematorium, mausoleum"
PRTN202501528,Tent / Temporary Structure,2025-06-24 00:00:00,Commercial,Other,1000,,,,"1700 ELPHINSTONE STREET, REGINA, SK S4P2Z6",Address,Old 33,CITY OF REGINA,Property Owner,Not Applicable
PRBS202501721,Basement Development,2025-06-25 00:00:00,Residential,Alteration and improvements,50000,0,0,,"5541 NORSEMAN CRESCENT, REGINA, SK S4W0J8",Address,Harbour Landing,REDACTED,Property Owner,"110-Single House, single detached home, bungalow, linked home (linked at the foundation), single family dwelling"
PRDE202500949,Demolition,2025-06-25 00:00:00,Residential,Demolition,20000,0,0,1,"2808 FLEURY STREET, REGINA, SK S4N2M4",Address,Assiniboia East,REDACTED,Property Owner,"110-Single House, single detached home, bungalow, linked home (linked at the foundation), single family dwelling"
PRDK202501083,Deck/Sunroom,2025-06-25 00:00:00,Residential,Alteration and improvements,6000,0,0,,"3353 FAVEL DRIVE, REGINA, SK S4V4B1",Address,The Towns,REDACTED,Historic Owner,"110-Single House, single detached home, bungalow, linked home (linked at the foundation), single family dwelling"
PRDK202501084,Deck/Sunroom,2025-06-25 00:00:00,Residential,Alteration and improvements,6000,0,0,,"5517 E NICHOLSON AVENUE, REGINA, SK S4V4B1",Address,The Towns,REDACTED,Historic Owner,"110-Single House, single detached home, bungalow, linked home (linked at the foundation), single family dwelling"
PRDK202501631,Deck/Sunroom,2025-06-25 00:00:00,Residential,Alteration and improvements,8000,0,0,,"4628 FERNDALE CRESCENT, REGINA, SK S4V4A1",Address,The Towns,REDACTED,Property Owner,"330-Row House, garden home, town house, carriage home, quadrex"
PRFR202500917,Foundation Repair,2025-06-25 00:00:00,Residential,Alteration and improvements,6715.5,0,0,,"244 FRONTENAC DRIVE, REGINA, SK S4S4L3",Address,Whitmore Park,REDACTED,Property Owner,"110-Single House, single detached home, bungalow, linked home (linked at the foundation), single family dwelling"
PRFR202501553,Foundation Repair,2025-06-25 00:00:00,Residential,Alteration and improvements,16500,0,0,,"6218 DALGLIESH DRIVE, REGINA, SK S4X2N8",Address,Mccarthy Park,Dynamic Earth Solutions - Darrell Mihial,Contractor,"110-Single House, single detached home, bungalow, linked home (linked at the foundation), single family dwelling"
PRFR202501653,Foundation Repair,2025-06-25 00:00:00,Residential,Alteration and improvements,126000,0,0,,"111 WINDFIELD ROAD, REGINA, SK S4V0E8",Address,University Park,REDACTED,Property Owner,"110-Single House, single detached home, bungalow, linked home (linked at the foundation), single family dwelling"
PRFR202501724,Foundation Repair,2025-06-25 00:00:00,Residential,Alteration and improvements,16000,0,0,,"6103 DALGLIESH DRIVE, REGINA, SK S4X2K3",Address,Mccarthy Park,REDACTED,Property Owner,"110-Single House, single detached home, bungalow, linked home (linked at the foundation), single family dwelling"
PRGA202501492,Garage/Carport,2025-06-25 00:00:00,Residential,Garage/Carport/Accessory Structure,35000,0,0,,"2711 QUINN DRIVE, REGINA, SK S4P2W2",Address,Wascana Addition,REDACTED,Property Owner,"110-Single House, single detached home, bungalow, linked home (linked at the foundation), single family dwelling"
PRGA202501684,Garage/Carport,2025-06-25 00:00:00,Residential,Garage/Carport/Accessory Structure,20000,0,0,,"2741 HARVEY STREET, REGINA, SK S4N2N7",Address,Assiniboia East,REDACTED,Property Owner,"110-Single House, single detached home, bungalow, linked home (linked at the foundation), single family dwelling"
PRNR202501159,New Commercial,2025-06-25 00:00:00,Commercial,New construction,1000000,4,2,,"302 ALBERT STREET, REGINA, SK S4R3C1",Address,Coronation Park,102037163 SASKATCHEWAN LTD.,Property Owner,"540-Restaurant, bar, tavern, night club, diner, donut shop"
PRRN202500607,Renovation/Alteration,2025-06-25 00:00:00,Residential,Alteration and improvements,3920,0,0,,"3327 QUEEN STREET, REGINA, SK S4S2E8",Address,Lakeview South,Alair Homes - Matthew Stevens,Contractor,"110-Single House, single detached home, bungalow, linked home (linked at the foundation), single family dwelling"
PRRN202501622,Renovation/Alteration,2025-06-25 00:00:00,Commercial,Alteration and improvements,45000,,,,"1501 11TH AVENUE, REGINA, SK S4P0H3",Address,Old 33,1678744 ALBERTA LTD.,Property Owner,"520-Office building; consultant's office, doctor's office, insurance company, bank, taxi stand, office/cafeteria, office/smoke shop"
PRTN202501714,Tent / Temporary Structure,2025-06-25 00:00:00,Institutional,Other,4000,0,0,,"2405 LEGISLATIVE DRIVE, REGINA, SK S4S0B3",Address,Wascana Park,HER MAJESTY THE QUEEN (SASKATCHEWAN),Property Owner,Not Applicable
PRBS202501728,Basement Development,2025-06-26 00:00:00,Residential,Alteration and improvements,4500,2,0,,"2801 WINDSOR PARK ROAD, Unit:52, REGINA, SK S4V0N1",Address,Windsor Park,REDACTED,Property Owner,335-Row House - Condominium
PRDE202501363,Demolition,2025-06-26 00:00:00,Residential,Demolition,10500,0,0,1,"754 RAE STREET, REGINA, SK S4T2A9",Address,Washington Park,ACCURATE EXCAVATING - TYLER,Contractor,"110-Single House, single detached home, bungalow, linked home (linked at the foundation), single family dwelling"
PRDE202501699,Demolition,2025-06-26 00:00:00,Residential,Demolition,7000,0,0,,"2508 EDWARD STREET, REGINA, SK S4S0M8",Address,River Heights,ADAIRS DEMOLITION,Contractor,"110-Single House, single detached home, bungalow, linked home (linked at the foundation), single family dwelling"
PRDK202501111,Deck/Sunroom,2025-06-26 00:00:00,Residential,Alteration and improvements,10000,0,0,,"4437 CHUKA DRIVE, REGINA, SK S4V3V4",Address,The Creeks,ALL-FIX CONSTRUCTION & RENOVATION,Contractor,"110-Single House, single detached home, bungalow, linked home (linked at the foundation), single family dwelling"
PRDK202501514,Deck/Sunroom,2025-06-26 00:00:00,Residential,Alteration and improvements,6376.48,0,0,,"8834 WHEAT CRESCENT, REGINA, SK S4Y0H4",Address,Westerra,METRO DECKS - DAVID MELNYK,Contractor,"110-Single House, single detached home, bungalow, linked home (linked at the foundation), single family dwelling"
PRFR202500920,Foundation Repair,2025-06-26 00:00:00,Residential,Alteration and improvements,5000,0,0,,"106 MCINNIS CRESCENT, REGINA, SK S4R3E8",Address,Coronation Park N.,GCA CONSTRUCTION,Contractor,"110-Single House, single detached home, bungalow, linked home (linked at the foundation), single family dwelling"
PRGA202501560,Garage/Carport,2025-06-26 00:00:00,Residential,Garage/Carport/Accessory Structure,25000,0,0,,"3402 PORTNALL AVENUE, REGINA, SK S4S1A8",Address,Lakeview Centre,REDACTED,Property Owner,"110-Single House, single detached home, bungalow, linked home (linked at the foundation), single family dwelling"
PRGA202501694,Garage/Carport,2025-06-26 00:00:00,Residential,Garage/Carport/Accessory Structure,20000,0,0,,"8809 HINCKS LANE, REGINA, SK S4Y0B8",Address,Edgewater,REDACTED,Property Owner,"110-Single House, single detached home, bungalow, linked home (linked at the foundation), single family dwelling"
PRRN202500978,Renovation/Alteration,2025-06-26 00:00:00,Commercial,Alteration and improvements,1400000,0,0,,2115 ANAQUOD ROAD,Address,East Victoria Lands,AURORA II RETAIL CORP.,Property Owner,"512-Retail complex; plaza, mall, shopping centre, store/office building"
PRRN202501323,Renovation/Alteration,2025-06-26 00:00:00,Commercial,Addition to existing building commercial & residential,1030307,0,1,,"4020 ROCHDALE BOULEVARD, REGINA, SK S4X4P7",Address,Hawkstone,WESTRIDGE CONSTRUCTION - LIAM CLARKE,Contractor,"570-Motor vehicle show room (new and used); car dealership, used car, motorcycle and tractor sale"
PRRN202501683,Renovation/Alteration,2025-06-26 00:00:00,Residential,Alteration and improvements,7000,0,0,,"1618 E LEE PLACE, REGINA, SK S4V0S7",Address,Gardiner Park,REDACTED,Property Owner,"110-Single House, single detached home, bungalow, linked home (linked at the foundation), single family dwelling"
PRBS202501688,Basement Development,2025-06-27 00:00:00,Residential,Alteration and improvements,60000,0,0,,"154 ANGUS CRESCENT, REGINA, SK S4T6N2",Address,Crescents,COLLABORATIVE CONSTRUCTION INC. (EBUILD),Contractor,"110-Single House, single detached home, bungalow, linked home (linked at the foundation), single family dwelling"
PRBS202501716,Basement Development,2025-06-27 00:00:00,Residential,Alteration and improvements,5000,0,0,,"3310 GREEN BROOK ROAD, REGINA, SK S4V3K2",Address,The Greens on Gardiner,REDACTED,Property Owner,"110-Single House, single detached home, bungalow, linked home (linked at the foundation), single family dwelling"
PRGA202501723,Garage/Carport,2025-06-27 00:00:00,Residential,Garage/Carport/Accessory Structure,20000,0,0,,"1206 MCINTOSH STREET, REGINA, SK S4T5B9",Address,Belvedere,JUNIORS CONSTRUCTION,Contractor,"110-Single House, single detached home, bungalow, linked home (linked at the foundation), single family dwelling"
PRMH202501770,Plumbing,2025-06-27 00:00:00,Residential,Mechanical,5000,0,0,,"24 FOX GLOVE CRESCENT, REGINA, SK S4S4K7",Address,Whitmore Park,REDACTED,Property Owner,"110-Single House, single detached home, bungalow, linked home (linked at the foundation), single family dwelling"
PRMU202500345,Multi-Unit Dwelling 3+ Units,2025-06-27 00:00:00,Residential,New construction,1000000,4,2,,"6138 DEWDNEY AVENUE, REGINA, SK S4T1E1",Address,Mount Royal,TREASURELAND HOLDINGS INC.,Property Owner,335-Row House - Condominium
PRMU202501562,Multi-Unit Dwelling 3+ Units,2025-06-27 00:00:00,Residential,New construction,1000000,4,2,,"1765 RED SPRING STREET, REGINA, SK S4Y0G4 | 1769 RED SPRING STREET, REGINA, SK S4Y0G4 | 1773 RED SPRING STREET, REGINA, SK S4Y0G4 | 1775 RED SPRING STREET, REGINA, SK S4Y0G4",Address,Westerra,PACESETTER NEW HOMES LTD.,Contractor,"330-Row House, garden home, town house, carriage home, quadrex"
PRRN202501005,Renovation/Alteration,2025-06-27 00:00:00,Commercial,Alteration and improvements,1500000,0,0,,"4034 ALBERT STREET, REGINA, SK S4S3R5",Address,Parliament Place,KALAMAKI PROPERTIES INC.,Property Owner,"510-Retail and wholesale outlets; retail outlet, department store, photographic studio, rental service, beauty salon, hairdressing salon, lumber yard, dry cleaner, laundromat"
PRRN202501566,Renovation/Alteration,2025-06-27 00:00:00,Commercial,Alteration and improvements,410000,0,0,,"1433 1ST AVENUE, REGINA, SK S4R8H2",Address,Industrial Park,PCL CONSTRUCTION RESOURCES INC.,Property Owner,"520-Office building; consultant’s office, doctor’s office, insurance company, bank, taxi stand, office/cafeteria, office/smoke shop"
PRRN202501593,Renovation/Alteration,2025-06-27 00:00:00,Institutional,Alteration and improvements,75000,0,5,,"4101 DEWDNEY AVENUE, REGINA, SK S4T1A5",Address,Old 33,PROVINCE OF SASK.,Property Owner,"642-Clinic, health unit; out-patient clinic, first aid station"
PRSF202501448,Single/Semi-Detached Dwelling 1-2 units,2025-06-27 00:00:00,Residential,New construction,250000,1,2,,"4801 E KELLER AVENUE, REGINA, SK S4V3S6",Address,The Towns,CRAWFORD HOMES (EBUILD),Contractor,"110-Single House, single detached home, bungalow, linked home (linked at the foundation), single family dwelling"
PRSF202501527,Single/Semi-Detached Dwelling 1-2 units,2025-06-27 00:00:00,Residential,New construction,250000,1,2,,"5533 WATERER ROAD, REGINA, SK S4W0N2",Address,Harbour Landing,CRAWFORD HOMES (1991) LTD.,Contractor,"110-Single House, single detached home, bungalow, linked home (linked at the foundation), single family dwelling"
PRSS202500912,Secondary Suite,2025-06-27 00:00:00,Residential,Alteration and improvements,45000,1,0,,"5105 AERIAL CRESCENT, REGINA, SK S4W0C8",Address,Harbour Landing,REDACTED,Property Owner,"110-Single House, single detached home, bungalow, linked home (linked at the foundation), single family dwelling"
PRSS202501378,Secondary Suite,2025-06-27 00:00:00,Residential,Alteration and improvements,45000,1,0,,"4322 E KINLOCH BAY, REGINA, SK S4V3R7",Address,The Towns,GREEN STONE RENOVATIONS LTD,Contractor,"110-Single House, single detached home, bungalow, linked home (linked at the foundation), single family dwelling"
PRDK202501701,Deck/Sunroom,2025-06-28 00:00:00,Residential,Alteration and improvements,3500,0,0,,"4604 FERNDALE CRESCENT, REGINA, SK S4V4A1",Address,The Towns,REDACTED,Property Owner,"330-Row House, garden home, town house, carriage home, quadrex"
PRRN202501695,Renovation/Alteration,2025-06-28 00:00:00,Residential,Alteration and improvements,4500,0,0,,"3644 ANSON STREET, REGINA, SK S4S2J3",Address,Lakeview South,REDACTED,Property Owner,"110-Single House, single detached home, bungalow, linked home (linked at the foundation), single family dwelling"
PRBS202501652,Basement Development,2025-06-30 00:00:00,Residential,Alteration and improvements,136995.76,0,0,,"77 LEOPOLD CRESCENT, REGINA, SK S4T6N5",Address,Crescents,REDACTED,Property Owner,"110-Single House, single detached home, bungalow, linked home (linked at the foundation), single family dwelling"
PRBS202501718,Basement Development,2025-06-30 00:00:00,Residential,Alteration and improvements,2000,0,0,,"2721 MCDONALD STREET, REGINA, SK S4N2Z9",Address,Assiniboia  Place,REDACTED,Property Owner,"110-Single House, single detached home, bungalow, linked home (linked at the foundation), single family dwelling"
PRDK202500979,Deck/Sunroom,2025-06-30 00:00:00,Residential,New,5120,0,0,,"187 PROCTER PLACE, REGINA, SK S4S4G2",Address,Hillsdale,REDACTED,Property Owner,"110-Single House, single detached home, bungalow, linked home (linked at the foundation), single family dwelling"
PRGA202501537,Garage/Carport,2025-06-30 00:00:00,Residential,Garage/Carport/Accessory Structure,50000,0,0,,"2910 ARGYLE STREET, REGINA, SK S4S2A9",Address,Normandy Heights,REDACTED,Property Owner,"110-Single House, single detached home, bungalow, linked home (linked at the foundation), single family dwelling"
PRMH202501787,Plumbing,2025-06-30 00:00:00,Residential,Mechanical,11819.88,0,0,,"3500 QU'APPELLE DRIVE, REGINA, SK S4S0C7",Address,River Heights,REDACTED,Property Owner,"110-Single House, single detached home, bungalow, linked home (linked at the foundation), single family dwelling"
PRRN202202772,Renovation/Alteration,2025-06-30 00:00:00,Commercial,Alteration and improvements,5000,0,0,,"1772 MONTREAL STREET, REGINA, SK S4P1K9",Address,Old 33,THE PATRIARCHAL PARISH OF STS. PETER AND PAUL OF THE RUSSIAN ORTHODOX CHURCH CORP.,Property Owner,"660-Religious building; church, cathedral, temple, citadel, synagogue"
PRSS202501634,Secondary Suite,2025-06-30 00:00:00,Residential,Addition to existing building commercial & residential,48000,1,0,,"4853 FERNDALE CRESCENT, REGINA, SK S4V4A3",Address,The Towns,DHAMI CONSTRUCTION INC.,Contractor,"110-Single House, single detached home, bungalow, linked home (linked at the foundation), single family dwelling"
PRDK202501633,Deck/Sunroom,2025-07-01 00:00:00,Residential,Alteration and improvements,45000,0,0,,"2926 GREEN BROOK ROAD, REGINA, SK S4V3Z8",Address,The Towns,REDACTED,Property Owner,"110-Single House, single detached home, bungalow, linked home (linked at the foundation), single family dwelling"
PRDE202501459,Demolition,2025-07-02 00:00:00,Residential,Demolition,7500,0,0,1,"1400 E 12TH AVENUE, Unit:41 ROW B, REGINA, SK S4N0M6",Address,Glencairn,REDACTED,Property Owner,115-Single House - Condominium
PRDE202501461,Demolition,2025-07-02 00:00:00,Residential,Demolition,7500,0,0,1,"1400 E 12TH AVENUE, Unit:11 ROW C, REGINA, SK S4N0M6",Address,Glencairn,S & T PROPERTY MAINTENANCE - SEAN THOMSON,Contractor,130-Mobile Home
PRDE202501580,Demolition,2025-07-02 00:00:00,Residential,Demolition,7500,0,0,1,"1400 E 12TH AVENUE, Unit:8 ROW C, REGINA, SK S4N0M6",Address,Glencairn,S & T PROPERTY MAINTENANCE - SEAN THOMSON,Contractor,130-Mobile Home
PRDE202501581,Demolition,2025-07-02 00:00:00,Residential,Demolition,7500,0,0,1,"1400 E 12TH AVENUE, Unit:35 ROW D, REGINA, SK S4N0M6",Address,Glencairn,S & T PROPERTY MAINTENANCE - SEAN THOMSON,Contractor,130-Mobile Home
PRDE202501595,Demolition,2025-07-02 00:00:00,Residential,Demolition,7500,0,0,1,"1400 E 12TH AVENUE, Unit:39 ROW B, REGINA, SK S4N0M6",Address,Glencairn,REDACTED,Property Owner,130-Mobile Home
PRDE202501620,Demolition,2025-07-02 00:00:00,Residential,Demolition,7500,0,0,1,"1400 E 12TH AVENUE, Unit:50 ROW B, REGINA, SK S4N0M6",Address,Glencairn,S & T PROPERTY MAINTENANCE - SEAN THOMSON,Contractor,130-Mobile Home
PRDE202501621,Demolition,2025-07-02 00:00:00,Residential,Demolition,7500,0,0,1,"1400 E 12TH AVENUE, Unit:47 ROW B, REGINA, SK S4N0M6",Address,Glencairn,REDACTED,Property Owner,130-Mobile Home
PRDE202501623,Demolition,2025-07-02 00:00:00,Residential,Demolition,7500,0,0,1,"1400 E 12TH AVENUE, Unit:4 ROW E, REGINA, SK S4N0M6",Address,Glencairn,REDACTED,Property Owner,130-Mobile Home
PRDE202501624,Demolition,2025-07-02 00:00:00,Residential,Demolition,7500,0,0,1,"1400 E 12TH AVENUE, Unit:10 ROW E, REGINA, SK S4N0M6",Address,Glencairn,REDACTED,Property Owner,130-Mobile Home
PRDE202501626,Demolition,2025-07-02 00:00:00,Residential,Demolition,7500,0,0,1,"1400 E 12TH AVENUE, Unit:16 ROW E, REGINA, SK S4N0M6",Address,Glencairn,REDACTED,Property Owner,130-Mobile Home
PRDE202501646,Demolition,2025-07-02 00:00:00,Residential,Demolition,7500,0,0,1,"1400 E 12TH AVENUE, Unit:28 ROW D, REGINA, SK S4N0M6",Address,Glencairn,REDACTED,Property Owner,130-Mobile Home
PRDE202501690,Demolition,2025-07-02 00:00:00,Residential,Demolition,7500,0,0,1,"1400 E 12TH AVENUE, Unit:5 ROW D, REGINA, SK S4N0M6",Address,Glencairn,S & T PROPERTY MAINTENANCE - SEAN THOMSON,Contractor,130-Mobile Home
PRDE202501744,Demolition,2025-07-02 00:00:00,Residential,Demolition,7500,0,0,1,"1400 E 12TH AVENUE, Unit:30 ROW B, REGINA, SK S4N0M6",Address,Glencairn,REDACTED,Property Owner,130-Mobile Home
PRDK202501242,Deck/Sunroom,2025-07-02 00:00:00,Residential,Alteration and improvements,4885,0,0,,"818 SCHWARZFELD PLACE, REGINA, SK S4N7G6",Address,Parkridge,REDACTED,Property Owner,"110-Single House, single detached home, bungalow, linked home (linked at the foundation), single family dwelling"
PRDK202501625,Deck/Sunroom,2025-07-02 00:00:00,Residential,Alteration and improvements,5000,0,0,,"7217 MAPLE IVY DRIVE, REGINA, SK S4X0P1",Address,Maple Ridge,REDACTED,Property Owner,"110-Single House, single detached home, bungalow, linked home (linked at the foundation), single family dwelling"
PRDK202501682,Deck/Sunroom,2025-07-02 00:00:00,Residential,Alteration and improvements,34000,0,0,,"4601 PADWICK ROAD, REGINA, SK S4W0C3",Address,Harbour Landing,SUNCOAST ENCLOSURES,Contractor,"110-Single House, single detached home, bungalow, linked home (linked at the foundation), single family dwelling"
PRGA202501722,Garage/Carport,2025-07-02 00:00:00,Residential,Garage/Carport/Accessory Structure,20000,0,0,,"3135 E NEAL BAY, REGINA, SK S4N6V8",Address,Parkridge,REDACTED,Property Owner,"110-Single House, single detached home, bungalow, linked home (linked at the foundation), single family dwelling"
PRMH202501712,Plumbing,2025-07-02 00:00:00,Residential,Alteration,3000,0,0,,"90 GROOME AVENUE, REGINA, SK S4S6S4",Address,Albert Park,REDACTED,Property Owner,"110-Single House, single detached home, bungalow, linked home (linked at the foundation), single family dwelling"
PRMH202501810,Plumbing,2025-07-02 00:00:00,Residential,Mechanical,7000,0,0,,"120 LEOPOLD CRESCENT, REGINA, SK S4T6N6",Address,Riverside,MR ROOTER PLUMBING - ANDREW JACKSON,Contractor,"110-Single House, single detached home, bungalow, linked home (linked at the foundation), single family dwelling"
PRMU202501300,Multi-Unit Dwelling 3+ Units,2025-07-02 00:00:00,Residential,New construction,1780290,6,2,,5525 KENNETT SQUARE | 5529 KENNETT SQUARE | 5533 KENNETT SQUARE | 5537 KENNETT SQUARE | 5541 KENNETT SQUARE | 5545 KENNETT SQUARE,Address,The Towns,EHRENBURG HOMES LTD.,Contractor,"330-Row House, garden home, town house, carriage home, quadrex"
PRMU202501304,Multi-Unit Dwelling 3+ Units,2025-07-02 00:00:00,Residential,New construction,1752690,6,2,,5425 KENNETT SQUARE | 5429 KENNETT SQUARE | 5433 KENNETT SQUARE | 5437 KENNETT SQUARE | 5441 KENNETT SQUARE | 5445 KENNETT SQUARE,Address,The Towns,EHRENBURG HOMES LTD.,Contractor,"330-Row House, garden home, town house, carriage home, quadrex"
PRRN202501230,Renovation/Alteration,2025-07-02 00:00:00,Commercial,Alteration and improvements,850000,0,0,,"1700 9TH AVENUE N, REGINA, SK S4R8B1",Address,Mount Pleasant,CITY OF REGINA,Property Owner,"612-Other government building; police station, prison, fire station, military building"
PRSF202501561,Single/Semi-Detached Dwelling 1-2 units,2025-07-02 00:00:00,Residential,New construction,600000,1,2,,"4440 ACADIA DRIVE, REGINA, SK S4S4T4",Address,Whitmore Park,VARSITY HOMES LTD.,Contractor,"110-Single House, single detached home, bungalow, linked home (linked at the foundation), single family dwelling"
PRSS202501702,Secondary Suite,2025-07-02 00:00:00,Residential,Alteration and improvements,63500,1,0,,"4200 E JASMIN PLACE, REGINA, SK S4V3X3",Address,The Towns,SUPREME REGINA CONSTRUCTION,Contractor,"110-Single House, single detached home, bungalow, linked home (linked at the foundation), single family dwelling"
PRAD202501647,Addition,2025-07-03 00:00:00,Residential,Addition to existing building commercial & residential,180000,0,0,,"2695 E CROCUS DRIVE, REGINA, SK S4V1T2",Address,Wood Meadows,REDACTED,Property Owner,"110-Single House, single detached home, bungalow, linked home (linked at the foundation), single family dwelling"
PRAH202501665,Alternative Family Care Home,2025-07-03 00:00:00,Residential,Alteration and improvements,5000,0,0,,"1434 LACON STREET, REGINA, SK S4N1Z1",Address,Rothwell Place,SAYLAH SUITES PROPERTY MANAGEMENT LTD.,Property Owner,"210-Semi-Detached or Double House, single attached home"
PRDE202501358,Demolition,2025-07-03 00:00:00,Residential,Demolition,65539.95,0,0,1,"2024 OTTAWA STREET, REGINA, SK S4P1P8",Address,Old 33,FIRST CHOICE EXCAVATION & DEMOLITION,Contractor,"110-Single House, single detached home, bungalow, linked home (linked at the foundation), single family dwelling"
PRDK202501766,Deck/Sunroom,2025-07-03 00:00:00,Residential,Alteration and improvements,6500,0,0,,"4845 FERNDALE CRESCENT, REGINA, SK S4V4A3",Address,The Towns,LUCKY LINKS BUILDING SERVICES LTD. - LUCKY ALUGE,Contractor,"110-Single House, single detached home, bungalow, linked home (linked at the foundation), single family dwelling"
PRFR202501754,Foundation Repair,2025-07-03 00:00:00,Residential,Alteration and improvements,46000,0,0,,"59 MAYFAIR CRESCENT, REGINA, SK S4S4H6",Address,Whitmore Park,GCA CONSTRUCTION,Contractor,"110-Single House, single detached home, bungalow, linked home (linked at the foundation), single family dwelling"
PRFR202501813,Foundation Repair,2025-07-03 00:00:00,Residential,Alteration and improvements,3300,0,0,,"31 BURROWS STREET, REGINA, SK S4R4S1",Address,Regent Park,COLOSSAL CONSTRUCTION INC. - DARCY ROGALSKI,Contractor,"110-Single House, single detached home, bungalow, linked home (linked at the foundation), single family dwelling"
PRGA202501468,Garage/Carport,2025-07-03 00:00:00,Residential,Garage/Carport/Accessory Structure,40000,0,0,,"2106 MONTAGUE STREET, REGINA, SK S4T3J9",Address,Old 33,REDACTED,Property Owner,"110-Single House, single detached home, bungalow, linked home (linked at the foundation), single family dwelling"
PRGA202501569,Garage/Carport,2025-07-03 00:00:00,Residential,Garage/Carport/Accessory Structure,37511,0,0,,"449 OTTAWA STREET, REGINA, SK S4R1N8",Address,North Annex,S. MILLER CONSTRUCTION SHANE MILLER,Contractor,"110-Single House, single detached home, bungalow, linked home (linked at the foundation), single family dwelling"
PRGA202501649,Garage/Carport,2025-07-03 00:00:00,Residential,Garage/Carport/Accessory Structure,7000,0,0,,"3628 GRASSICK AVENUE, REGINA, SK S4S0Y9",Address,Lakeview A,REDACTED,Property Owner,"110-Single House, single detached home, bungalow, linked home (linked at the foundation), single family dwelling"
PRGA202501693,Garage/Carport,2025-07-03 00:00:00,Residential,Garage/Carport/Accessory Structure,35000,0,0,,"34 MARQUIS CRESCENT, REGINA, SK S4S6J9",Address,Albert Park,REDACTED,Property Owner,"110-Single House, single detached home, bungalow, linked home (linked at the foundation), single family dwelling"
PRMU202501238,Multi-Unit Dwelling 3+ Units,2025-07-03 00:00:00,Residential,New construction,1000000,7,2,,"5505 E BUCKINGHAM DRIVE, REGINA, SK S4V4B5 | 5509 E BUCKINGHAM DRIVE, REGINA, SK S4V4B5 | 5513 E BUCKINGHAM DRIVE, REGINA, SK S4V4B5 | 5517 E BUCKINGHAM DRIVE, REGINA, SK S4V4B5 | 5521 E BUCKINGHAM DRIVE, REGINA, SK S4V4B5 | 5525 E BUCKINGHAM DRIVE, REGINA, SK S4V4B5",Address,The Towns,PACESETTER NEW HOMES LTD.,Contractor,"330-Row House, garden home, town house, carriage home, quadrex"
PRRN202501752,Renovation/Alteration,2025-07-03 00:00:00,Residential,Alteration and improvements,47000,0,0,,"1767 FORGET STREET, REGINA, SK S4T4Y6",Address,Cpr Annex,REDACTED,Property Owner,"110-Single House, single detached home, bungalow, linked home (linked at the foundation), single family dwelling"
PRRN202501755,Renovation/Alteration,2025-07-03 00:00:00,Residential,Alteration and improvements,40000,0,0,,"130 ANGUS CRESCENT, REGINA, SK S4T6N2",Address,Crescents,REDACTED,Property Owner,"110-Single House, single detached home, bungalow, linked home (linked at the foundation), single family dwelling"
PRSF202501563,Single/Semi-Detached Dwelling 1-2 units,2025-07-03 00:00:00,Residential,New construction,600000,1,2,,"4438 ACADIA DRIVE, REGINA, SK S4S4T4",Address,Whitmore Park,VARSITY HOMES LTD.,Contractor,"110-Single House, single detached home, bungalow, linked home (linked at the foundation), single family dwelling"
PRAH202501660,Alternative Family Care Home,2025-07-04 00:00:00,Commercial,Alteration and improvements,5000,0,0,,"4709 PADWICK AVENUE, REGINA, SK S4W0C5",Address,Harbour Landing,HYBRID ELECTRIC,Contractor,"110-Single House, single detached home, bungalow, linked home (linked at the foundation), single family dwelling"
PRBS202501387,Basement Development,2025-07-04 00:00:00,Residential,Alteration and improvements,7500,0,0,,"7977 CANOLA AVENUE, REGINA, SK S4Y0E8",Address,Westerra,REDACTED,Property Owner,"330-Row House, garden home, town house, carriage home, quadrex"
PRBS202501825,Basement Development,2025-07-04 00:00:00,Residential,Alteration and improvements,12000,0,0,,"143 POPLAR BLUFF CRESCENT, REGINA, SK S4Y0B5",Address,Fairways West,REDACTED,Property Owner,"110-Single House, single detached home, bungalow, linked home (linked at the foundation), single family dwelling"
PRDE202402721,Demolition,2025-07-04 00:00:00,Commercial,Demolition,19000,,,,"603 VICTORIA AVENUE, REGINA, SK S4N0R2",Address,Broders Annex,FIRST CHOICE EXCAVATION & DEMOLITION,Contractor,"570-Motor vehicle show room (new and used); car dealership, used car, motorcycle and tractor sale"
PRDE202501691,Demolition,2025-07-04 00:00:00,Institutional,Demolition,400000,0,0,,205 HAMILTON STREET,Address,Highland Park,BOARD OF EDUCATION OF THE REGINA SCHOOL DIVISION NO. 4 OF SASKATCHEWAN,Property Owner,"620-Elementary school, kindergarten"
PRGA202501073,Garage/Carport,2025-07-04 00:00:00,Residential,Garage/Carport/Accessory Structure,28000,0,0,,"352 FORGET STREET, REGINA, SK S4R4X6",Address,Industrial Centre,REDACTED,Property Owner,"110-Single House, single detached home, bungalow, linked home (linked at the foundation), single family dwelling"
PRGA202501347,Garage/Carport,2025-07-04 00:00:00,Residential,Garage/Carport/Accessory Structure,30000,0,0,,"37 COVENTRY ROAD, REGINA, SK S4T5Z4",Address,Coventry Place,CREEK CONSTRUCTION,Contractor,"110-Single House, single detached home, bungalow, linked home (linked at the foundation), single family dwelling"
PRGA202501612,Garage/Carport,2025-07-04 00:00:00,Residential,Garage/Carport/Accessory Structure,30000,0,0,,"1730 6TH AVENUE N, REGINA, SK S4R0M7",Address,Churchill Downs,NUFAB BUILDING PRODUCTS - MIKE DOHERTY,Contractor,"110-Single House, single detached home, bungalow, linked home (linked at the foundation), single family dwelling"
PRGA202501648,Garage/Carport,2025-07-04 00:00:00,Residential,Garage/Carport/Accessory Structure,19800,0,0,,3116 GREEN TURTLE ROAD,Address,The Towns,EHRENBURG HOMES LTD.,Contractor,"110-Single House, single detached home, bungalow, linked home (linked at the foundation), single family dwelling"
PRGA202501739,Garage/Carport,2025-07-04 00:00:00,Residential,Garage/Carport/Accessory Structure,30000,0,0,,"2941 NARCISSE DRIVE, REGINA, SK S4X0M6",Address,Hawkstone,VARSITY HOMES LTD. - JESSE LUKOWICH,Contractor,"210-Semi-Detached or Double House, single attached home"
PRPO202501759,Pool,2025-07-04 00:00:00,Residential,Swimming pool,103000,0,0,,"3022 ZARAN CRESCENT, REGINA, SK S4V1Y3",Address,Gardiner Heights,ELLIS POOLS & CONST. LTD.,Contractor,"110-Single House, single detached home, bungalow, linked home (linked at the foundation), single family dwelling"
PRPO202501856,Pool,2025-07-04 00:00:00,Residential,Swimming pool,100,0,0,,"800 ROYAL STREET, REGINA, SK S4T4Z4",Address,Transcona,REDACTED,Property Owner,"110-Single House, single detached home, bungalow, linked home (linked at the foundation), single family dwelling"
PRRN202501618,Renovation/Alteration,2025-07-04 00:00:00,Commercial,Alteration and improvements,110000,0,1,,"2150 PRINCE OF WALES DRIVE, REGINA, SK S4V3A6",Address,Eastgate,DAMA CONSTRUCTION,Contractor,"512-Retail complex; plaza, mall, shopping centre, store/office building"
PRBS202501603,Basement Development,2025-07-05 00:00:00,Residential,Addition,22000,0,0,,"5320 E GREEN BLUEBELL ROAD, REGINA, SK S4V3M5",Address,The Greens on Gardiner,REDACTED,Property Owner,"210-Semi-Detached or Double House, single attached home"
PRFR202501762,Foundation Repair,2025-07-06 00:00:00,Residential,Alteration and improvements,6640,0,0,,"2407 E STRATHMORE PLACE, REGINA, SK S4V0Z1",Address,University Park East,REGINA BASEMENT BRACING - COLE CROWLEY,Contractor,"110-Single House, single detached home, bungalow, linked home (linked at the foundation), single family dwelling"
PRFR202501822,Foundation Repair,2025-07-06 00:00:00,Residential,Alteration and improvements,9469,0,0,,"2317 ELPHINSTONE STREET, REGINA, SK S4T3P2",Address,Old 33,REGINA BASEMENTS & BRACING,Contractor,"110-Single House, single detached home, bungalow, linked home (linked at the foundation), single family dwelling"
PRAD202501063,Addition,2025-07-07 00:00:00,Commercial,Addition to existing building commercial & residential,400000,0,0,,"5901 13TH AVENUE, REGINA, SK S4T1P8",Address,UNDEVELOP,"CBS CONTRACTING INC., - ANDREW DONNELLY",Contractor,"572-Service station, repair garage and specialty shop; gasoline station, service station/car wash, muffler shop, transmission shop, service station/garage"
PRDE202501757,Demolition,2025-07-07 00:00:00,Residential,Demolition,30000,0,0,1,"1064 RAE STREET, REGINA, SK S4T2B6",Address,Old 33,DAVIES EXCAVATING LTD.,Contractor,"110-Single House, single detached home, bungalow, linked home (linked at the foundation), single family dwelling"
PRDK202501630,Deck/Sunroom,2025-07-07 00:00:00,Residential,New,10000,0,0,,"3153 GREEN STONE ROAD, REGINA, SK S4V3R8",Address,The Towns,REDACTED,Property Owner,"110-Single House, single detached home, bungalow, linked home (linked at the foundation), single family dwelling"
PRGA202501578,Garage/Carport,2025-07-07 00:00:00,Residential,Garage/Carport/Accessory Structure,35000,0,0,,"10 BASIN CRESCENT, REGINA, SK S4R7T1",Address,Uplands,IGGY'S RENOS & REPAIRS,Contractor,"110-Single House, single detached home, bungalow, linked home (linked at the foundation), single family dwelling"
PRGA202501746,Garage/Carport,2025-07-07 00:00:00,Residential,Garage/Carport/Accessory Structure,21000,0,0,,"2905 NARCISSE DRIVE, REGINA, SK S4X0M6",Address,Hawkstone,NORTH RIDGE DEVELOPMENT CORPORATION,Property Owner,"210-Semi-Detached or Double House, single attached home"
PRRN202501519,Renovation/Alteration,2025-07-07 00:00:00,Commercial,Alteration and improvements,900000,0,0,,"2965 GORDON ROAD, REGINA, SK S4S6H7",Address,Albert Park,SBLP SOUTHLAND MALL INC.,Property Owner,"520-Office building; consultant’s office, doctor’s office, insurance company, bank, taxi stand, office/cafeteria, office/smoke shop"
PRRN202501568,Renovation/Alteration,2025-07-07 00:00:00,Commercial,Alteration and improvements,160000,0,1,,"365 HOFFER DRIVE, REGINA, SK S4N6E2",Address,Industrial Ross,504 LAKE INVESTMENTS LTD. | LUXERMAN HOLDINGS LIMITED | ROBB HOLDINGS LTD. | ROCOM MANAGEMENT LTD. | WOLMAN PROPERTIES LTD.,Property Owner,"460-Storage building; warehouse (for storage purposes only), industrial mall, grain elevator, locker rental, silo, quonset, refrigerated storage terminal"
PRRN202501669,Renovation/Alteration,2025-07-07 00:00:00,Residential,Alteration and improvements,15500,0,0,,"469 TORONTO STREET, REGINA, SK S4R1M5",Address,North Annex,REDACTED,Property Owner,"110-Single House, single detached home, bungalow, linked home (linked at the foundation), single family dwelling"
PRRN202501733,Renovation/Alteration,2025-07-07 00:00:00,Residential,Alteration and improvements,3500,0,0,,"192 N SMITH STREET, REGINA, SK S4S3B4",Address,Cityview,JS GROUP OF COMPANIES,Contractor,"110-Single House, single detached home, bungalow, linked home (linked at the foundation), single family dwelling"
PRSF202501524,Single/Semi-Detached Dwelling 1-2 units,2025-07-07 00:00:00,Residential,New construction,260000,1,1,,"1220 ATKINSON STREET, REGINA, SK S4N3V6",Address,Eastern Annex,REDACTED,Property Owner,"110-Single House, single detached home, bungalow, linked home (linked at the foundation), single family dwelling"
PRSS202501642,Secondary Suite,2025-07-07 00:00:00,Residential,Addition to existing building commercial & residential,50000,1,0,,"3877 GOLDFINCH WAY, REGINA, SK S4V1S3",Address,The Creeks,REDACTED,Property Owner,"110-Single House, single detached home, bungalow, linked home (linked at the foundation), single family dwelling"
PRDE202501489,Demolition,2025-07-08 00:00:00,Residential,Demolition,7500,0,0,1,"1400 E 12TH AVENUE, Unit:44 ROW C, REGINA, SK S4N0M6",Address,Glencairn,S & T PROPERTY MAINTENANCE - SEAN THOMSON,Contractor,130-Mobile Home
PRDE202501579,Demolition,2025-07-08 00:00:00,Residential,Demolition,7500,0,0,1,"1400 E 12TH AVENUE, Unit:7 ROW C, REGINA, SK S4N0M6",Address,Glencairn,S & T PROPERTY MAINTENANCE - SEAN THOMSON,Contractor,130-Mobile Home
PRDE202501600,Demolition,2025-07-08 00:00:00,Residential,Demolition,7500,0,0,1,"1400 E 12TH AVENUE, Unit:45 ROW B, REGINA, SK S4N0M6",Address,Glencairn,S & T PROPERTY MAINTENANCE - SEAN THOMSON,Contractor,"110-Single House, single detached home, bungalow, linked home (linked at the foundation), single family dwelling"
PRDE202501720,Demolition,2025-07-08 00:00:00,Residential,Demolition,7500,0,0,1,"1400 E 12TH AVENUE, Unit:6 ROW D, REGINA, SK S4N0M6",Address,Glencairn,S & T PROPERTY MAINTENANCE - SEAN THOMSON,Contractor,130-Mobile Home
PRDE202501745,Demolition,2025-07-08 00:00:00,Residential,Demolition,7500,0,0,1,"1400 E 12TH AVENUE, Unit:30 ROW C, REGINA, SK S4N0M6",Address,Glencairn,REDACTED,Property Owner,130-Mobile Home
PRDE202501786,Demolition,2025-07-08 00:00:00,Residential,Demolition,7500,0,0,1,"1400 E 12TH AVENUE, Unit:52 ROW B, REGINA, SK S4N0M6",Address,Glencairn,GLEN ELM PROPERTIES LTD.,Property Owner,130-Mobile Home
PRDE202501798,Demolition,2025-07-08 00:00:00,Residential,Demolition,7500,0,0,1,"1400 E 12TH AVENUE, Unit:36 ROW C, REGINA, SK S4N0M6",Address,Glencairn,REDACTED,Property Owner,130-Mobile Home
PRDE202501799,Demolition,2025-07-08 00:00:00,Residential,Demolition,7500,0,0,1,"1400 E 12TH AVENUE, Unit:37 ROW B, REGINA, SK S4N0M6",Address,Glencairn,S & T PROPERTY MAINTENANCE - SEAN THOMSON,Contractor,130-Mobile Home
PRDE202501800,Demolition,2025-07-08 00:00:00,Residential,Demolition,7500,0,0,1,"1400 E 12TH AVENUE, Unit:38 ROW B, REGINA, SK S4N0M6",Address,Glencairn,S & T PROPERTY MAINTENANCE - SEAN THOMSON,Contractor,130-Mobile Home
PRFR202501824,Foundation Repair,2025-07-08 00:00:00,Residential,Alteration and improvements,4500,0,0,,"3506 WASCANA STREET, REGINA, SK S4S2H3",Address,Lakeview South,AAA SOLID FOUNDATION,Contractor,"110-Single House, single detached home, bungalow, linked home (linked at the foundation), single family dwelling"
PRFR202501827,Foundation Repair,2025-07-08 00:00:00,Residential,Alteration and improvements,7000,0,0,,"1703 ROYAL STREET, REGINA, SK S4T5A8",Address,Cpr Annex,GCA CONSTRUCTION,Contractor,"110-Single House, single detached home, bungalow, linked home (linked at the foundation), single family dwelling"
PRPO202500587,Pool,2025-07-08 00:00:00,Residential,Swimming pool,100000,0,0,,"5509 BLAKE CRESCENT, REGINA, SK S4X0G5",Address,Lakeridge Addition,BACKYARD LEISURE,Contractor,"110-Single House, single detached home, bungalow, linked home (linked at the foundation), single family dwelling"
PRRN202501259,Renovation/Alteration,2025-07-08 00:00:00,Residential,Alteration and improvements,3500,0,0,,"4849 FERNDALE CRESCENT, REGINA, SK S4V4A3",Address,The Towns,REDACTED,Property Owner,"110-Single House, single detached home, bungalow, linked home (linked at the foundation), single family dwelling"
PRRN202501740,Renovation/Alteration,2025-07-08 00:00:00,Residential,Alteration and improvements,10000,0,0,,"4815 8TH AVENUE, REGINA, SK S4T0W1",Address,Belvedere,REDACTED,Property Owner,"110-Single House, single detached home, bungalow, linked home (linked at the foundation), single family dwelling"
PRSF202501443,Single/Semi-Detached Dwelling 1-2 units,2025-07-08 00:00:00,Residential,New construction,250000,1,2,,"3128 COPELAND ROAD, REGINA, SK S4V3R9",Address,The Towns,CRAWFORD HOMES (1991) LTD. | CRAWFORD HOMES - ANGELA KRAMMER,Contractor,"110-Single House, single detached home, bungalow, linked home (linked at the foundation), single family dwelling"
PRDE202501805,Demolition,2025-07-09 00:00:00,Commercial,Demolition,0,0,0,,"3005 5TH AVENUE, REGINA, SK S4T0L6",Address,Old 33,REDACTED,Property Owner,"512-Retail complex; plaza, mall, shopping centre, store/office building"
PRDK202501790,Deck/Sunroom,2025-07-09 00:00:00,Residential,New,14000,0,0,,"3203 E THAMES CRESCENT, REGINA, SK S4V2W8",Address,Windsor Park,DK PRIME CONSTRUCTION,Contractor,"110-Single House, single detached home, bungalow, linked home (linked at the foundation), single family dwelling"
PRDK202501836,Deck/Sunroom,2025-07-09 00:00:00,Residential,New,4000,0,0,,"4709 E MUTRIE CRESCENT, REGINA, SK S4V3X8",Address,The Towns,REDACTED,Property Owner,"330-Row House, garden home, town house, carriage home, quadrex"
PRFR202501676,Foundation Repair,2025-07-09 00:00:00,Residential,Alteration and improvements,60000,0,0,,"2109 EMBURY STREET, REGINA, SK S4N2L8",Address,Broders Annex,RSR CONSTRUCTION - TERRY PAUN,Contractor,"110-Single House, single detached home, bungalow, linked home (linked at the foundation), single family dwelling"
PRGA202501281,Garage/Carport,2025-07-09 00:00:00,Residential,Garage/Carport/Accessory Structure,43790,0,0,,"2757 MCDONALD STREET, REGINA, SK S4N2Z9",Address,Assiniboia  Place,S. MILLER CONSTRUCTION SHANE MILLER,Contractor,"110-Single House, single detached home, bungalow, linked home (linked at the foundation), single family dwelling"
PRGA202501658,Garage/Carport,2025-07-09 00:00:00,Residential,Garage/Carport/Accessory Structure,16000,0,0,,"53 BOBOLINK BAY, REGINA, SK S4S4K2",Address,Whitmore Park,REDACTED,Property Owner,"110-Single House, single detached home, bungalow, linked home (linked at the foundation), single family dwelling"
PRMH202500941,Plumbing,2025-07-09 00:00:00,Residential,Mechanical,500,0,0,,"2985 BELLEGARDE CRESCENT, REGINA, SK S4V3W4",Address,The Towns,REDACTED,Property Owner,"110-Single House, single detached home, bungalow, linked home (linked at the foundation), single family dwelling"
PRPO202501877,Pool,2025-07-09 00:00:00,Residential,Swimming pool,200,0,0,,"719 N WOROBETZ CRESCENT, REGINA, SK S4X2C4",Address,Sherwood Estates,REDACTED,Property Owner,"110-Single House, single detached home, bungalow, linked home (linked at the foundation), single family dwelling"
PRRN202501817,Renovation/Alteration,2025-07-09 00:00:00,Residential,Alteration and improvements,79490.3,0,0,,"1737 MUSTARD STREET, REGINA, SK S4Y0G1",Address,Westerra,FIRST ON SITE,Contractor,"110-Single House, single detached home, bungalow, linked home (linked at the foundation), single family dwelling"
PRSS202501741,Secondary Suite,2025-07-09 00:00:00,Residential,Addition to existing building commercial & residential,22300,1,0,,3109 GREEN TURTLE ROAD,Address,The Towns,PACESETTER NEW HOMES LTD.,Contractor,"110-Single House, single detached home, bungalow, linked home (linked at the foundation), single family dwelling"
PRSS202501750,Secondary Suite,2025-07-09 00:00:00,Residential,Alteration and improvements,50000,1,0,,"4681 E MUTRIE CRESCENT, REGINA, SK S4V3Y3",Address,The Towns,GREEN STONE RENOVATIONS LTD,Contractor,"210-Semi-Detached or Double House, single attached home"
PRBS202501781,Basement Development,2025-07-10 00:00:00,Residential,Alteration and improvements,30000,0,0,,"5629 MCCAUGHEY STREET, REGINA, SK S4W0P3",Address,Harbour Landing,FIRST CALL CONSTRUCTION,Contractor,"110-Single House, single detached home, bungalow, linked home (linked at the foundation), single family dwelling"
PRBS202501855,Basement Development,2025-07-10 00:00:00,Residential,Alteration and improvements,25000,0,0,,"282 N MONTREAL STREET, REGINA, SK S4R2S9",Address,North Annex,GRID ROAD RENOVATIONS - PATRICK,Contractor,"110-Single House, single detached home, bungalow, linked home (linked at the foundation), single family dwelling"
PRDE202501174,Demolition,2025-07-10 00:00:00,Residential,Demolition,7500,0,0,1,"1400 E 12TH AVENUE, Unit:15 ROW E, REGINA, SK S4N0M6",Address,Glencairn,S & T PROPERTY MAINTENANCE - SEAN THOMSON,Contractor,130-Mobile Home
PRDE202501806,Demolition,2025-07-10 00:00:00,Residential,Demolition,7500,0,0,1,"1400 E 12TH AVENUE, Unit:40 ROW C, REGINA, SK S4N0M6",Address,Glencairn,S & T PROPERTY MAINTENANCE - SEAN THOMSON,Contractor,130-Mobile Home
PRDE202501819,Demolition,2025-07-10 00:00:00,Residential,Demolition,7500,0,0,1,"1400 E 12TH AVENUE, Unit:1 ROW E, REGINA, SK S4N0M6",Address,Glencairn,S & T PROPERTY MAINTENANCE - SEAN THOMSON,Contractor,"110-Single House, single detached home, bungalow, linked home (linked at the foundation), single family dwelling"
PRDK202501211,Deck/Sunroom,2025-07-10 00:00:00,Residential,Alteration and improvements,2700,0,0,,"4612 8TH AVENUE, REGINA, SK S4T0V5",Address,Belvedere,REDACTED,Property Owner,"110-Single House, single detached home, bungalow, linked home (linked at the foundation), single family dwelling"
PRDK202501517,Deck/Sunroom,2025-07-10 00:00:00,Residential,Alteration and improvements,8000,0,0,,"5222 SQUIRES ROAD, REGINA, SK S4W0G8",Address,Harbour Landing,FOUR SEASONS CONSTRUCTION AND RENOVATIONS INC.,Property Owner,"110-Single House, single detached home, bungalow, linked home (linked at the foundation), single family dwelling"
PRDK202501768,Deck/Sunroom,2025-07-10 00:00:00,Residential,Alteration and improvements,10000,0,0,,"3001 BELLEGARDE CRESCENT, REGINA, SK S4V3W3",Address,The Towns,LUCKY LINKS BUILDING SERVICES LTD. - LUCKY ALUGE,Contractor,"110-Single House, single detached home, bungalow, linked home (linked at the foundation), single family dwelling"
PRFR202501862,Foundation Repair,2025-07-10 00:00:00,Residential,Alteration and improvements,8055,0,0,,"122 LLOYD CRESCENT, REGINA, SK S4R6C1",Address,Parkview,AAA SOLID FOUNDATION,Contractor,"110-Single House, single detached home, bungalow, linked home (linked at the foundation), single family dwelling"
PRFR202501894,Foundation Repair,2025-07-10 00:00:00,Residential,Alteration and improvements,15000,0,0,,"350 ROBINSON STREET, REGINA, SK S4R3R2",Address,Coronation Park,REDACTED,Property Owner,"110-Single House, single detached home, bungalow, linked home (linked at the foundation), single family dwelling"
PRGA202501463,Garage/Carport,2025-07-10 00:00:00,Residential,Garage/Carport/Accessory Structure,33000,0,0,,"2501 PARK STREET, REGINA, SK S4N2H2",Address,Dominion Heights,REDACTED,Property Owner,"110-Single House, single detached home, bungalow, linked home (linked at the foundation), single family dwelling"
PRNR202500496,New Commercial,2025-07-10 00:00:00,Commercial,Superstructure or part of new building,15500000,0,3,,"2100 15TH AVENUE, REGINA, SK S4P0Z9",Address,Old 33,WESTRIDGE HOMES LTD,Contractor,"650-Day care, nursing home, rest home, home for the blind, charitable home, detoxification center"
PRRN202501418,Renovation/Alteration,2025-07-10 00:00:00,Commercial,Alteration and improvements,70000,0,6,,"4555 RAE STREET, Unit:207, REGINA, SK S4S3B2",Address,Albert Park,GREEN LADDER BUILDING CORP.,Contractor,315-Apartment - Condominium
PRRN202501419,Renovation/Alteration,2025-07-10 00:00:00,Commercial,Alteration and improvements,70000,0,6,,"4555 RAE STREET, Unit:107, REGINA, SK S4S3B2",Address,Albert Park,GREEN LADDER BUILDING CORP.,Contractor,315-Apartment - Condominium
PRRN202501666,Renovation/Alteration,2025-07-10 00:00:00,Commercial,Alteration and improvements,150000,0,1,,3751 CHUKA BOULEVARD,Address,The Greens on Gardiner,ACRE 21 DEVELOPMENT CORP.,Property Owner,"512-Retail complex; plaza, mall, shopping centre, store/office building"
PRRN202501696,Renovation/Alteration,2025-07-10 00:00:00,Commercial,Alteration and improvements,703821,0,0,,"1140 MCINTOSH STREET, REGINA, SK S4T5B9",Address,Rosemont South,LYDALE CONSTRUCTION - MIKE,Contractor,315-Apartment - Condominium
PRRN202501812,Renovation/Alteration,2025-07-10 00:00:00,Residential,Alteration and improvements,500,0,0,,"38 MERLIN CRESCENT, REGINA, SK S4R3E2",Address,Coronation Park N.,CARTHAGO RENOVATIONS INC,Contractor,"110-Single House, single detached home, bungalow, linked home (linked at the foundation), single family dwelling"
PRSF202500809,Single/Semi-Detached Dwelling 1-2 units,2025-07-10 00:00:00,Residential,New construction,800000,1,2,,"321 19TH AVENUE, REGINA, SK S4N1G9",Address,Arnhem Place,ALAIR HOMES,Contractor,"110-Single House, single detached home, bungalow, linked home (linked at the foundation), single family dwelling"
PRSF202501521,Single/Semi-Detached Dwelling 1-2 units,2025-07-10 00:00:00,Residential,New construction,1200000,1,1,,"4325 BULRUSH WAY, REGINA, SK S4V3L4",Address,The Creeks,VARSITY HOMES LTD.,Contractor,"110-Single House, single detached home, bungalow, linked home (linked at the foundation), single family dwelling"
PRSS202501738,Secondary Suite,2025-07-10 00:00:00,Residential,Alteration and improvements,65000,1,0,,"3053 GREEN STONE ROAD, REGINA, SK S4V3Z2",Address,The Towns,REDACTED,Property Owner,"110-Single House, single detached home, bungalow, linked home (linked at the foundation), single family dwelling"
PRDE202501575,Demolition,2025-07-11 00:00:00,Residential,Demolition,5000,0,0,,"4046 ARGYLE STREET, REGINA, SK S4S3L6",Address,Parliament Place,REDACTED,Property Owner,"110-Single House, single detached home, bungalow, linked home (linked at the foundation), single family dwelling"
PRDK202501861,Deck/Sunroom,2025-07-11 00:00:00,Residential,Alteration and improvements,10000,0,0,,"3270 VALLEY GREEN WAY, REGINA, SK S4V3R1",Address,The Towns,REDACTED,Property Owner,"110-Single House, single detached home, bungalow, linked home (linked at the foundation), single family dwelling"
PRFR202501829,Foundation Repair,2025-07-11 00:00:00,Residential,Alteration and improvements,18900,0,0,,"8 DERBY STREET, REGINA, SK S4R4E8",Address,Coronation Park N.,AAA SOLID FOUNDATION,Contractor,"110-Single House, single detached home, bungalow, linked home (linked at the foundation), single family dwelling"
PRFR202501914,Foundation Repair,2025-07-11 00:00:00,Residential,Alteration and improvements,4000,0,0,,"109 LOGAN CRESCENT, REGINA, SK S4S5P7",Address,Whitmore Park,AAA SOLID FOUNDATION,Contractor,"110-Single House, single detached home, bungalow, linked home (linked at the foundation), single family dwelling"
PRRN202501616,Renovation/Alteration,2025-07-11 00:00:00,Commercial,Alteration and improvements,300000,1,1,,"1600 4TH AVENUE, REGINA, SK S4R8G8",Address,Industrial Park,BOARD OF EDUCATION OF THE REGINA SCHOOL DIVISION NO. 4 OF SASKATCHEWAN,Property Owner,"460-Storage building; warehouse (for storage purposes only), industrial mall, grain elevator, locker rental, silo, quonset, refrigerated storage terminal"
PRSF202501212,Single/Semi-Detached Dwelling 1-2 units,2025-07-11 00:00:00,Residential,New construction,480200,1,2,,3156 GREEN TURTLE ROAD,Address,The Towns,HOMES BY DREAM,Contractor,"110-Single House, single detached home, bungalow, linked home (linked at the foundation), single family dwelling"
PRSF202501599,Single/Semi-Detached Dwelling 1-2 units,2025-07-11 00:00:00,Residential,New construction,567700,1,2,,3158 BOWEN STREET,Address,The Towns,HOMES BY DREAM,Contractor,"110-Single House, single detached home, bungalow, linked home (linked at the foundation), single family dwelling"
PRSF202501743,Single/Semi-Detached Dwelling 1-2 units,2025-07-11 00:00:00,Residential,New construction,313275,1,2,,3148 GREEN TURTLE ROAD,Address,The Towns,DREAM TOWNS LANDS SOUTH (GP) INC.,Contractor,"110-Single House, single detached home, bungalow, linked home (linked at the foundation), single family dwelling"
PRSS202501737,Secondary Suite,2025-07-11 00:00:00,Residential,Addition to existing building commercial & residential,85000,1,0,,"5657 GLIDE CRESCENT, REGINA, SK S4W0P2",Address,Harbour Landing,REDACTED,Property Owner,"110-Single House, single detached home, bungalow, linked home (linked at the foundation), single family dwelling"
PRRN202501554,Renovation/Alteration,2025-07-13 00:00:00,Commercial,Alteration and improvements,60000,0,1,,"1280 CAMERON STREET, REGINA, SK S4T2T1",Address,Old 33,R.C.C.G. AMAZING GRACE PARISH INCORPORATED,Property Owner,"660-Religious building; church, cathedral, temple, citadel, synagogue"
PRDE202500668,Demolition,2025-07-14 00:00:00,Commercial,Demolition,0,0,0,,"1431 15TH AVENUE, REGINA, SK S4P0Z2",Address,Old 33,HERITAGE HOME LAND DEVELOPMENTS LTD.,Property Owner,n/a
PRDE202501883,Demolition,2025-07-14 00:00:00,Residential,Demolition,4000,0,0,,"834 SCHWARZFELD PLACE, REGINA, SK S4N7G6",Address,Parkridge,REDACTED,Property Owner,"110-Single House, single detached home, bungalow, linked home (linked at the foundation), single family dwelling"
PRFR202501349,Foundation Repair,2025-07-14 00:00:00,Residential,Alteration and improvements,3000,0,0,,"2009 DUFFERIN ROAD, REGINA, SK S4S5B2",Address,Whitmore Park,RSR CONSTRUCTION - TERRY PAUN,Contractor,"110-Single House, single detached home, bungalow, linked home (linked at the foundation), single family dwelling"
PRFR202501834,Foundation Repair,2025-07-14 00:00:00,Residential,Alteration and improvements,76300,0,0,,"254 N MCINTOSH STREET, REGINA, SK S4R4Z9",Address,Normanview,AAA SOLID FOUNDATION,Contractor,"110-Single House, single detached home, bungalow, linked home (linked at the foundation), single family dwelling"
PRGA202501654,Garage/Carport,2025-07-14 00:00:00,Residential,Garage/Carport/Accessory Structure,25000,0,0,,"30 COLDWELL ROAD, REGINA, SK S4R4K2",Address,Regent Park,REDACTED,Property Owner,"110-Single House, single detached home, bungalow, linked home (linked at the foundation), single family dwelling"
PRGA202501742,Garage/Carport,2025-07-14 00:00:00,Residential,Garage/Carport/Accessory Structure,20000,0,0,,"3402 GREEN TURTLE ROAD, REGINA, SK S4V3N7",Address,The Greens on Gardiner,REDACTED,Property Owner,"330-Row House, garden home, town house, carriage home, quadrex"
PRPO202501466,Pool,2025-07-14 00:00:00,Residential,Swimming pool,14000,0,0,,"672 ABERDEEN CRESCENT, REGINA, SK S4T6A9",Address,Rosemont North,REDACTED,Property Owner,"110-Single House, single detached home, bungalow, linked home (linked at the foundation), single family dwelling"
PRRN202501513,Renovation/Alteration,2025-07-14 00:00:00,Commercial,Alteration and improvements,150000,0,0,,"2445 ALBERT STREET, REGINA, SK S4P4W7",Address,Wascana Park,SASKATCHEWAN PROPERTY MANAGEMENT CORPORATION,Property Owner,"550-Theatre and performing art center; movie theatre, concert hall, opera house, cultural center"
PRSF202501651,Single/Semi-Detached Dwelling 1-2 units,2025-07-14 00:00:00,Residential,New construction,250000,2,2,,"4817 E KELLER AVENUE, REGINA, SK S4V3S6",Address,The Towns,CRAWFORD HOMES (EBUILD),Contractor,"110-Single House, single detached home, bungalow, linked home (linked at the foundation), single family dwelling"
PRSF202501854,Single/Semi-Detached Dwelling 1-2 units,2025-07-14 00:00:00,Residential,New construction,750000,3,2,,"8608 WHEAT CRESCENT, REGINA, SK S4Y0H3 | 8610 WHEAT CRESCENT, REGINA, SK S4Y0H3",Address,Westerra,COLBY KIRKPATRICK - PACESETTER HOMES,Contractor,"210-Semi-Detached or Double House, single attached home"
PRSS202501496,Secondary Suite,2025-07-14 00:00:00,Residential,Addition to existing building commercial & residential,45000,1,0,,"2920 GEORGE STREET, REGINA, SK S4V3W1",Address,The Towns,REDACTED,Property Owner,"330-Row House, garden home, town house, carriage home, quadrex"
PRSS202501726,Secondary Suite,2025-07-14 00:00:00,Residential,Addition to existing building commercial & residential,50000,1,0,,"3334 GREEN STONE ROAD, REGINA, SK S4V3K3",Address,The Greens on Gardiner,GREEN STONE RENOVATIONS LTD,Contractor,"110-Single House, single detached home, bungalow, linked home (linked at the foundation), single family dwelling"
PRSS202501791,Secondary Suite,2025-07-14 00:00:00,Residential,Alteration and improvements,50000,1,0,,"4865 FERNDALE CRESCENT, REGINA, SK S4V4A3",Address,The Towns,LUCKY LINKS BUILDING SERVICES LTD. - LUCKY ALUGE,Contractor,"110-Single House, single detached home, bungalow, linked home (linked at the foundation), single family dwelling"
PRBS202501793,Basement Development,2025-07-15 00:00:00,Residential,Alteration and improvements,30000,0,0,,"2909 ROCHDALE BOULEVARD, REGINA, SK S4X0N1",Address,Hawkstone,FIRST CALL CONSTRUCTION,Contractor,"110-Single House, single detached home, bungalow, linked home (linked at the foundation), single family dwelling"
PRBS202501906,Basement Development,2025-07-15 00:00:00,Residential,Alteration and improvements,44000,0,0,,3601 GREEN MARSH CRESCENT,Address,The Greens on Gardiner,NORTH RIDGE DEVELOPMENT CORPORATION,Contractor,"210-Semi-Detached or Double House, single attached home"
PRDE202501564,Demolition,2025-07-15 00:00:00,Residential,Demolition,8500,0,0,,"1207 ROBINSON STREET, REGINA, SK S4T2N3",Address,Old 33,REDACTED,Property Owner,"110-Single House, single detached home, bungalow, linked home (linked at the foundation), single family dwelling"
PRDE202501871,Demolition,2025-07-15 00:00:00,Residential,Demolition,0,0,0,,"1117 ROBINSON STREET, REGINA, SK S4T2N1",Address,Old 33,ACTION EXCAVATING  - JASON SMALE,Contractor,"110-Single House, single detached home, bungalow, linked home (linked at the foundation), single family dwelling"
PRDE202501875,Demolition,2025-07-15 00:00:00,Residential,Demolition,26300,0,0,1,"750 PRINCESS STREET, REGINA, SK S4T3X7",Address,Parkdale,CITY OF REGINA,Property Owner,"110-Single House, single detached home, bungalow, linked home (linked at the foundation), single family dwelling"
PRDK202501913,Deck/Sunroom,2025-07-15 00:00:00,Residential,Alteration and improvements,10000,0,0,,"4054 E CRANBERRY PLACE, REGINA, SK S4V3V4",Address,The Creeks,REDACTED,Property Owner,"110-Single House, single detached home, bungalow, linked home (linked at the foundation), single family dwelling"
PRMH202501981,Plumbing,2025-07-15 00:00:00,Residential,Mechanical,8000,0,0,,"3809 LAKEVIEW AVENUE, REGINA, SK S4S1H3",Address,Lakeview South,MR. ROOTER PLUMBING,Contractor,"110-Single House, single detached home, bungalow, linked home (linked at the foundation), single family dwelling"
PRRN202501274,Renovation/Alteration,2025-07-15 00:00:00,Commercial,Alteration and improvements,10000,0,1,,"2333 E VICTORIA AVENUE, REGINA, SK S4N1K5",Address,Glen Elm Park,PINNACLE DEVELOPMENTS INC.,Property Owner,"510-Retail and wholesale outlets; retail outlet, department store, photographic studio, rental service, beauty salon, hairdressing salon, lumber yard, dry cleaner, laundromat"
PRRN202501681,Renovation/Alteration,2025-07-15 00:00:00,Commercial,Alteration and improvements,7000,0,0,,"4715 MCTAVISH STREET, REGINA, SK S4S6H2",Address,Albert Park,POSITIVE ELECTRIC - DMITRY MARKMAN,Contractor,"660-Religious building; church, cathedral, temple, citadel, synagogue"
PRSS202501487,Secondary Suite,2025-07-15 00:00:00,Residential,Alteration and improvements,50000,1,0,,"37 CECIL CRESCENT, REGINA, SK S4T5Y6",Address,Coventry Place,REDACTED,Property Owner,"110-Single House, single detached home, bungalow, linked home (linked at the foundation), single family dwelling"
PRBS202501680,Basement Development,2025-07-16 00:00:00,Residential,Alteration and improvements,35000,0,0,,"2917 BELLEGARDE CRESCENT, REGINA, SK S4V3X7",Address,The Towns,KRATZ DEVELOPMENTS,Contractor,"110-Single House, single detached home, bungalow, linked home (linked at the foundation), single family dwelling"
PRBS202501916,Basement Development,2025-07-16 00:00:00,Residential,Alteration and improvements,30000,0,0,,"5201 E ARENS ROAD, Unit:25, REGINA, SK S4V4A8",Address,The Towns,REDACTED,Property Owner,335-Row House - Condominium
PRDK202501707,Deck/Sunroom,2025-07-16 00:00:00,Residential,Alteration and improvements,60000,0,0,,"3933 GREEN DIAMOND ROAD, REGINA, SK S4V3T1",Address,The Greens on Gardiner,REDACTED,Property Owner,"110-Single House, single detached home, bungalow, linked home (linked at the foundation), single family dwelling"
PRDK202501917,Deck/Sunroom,2025-07-16 00:00:00,Residential,Alteration and improvements,13117.79,0,0,,"3256 E FAUL BAY, REGINA, SK S4V2W9",Address,Windsor Park,REDACTED,Property Owner,"110-Single House, single detached home, bungalow, linked home (linked at the foundation), single family dwelling"
PRFR202501924,Foundation Repair,2025-07-16 00:00:00,Residential,Alteration and improvements,7340,0,0,,"749 ROYAL STREET, REGINA, SK S4T4Z3",Address,Transcona,AAA SOLID FOUNDATION,Contractor,"110-Single House, single detached home, bungalow, linked home (linked at the foundation), single family dwelling"
PRFR202501926,Foundation Repair,2025-07-16 00:00:00,Residential,Alteration and improvements,6890,0,0,,"1333 VICTORIA AVENUE, REGINA, SK S4P0P2",Address,Old 33,AAA SOLID FOUNDATION,Contractor,"110-Single House, single detached home, bungalow, linked home (linked at the foundation), single family dwelling"
PRFR202501927,Foundation Repair,2025-07-16 00:00:00,Residential,Alteration and improvements,59860,0,0,,"49 MCCORMICK CRESCENT, REGINA, SK S4T6J9",Address,Mount Royal,AAA SOLID FOUNDATION,Contractor,"110-Single House, single detached home, bungalow, linked home (linked at the foundation), single family dwelling"
PRFR202501939,Foundation Repair,2025-07-16 00:00:00,Residential,Alteration and improvements,40000,0,0,,"3700 REGINA AVENUE, REGINA, SK S4S0H6",Address,Normandy Heights,JS GROUP OF COMPANIES,Contractor,"110-Single House, single detached home, bungalow, linked home (linked at the foundation), single family dwelling"
PRGA202501771,Garage/Carport,2025-07-16 00:00:00,Residential,Garage/Carport/Accessory Structure,40362.26,0,0,,"2405 5TH AVENUE N, REGINA, SK S4R0S5",Address,Highland Park,RM CONSTRUCTION (2005) LTD.,Contractor,"110-Single House, single detached home, bungalow, linked home (linked at the foundation), single family dwelling"
PRGA202501848,Garage/Carport,2025-07-16 00:00:00,Residential,Garage/Carport/Accessory Structure,40000,0,0,,"2701 FRANCIS STREET, REGINA, SK S4N2R4",Address,Assiniboia  Place,REDACTED,Property Owner,"110-Single House, single detached home, bungalow, linked home (linked at the foundation), single family dwelling"
PRGA202501860,Garage/Carport,2025-07-16 00:00:00,Residential,Garage/Carport/Accessory Structure,20000,0,0,,"878 N MORRIS CRESCENT, REGINA, SK S4X2L7",Address,Mccarthy Park,REILLYS CONSTRUCTION LTD.,Contractor,"110-Single House, single detached home, bungalow, linked home (linked at the foundation), single family dwelling"
PRRN202500814,Renovation/Alteration,2025-07-16 00:00:00,Commercial,Alteration and improvements,480000,0,0,,"2220 E VICTORIA AVENUE, REGINA, SK S4N7B9",Address,Glencairn,1918698 ALBERTA INC.,Property Owner,"522-Office complex; office/store, office/apartment"
PRRN202501609,Renovation/Alteration,2025-07-16 00:00:00,Commercial,Alteration and improvements,300000,0,1,,"328 VICTORIA AVENUE, REGINA, SK S4N0P6",Address,Arcola Sub,MCNAUGHTON JAMIE N - CCRCONSTRUCTION,Contractor,"540-Restaurant, bar, tavern, night club, diner, donut shop"
PRRN202501692,Renovation/Alteration,2025-07-16 00:00:00,Commercial,Alteration and improvements,20000,0,0,,"2712 7TH AVENUE, REGINA, SK S4T0P5",Address,Old 33,2575996 ALBERTA LTD.,Property Owner,315-Apartment - Condominium
PRRN202501833,Renovation/Alteration,2025-07-16 00:00:00,Residential,Alteration and improvements,7000,0,0,,"11 WILLOUGHBY CRESCENT, REGINA, SK S4R5K3",Address,Normanview,REDACTED,Property Owner,"110-Single House, single detached home, bungalow, linked home (linked at the foundation), single family dwelling"
PRRN202501886,Renovation/Alteration,2025-07-16 00:00:00,Residential,Alteration and improvements,17500,0,0,,"5013 CORNELL GATE, REGINA, SK S4W0J2",Address,Harbour Landing,REDACTED,Property Owner,"210-Semi-Detached or Double House, single attached home"
PRSF202500973,Single/Semi-Detached Dwelling 1-2 units,2025-07-16 00:00:00,Residential,New construction,157300,1,2,,3064 DUMONT WAY,Address,The Towns,CITY OF REGINA,Property Owner,"110-Single House, single detached home, bungalow, linked home (linked at the foundation), single family dwelling"
PRSS202501191,Secondary Suite,2025-07-16 00:00:00,Residential,Alteration and improvements,30000,1,0,,"4638 PADWICK ROAD, REGINA, SK S4W0C3",Address,Harbour Landing,REDACTED,Property Owner,"110-Single House, single detached home, bungalow, linked home (linked at the foundation), single family dwelling"
PRSS202501597,Secondary Suite,2025-07-16 00:00:00,Residential,Alteration and improvements,40000,1,0,,"4403 E BUCKINGHAM DRIVE, REGINA, SK S4V3X4",Address,The Towns,FIRST CALL CONSTRUCTION,Contractor,"330-Row House, garden home, town house, carriage home, quadrex"
PRDE202501801,Demolition,2025-07-17 00:00:00,Residential,Demolition,7500,0,0,1,"1400 E 12TH AVENUE, Unit:42 ROW B, REGINA, SK S4N0M6",Address,Glencairn,REDACTED,Property Owner,130-Mobile Home
PRDE202501838,Demolition,2025-07-17 00:00:00,Residential,Demolition,7500,0,0,1,"1400 E 12TH AVENUE, Unit:49 ROW D, REGINA, SK S4N0M6",Address,Glencairn,GLEN ELM PROPERTIES LTD.,Property Owner,130-Mobile Home
PRDE202501851,Demolition,2025-07-17 00:00:00,Residential,Demolition,46800,0,0,1,"3512 GARNER AVENUE, REGINA, SK S4S1A4",Address,Lakeview Centre,ADAIR'S DEMOLITION LTD.,Contractor,"110-Single House, single detached home, bungalow, linked home (linked at the foundation), single family dwelling"
PRDE202501970,Demolition,2025-07-17 00:00:00,Residential,Demolition,4500,0,0,,"1450 RETALLACK STREET, REGINA, SK S4T2J2",Address,Old 33,ADAIR'S DEMOLITION LTD.,Contractor,"110-Single House, single detached home, bungalow, linked home (linked at the foundation), single family dwelling"
PRDK202501808,Deck/Sunroom,2025-07-17 00:00:00,Residential,Alteration and improvements,6000,0,0,,"3337 FAVEL DRIVE, REGINA, SK S4V4B1",Address,The Towns,REDACTED,Property Owner,"110-Single House, single detached home, bungalow, linked home (linked at the foundation), single family dwelling"
PRDK202501928,Deck/Sunroom,2025-07-17 00:00:00,Residential,Alteration and improvements,6750,0,0,,"8818 WHEAT CRESCENT, REGINA, SK S4Y0H5",Address,Westerra,METRO DECKS - DAVID MELNYK,Contractor,"110-Single House, single detached home, bungalow, linked home (linked at the foundation), single family dwelling"
PRFR202501859,Foundation Repair,2025-07-17 00:00:00,Residential,Alteration and improvements,59000,0,0,,"1560 BROADWAY PLACE, REGINA, SK S4P4S6",Address,Wascana Addition,RAMJACK SASKATCHEWAN,Contractor,"110-Single House, single detached home, bungalow, linked home (linked at the foundation), single family dwelling"
PRGA202500296,Garage/Carport,2025-07-17 00:00:00,Residential,Garage/Carport/Accessory Structure,35000,0,0,,"6607 COLLINS BAY, REGINA, SK S4X1T1",Address,Sherwood Estates,REDACTED,Property Owner,"110-Single House, single detached home, bungalow, linked home (linked at the foundation), single family dwelling"
PRMH202501996,Plumbing,2025-07-17 00:00:00,Residential,Mechanical,500,0,0,,"5417 E NICHOLSON AVENUE, REGINA, SK S4V4B3",Address,The Towns,REDACTED,Property Owner,"110-Single House, single detached home, bungalow, linked home (linked at the foundation), single family dwelling"
PRMU202501377,Multi-Unit Dwelling 3+ Units,2025-07-17 00:00:00,Residential,New construction,2083150,12,3,,1621 WEST MARKET STREET,Address,Westerra,KDR-CH PROPERTIES REGINA LTD.,Property Owner,"310-Apartment, apartment building, duplex, triplex, quadruple"
PRRN202501912,Renovation/Alteration,2025-07-17 00:00:00,Residential,Alteration and improvements,2000,0,0,,"2943 E MORE CRESCENT, REGINA, SK S4V0T6",Address,Wood Meadows,REDACTED,Property Owner,"110-Single House, single detached home, bungalow, linked home (linked at the foundation), single family dwelling"
PRSF202501847,Single/Semi-Detached Dwelling 1-2 units,2025-07-17 00:00:00,Residential,New construction,520000,2,2,,"3095 DUMONT WAY, REGINA, SK S4V3Z3",Address,The Towns,101301324 SASKATCHEWAN LTD.,Contractor,"110-Single House, single detached home, bungalow, linked home (linked at the foundation), single family dwelling"
PRSS202501849,Secondary Suite,2025-07-17 00:00:00,Residential,Addition to existing building commercial & residential,50000,1,0,,"8754 WHEAT CRESCENT, REGINA, SK S4Y0H6",Address,Westerra,REDACTED,Property Owner,"110-Single House, single detached home, bungalow, linked home (linked at the foundation), single family dwelling"
PRBS202501899,Basement Development,2025-07-18 00:00:00,Residential,Alteration and improvements,20000,0,0,,"1920 E 7TH AVENUE, Unit:112, REGINA, SK S4N6M9",Address,Glencairn,REDACTED,Property Owner,335-Row House - Condominium
PRFR202501828,Foundation Repair,2025-07-18 00:00:00,Residential,Alteration and improvements,60000,0,0,,"83 CARDINAL CRESCENT, REGINA, SK S4S4Y6",Address,Whitmore Park,GCA CONSTRUCTION,Contractor,"110-Single House, single detached home, bungalow, linked home (linked at the foundation), single family dwelling"
PRGA202501937,Garage/Carport,2025-07-18 00:00:00,Residential,Garage/Carport/Accessory Structure,15000,0,0,,"4173 E GREEN OLIVE WAY, REGINA, SK S4V1P8",Address,The Greens on Gardiner,REDACTED,Property Owner,"110-Single House, single detached home, bungalow, linked home (linked at the foundation), single family dwelling"
PRRN202501002,Renovation/Alteration,2025-07-18 00:00:00,Commercial,Alteration and improvements,60000,0,0,,"2102 11TH AVENUE, REGINA, SK S4P0J5",Address,Old 33,CORNWALL CENTRE INC.,Property Owner,"540-Restaurant, bar, tavern, night club, diner, donut shop"
PRRN202501277,Renovation/Alteration,2025-07-18 00:00:00,Commercial,Alteration and improvements,250000,0,1,,"535 PARK STREET, REGINA, SK S4N5B2",Address,Industrial Ross,535 PARK STREET PROPERTIES LTD.,Property Owner,"510-Retail and wholesale outlets; retail outlet, department store, photographic studio, rental service, beauty salon, hairdressing salon, lumber yard, dry cleaner, laundromat"
PRRN202501686,Renovation/Alteration,2025-07-18 00:00:00,Commercial,Alteration and improvements,200000,0,1,,3799 ROCHDALE BOULEVARD,Address,Hawkstone,CORNERSTONE HOLDINGS LTD.,Property Owner,"540-Restaurant, bar, tavern, night club, diner, donut shop"
PRRN202501852,Renovation/Alteration,2025-07-18 00:00:00,Residential,Alteration and improvements,101000,0,0,,"4029 HILLSDALE STREET, REGINA, SK S4S3Y8",Address,Hillsdale,AL SCHICK CONSTRUCTION LTD - AL SCHICK,Contractor,"110-Single House, single detached home, bungalow, linked home (linked at the foundation), single family dwelling"
PRFR202501947,Foundation Repair,2025-07-20 00:00:00,Residential,Alteration and improvements,31322,0,0,,"55 MCNAUGHTON AVENUE, REGINA, SK S4R4L9",Address,Regent Park,REGINA BASEMENT BRACING - COLE CROWLEY,Contractor,"110-Single House, single detached home, bungalow, linked home (linked at the foundation), single family dwelling"
PRFR202501948,Foundation Repair,2025-07-20 00:00:00,Residential,Alteration and improvements,8795,0,0,,"2634 E THORNICROFT BAY, REGINA, SK S4V0T8",Address,Gardiner Park,REGINA BASEMENT BRACING - COLE CROWLEY,Contractor,"110-Single House, single detached home, bungalow, linked home (linked at the foundation), single family dwelling"
PRBS202502010,Basement Development,2025-07-21 00:00:00,Residential,Alteration and improvements,19000,0,0,,"1379 ROBINSON STREET, REGINA, SK S4T2N5",Address,Old 33,REDACTED,Property Owner,"110-Single House, single detached home, bungalow, linked home (linked at the foundation), single family dwelling"
PRDK202501749,Deck/Sunroom,2025-07-21 00:00:00,Residential,New,3000,0,0,,"6221 BALZER STREET, REGINA, SK S4X0J2",Address,Skyview,REDACTED,Property Owner,"110-Single House, single detached home, bungalow, linked home (linked at the foundation), single family dwelling"
PRDK202501940,Deck/Sunroom,2025-07-21 00:00:00,Residential,Alteration and improvements,3200,0,0,,"5417 E NICHOLSON AVENUE, REGINA, SK S4V4B3",Address,The Towns,REDACTED,Property Owner,"110-Single House, single detached home, bungalow, linked home (linked at the foundation), single family dwelling"
PRFR202501764,Foundation Repair,2025-07-21 00:00:00,Residential,,38700,0,0,,"3543 HAZEL GROVE, REGINA, SK S4V2S7",Address,Woodland Grove,REDACTED,Property Owner,"110-Single House, single detached home, bungalow, linked home (linked at the foundation), single family dwelling"
PRNR202501120,New Commercial,2025-07-21 00:00:00,Commercial,New construction,125000,1,1,,3310 LAKEVIEW AVENUE,Address,Lakeview South,WEST OAK INVESTMENTS - MICHAEL HARLOS,Contractor,"562-Outdoor recreational building; country club, golf club campground facilities, outdoor skating rink, outdoor swimming pool"
PRRN202501398,Renovation/Alteration,2025-07-21 00:00:00,Commercial,Alteration and improvements,47240,0,1,,"3850 GREEN FALLS DRIVE, REGINA, SK S4V3N5",Address,The Greens on Gardiner,2418991 ONTARIO LIMITED,Property Owner,"520-Office building; consultant’s office, doctor’s office, insurance company, bank, taxi stand, office/cafeteria, office/smoke shop"
PRRN202501672,Renovation/Alteration,2025-07-21 00:00:00,Residential,Alteration,6000,0,0,,"3624 GREEN BANK ROAD, REGINA, SK S4V1M4",Address,The Greens on Gardiner,REDACTED,Property Owner,"110-Single House, single detached home, bungalow, linked home (linked at the foundation), single family dwelling"
PRRN202501853,Renovation/Alteration,2025-07-21 00:00:00,Residential,Alteration and improvements,2000,0,0,,"2936 ROBINSON STREET, REGINA, SK S4S1V1",Address,Lakeview,REDACTED,Property Owner,"110-Single House, single detached home, bungalow, linked home (linked at the foundation), single family dwelling"
PRRN202501873,Renovation/Alteration,2025-07-21 00:00:00,Residential,Alteration and improvements,5000,0,0,,"3434 E PHANEUF CRESCENT, REGINA, SK S4V1V5",Address,Wood Meadows,REDACTED,Property Owner,"110-Single House, single detached home, bungalow, linked home (linked at the foundation), single family dwelling"
PRRN202501895,Renovation/Alteration,2025-07-21 00:00:00,Commercial,Alteration and improvements,5000,0,0,,"1715 BADHAM BOULEVARD, REGINA, SK S4P0L9",Address,Wascana Addition,CANTERBURY COMMON CONDOMINIUM CORPORATION,Property Owner,"522-Office complex; office/store, office/apartment"
PRRN202501900,Renovation/Alteration,2025-07-21 00:00:00,Residential,Alteration and improvements,52000,0,0,,"100 WESTFIELD DRIVE, REGINA, SK S4S2S6",Address,Albert Park,OAKRIDGE REMODELING LTD,Contractor,"110-Single House, single detached home, bungalow, linked home (linked at the foundation), single family dwelling"
PRRN202501958,Renovation/Alteration,2025-07-21 00:00:00,Residential,Alteration and improvements,5000,0,0,,"34 MOLLARD CRESCENT, REGINA, SK S4T6J2",Address,Mount Royal,TRIPLE R CONCRETE CUTTING,Contractor,"110-Single House, single detached home, bungalow, linked home (linked at the foundation), single family dwelling"
PRSF202501034,Single/Semi-Detached Dwelling 1-2 units,2025-07-21 00:00:00,Residential,New construction,157300,1,2,,3060 DUMONT WAY,Address,The Towns,CITY OF REGINA,Property Owner,"110-Single House, single detached home, bungalow, linked home (linked at the foundation), single family dwelling"
PRSF202501831,Single/Semi-Detached Dwelling 1-2 units,2025-07-21 00:00:00,Residential,New construction,406600,1,2,,3157 FAVEL DRIVE,Address,The Towns,HOMES BY DREAM,Contractor,"110-Single House, single detached home, bungalow, linked home (linked at the foundation), single family dwelling"
PRSS202501902,Secondary Suite,2025-07-21 00:00:00,Residential,Alteration and improvements,57000,1,0,,"3156 TROMBLEY STREET, REGINA, SK S4V3R9",Address,The Towns,PARMAR CONSTRUCTIONS CORP,Contractor,"110-Single House, single detached home, bungalow, linked home (linked at the foundation), single family dwelling"
PRSS202501925,Secondary Suite,2025-07-21 00:00:00,Residential,Alteration and improvements,41000,1,0,,"5609 TUTOR WAY, REGINA, SK S4W0N5",Address,Harbour Landing,LUCKY LINKS BUILDING SERVICES LTD. - LUCKY ALUGE,Contractor,"210-Semi-Detached or Double House, single attached home"
PRBS202502022,Basement Development,2025-07-22 00:00:00,Residential,Alteration and improvements,40000,0,0,,"6959 MAPLE VISTA DRIVE, REGINA, SK S4X0J8",Address,Maple Ridge,REDACTED,Property Owner,"110-Single House, single detached home, bungalow, linked home (linked at the foundation), single family dwelling"
PRDE202501102,Demolition,2025-07-22 00:00:00,Residential,Demolition,0,0,0,,"114 WALDEN CRESCENT, REGINA, SK S4N1L3",Address,Glencairn,REDACTED,Property Owner,"110-Single House, single detached home, bungalow, linked home (linked at the foundation), single family dwelling"
PRDE202501803,Demolition,2025-07-22 00:00:00,Residential,Demolition,7500,0,0,1,"1400 E 12TH AVENUE, Unit:23 ROW C, REGINA, SK S4N0M6",Address,Glencairn,REDACTED,Property Owner,130-Mobile Home
PRDE202501820,Demolition,2025-07-22 00:00:00,Residential,Demolition,7500,0,0,1,"1400 E 12TH AVENUE, Unit:31 ROW D, REGINA, SK S4N0M6",Address,Glencairn,S & T PROPERTY MAINTENANCE - SEAN THOMSON,Contractor,130-Mobile Home
PRFR202501935,Foundation Repair,2025-07-22 00:00:00,Residential,Alteration and improvements,7200,0,0,,"9 MOTHERWELL CRESCENT, REGINA, SK S4S3Z3",Address,Hillsdale,AAA SOLID FOUNDATION,Contractor,"110-Single House, single detached home, bungalow, linked home (linked at the foundation), single family dwelling"
PRFR202501971,Foundation Repair,2025-07-22 00:00:00,Residential,Alteration and improvements,7975,0,0,,"2204 ELPHINSTONE STREET, REGINA, SK S4T3N8",Address,Old 33,AAA SOLID FOUNDATION,Contractor,"110-Single House, single detached home, bungalow, linked home (linked at the foundation), single family dwelling"
PRFR202501986,Foundation Repair,2025-07-22 00:00:00,Residential,Alteration and improvements,16100,0,0,,"1214 N BUTTERFIELD CRESCENT, REGINA, SK S4X3X1",Address,Rochdale Park,AAA SOLID FOUNDATION,Contractor,"110-Single House, single detached home, bungalow, linked home (linked at the foundation), single family dwelling"
PRFR202502004,Foundation Repair,2025-07-22 00:00:00,Residential,Alteration and improvements,3975,0,0,,"294 N LORNE STREET, REGINA, SK S4R3A9",Address,Cityview,AAA SOLID FOUNDATIONS LTD.,Contractor,"110-Single House, single detached home, bungalow, linked home (linked at the foundation), single family dwelling"
PRFR202502005,Foundation Repair,2025-07-22 00:00:00,Residential,Alteration and improvements,4380,0,0,,"862 N SAMUELS CRESCENT, REGINA, SK S4X2L5",Address,Mccarthy Park,REDACTED,Property Owner,"110-Single House, single detached home, bungalow, linked home (linked at the foundation), single family dwelling"
PRGA202501014,Garage/Carport,2025-07-22 00:00:00,Residential,Garage/Carport/Accessory Structure,25000,0,0,,"2471 MCARA STREET, REGINA, SK S4N2W6",Address,Assiniboia  Place,NORD WEST STUCCO LTD.,Contractor,"110-Single House, single detached home, bungalow, linked home (linked at the foundation), single family dwelling"
PRGA202501857,Garage/Carport,2025-07-22 00:00:00,Residential,Garage/Carport/Accessory Structure,40800,0,0,,"1134 N MCEACHERN DRIVE, REGINA, SK S4X0M7",Address,Hawkstone,GILROY HOMES INC.,Contractor,"110-Single House, single detached home, bungalow, linked home (linked at the foundation), single family dwelling"
PRMH202502043,Plumbing,2025-07-22 00:00:00,Residential,Mechanical,6000,0,0,,"123 EMPRESS DRIVE, REGINA, SK S4T6M7",Address,Cpr Annex,REDACTED,Property Owner,"210-Semi-Detached or Double House, single attached home"
PRMH202502044,Plumbing,2025-07-22 00:00:00,Residential,Mechanical,6000,0,0,,"119 EMPRESS DRIVE, REGINA, SK S4T6M7",Address,Cpr Annex,REDACTED,Property Owner,"210-Semi-Detached or Double House, single attached home"
PRNR202501974,New Commercial,2025-07-22 00:00:00,Commercial,Foundation (new),9962324,0,2,,4550 CAMPBELL STREET,Address,UNDEVELOP,CITY OF REGINA,Property Owner,"620-Elementary school, kindergarten"
PRRN202501480,Renovation/Alteration,2025-07-22 00:00:00,Commercial,Alteration and improvements,2519919,0,15,,"1800 HAMILTON STREET, REGINA, SK S4P4K7",Address,Old 33,15877873 CANADA INC. | HDL INVESTMENTS INC.,Property Owner,"522-Office complex; office/store, office/apartment"
PRRN202501945,Renovation/Alteration,2025-07-22 00:00:00,Residential,Alteration and improvements,20000,0,0,,"3320 WINDSOR PARK CRESCENT, REGINA, SK S4V2Z6",Address,Windsor Park,HIBBERT HOMES & RENOVATIONS INC.,Contractor,"110-Single House, single detached home, bungalow, linked home (linked at the foundation), single family dwelling"
PRRN202501951,Renovation/Alteration,2025-07-22 00:00:00,Residential,Alteration and improvements,25000,0,0,,"5015 STAFF CRESCENT, REGINA, SK S4X4M4",Address,Lakeridge,REDACTED,Property Owner,"110-Single House, single detached home, bungalow, linked home (linked at the foundation), single family dwelling"
PRRN202501955,Renovation/Alteration,2025-07-22 00:00:00,Residential,Alteration and improvements,6500,0,0,,"30 ANTICKNAP BAY, REGINA, SK S4N4G6",Address,Glencairn,JS GROUP OF COMPANIES,Contractor,"110-Single House, single detached home, bungalow, linked home (linked at the foundation), single family dwelling"
PRRN202501969,Renovation/Alteration,2025-07-22 00:00:00,Residential,Alteration and improvements,93000,0,0,,"78 SUNSET DRIVE, REGINA, SK S4S2R7",Address,Albert Park,MAXIMUM PROPERTIES - MARTIN SIDEEN,Contractor,"110-Single House, single detached home, bungalow, linked home (linked at the foundation), single family dwelling"
PRSF202501782,Single/Semi-Detached Dwelling 1-2 units,2025-07-22 00:00:00,Residential,New construction,300000,2,2,,"1138 N POLEY STREET, REGINA, SK S4X0K2",Address,Hawkstone,102114828 SASKATCHEWAN INC.,Property Owner,"110-Single House, single detached home, bungalow, linked home (linked at the foundation), single family dwelling"
PRSF202501846,Single/Semi-Detached Dwelling 1-2 units,2025-07-22 00:00:00,Residential,New construction,520000,2,2,,"3009 GREEN STONE ROAD, REGINA, SK S4V3Z2",Address,The Towns,101301324 SASKATCHEWAN LTD.,Property Owner,"110-Single House, single detached home, bungalow, linked home (linked at the foundation), single family dwelling"
PRSS202501705,Secondary Suite,2025-07-22 00:00:00,Residential,Alteration and improvements,35000,1,0,,"4342 E KINLOCH BAY, REGINA, SK S4V3R7",Address,The Towns,REDACTED,Property Owner,"110-Single House, single detached home, bungalow, linked home (linked at the foundation), single family dwelling"
PRAD202501319,Addition,2025-07-23 00:00:00,Institutional,Foundation (new),50000,0,1,,"2910 E SHOOTER DRIVE, REGINA, SK S4V0Y7",Address,Wood Meadows,BOARD OF EDUCATION OF THE REGINA ROMAN CATHOLIC SEPARATE SCHOOL DIVISION NO. 81 OF SASKATC,Property Owner,"620-Elementary school, kindergarten"
PRAD202501334,Addition,2025-07-23 00:00:00,Institutional,Foundation (new),20000,0,1,,"302 UPLAND DRIVE, REGINA, SK S4R5X3",Address,Uplands,BOARD OF EDUCATION OF THE REGINA ROMAN CATHOLIC SEPARATE SCHOOL DIVISION NO. 81 OF SASKATC,Property Owner,"620-Elementary school, kindergarten"
PRAD202501335,Addition,2025-07-23 00:00:00,Institutional,Foundation (new),30000,0,0,,"280 SANGSTER BOULEVARD, REGINA, SK S4R7H5",Address,Argyle Park,BOARD OF EDUCATION OF THE REGINA ROMAN CATHOLIC SEPARATE SCHOOL DIVISION NO. 81 OF SASKATC,Property Owner,"620-Elementary school, kindergarten"
PRAD202501475,Addition,2025-07-23 00:00:00,Institutional,Foundation (new),30000,0,1,,"45 MIKKELSON DRIVE, REGINA, SK S4T6B7",Address,Mount Royal,BOARD OF EDUCATION OF THE REGINA ROMAN CATHOLIC SEPARATE SCHOOL DIVISION NO. 81 OF SASKATC,Property Owner,"620-Elementary school, kindergarten"
PRDE202501248,Demolition,2025-07-23 00:00:00,Residential,Demolition,161654.18,0,0,4,"7116 DEWDNEY AVENUE, REGINA, SK S4T1E6",Address,Dieppe Place,FIRST CHOICE EXCAVATION & DEMOLITION,Contractor,"310-Apartment, apartment building, duplex, triplex, quadruple"
PRDE202501464,Demolition,2025-07-23 00:00:00,Residential,Demolition,15000,0,0,1,"3432 MASON AVENUE, REGINA, SK S4S0Z4",Address,Lakeview A,ENCORA DEVELOPMENTS INC.,Contractor,"110-Single House, single detached home, bungalow, linked home (linked at the foundation), single family dwelling"
PRDE202502009,Demolition,2025-07-23 00:00:00,Residential,Demolition,30800,0,0,1,"1260 ANGUS STREET, REGINA, SK S4T1Y7",Address,Old 33,ADAIR'S DEMOLITION LTD.,Contractor,"110-Single House, single detached home, bungalow, linked home (linked at the foundation), single family dwelling"
PRDK202501960,Deck/Sunroom,2025-07-23 00:00:00,Residential,Alteration and improvements,15000,0,0,,"2418 E CROWE BAY, REGINA, SK S4V0V7",Address,Wood Meadows,REDACTED,Property Owner,"110-Single House, single detached home, bungalow, linked home (linked at the foundation), single family dwelling"
PRDK202501972,Deck/Sunroom,2025-07-23 00:00:00,Residential,Alteration and improvements,9000,0,0,,"1590 N LAKERIDGE DRIVE, REGINA, SK S4X4L6",Address,Lakeridge,DECKED OUT CONTRACTING - MIKE SHAHEEN,Contractor,"110-Single House, single detached home, bungalow, linked home (linked at the foundation), single family dwelling"
PRFR202502027,Foundation Repair,2025-07-23 00:00:00,Residential,Alteration and improvements,4145,0,0,,"303 TORONTO STREET, REGINA, SK S4R1M3",Address,North Annex,REDACTED,Historic Owner,"110-Single House, single detached home, bungalow, linked home (linked at the foundation), single family dwelling"
PRRN202501608,Renovation/Alteration,2025-07-23 00:00:00,Institutional,Alteration and improvements,102000,0,0,,"4500 WASCANA PARKWAY, REGINA, SK S4S5W9",Address,Wascana Park,CROWN IN RIGHT OF SASKATCHEWAN,Property Owner,"624-Post-secondary institution; technical institute, trade school"
PRRN202501811,Renovation/Alteration,2025-07-23 00:00:00,Institutional,Alteration and improvements,120000,0,1,,7900 RITTER AVENUE,Address,UNDEVELOP,CROWN IN RIGHT OF SASKATCHEWAN,Property Owner,"612-Other government building; police station, prison, fire station, military building"
PRRN202501872,Renovation/Alteration,2025-07-23 00:00:00,Residential,Alteration and improvements,5000,0,0,,"126 MILLAR CRESCENT, REGINA, SK S4S1N4",Address,Lakeview South,HZM CONSTRUCTION & DEVELOPMENTS,Contractor,"110-Single House, single detached home, bungalow, linked home (linked at the foundation), single family dwelling"
PRRN202501922,Renovation/Alteration,2025-07-23 00:00:00,Residential,Alteration and improvements,30000,0,0,,"2260 PRINCESS STREET, REGINA, SK S4T3Z8",Address,Old 33,REDACTED,Property Owner,"110-Single House, single detached home, bungalow, linked home (linked at the foundation), single family dwelling"
PRRN202501932,Renovation/Alteration,2025-07-23 00:00:00,Residential,Alteration and improvements,14770.4,0,0,,"336 N MCINTOSH STREET, REGINA, SK S4R5A2",Address,Normanview,P90 ENERGY INC.,Contractor,"110-Single House, single detached home, bungalow, linked home (linked at the foundation), single family dwelling"
PRRN202501977,Renovation/Alteration,2025-07-23 00:00:00,Residential,Alteration and improvements,5000,0,0,,"928 GREY STREET, REGINA, SK S4T5G9",Address,Rosemont North,TURK CONSTRUCTION - MATT,Contractor,"330-Row House, garden home, town house, carriage home, quadrex"
PRRN202501993,Renovation/Alteration,2025-07-23 00:00:00,Residential,Alteration and improvements,750,0,0,,"21 TIBBITS ROAD, REGINA, SK S4S1N5",Address,Albert Park,HYBRID RENOVATIONS,Contractor,"110-Single House, single detached home, bungalow, linked home (linked at the foundation), single family dwelling"
PRSF202501920,Single/Semi-Detached Dwelling 1-2 units,2025-07-23 00:00:00,Residential,New construction,850000,1,1,,"6202 BALZER STREET, REGINA, SK S4X0J2",Address,Skyview,RIPPLINGER HOMES LTD,Contractor,"110-Single House, single detached home, bungalow, linked home (linked at the foundation), single family dwelling"
PRDE202501821,Demolition,2025-07-24 00:00:00,Residential,Demolition,0,0,0,1,"2464 LINDSAY STREET, REGINA, SK S4N3C6",Address,Assiniboia  Place,ZARISKI CONSTRUCTION,Contractor,"110-Single House, single detached home, bungalow, linked home (linked at the foundation), single family dwelling"
PRDE202501941,Demolition,2025-07-24 00:00:00,Residential,Demolition,15000,0,0,1,"1581 ARGYLE STREET, REGINA, SK S4T3S4",Address,Old 33,ARTEMIS HOMES TEAM,Contractor,"110-Single House, single detached home, bungalow, linked home (linked at the foundation), single family dwelling"
PRDE202502054,Demolition,2025-07-24 00:00:00,Residential,Demolition,10000,0,0,,"418 18TH AVENUE, REGINA, SK S4N1G1",Address,Arnhem Place,LYDALE CONSTRUCTION - VERN LANGE,Contractor,"110-Single House, single detached home, bungalow, linked home (linked at the foundation), single family dwelling"
PRDK202502029,Deck/Sunroom,2025-07-24 00:00:00,Residential,Alteration and improvements,6500,0,0,,"1612 N MAPLE HILL CRESCENT, REGINA, SK S4X0P1",Address,Maple Ridge,REDACTED,Property Owner,"110-Single House, single detached home, bungalow, linked home (linked at the foundation), single family dwelling"
PRDK202502038,Deck/Sunroom,2025-07-24 00:00:00,Residential,Alteration and improvements,8000,0,0,,"2934 GREEN BROOK ROAD, REGINA, SK S4V3Z8",Address,The Towns,REDACTED,Property Owner,"110-Single House, single detached home, bungalow, linked home (linked at the foundation), single family dwelling"
PRFR202501933,Foundation Repair,2025-07-24 00:00:00,Residential,Alteration and improvements,53289.98,0,0,,"1317 JUBILEE AVENUE, REGINA, SK S4S3S8",Address,Hillsdale,REGINA HOUSE LEVELING - TRAVIS ZERIE,Contractor,"110-Single House, single detached home, bungalow, linked home (linked at the foundation), single family dwelling"
PRGA202501586,Garage/Carport,2025-07-24 00:00:00,Residential,Garage/Carport/Accessory Structure,19024.6,0,0,,"5428 E NICHOLSON AVENUE, REGINA, SK S4V4B4",Address,The Towns,NU-FAB BUILDING PRODUCTS,Contractor,"110-Single House, single detached home, bungalow, linked home (linked at the foundation), single family dwelling"
PRRN202501934,Renovation/Alteration,2025-07-24 00:00:00,Commercial,Alteration and improvements,120000,0,1,,"166 UNIVERSITY PARK DRIVE, REGINA, SK S4V1A3",Address,University Park,MELCOR REIT GP INC.,Property Owner,"512-Retail complex; plaza, mall, shopping centre, store/office building"
PRRN202501946,Renovation/Alteration,2025-07-24 00:00:00,Residential,Alteration and improvements,5000,0,0,,"11203 WASCANA MEADOWS, REGINA, SK S4V2V5",Address,Wascana View,FIORANTE HOMES AND COMMERCIAL LTD.,Contractor,"110-Single House, single detached home, bungalow, linked home (linked at the foundation), single family dwelling"
PRRN202501976,Renovation/Alteration,2025-07-24 00:00:00,Commercial,Alteration and improvements,2000,0,0,,"1820 CORNWALL STREET, REGINA, SK S4P2K2",Address,Old 33,1820 CORNWALL STREET PROPERTIES LTD.,Property Owner,"536-Convention centre, exhibition building"
PRSF202500971,Single/Semi-Detached Dwelling 1-2 units,2025-07-24 00:00:00,Residential,New construction,182710,1,2,,3084 DUMONT WAY,Address,The Towns,CITY OF REGINA,Property Owner,"110-Single House, single detached home, bungalow, linked home (linked at the foundation), single family dwelling"
PRSS202501830,Secondary Suite,2025-07-24 00:00:00,Residential,Addition to existing building commercial & residential,35000,1,0,,"3057 GREEN STONE ROAD, REGINA, SK S4V3Z2",Address,The Towns,REDACTED,Property Owner,"110-Single House, single detached home, bungalow, linked home (linked at the foundation), single family dwelling"
PRSS202501840,Secondary Suite,2025-07-24 00:00:00,Residential,Addition to existing building commercial & residential,35000,1,0,,"2938 GREEN BROOK ROAD, REGINA, SK S4V3Z8",Address,The Towns,REDACTED,Property Owner,"110-Single House, single detached home, bungalow, linked home (linked at the foundation), single family dwelling"
PRTN202502056,Tent / Temporary Structure,2025-07-24 00:00:00,Commercial,Other,7732,0,0,,2190 VICTORIA AVENUE,Address,Old 33,CITY OF REGINA,Property Owner,Not Applicable
PRBS202501850,Basement Development,2025-07-25 00:00:00,Residential,Alteration and improvements,18000,1,0,,"5417 MCKENNA CRESCENT, REGINA, SK S4W0G2",Address,Harbour Landing,REDACTED,Property Owner,"110-Single House, single detached home, bungalow, linked home (linked at the foundation), single family dwelling"
PRBS202502050,Basement Development,2025-07-25 00:00:00,Residential,Alteration and improvements,40000,0,0,,"3700 REGINA AVENUE, REGINA, SK S4S0H6",Address,Normandy Heights,CREEK CONSTRUCTION,Contractor,"110-Single House, single detached home, bungalow, linked home (linked at the foundation), single family dwelling"
PRDE202501628,Demolition,2025-07-25 00:00:00,Residential,Demolition,3306.69,,,,"1576 ELPHINSTONE STREET, REGINA, SK S4T3M8",Address,Old 33,IGGY'S RENOS & REPAIRS,Contractor,"110-Single House, single detached home, bungalow, linked home (linked at the foundation), single family dwelling"
PRDE202501975,Demolition,2025-07-25 00:00:00,Residential,Demolition,52000,0,0,1,"853 ATHOL STREET, REGINA, SK S4T3B6",Address,Washington Park,DAVIES EXCAVATING LTD,Contractor,"110-Single House, single detached home, bungalow, linked home (linked at the foundation), single family dwelling"
PRFR202501866,Foundation Repair,2025-07-25 00:00:00,Residential,Alteration and improvements,20000,0,0,,"38 NEWTON CRESCENT, REGINA, SK S4S2V8",Address,Parliament Place,RSR CONSTRUCTION - TERRY PAUN,Contractor,"110-Single House, single detached home, bungalow, linked home (linked at the foundation), single family dwelling"
PRFR202501911,Foundation Repair,2025-07-25 00:00:00,Residential,Alteration and improvements,80000,0,0,,"20 DAVIDSON CRESCENT, REGINA, SK S4S4S9",Address,Whitmore Park,RSR CONSTRUCTION - TERRY PAUN,Contractor,"110-Single House, single detached home, bungalow, linked home (linked at the foundation), single family dwelling"
PRGA202501278,Garage/Carport,2025-07-25 00:00:00,Residential,Garage/Carport/Accessory Structure,35695,0,0,,"1625 TORONTO STREET, REGINA, SK S4P1M3",Address,Old 33,REDACTED,Property Owner,"110-Single House, single detached home, bungalow, linked home (linked at the foundation), single family dwelling"
PRGA202501964,Garage/Carport,2025-07-25 00:00:00,Residential,Garage/Carport/Accessory Structure,30000,0,0,,"4211 QUEEN STREET, REGINA, SK S4S5Y4",Address,Parliament Place,REDACTED,Property Owner,"110-Single House, single detached home, bungalow, linked home (linked at the foundation), single family dwelling"
PRSF202501522,Single/Semi-Detached Dwelling 1-2 units,2025-07-25 00:00:00,Residential,New construction,517000,1,2,,"2808 FLEURY STREET, REGINA, SK S4N2M4",Address,Assiniboia East,HALSTEAD DRAFTING & DESIGN LTD - DUSTIN HALSTEAD,Contractor,"110-Single House, single detached home, bungalow, linked home (linked at the foundation), single family dwelling"
PRSF202501809,Single/Semi-Detached Dwelling 1-2 units,2025-07-25 00:00:00,Residential,New construction,579000,1,2,,"137 DURHAM DRIVE, REGINA, SK S4S4Z4",Address,Whitmore Park,ELEMENT CONSTRUCTION,Contractor,"110-Single House, single detached home, bungalow, linked home (linked at the foundation), single family dwelling"
PRGA202501936,Garage/Carport,2025-07-27 00:00:00,Residential,Garage/Carport/Accessory Structure,10000,0,0,,"3147 RAE STREET, REGINA, SK S4S1R9",Address,Lakeview,REDACTED,Property Owner,"110-Single House, single detached home, bungalow, linked home (linked at the foundation), single family dwelling"
PRDE202500776,Demolition,2025-07-28 00:00:00,Residential,Demolition,15000,,,1,"147 ANGUS CRESCENT, REGINA, SK S4T6N1",Address,Crescents,RIPPLINGER HOMES LTD,Contractor,"110-Single House, single detached home, bungalow, linked home (linked at the foundation), single family dwelling"
PRDK202501985,Deck/Sunroom,2025-07-28 00:00:00,Residential,Alteration and improvements,20000,0,0,,"4814 ANTHONY PLACE, REGINA, SK S4X0H4",Address,Lakeridge Addition,REDACTED,Property Owner,"110-Single House, single detached home, bungalow, linked home (linked at the foundation), single family dwelling"
PRGA202501269,Garage/Carport,2025-07-28 00:00:00,Residential,Garage/Carport/Accessory Structure,30000,0,0,,"114 WALDEN CRESCENT, REGINA, SK S4N1L3",Address,Glencairn,REDACTED,Property Owner,"110-Single House, single detached home, bungalow, linked home (linked at the foundation), single family dwelling"
PRTN202502002,Tent / Temporary Structure,2025-07-28 00:00:00,Commercial,Other,11000,0,0,,"1700 ELPHINSTONE STREET, REGINA, SK S4P2Z6",Address,Old 33,CITY OF REGINA,Property Owner,Not Applicable
PRBS202501795,Basement Development,2025-07-29 00:00:00,Residential,Alteration and improvements,25000,0,0,,"4850 LIBERTY STREET, REGINA, SK S4W0K1",Address,Harbour Landing,REDACTED,Property Owner,"110-Single House, single detached home, bungalow, linked home (linked at the foundation), single family dwelling"
PRDK202502058,Deck/Sunroom,2025-07-29 00:00:00,Residential,Alteration and improvements,5000,0,0,,"5313 E NICHOLSON AVENUE, REGINA, SK S4V4B3",Address,The Towns,DREAM TOWNS LANDS SOUTH (GP) INC.,Property Owner,"110-Single House, single detached home, bungalow, linked home (linked at the foundation), single family dwelling"
PRFR202502067,Foundation Repair,2025-07-29 00:00:00,Residential,Alteration and improvements,15000,0,0,,"55 HUDSON DRIVE, REGINA, SK S4S2W1",Address,Parliament Place,RAMJACK SASKATCHEWAN,Contractor,"110-Single House, single detached home, bungalow, linked home (linked at the foundation), single family dwelling"
PRFR202502090,Foundation Repair,2025-07-29 00:00:00,Residential,Alteration and improvements,12000,0,0,,"3410 AVONHURST DRIVE, REGINA, SK S4R3K1",Address,Regent Park,REDACTED,Property Owner,"110-Single House, single detached home, bungalow, linked home (linked at the foundation), single family dwelling"
PRGA202501814,Garage/Carport,2025-07-29 00:00:00,Residential,Garage/Carport/Accessory Structure,13000,0,0,,"2058 ROBINSON STREET, REGINA, SK S4T2P5",Address,Old 33,REDACTED,Property Owner,"110-Single House, single detached home, bungalow, linked home (linked at the foundation), single family dwelling"
PRGA202501837,Garage/Carport,2025-07-29 00:00:00,Residential,Garage/Carport/Accessory Structure,20000,0,0,,"131 BASTEDO CRESCENT, REGINA, SK S4T6Y2",Address,Normanview West,REDACTED,Property Owner,"110-Single House, single detached home, bungalow, linked home (linked at the foundation), single family dwelling"
PRGA202502013,Garage/Carport,2025-07-29 00:00:00,Residential,Garage/Carport/Accessory Structure,13000,0,0,,"5433 E BUCKINGHAM DRIVE, REGINA, SK S4V4B5",Address,The Towns,PACESETTER NEW HOMES LTD.,Contractor,335-Row House - Condominium
PRPO202501753,Pool,2025-07-29 00:00:00,Residential,Swimming pool,126000,0,0,,"2614 E PEPPER DRIVE, REGINA, SK S4V0X3",Address,Wood Meadows,PARADISE LEISURESCAPES,Contractor,"110-Single House, single detached home, bungalow, linked home (linked at the foundation), single family dwelling"
PRRN202501896,Renovation/Alteration,2025-07-29 00:00:00,Residential,Alteration and improvements,6000,0,0,,"2233 MCARA STREET, REGINA, SK S4N2W2",Address,Broders Annex,REDACTED,Property Owner,"110-Single House, single detached home, bungalow, linked home (linked at the foundation), single family dwelling"
PRSF202501843,Single/Semi-Detached Dwelling 1-2 units,2025-07-29 00:00:00,Residential,New construction,470500,1,2,,3151 BOWEN STREET,Address,The Towns,HOMES BY DREAM,Contractor,"110-Single House, single detached home, bungalow, linked home (linked at the foundation), single family dwelling"
PRSF202501994,Single/Semi-Detached Dwelling 1-2 units,2025-07-29 00:00:00,Residential,New construction,439300,1,2,,3152 GREEN TURTLE ROAD,Address,The Towns,HOMES BY DREAM,Contractor,"110-Single House, single detached home, bungalow, linked home (linked at the foundation), single family dwelling"
PRSS202501246,Secondary Suite,2025-07-29 00:00:00,Residential,Addition to existing building commercial & residential,35000,1,0,,"5445 AERIAL CRESCENT, REGINA, SK S4W0C9",Address,Harbour Landing,REDACTED,Property Owner,"110-Single House, single detached home, bungalow, linked home (linked at the foundation), single family dwelling"
PRSS202501635,Secondary Suite,2025-07-29 00:00:00,Residential,Alteration,60580,1,0,,"2933 GREEN STONE ROAD, REGINA, SK S4V3Z9",Address,The Towns,DHAMI CONSTRUCTION INC.,Contractor,"330-Row House, garden home, town house, carriage home, quadrex"
PRSS202501711,Secondary Suite,2025-07-29 00:00:00,Residential,Addition to existing building commercial & residential,36000,1,0,,"5300 E NICHOLSON AVENUE, REGINA, SK S4V4B6",Address,The Towns,REDACTED,Property Owner,"110-Single House, single detached home, bungalow, linked home (linked at the foundation), single family dwelling"
PRSS202502018,Secondary Suite,2025-07-29 00:00:00,Residential,Addition to existing building commercial & residential,30000,1,0,,"2972 TROMBLEY STREET, REGINA, SK S4V3Y7",Address,The Towns,LUCKY LINKS BUILDING SERVICES LTD. - LUCKY ALUGE,Contractor,"110-Single House, single detached home, bungalow, linked home (linked at the foundation), single family dwelling"
PRBS202502113,Basement Development,2025-07-30 00:00:00,Residential,Alteration and improvements,20000,0,0,,"3230 CHUKA BOULEVARD, REGINA, SK S4V3S6",Address,The Towns,CHIPPERS CONTRACTING,Contractor,"330-Row House, garden home, town house, carriage home, quadrex"
PRDE202502060,Demolition,2025-07-30 00:00:00,Residential,Demolition,5000,0,0,,"2841 23RD AVENUE, REGINA, SK S4S1E7",Address,Lakeview Centre,REDACTED,Property Owner,"110-Single House, single detached home, bungalow, linked home (linked at the foundation), single family dwelling"
PRDK202501794,Deck/Sunroom,2025-07-30 00:00:00,Residential,Alteration and improvements,140000,0,0,,"3234 MOUNTBATTEN CRESCENT, REGINA, SK S4V0Z4",Address,University Park East,FIORANTE HOMES AND COMMERCIAL LTD.,Contractor,"110-Single House, single detached home, bungalow, linked home (linked at the foundation), single family dwelling"
PRDK202501835,Deck/Sunroom,2025-07-30 00:00:00,Residential,Alteration and improvements,1376,0,0,,"4664 FERNDALE CRESCENT, REGINA, SK S4V4A1",Address,The Towns,REDACTED,Property Owner,"330-Row House, garden home, town house, carriage home, quadrex"
PRDK202502046,Deck/Sunroom,2025-07-30 00:00:00,Residential,Alteration and improvements,10000,0,0,,"4021 HILLSDALE STREET, REGINA, SK S4S3Y8",Address,Hillsdale,REDACTED,Property Owner,"110-Single House, single detached home, bungalow, linked home (linked at the foundation), single family dwelling"
PRFR202502108,Foundation Repair,2025-07-30 00:00:00,Residential,Alteration and improvements,11260,0,0,,"1143 N HARRISON WAY, REGINA, SK S4X4K3",Address,Lakeridge,AAA SOLID FOUNDATION,Contractor,"110-Single House, single detached home, bungalow, linked home (linked at the foundation), single family dwelling"
PRGA202501863,Garage/Carport,2025-07-30 00:00:00,Residential,Garage/Carport/Accessory Structure,20000,0,0,,"7900 LENTIL AVENUE, REGINA, SK S4Y0E9",Address,Westerra,REDACTED,Property Owner,"110-Single House, single detached home, bungalow, linked home (linked at the foundation), single family dwelling"
PRGA202501980,Garage/Carport,2025-07-30 00:00:00,Residential,Garage/Carport/Accessory Structure,25000,0,0,,"111 RETALLACK STREET, REGINA, SK S4R3M9",Address,Coronation Park,REDACTED,Property Owner,"110-Single House, single detached home, bungalow, linked home (linked at the foundation), single family dwelling"
PRGA202502074,Garage/Carport,2025-07-30 00:00:00,Residential,Garage/Carport/Accessory Structure,15000,0,0,,"4413 E GREEN POPLAR LANE, REGINA, SK S4V3H5",Address,The Greens on Gardiner,REDACTED,Property Owner,"110-Single House, single detached home, bungalow, linked home (linked at the foundation), single family dwelling"
PRMU202501747,Multi-Unit Dwelling 3+ Units,2025-07-30 00:00:00,Residential,New construction,450000,4,2,,"2450 HARVEY STREET, REGINA, SK S4N2N4",Address,Assiniboia  Place,102198459 SASKATCHEWAN LTD.,Property Owner,"330-Row House, garden home, town house, carriage home, quadrex"
PRMU202501905,Multi-Unit Dwelling 3+ Units,2025-07-30 00:00:00,Residential,New construction,3000000,12,3,,1501 WEST MARKET STREET,Address,Westerra,NEWROCK DEVELOPMENTS (SASK) INC.,Contractor,315-Apartment - Condominium
PRMU202501921,Multi-Unit Dwelling 3+ Units,2025-07-30 00:00:00,Residential,New construction,3000000,12,3,,1501 WEST MARKET STREET,Address,Westerra,KDR-CH PROPERTIES REGINA LTD.,Contractor,315-Apartment - Condominium
PRTN202502000,Tent / Temporary Structure,2025-07-30 00:00:00,Commercial,Other,5000,0,0,,"2903 POWERHOUSE DRIVE, REGINA, SK S4N0A1",Address,Douglas Park,A1 RENT-ALLS,Contractor,Not Applicable
PRDE202501541,Demolition,2025-07-31 00:00:00,Residential,Demolition,17850,0,0,1,"2170 HALIFAX STREET, REGINA, SK S4P1T9",Address,Old 33,FUSION DEVELOPMENT SOLUTION INC.,Contractor,"110-Single House, single detached home, bungalow, linked home (linked at the foundation), single family dwelling"
PRDE202501636,Demolition,2025-07-31 00:00:00,Residential,Demolition,17500,0,0,1,"2166 HALIFAX STREET, REGINA, SK S4P1T9",Address,Old 33,FIRST CHOICE EXCAVATION & DEMOLITION,Contractor,"110-Single House, single detached home, bungalow, linked home (linked at the foundation), single family dwelling"
PRFR202502068,Foundation Repair,2025-07-31 00:00:00,Residential,Alteration and improvements,38400,0,0,,"239 MCKEE CRESCENT, REGINA, SK S4S5S6",Address,Whitmore Park,GCA CONSTRUCTION,Contractor,"110-Single House, single detached home, bungalow, linked home (linked at the foundation), single family dwelling"
PRFR202502146,Foundation Repair,2025-07-31 00:00:00,Residential,Alteration and improvements,12665,0,0,,"3031 DONISON DRIVE, REGINA, SK S4V1X9",Address,Gardiner Heights,AAA SOLID FOUNDATION,Contractor,"110-Single House, single detached home, bungalow, linked home (linked at the foundation), single family dwelling"
PRMU202501953,Multi-Unit Dwelling 3+ Units,2025-07-31 00:00:00,Residential,New construction,660000,3,1,,3601 GREEN MARSH CRESCENT,Address,The Greens on Gardiner,NORTH RIDGE DEVELOPMENT CORPORATION,Contractor,335-Row House - Condominium
PRRN202402314,Renovation/Alteration,2025-07-31 00:00:00,Commercial,Alteration and improvements,2250000,0,0,,"440 FLEET STREET, REGINA, SK S4N7N7",Address,Industrial Ross,SASKATCHEWAN GOVERNMENT INSURANCE,Property Owner,"572-Service station, repair garage and specialty shop; gasoline station, service station/car wash, muffler shop, transmission shop, service station/garage"
PRRN202500299,Renovation/Alteration,2025-07-31 00:00:00,Commercial,Alteration and improvements,300000,0,3,,"2138 MCINTYRE STREET, REGINA, SK S4P2R7",Address,Old 33,REDACTED,Property Owner,"520-Office building; consultant’s office, doctor’s office, insurance company, bank, taxi stand, office/cafeteria, office/smoke shop"
PRRN202501103,Renovation/Alteration,2025-07-31 00:00:00,Commercial,Alteration and improvements,500000,0,0,,"1910 MCINTYRE STREET, REGINA, SK S4P2R3",Address,Old 33,MUHAMMAD DANISH SHAH LEGAL PROFESSIONAL CORPORATION,Property Owner,"620-Elementary school, kindergarten"
PRRN202501189,Renovation/Alteration,2025-07-31 00:00:00,Commercial,Alteration and improvements,200000,0,0,,"2817 12TH AVENUE, REGINA, SK S4T4Y9",Address,Old 33,PCL - TEGAN GEISSLER,Contractor,"450-Maintenance building; hangar, repair shop, accessory building, railway shed, aircraft hangars"
PRRN202501644,Renovation/Alteration,2025-07-31 00:00:00,Institutional,Alteration and improvements,1250000,0,0,,"3769 WASCANA PARKWAY, REGINA, SK S4S0A2",Address,Wascana Park,THE UNIVERSITY OF REGINA,Property Owner,"540-Restaurant, bar, tavern, night club, diner, donut shop"
PRRN202501761,Renovation/Alteration,2025-07-31 00:00:00,Commercial,Alteration and improvements,150000,0,0,,"1734 ELPHINSTONE STREET, REGINA, SK S4P2Z6",Address,Old 33,CITY OF REGINA,Property Owner,"562-Outdoor recreational building; country club, golf club campground facilities, outdoor skating rink, outdoor swimming pool"
PRRN202502008,Renovation/Alteration,2025-07-31 00:00:00,Commercial,Alteration and improvements,288111,0,11,,"2625 VICTORIA AVENUE, REGINA, SK S4T7T9",Address,Old 33,VITERRA INC.,Property Owner,"520-Office building; consultant’s office, doctor’s office, insurance company, bank, taxi stand, office/cafeteria, office/smoke shop"
PRRN202502052,Renovation/Alteration,2025-07-31 00:00:00,Residential,Alteration and improvements,5000,0,0,,"10 BECKETT PLACE, REGINA, SK S4T5X1",Address,Balbriggan Place,TRIPLE R CONCRETE CUTTING,Contractor,"110-Single House, single detached home, bungalow, linked home (linked at the foundation), single family dwelling"
PRSF202502001,Single/Semi-Detached Dwelling 1-2 units,2025-07-31 00:00:00,Residential,New construction,428000,1,1,,"1600 N MAPLE STREET, REGINA, SK S4X0P3",Address,Maple Ridge,GILROY HOMES INC.,Contractor,"110-Single House, single detached home, bungalow, linked home (linked at the foundation), single family dwelling"
PRSS202501832,Secondary Suite,2025-07-31 00:00:00,Residential,Alteration and improvements,50000,1,0,,"5420 E GREEN APPLE DRIVE, REGINA, SK S4V3M8",Address,The Greens on Gardiner,GREEN STONE RENOVATIONS LTD,Contractor,"110-Single House, single detached home, bungalow, linked home (linked at the foundation), single family dwelling"
PRBS202502101,Basement Development,2025-08-01 00:00:00,Residential,Alteration and improvements,90000,0,0,,"1656 N MAPLE ROSE CRESCENT, REGINA, SK S4X0J7",Address,Maple Ridge,PINNACLE CONSTRUCTION INC.,Contractor,"110-Single House, single detached home, bungalow, linked home (linked at the foundation), single family dwelling"
PRFR202502094,Foundation Repair,2025-08-01 00:00:00,Residential,Alteration and improvements,30000,0,0,,"147 UNIVERSITY PARK DRIVE, REGINA, SK S4V0E5",Address,University Park,RAMJACK SASKATCHEWAN,Contractor,"110-Single House, single detached home, bungalow, linked home (linked at the foundation), single family dwelling"
PRGA202501995,Garage/Carport,2025-08-01 00:00:00,Residential,Garage/Carport/Accessory Structure,17000,0,0,,"78 SUNSET DRIVE, REGINA, SK S4S2R7",Address,Albert Park,MAXIMUS PROPERTIES CORP.,Contractor,"110-Single House, single detached home, bungalow, linked home (linked at the foundation), single family dwelling"
PRGA202502006,Garage/Carport,2025-08-01 00:00:00,Residential,Garage/Carport/Accessory Structure,45000,0,0,,"4403 E BUCKINGHAM DRIVE, REGINA, SK S4V3X4",Address,The Towns,FIRST CALL CONSTRUCTION,Contractor,"330-Row House, garden home, town house, carriage home, quadrex"
PRMH202502159,Plumbing,2025-08-01 00:00:00,Residential,Mechanical,1200,0,0,,"613 E BROADWAY AVENUE, REGINA, SK S4N1A2",Address,Assiniboia East,REDACTED,Property Owner,"110-Single House, single detached home, bungalow, linked home (linked at the foundation), single family dwelling"
PRMU202501901,Multi-Unit Dwelling 3+ Units,2025-08-01 00:00:00,Residential,New construction,3000000,12,3,,1501 WEST MARKET STREET,Address,Westerra,KDR-CH PROPERTIES REGINA LTD.,Property Owner,315-Apartment - Condominium
PRRN202501780,Renovation/Alteration,2025-08-01 00:00:00,Commercial,Alteration and improvements,1000000,0,2,,"2640 AVONHURST DRIVE, REGINA, SK S4R3J4",Address,Coronation Park,HIPPERSON CONSTRUCTION - GORD HIPPERSON,Contractor,"572-Service station, repair garage and specialty shop; gasoline station, service station/car wash, muffler shop, transmission shop, service station/garage"
PRDK202502025,Deck/Sunroom,2025-08-04 00:00:00,Residential,Alteration and improvements,20000,0,0,,"2107 E POTTS CRESCENT, REGINA, SK S4V2E7",Address,Richmond Place,BASES COVERED CONTRACTING & WOODWORK INC,Contractor,"110-Single House, single detached home, bungalow, linked home (linked at the foundation), single family dwelling"
PRDK202502102,Deck/Sunroom,2025-08-04 00:00:00,Residential,Alteration and improvements,40000,0,0,,"4146 FIELDSTONE WAY, REGINA, SK S4V3V3",Address,The Creeks,REDACTED,Property Owner,"110-Single House, single detached home, bungalow, linked home (linked at the foundation), single family dwelling"
PRBS202502012,Basement Development,2025-08-05 00:00:00,Residential,Alteration and improvements,45000,0,0,,"4485 JAMES HILL ROAD, REGINA, SK S4W0K5",Address,Harbour Landing,GREEN STONE RENOVATIONS LTD,Contractor,"210-Semi-Detached or Double House, single attached home"
PRDK202501796,Deck/Sunroom,2025-08-05 00:00:00,Residential,Alteration and improvements,50000,0,0,,"3089 GREEN BANK ROAD, REGINA, SK S4V3P9",Address,The Towns,REDACTED,Property Owner,"110-Single House, single detached home, bungalow, linked home (linked at the foundation), single family dwelling"
PRDK202501879,Deck/Sunroom,2025-08-05 00:00:00,Residential,Alteration and improvements,3900,0,0,,"4793 E MUTRIE CRESCENT, REGINA, SK S4V3Y4",Address,The Towns,REDACTED,Property Owner,"110-Single House, single detached home, bungalow, linked home (linked at the foundation), single family dwelling"
PRDK202502129,Deck/Sunroom,2025-08-05 00:00:00,Residential,Alteration and improvements,5000,0,0,,"5509 WATERER ROAD, REGINA, SK S4W0N2",Address,Harbour Landing,CRAWFORD HOMES (EBUILD),Contractor,"110-Single House, single detached home, bungalow, linked home (linked at the foundation), single family dwelling"
PRFR202502023,Foundation Repair,2025-08-05 00:00:00,Residential,Alteration and improvements,4500,0,0,,"49 WALDEN CRESCENT, REGINA, SK S4N1L1",Address,Glencairn,REDACTED,Property Owner,"210-Semi-Detached or Double House, single attached home"
PRFR202502196,Foundation Repair,2025-08-05 00:00:00,Residential,Alteration and improvements,12900,0,0,,"2829 MONTAGUE STREET, REGINA, SK S4S1Z3",Address,Lakeview,JS GROUP OF COMPANIES,Contractor,"110-Single House, single detached home, bungalow, linked home (linked at the foundation), single family dwelling"
PRMH202501988,Plumbing,2025-08-05 00:00:00,Residential,Mechanical,10000,0,0,,"3100 4TH AVENUE N, REGINA, SK S4R0V5",Address,Coronation Park,REDACTED,Property Owner,"110-Single House, single detached home, bungalow, linked home (linked at the foundation), single family dwelling"
PRRN202501689,Renovation/Alteration,2025-08-05 00:00:00,Commercial,Alteration and improvements,350000,0,2,,"302 ALBERT STREET, REGINA, SK S4R3C1",Address,Coronation Park,102037163 SASKATCHEWAN LTD.,Property Owner,"520-Office building; consultant’s office, doctor’s office, insurance company, bank, taxi stand, office/cafeteria, office/smoke shop"
PRRN202501760,Renovation/Alteration,2025-08-05 00:00:00,Commercial,Alteration and improvements,533450,0,0,,"1734 ELPHINSTONE STREET, REGINA, SK S4P2Z6",Address,Old 33,CITY OF REGINA,Property Owner,"562-Outdoor recreational building; country club, golf club campground facilities, outdoor skating rink, outdoor swimming pool"
PRRN202502075,Renovation/Alteration,2025-08-05 00:00:00,Residential,Alteration and improvements,15000,0,0,,"116 MCCARTHY BOULEVARD, REGINA, SK S4R6A6",Address,Normanview West,REDACTED,Property Owner,"110-Single House, single detached home, bungalow, linked home (linked at the foundation), single family dwelling"
PRRN202502097,Renovation/Alteration,2025-08-05 00:00:00,Residential,Alteration and improvements,12500,0,0,,"39 PENSE BAY, REGINA, SK S4R8A5",Address,Walsh Acres,REDACTED,Property Owner,"110-Single House, single detached home, bungalow, linked home (linked at the foundation), single family dwelling"
PRRN202502105,Renovation/Alteration,2025-08-05 00:00:00,Residential,Alteration and improvements,3780,0,0,,"959 N BROAD STREET, REGINA, SK S4R5V8",Address,Uplands,HOPE CONSTRUCTION,Contractor,"110-Single House, single detached home, bungalow, linked home (linked at the foundation), single family dwelling"
PRRN202502111,Renovation/Alteration,2025-08-05 00:00:00,Commercial,Alteration and improvements,30000,0,1,,"2350 2ND AVENUE, REGINA, SK S4R1A6",Address,Industrial Park,SASKATCHEWAN MUNICIPAL HAIL INSURANCE ASSOCIATION,Property Owner,"520-Office building; consultant’s office, doctor’s office, insurance company, bank, taxi stand, office/cafeteria, office/smoke shop"
PRSF202501864,Single/Semi-Detached Dwelling 1-2 units,2025-08-05 00:00:00,Residential,New construction,300000,2,2,,"855 ELLIOTT STREET, REGINA, SK S4N3E4",Address,Eastview,SUPREME REGINA HOME PAINTING LTD.,Property Owner,"110-Single House, single detached home, bungalow, linked home (linked at the foundation), single family dwelling"
PRSF202502087,Single/Semi-Detached Dwelling 1-2 units,2025-08-05 00:00:00,Residential,New construction,400000,1,2,,3142 BOWEN STREET,Address,The Towns,COLBY KIRKPATRICK - PACESETTER HOMES,Contractor,"110-Single House, single detached home, bungalow, linked home (linked at the foundation), single family dwelling"
PRSF202502089,Single/Semi-Detached Dwelling 1-2 units,2025-08-05 00:00:00,Residential,New construction,750000,2,2,,"8604 WHEAT CRESCENT, REGINA, SK S4Y0H3 | 8606 WHEAT CRESCENT, REGINA, SK S4Y0H3",Address,Westerra,PACESETTER NEW HOMES LTD.,Contractor,"210-Semi-Detached or Double House, single attached home"
PRSS202501870,Secondary Suite,2025-08-05 00:00:00,Residential,Alteration and improvements,40000,1,0,,"8535 THURSTON CRESCENT, REGINA, SK S4Y1A2",Address,Westhill Park,REDACTED,Property Owner,"110-Single House, single detached home, bungalow, linked home (linked at the foundation), single family dwelling"
PRSS202502078,Secondary Suite,2025-08-05 00:00:00,Residential,Alteration and improvements,35000,1,0,,"4841 FERNDALE CRESCENT, REGINA, SK S4V4A3",Address,The Towns,REDACTED,Property Owner,"110-Single House, single detached home, bungalow, linked home (linked at the foundation), single family dwelling"
PRDK202502051,Deck/Sunroom,2025-08-06 00:00:00,Residential,Alteration and improvements,2000,0,0,,"92 WILLOUGHBY CRESCENT, REGINA, SK S4R5K4",Address,Normanview,REDACTED,Property Owner,"110-Single House, single detached home, bungalow, linked home (linked at the foundation), single family dwelling"
PRDK202502057,Deck/Sunroom,2025-08-06 00:00:00,Residential,Alteration and improvements,1651,0,0,,"47 MILLAR CRESCENT, REGINA, SK S4S1N3",Address,Lakeview South,REDACTED,Property Owner,"110-Single House, single detached home, bungalow, linked home (linked at the foundation), single family dwelling"
PRRN202501923,Renovation/Alteration,2025-08-06 00:00:00,Commercial,Mechanical,16000,0,0,,"2935 VICTORIA AVENUE, Unit:15, REGINA, SK S4T1K8",Address,Old 33,REDACTED,Historic Owner,315-Apartment - Condominium
PRRN202502104,Renovation/Alteration,2025-08-06 00:00:00,Residential,Alteration and improvements,8000,0,0,,"2223 ARGYLE STREET, REGINA, SK S4T3T2",Address,Old 33,COLLABORATIVE CONSTRUCTION,Contractor,"110-Single House, single detached home, bungalow, linked home (linked at the foundation), single family dwelling"
PRSS202501734,Secondary Suite,2025-08-06 00:00:00,Residential,Addition to existing building commercial & residential,35000,1,0,,"3850 GEE CRESCENT, REGINA, SK S4V3N9",Address,UNDEVELOP,REDACTED,Property Owner,"210-Semi-Detached or Double House, single attached home"
PRBS202502174,Basement Development,2025-08-07 00:00:00,Residential,Alteration and improvements,20000,0,0,,"139 MAYFAIR CRESCENT, REGINA, SK S4S4J1",Address,Hillsdale,REDACTED,Property Owner,"110-Single House, single detached home, bungalow, linked home (linked at the foundation), single family dwelling"
PRDE202502126,Demolition,2025-08-07 00:00:00,Residential,Demolition,10000,0,0,,"3325 RAE STREET, REGINA, SK S4S1S5",Address,Lakeview,REDACTED,Property Owner,"110-Single House, single detached home, bungalow, linked home (linked at the foundation), single family dwelling"
PRDK202502172,Deck/Sunroom,2025-08-07 00:00:00,Residential,Alteration and improvements,5000,0,0,,"161 CARDINAL CRESCENT, REGINA, SK S4S4Y8",Address,Whitmore Park,REDACTED,Property Owner,"110-Single House, single detached home, bungalow, linked home (linked at the foundation), single family dwelling"
PRFR202502187,Foundation Repair,2025-08-07 00:00:00,Residential,Alteration and improvements,15000,0,0,,"7335 WHELAN DRIVE, REGINA, SK S4X3W8",Address,Rochdale Park,RAMJACK SASKATCHEWAN,Contractor,"110-Single House, single detached home, bungalow, linked home (linked at the foundation), single family dwelling"
PRGA202501200,Garage/Carport,2025-08-07 00:00:00,Residential,Garage/Carport/Accessory Structure,30000,0,0,,"68 YARNTON CRESCENT, REGINA, SK S4R4A2",Address,Regent Park,REDACTED,Property Owner,"110-Single House, single detached home, bungalow, linked home (linked at the foundation), single family dwelling"
PRMH202502222,Plumbing,2025-08-07 00:00:00,Residential,Alteration and improvements,300,0,0,,"2054 EMBURY STREET, REGINA, SK S4N2L6",Address,Broders Annex,REDACTED,Property Owner,"110-Single House, single detached home, bungalow, linked home (linked at the foundation), single family dwelling"
PRNR202402534,New Commercial,2025-08-07 00:00:00,Commercial,Installation of a pre-fabricated building,200000,0,1,,"445 WINNIPEG STREET, REGINA, SK S4R8P2",Address,UNDEVELOP,REGINA & DISTRICT FOOD BANK INC.,Property Owner,"460-Storage building; warehouse (for storage purposes only), industrial mall, grain elevator, locker rental, silo, quonset, refrigerated storage terminal"
PRRN202501667,Renovation/Alteration,2025-08-07 00:00:00,Institutional,Alteration and improvements,1436300,0,1,,"4500 WASCANA PARKWAY, REGINA, SK S4S5W9",Address,Wascana Park,CROWN IN RIGHT OF SASKATCHEWAN,Property Owner,"624-Post-secondary institution; technical institute, trade school"
PRRN202502015,Renovation/Alteration,2025-08-07 00:00:00,Residential,Alteration and improvements,75000,0,0,,"51 KNIGHT CRESCENT, REGINA, SK S4T6A8",Address,Pasqua Place,REDACTED,Property Owner,"110-Single House, single detached home, bungalow, linked home (linked at the foundation), single family dwelling"
PRSF202502069,Single/Semi-Detached Dwelling 1-2 units,2025-08-07 00:00:00,Residential,New construction,400000,1,2,,"8778 WHEAT CRESCENT, REGINA, SK S4Y0H5",Address,Westerra,COLBY KIRKPATRICK - PACESETTER HOMES,Contractor,"110-Single House, single detached home, bungalow, linked home (linked at the foundation), single family dwelling"
PRSF202502106,Single/Semi-Detached Dwelling 1-2 units,2025-08-07 00:00:00,Residential,New construction,400000,1,2,,"8653 WHEAT CRESCENT, REGINA, SK S4Y0H3",Address,Westerra,PACESETTER NEW HOMES LTD.,Contractor,"110-Single House, single detached home, bungalow, linked home (linked at the foundation), single family dwelling"
PRTN202502173,Tent / Temporary Structure,2025-08-07 00:00:00,Commercial,Not Applicable,10000,0,0,,"1700 ELPHINSTONE STREET, REGINA, SK S4P2Z6",Address,Old 33,CITY OF REGINA,Property Owner,Not Applicable
PRAH202502049,Alternative Family Care Home,2025-08-08 00:00:00,Residential,Alteration and improvements,10000,0,0,,"2451 BRODER STREET, REGINA, SK S4N3T1",Address,Assiniboia  Place,TLC INVESTMENT CORP.,Property Owner,"210-Semi-Detached or Double House, single attached home"
PRDE202501991,Demolition,2025-08-08 00:00:00,Residential,Demolition,100,0,0,,"1527 MCTAVISH STREET, REGINA, SK S4T3W5",Address,Old 33,REDACTED,Property Owner,"110-Single House, single detached home, bungalow, linked home (linked at the foundation), single family dwelling"
PRDK202502093,Deck/Sunroom,2025-08-08 00:00:00,Residential,Alteration and improvements,3000,0,0,,"1320 N KINGBIRD ROAD, REGINA, SK S4X0N6",Address,Kensington Greens,REDACTED,Property Owner,"110-Single House, single detached home, bungalow, linked home (linked at the foundation), single family dwelling"
PRDK202502191,Deck/Sunroom,2025-08-08 00:00:00,Residential,Alteration and improvements,2000,0,0,,"3320 RAE STREET, REGINA, SK S4S1S4",Address,Lakeview Centre,REDACTED,Property Owner,"110-Single House, single detached home, bungalow, linked home (linked at the foundation), single family dwelling"
PRFR202501151,Foundation Repair,2025-08-08 00:00:00,Residential,Alteration and improvements,7200,0,0,,"273 MCINTYRE STREET, REGINA, SK S4R2L7",Address,Highland Park,COLOSSAL CONSTRUCTION - DARCY ROGALSKI,Contractor,"110-Single House, single detached home, bungalow, linked home (linked at the foundation), single family dwelling"
PRFR202501876,Foundation Repair,2025-08-08 00:00:00,Residential,Alteration and improvements,25000,0,0,,"2323 ROBINSON STREET, REGINA, SK S4T2R1",Address,Old 33,COLOSSAL CONSTRUCTION,Contractor,"110-Single House, single detached home, bungalow, linked home (linked at the foundation), single family dwelling"
PRFR202502181,Foundation Repair,2025-08-08 00:00:00,Residential,Alteration and improvements,4000,0,0,,"3939 CAMERON STREET, REGINA, SK S4S3E8",Address,Parliament Place,COLOSSAL CONSTRUCTION INC. - DARCY ROGALSKI,Contractor,"110-Single House, single detached home, bungalow, linked home (linked at the foundation), single family dwelling"
PRRN202501965,Renovation/Alteration,2025-08-08 00:00:00,Commercial,Alteration and improvements,20000,0,1,,"1240 HAMILTON STREET, REGINA, SK S4R2B4",Address,Old 33,FITNESS MASTERS CORPORATION,Property Owner,"460-Storage building; warehouse (for storage purposes only), industrial mall, grain elevator, locker rental, silo, quonset, refrigerated storage terminal"
PRRN202501979,Renovation/Alteration,2025-08-08 00:00:00,Institutional,Alteration and improvements,175000,0,0,,"4101 DEWDNEY AVENUE, REGINA, SK S4T1A5",Address,Old 33,CROWN IN RIGHT OF SASKATCHEWAN,Property Owner,"640-Hospital; general, military, specialized"
PRRN202502084,Renovation/Alteration,2025-08-08 00:00:00,Commercial,Alteration and improvements,325000,0,4,,"3769 WASCANA PARKWAY, REGINA, SK S4S0A2",Address,Wascana Park,THE UNIVERSITY OF REGINA,Property Owner,626-University
PRRN202502107,Renovation/Alteration,2025-08-08 00:00:00,Institutional,Alteration and improvements,325000,0,5,,"3769 WASCANA PARKWAY, REGINA, SK S4S0A2",Address,Wascana Park,THE UNIVERSITY OF REGINA,Property Owner,"630-Library, museum, art gallery, aquarium, botanical garden, archive building, scientific center"
PRSF202501783,Single/Semi-Detached Dwelling 1-2 units,2025-08-08 00:00:00,Residential,New construction,300000,2,2,,"4659 CURTISS AVENUE, REGINA, SK S4W0A4",Address,Harbour Landing,REDACTED,Property Owner,"110-Single House, single detached home, bungalow, linked home (linked at the foundation), single family dwelling"
PRSF202502014,Single/Semi-Detached Dwelling 1-2 units,2025-08-08 00:00:00,Residential,New construction,431300,1,2,,"5408 E NICHOLSON AVENUE, REGINA, SK S4V4B4",Address,The Towns,HOMES BY DREAM,Contractor,"110-Single House, single detached home, bungalow, linked home (linked at the foundation), single family dwelling"
PRSS202501826,Secondary Suite,2025-08-08 00:00:00,Residential,Addition to existing building commercial & residential,30000,1,0,,"5620 PEARSALL CRESCENT, REGINA, SK S4W0K2",Address,Harbour Landing,REDACTED,Property Owner,"110-Single House, single detached home, bungalow, linked home (linked at the foundation), single family dwelling"
PRSS202502133,Secondary Suite,2025-08-08 00:00:00,Residential,Alteration and improvements,45000,1,0,,"4341 SENECAL DRIVE, REGINA, SK S4W0R1",Address,Harbour Landing,GREEN STONE RENOVATIONS LTD,Contractor,"110-Single House, single detached home, bungalow, linked home (linked at the foundation), single family dwelling"
PRAD202502117,Addition,2025-08-11 00:00:00,Residential,Addition to existing building commercial & residential,100000,0,0,,"2629 ANGUS BOULEVARD, REGINA, SK S4T2A6",Address,Riverside,COLLABORATIVE CONSTRUCTION INC. (EBUILD),Contractor,"110-Single House, single detached home, bungalow, linked home (linked at the foundation), single family dwelling"
PRDK202501748,Deck/Sunroom,2025-08-11 00:00:00,Residential,Alteration and improvements,5000,0,0,,"291 N TORONTO STREET, REGINA, SK S4R2T5",Address,North Annex,REDACTED,Property Owner,"110-Single House, single detached home, bungalow, linked home (linked at the foundation), single family dwelling"
PRDK202502164,Deck/Sunroom,2025-08-11 00:00:00,Residential,Alteration and improvements,10600,0,0,,"4410 SHERIDAN STREET, REGINA, SK S4W0K5",Address,Harbour Landing,REDACTED,Property Owner,"110-Single House, single detached home, bungalow, linked home (linked at the foundation), single family dwelling"
PRFR202502234,Foundation Repair,2025-08-11 00:00:00,Residential,Alteration and improvements,4000,0,0,,"23 NORWOOD CRESCENT, REGINA, SK S4R0A2",Address,Uplands,REGINA HOUSE LEVELING - TRAVIS ZERIE,Contractor,"110-Single House, single detached home, bungalow, linked home (linked at the foundation), single family dwelling"
PRFR202502235,Foundation Repair,2025-08-11 00:00:00,Residential,Alteration and improvements,2000,0,0,,"2534 MCTAVISH STREET, REGINA, SK S4S0K8",Address,River Heights,REGINA HOUSE LEVELING - TRAVIS ZERIE,Contractor,"110-Single House, single detached home, bungalow, linked home (linked at the foundation), single family dwelling"
PRGA202501891,Garage/Carport,2025-08-11 00:00:00,Residential,Garage/Carport/Accessory Structure,50000,1,0,,"343 N HALIFAX STREET, REGINA, SK S4R2X1",Address,Churchill Place,REDACTED,Property Owner,"110-Single House, single detached home, bungalow, linked home (linked at the foundation), single family dwelling"
PRRN202501950,Renovation/Alteration,2025-08-11 00:00:00,Commercial,Alteration and improvements,450000,0,1,,"4601 GORDON ROAD, REGINA, SK S4S6G6",Address,South Harbour Landing,HARVARD DIVERSIFIED ENTERPRISES INC.,Property Owner,"540-Restaurant, bar, tavern, night club, diner, donut shop"
PRRN202502122,Renovation/Alteration,2025-08-11 00:00:00,Residential,Alteration and improvements,70000,0,0,,"3325 RAE STREET, REGINA, SK S4S1S5",Address,Lakeview,ALAIR HOMES - 102126083 SASK LTD.,Contractor,"110-Single House, single detached home, bungalow, linked home (linked at the foundation), single family dwelling"
PRRN202502161,Renovation/Alteration,2025-08-11 00:00:00,Residential,Alteration and improvements,1500,0,0,,"31 DALHOUSIE WAY, REGINA, SK S4V0A1",Address,University Park,HYBRID RENOVATIONS,Contractor,"110-Single House, single detached home, bungalow, linked home (linked at the foundation), single family dwelling"
PRSS202502109,Secondary Suite,2025-08-11 00:00:00,Residential,Alteration and improvements,40000,1,0,,"4009 WATERER STREET, REGINA, SK S4W0N2",Address,Harbour Landing,GREEN STONE RENOVATIONS LTD,Contractor,"110-Single House, single detached home, bungalow, linked home (linked at the foundation), single family dwelling"
PRBS202502249,Basement Development,2025-08-12 00:00:00,Residential,Alteration and improvements,20000,0,0,,"2533 CORONATION STREET, REGINA, SK S4S0L1",Address,River Heights,REDACTED,Property Owner,"110-Single House, single detached home, bungalow, linked home (linked at the foundation), single family dwelling"
PRBS202502280,Basement Development,2025-08-12 00:00:00,Residential,Alteration and improvements,40000,0,0,,"4313 E GREEN OLIVE WAY, REGINA, SK S4V1P9",Address,The Greens on Gardiner,JIZHOU ZHANG PRAIRIE BEAVER CONSTRUCTION LTD,Contractor,"110-Single House, single detached home, bungalow, linked home (linked at the foundation), single family dwelling"
PRDE202500561,Demolition,2025-08-12 00:00:00,Residential,Demolition,60678.15,0,0,1,"1901 WALLACE STREET, REGINA, SK S4N4A1",Address,Arcola Sub,FIRST CHOICE EXCAVATION & DEMOLITION,Contractor,"110-Single House, single detached home, bungalow, linked home (linked at the foundation), single family dwelling"
PRDE202502184,Demolition,2025-08-12 00:00:00,Residential,Demolition,15000,0,0,1,"1760 TORONTO STREET, REGINA, SK S4P1M4",Address,Old 33,REDACTED,Property Owner,"110-Single House, single detached home, bungalow, linked home (linked at the foundation), single family dwelling"
PRDE202502258,Demolition,2025-08-12 00:00:00,Residential,Demolition,0,0,0,,"116 BELL STREET, REGINA, SK S4S4B9",Address,Hillsdale,REILLYS RENOVATIONS,Contractor,"110-Single House, single detached home, bungalow, linked home (linked at the foundation), single family dwelling"
PRDK202502183,Deck/Sunroom,2025-08-12 00:00:00,Residential,Alteration and improvements,5000,0,0,,"2356 BETTERIDGE DRIVE, REGINA, SK S4X0N7",Address,Kensington Greens,LUCKY LINKS BUILDING SERVICES LTD. - LUCKY ALUGE,Contractor,"110-Single House, single detached home, bungalow, linked home (linked at the foundation), single family dwelling"
PRFR202501535,Foundation Repair,2025-08-12 00:00:00,Residential,Alteration and improvements,12390,0,0,,"18 BOLE PLACE, REGINA, SK S4S3W7",Address,Hillsdale,REGINA BASEMENT BRACING - COLE CROWLEY,Contractor,"110-Single House, single detached home, bungalow, linked home (linked at the foundation), single family dwelling"
PRFR202502157,Foundation Repair,2025-08-12 00:00:00,Residential,Alteration and improvements,4000,0,0,,"2716 WINNIPEG STREET, REGINA, SK S4P1H9",Address,Wascana Addition,REDACTED,Property Owner,"110-Single House, single detached home, bungalow, linked home (linked at the foundation), single family dwelling"
PRFR202502284,Foundation Repair,2025-08-12 00:00:00,Residential,Alteration and improvements,30000,0,0,,"819 PRINCESS STREET, REGINA, SK S4T3Y1",Address,Parkdale,RAMJACK SASKATCHEWAN,Contractor,"110-Single House, single detached home, bungalow, linked home (linked at the foundation), single family dwelling"
PRGA202501756,Garage/Carport,2025-08-12 00:00:00,Residential,Garage/Carport/Accessory Structure,75000,0,0,,"3054 ROBINSON STREET, REGINA, SK S4S1V4",Address,Lakeview,REDACTED,Property Owner,"110-Single House, single detached home, bungalow, linked home (linked at the foundation), single family dwelling"
PRGA202502042,Garage/Carport,2025-08-12 00:00:00,Residential,Garage/Carport/Accessory Structure,100000,0,0,,"408 BALFOUR DRIVE, REGINA, SK S4S4J9",Address,Whitmore Park,GRASSHOPPER CONSTRUCTION  - JEFF HARTNELL,Contractor,"110-Single House, single detached home, bungalow, linked home (linked at the foundation), single family dwelling"
PRGA202502170,Garage/Carport,2025-08-12 00:00:00,Residential,Garage/Carport/Accessory Structure,10000,0,0,,"5308 E GREEN BLUEBELL ROAD, REGINA, SK S4V3M5",Address,The Greens on Gardiner,REDACTED,Property Owner,"210-Semi-Detached or Double House, single attached home"
PRRN202501160,Renovation/Alteration,2025-08-12 00:00:00,Commercial,Alteration and improvements,50000,0,2,,"2102 11TH AVENUE, REGINA, SK S4P0J5",Address,Old 33,CORNWALL CENTRE INC.,Property Owner,"512-Retail complex; plaza, mall, shopping centre, store/office building"
PRRN202501632,Renovation/Alteration,2025-08-12 00:00:00,Commercial,Alteration and improvements,500000,0,1,,"1300 8TH AVENUE, REGINA, SK S4R1E2",Address,Old 33,KLOAK HOLDINGS LTD.,Property Owner,"520-Office building; consultant’s office, doctor’s office, insurance company, bank, taxi stand, office/cafeteria, office/smoke shop"
PRRN202502072,Renovation/Alteration,2025-08-12 00:00:00,Commercial,Mechanical,5000,0,1,,"2035 PARK STREET, REGINA, SK S4N6S2",Address,Glen Elm Park S.,DISCOVERY PROPERTIES INC,Property Owner,"540-Restaurant, bar, tavern, night club, diner, donut shop"
PRRN202502077,Renovation/Alteration,2025-08-12 00:00:00,Commercial,Alteration and improvements,40000,0,0,,"3806 ALBERT STREET, REGINA, SK S4S3R1",Address,Parliament Place,DONALD READY - COLLABORATIVE CONSTRUCTION,Contractor,"512-Retail complex; plaza, mall, shopping centre, store/office building"
PRRN202502153,Renovation/Alteration,2025-08-12 00:00:00,Residential,Alteration and improvements,2500,0,0,,"2113 REYNOLDS STREET, REGINA, SK S4N3N2",Address,Broders Annex,REDACTED,Property Owner,"110-Single House, single detached home, bungalow, linked home (linked at the foundation), single family dwelling"
PRRN202502178,Renovation/Alteration,2025-08-12 00:00:00,Residential,Alteration and improvements,6000,0,0,,"1901 DUFFERIN ROAD, REGINA, SK S4S5A9",Address,Whitmore Park,CHIPPERS CONTRACTING,Contractor,"110-Single House, single detached home, bungalow, linked home (linked at the foundation), single family dwelling"
PRSF202502064,Single/Semi-Detached Dwelling 1-2 units,2025-08-12 00:00:00,Residential,New construction,250000,2,2,,"4035 WATERER STREET, REGINA, SK S4W0N2",Address,Harbour Landing,CRAWFORD HOMES (1991) LTD.,Property Owner,"110-Single House, single detached home, bungalow, linked home (linked at the foundation), single family dwelling"
PRSS202501858,Secondary Suite,2025-08-12 00:00:00,Residential,Alteration and improvements,30000,1,0,,"5500 E NICHOLSON AVENUE, REGINA, SK S4V4B4",Address,The Towns,FIRST CALL CONSTRUCTION,Contractor,"110-Single House, single detached home, bungalow, linked home (linked at the foundation), single family dwelling"
PRAD202501670,Addition,2025-08-13 00:00:00,Institutional,Addition to existing building commercial & residential,1000000,0,1,,"45 MIKKELSON DRIVE, REGINA, SK S4T6B7",Address,Mount Royal,BOARD OF EDUCATION OF THE REGINA ROMAN CATHOLIC SEPARATE SCHOOL DIVISION NO. 81 OF SASKATC,Property Owner,"620-Elementary school, kindergarten"
PRBS202502259,Basement Development,2025-08-13 00:00:00,Residential,Alteration,10000,0,0,,"1033 GARRY STREET, REGINA, SK S4T5R3",Address,Mount Royal,THE GENUINE BUILDER & CO.,Contractor,"110-Single House, single detached home, bungalow, linked home (linked at the foundation), single family dwelling"
PRBS202502275,Basement Development,2025-08-13 00:00:00,Residential,Alteration and improvements,30000,0,0,,"5436 E NICHOLSON AVENUE, REGINA, SK S4V4B4",Address,The Towns,LUCKY LINKS BUILDING SERVICES LTD. - LUCKY ALUGE,Contractor,"210-Semi-Detached or Double House, single attached home"
PRBS202502283,Basement Development,2025-08-13 00:00:00,Residential,Alteration and improvements,30000,0,0,,"2936 TROMBLEY STREET, REGINA, SK S4V3Y5",Address,The Towns,FIRST CALL CONSTRUCTION,Contractor,"110-Single House, single detached home, bungalow, linked home (linked at the foundation), single family dwelling"
PRDE202502266,Demolition,2025-08-13 00:00:00,Residential,Demolition,0,0,0,,"2615 MONTREAL CRESCENT, REGINA, SK S4P2W4",Address,Wascana Addition,S. MILLER CONSTRUCTION SHANE MILLER,Contractor,"110-Single House, single detached home, bungalow, linked home (linked at the foundation), single family dwelling"
PRDE202502267,Demolition,2025-08-13 00:00:00,Residential,Demolition,0,0,0,1,"1828 OTTAWA STREET, REGINA, SK S4P1P4",Address,Old 33,WIN`S CONSTRUCTION LIMITED,Property Owner,"110-Single House, single detached home, bungalow, linked home (linked at the foundation), single family dwelling"
PRDE202502268,Demolition,2025-08-13 00:00:00,Residential,Demolition,0,0,0,,"1330 BRODER STREET, REGINA, SK S4N3R5",Address,Eastern Annex,REDACTED,Property Owner,"110-Single House, single detached home, bungalow, linked home (linked at the foundation), single family dwelling"
PRDK202501325,Deck/Sunroom,2025-08-13 00:00:00,Residential,Alteration and improvements,120000,0,0,,"2246 WASCANA GREENS, REGINA, SK S4V2M3",Address,Wascana View,JAGG CONSTRUCTION LTD.,Contractor,"110-Single House, single detached home, bungalow, linked home (linked at the foundation), single family dwelling"
PRFR202502276,Foundation Repair,2025-08-13 00:00:00,Residential,Alteration and improvements,4000,0,0,,"51 SOMMERFELD DRIVE, REGINA, SK S4V0C6",Address,University Park,ISH'S CONSTRUCTION INC.,Contractor,"110-Single House, single detached home, bungalow, linked home (linked at the foundation), single family dwelling"
PRGA202501777,Garage/Carport,2025-08-13 00:00:00,Residential,Garage/Carport/Accessory Structure,25000,0,0,,"902 N BROAD STREET, REGINA, SK S4R5Z1",Address,Uplands,FRIES TALLMAN LUMBER (1976) LTD.,Contractor,"110-Single House, single detached home, bungalow, linked home (linked at the foundation), single family dwelling"
PRMU202501409,Multi-Unit Dwelling 3+ Units,2025-08-13 00:00:00,Residential,Foundation (new),262623.8,0,2,,"1866 TORONTO STREET, REGINA, SK S4P1M6 | 1872 TORONTO STREET, REGINA, SK S4P1M6",Address,Old 33,102202791 SASKATCHEWAN LTD.,Property Owner,"310-Apartment, apartment building, duplex, triplex, quadruple"
PRRN202502118,Renovation/Alteration,2025-08-13 00:00:00,Residential,Alteration and improvements,25000,0,0,,"19 LINCOLN DRIVE, REGINA, SK S4S2V7",Address,Albert Park,REDACTED,Property Owner,"110-Single House, single detached home, bungalow, linked home (linked at the foundation), single family dwelling"
PRRN202502197,Renovation/Alteration,2025-08-13 00:00:00,Residential,Alteration and improvements,7138.36,0,0,,"3117 MAZURAK CRESCENT, REGINA, SK S4X0N2",Address,Hawkstone,REDACTED,Property Owner,"210-Semi-Detached or Double House, single attached home"
PRSF202502083,Single/Semi-Detached Dwelling 1-2 units,2025-08-13 00:00:00,Residential,New construction,345772.55,1,1,,"6221 LITTLE PINE LOOP, REGINA, SK S4X0J2",Address,Skyview,MUNRO HOMES LTD.,Contractor,"110-Single House, single detached home, bungalow, linked home (linked at the foundation), single family dwelling"
PRAD202501497,Addition,2025-08-14 00:00:00,Residential,Addition to existing building commercial & residential,60000,0,0,,"3335 COLLEGE AVENUE, REGINA, SK S4T1W3",Address,Riverside,ARCADIA CONSTRUCTION - KAMARAN PROBE,Contractor,"110-Single House, single detached home, bungalow, linked home (linked at the foundation), single family dwelling"
PRDE202501732,Demolition,2025-08-14 00:00:00,Residential,Demolition,7500,0,0,1,"1400 E 12TH AVENUE, Unit:32 ROW B, REGINA, SK S4N0M6",Address,Glencairn,S & T PROPERTY MAINTENANCE - SEAN THOMSON,Contractor,130-Mobile Home
PRDE202501779,Demolition,2025-08-14 00:00:00,Residential,Demolition,7500,0,0,1,"1400 E 12TH AVENUE, Unit:2 ROW C, REGINA, SK S4N0M6",Address,Glencairn,REDACTED,Property Owner,130-Mobile Home
PRDE202502121,Demolition,2025-08-14 00:00:00,Residential,Demolition,7500,0,0,1,"1400 E 12TH AVENUE, Unit:29 ROW B, REGINA, SK S4N0M6",Address,Glencairn,S & T PROPERTY MAINTENANCE - SEAN THOMSON,Contractor,130-Mobile Home
PRDE202502257,Demolition,2025-08-14 00:00:00,Residential,Demolition,6000,0,0,,"4707 SHERWOOD DRIVE, REGINA, SK S4R4B7",Address,Regent Park,REILLYS RENOVATIONS,Contractor,"110-Single House, single detached home, bungalow, linked home (linked at the foundation), single family dwelling"
PRDK202502099,Deck/Sunroom,2025-08-14 00:00:00,Residential,Alteration and improvements,5000,0,0,,"116 MCCARTHY BOULEVARD, REGINA, SK S4R6A6",Address,Normanview West,REDACTED,Property Owner,"110-Single House, single detached home, bungalow, linked home (linked at the foundation), single family dwelling"
PRDK202502252,Deck/Sunroom,2025-08-14 00:00:00,Residential,Alteration and improvements,15000,0,0,,"2941 NARCISSE DRIVE, REGINA, SK S4X0M6",Address,Hawkstone,VARSITY HOMES LTD.,Contractor,"210-Semi-Detached or Double House, single attached home"
PRFR202502278,Foundation Repair,2025-08-14 00:00:00,Residential,Alteration and improvements,4500,0,0,,"220 3RD AVENUE, REGINA, SK S4N7C3",Address,Eastview,EASTVIEW HOUSING ASSOCIATION INC.,Property Owner,335-Row House - Condominium
PRFR202502299,Foundation Repair,2025-08-14 00:00:00,Residential,Alteration and improvements,17000,0,0,,"97 TIBBITS ROAD, REGINA, SK S4S2Y9",Address,Albert Park,REGINA HOUSE LEVELING - TRAVIS ZERIE,Contractor,"110-Single House, single detached home, bungalow, linked home (linked at the foundation), single family dwelling"
PRMH202502315,Plumbing,2025-08-14 00:00:00,Residential,Mechanical,4000,0,0,,"1037 GRACE STREET, REGINA, SK S4T5M5",Address,Rosemont South,REDACTED,Property Owner,"110-Single House, single detached home, bungalow, linked home (linked at the foundation), single family dwelling"
PRMU202403138,Multi-Unit Dwelling 3+ Units,2025-08-14 00:00:00,Residential,New construction,1776672,12,2,,"7441 MAPLEFORD BOULEVARD, REGINA, SK S4Y0C6",Address,Rosewood Park,CANADIAN MIDWEST DISTRICT OF THE CHRISTIAN AND MISSIONARY ALLIANCE,Property Owner,335-Row House - Condominium
PRMU202500468,Multi-Unit Dwelling 3+ Units,2025-08-14 00:00:00,Residential,New construction,1776672,12,2,,"7441 MAPLEFORD BOULEVARD, REGINA, SK S4Y0C6",Address,Rosewood Park,CANADIAN MIDWEST DISTRICT OF THE CHRISTIAN AND MISSIONARY ALLIANCE,Property Owner,335-Row House - Condominium
PRMU202500470,Multi-Unit Dwelling 3+ Units,2025-08-14 00:00:00,Residential,New construction,1776672,12,2,,"7441 MAPLEFORD BOULEVARD, REGINA, SK S4Y0C6",Address,Rosewood Park,CANADIAN MIDWEST DISTRICT OF THE CHRISTIAN AND MISSIONARY ALLIANCE,Property Owner,335-Row House - Condominium
PRMU202500471,Multi-Unit Dwelling 3+ Units,2025-08-14 00:00:00,Residential,New construction,1480560,10,2,,"7441 MAPLEFORD BOULEVARD, REGINA, SK S4Y0C6",Address,Rosewood Park,AVANA HOLDINGS INC.,Contractor,335-Row House - Condominium
PRMU202500472,Multi-Unit Dwelling 3+ Units,2025-08-14 00:00:00,Residential,New construction,2072784,14,2,,"7441 MAPLEFORD BOULEVARD, REGINA, SK S4Y0C6",Address,Rosewood Park,CANADIAN MIDWEST DISTRICT OF THE CHRISTIAN AND MISSIONARY ALLIANCE,Property Owner,335-Row House - Condominium
PRMU202500473,Multi-Unit Dwelling 3+ Units,2025-08-14 00:00:00,Residential,New construction,2072784,14,2,,"7441 MAPLEFORD BOULEVARD, REGINA, SK S4Y0C6",Address,Rosewood Park,AVANA HOLDINGS INC.,Contractor,335-Row House - Condominium
PRMU202500474,Multi-Unit Dwelling 3+ Units,2025-08-14 00:00:00,Residential,New construction,2072784,14,2,,"7441 MAPLEFORD BOULEVARD, REGINA, SK S4Y0C6",Address,Rosewood Park,AVANA HOLDINGS INC.,Contractor,335-Row House - Condominium
PRMU202500475,Multi-Unit Dwelling 3+ Units,2025-08-14 00:00:00,Residential,New construction,2072784,14,2,,"7441 MAPLEFORD BOULEVARD, REGINA, SK S4Y0C6",Address,Rosewood Park,CANADIAN MIDWEST DISTRICT OF THE CHRISTIAN AND MISSIONARY ALLIANCE,Property Owner,335-Row House - Condominium
PRMU202500476,Multi-Unit Dwelling 3+ Units,2025-08-14 00:00:00,Residential,New construction,2072784,14,2,,"7441 MAPLEFORD BOULEVARD, REGINA, SK S4Y0C6",Address,Rosewood Park,AVANA HOLDINGS INC.,Contractor,335-Row House - Condominium
PRMU202500477,Multi-Unit Dwelling 3+ Units,2025-08-14 00:00:00,Residential,New construction,2368896,16,2,,"7441 MAPLEFORD BOULEVARD, REGINA, SK S4Y0C6",Address,Rosewood Park,CANADIAN MIDWEST DISTRICT OF THE CHRISTIAN AND MISSIONARY ALLIANCE,Property Owner,335-Row House - Condominium
PRPO202501978,Pool,2025-08-14 00:00:00,Residential,Swimming pool,2000,0,0,,"1059 GULL ROAD, REGINA, SK S4N7S1",Address,Parkridge,REDACTED,Property Owner,"110-Single House, single detached home, bungalow, linked home (linked at the foundation), single family dwelling"
PRSF202502152,Single/Semi-Detached Dwelling 1-2 units,2025-08-14 00:00:00,Residential,New construction,900000,1,1,,"4413 SAGE DRIVE, REGINA, SK S4V3L3",Address,The Creeks,RIPPLINGER HOMES LTD,Contractor,"110-Single House, single detached home, bungalow, linked home (linked at the foundation), single family dwelling"
PRAD202501462,Addition,2025-08-15 00:00:00,Institutional,Addition to existing building commercial & residential,1142780,0,1,,1450 N COURTNEY STREET,Address,Rosewood Park,CITY OF REGINA,Property Owner,"480-Utility building; hydro control building, oil refinery building, water"
PRAD202502230,Addition,2025-08-15 00:00:00,Residential,Alteration and improvements,9000,0,0,,"58 WAKEFIELD CRESCENT, REGINA, SK S4R4T4",Address,Regent Park,REDACTED,Property Owner,"110-Single House, single detached home, bungalow, linked home (linked at the foundation), single family dwelling"
PRBS202502292,Basement Development,2025-08-15 00:00:00,Residential,Alteration,20000,0,0,,"4750 SKINNER CRESCENT, REGINA, SK S4W0A3",Address,Harbour Landing,REDACTED,Property Owner,"110-Single House, single detached home, bungalow, linked home (linked at the foundation), single family dwelling"
PRBS202502317,Basement Development,2025-08-15 00:00:00,Residential,Alteration and improvements,71000,0,0,,"5217 AVIATOR CRESCENT, REGINA, SK S4W0G9",Address,Harbour Landing,OAKRIDGE REMODELING LTD,Contractor,"110-Single House, single detached home, bungalow, linked home (linked at the foundation), single family dwelling"
PRDE202502312,Demolition,2025-08-15 00:00:00,Residential,Demolition,100,0,0,,"131 OTTAWA STREET, REGINA, SK S4R1N3",Address,North Annex,HRC CONSTRUCTION LTD. - CAL ROSE,Contractor,"110-Single House, single detached home, bungalow, linked home (linked at the foundation), single family dwelling"
PRDK202502045,Deck/Sunroom,2025-08-15 00:00:00,Commercial,Alteration and improvements,3491.83,0,0,,"2275 LORNE STREET, REGINA, SK S4P2M8",Address,Old 33,SUPREME CONSULTING,Contractor,315-Apartment - Condominium
PRFR202502314,Foundation Repair,2025-08-15 00:00:00,Residential,Alteration and improvements,20000,0,0,,"311 HABKIRK DRIVE, REGINA, SK S4S6A9",Address,Albert Park,ISH'S CONSTRUCTION INC.,Contractor,"110-Single House, single detached home, bungalow, linked home (linked at the foundation), single family dwelling"
PRMU202501903,Multi-Unit Dwelling 3+ Units,2025-08-15 00:00:00,Residential,New construction,1780290,6,2,,5501 KENNETT SQUARE | 5505 KENNETT SQUARE | 5509 KENNETT SQUARE | 5513 KENNETT SQUARE | 5517 KENNETT SQUARE | 5521 KENNETT SQUARE,Address,The Towns,EHRENBURG HOMES LTD.,Contractor,"330-Row House, garden home, town house, carriage home, quadrex"
PRMU202501904,Multi-Unit Dwelling 3+ Units,2025-08-15 00:00:00,Residential,New construction,1752690,6,2,,5401 KENNETT SQUARE | 5405 KENNETT SQUARE | 5409 KENNETT SQUARE | 5413 KENNETT SQUARE | 5417 KENNETT SQUARE | 5421 KENNETT SQUARE,Address,The Towns,EHRENBURG HOMES LTD.,Contractor,"330-Row House, garden home, town house, carriage home, quadrex"
PRRN202501778,Renovation/Alteration,2025-08-15 00:00:00,Commercial,Alteration and improvements,265000,0,3,,"1250 DEWDNEY AVENUE, REGINA, SK S4R8T7",Address,Old 33,MPM CONSTRUCTION SERVICES LTD. - MIKE MATTERN,Contractor,"520-Office building; consultant’s office, doctor’s office, insurance company, bank, taxi stand, office/cafeteria, office/smoke shop"
PRRN202501942,Renovation/Alteration,2025-08-15 00:00:00,Residential,Alteration and improvements,1000,0,0,,"3130 GARNET STREET, REGINA, SK S4S1X5",Address,Lakeview,REDACTED,Property Owner,"110-Single House, single detached home, bungalow, linked home (linked at the foundation), single family dwelling"
PRRN202502119,Renovation/Alteration,2025-08-15 00:00:00,Commercial,Alteration and improvements,700000,0,11,,"2002 11TH AVENUE, REGINA, SK S4P0J3",Address,Old 33,RB PROPERTIES INC.,Property Owner,"520-Office building; consultant’s office, doctor’s office, insurance company, bank, taxi stand, office/cafeteria, office/smoke shop"
PRRN202502202,Renovation/Alteration,2025-08-15 00:00:00,Residential,Alteration and improvements,42000,0,0,,"55 BURGESS STREET, REGINA, SK S4X1P2",Address,Sherwood Estates,REDACTED,Property Owner,"110-Single House, single detached home, bungalow, linked home (linked at the foundation), single family dwelling"
PRRN202502241,Renovation/Alteration,2025-08-15 00:00:00,Residential,Alteration and improvements,6500,0,0,,"3 SUSSEX CRESCENT, REGINA, SK S4T6A3",Address,Pasqua Place,REDACTED,Property Owner,"110-Single House, single detached home, bungalow, linked home (linked at the foundation), single family dwelling"
PRSF202501892,Single/Semi-Detached Dwelling 1-2 units,2025-08-15 00:00:00,Residential,New construction,600000,1,2,,"2728 LAKEVIEW AVENUE, REGINA, SK S4S1G3",Address,Lakeview Place,ASPEN HOMES LTD.,Contractor,"110-Single House, single detached home, bungalow, linked home (linked at the foundation), single family dwelling"
PRSF202502194,Single/Semi-Detached Dwelling 1-2 units,2025-08-15 00:00:00,Residential,New construction,400000,1,2,,"8786 WHEAT CRESCENT, REGINA, SK S4Y0H5",Address,Westerra,PACESETTER NEW HOMES LTD.,Contractor,"110-Single House, single detached home, bungalow, linked home (linked at the foundation), single family dwelling"
PRSS202502168,Secondary Suite,2025-08-15 00:00:00,Residential,Alteration and improvements,45000,1,0,,"8810 WHEAT CRESCENT, REGINA, SK S4Y0H5",Address,Westerra,REDACTED,Property Owner,"110-Single House, single detached home, bungalow, linked home (linked at the foundation), single family dwelling"
PRFR202502260,Foundation Repair,2025-08-16 00:00:00,Residential,Alteration and improvements,3500,0,0,,"1424 QUEEN STREET, REGINA, SK S4T4B8",Address,Old 33,REDACTED,Property Owner,"110-Single House, single detached home, bungalow, linked home (linked at the foundation), single family dwelling"
PRBS202502286,Basement Development,2025-08-17 00:00:00,Residential,Alteration and improvements,30000,0,0,,"8 DERBY STREET, REGINA, SK S4R4E8",Address,Coronation Park N.,REDACTED,Property Owner,"110-Single House, single detached home, bungalow, linked home (linked at the foundation), single family dwelling"
PRDK202502171,Deck/Sunroom,2025-08-17 00:00:00,Residential,Alteration and improvements,10500,0,0,,"4636 FERNDALE CRESCENT, REGINA, SK S4V4A1",Address,The Towns,DHAMI CONSTRUCTION INC.,Contractor,"210-Semi-Detached or Double House, single attached home"
PRDE202501177,Demolition,2025-08-18 00:00:00,Commercial,Demolition,5000,0,0,,"1300 8TH AVENUE, REGINA, SK S4R1E2",Address,Old 33,WEST OAK INVESTMENTS GENERAL PARTNER I LTD.,Contractor,"460-Storage building; warehouse (for storage purposes only), industrial mall, grain elevator, locker rental, silo, quonset, refrigerated storage terminal"
PRDE202502269,Demolition,2025-08-18 00:00:00,Residential,Demolition,0,0,0,1,"622 CAMERON STREET, REGINA, SK S4T2R8",Address,Washington Park,REDACTED,Property Owner,"110-Single House, single detached home, bungalow, linked home (linked at the foundation), single family dwelling"
PRDE202502324,Demolition,2025-08-18 00:00:00,Residential,Demolition,3000,0,0,,"2815 19TH AVENUE, REGINA, SK S4T1X4",Address,Riverside,REDACTED,Property Owner,"110-Single House, single detached home, bungalow, linked home (linked at the foundation), single family dwelling"
PRFR202502333,Foundation Repair,2025-08-18 00:00:00,Residential,Alteration and improvements,132000,0,0,,"4514 MONTAGUE STREET, REGINA, SK S4S3K7",Address,Albert Park,RAMJACK SASKATCHEWAN,Contractor,"110-Single House, single detached home, bungalow, linked home (linked at the foundation), single family dwelling"
PRFR202502339,Foundation Repair,2025-08-18 00:00:00,Residential,Alteration and improvements,12200,0,0,,"2238 ELPHINSTONE STREET, REGINA, SK S4T3N8",Address,Old 33,REDACTED,Property Owner,"110-Single House, single detached home, bungalow, linked home (linked at the foundation), single family dwelling"
PRRN202502179,Renovation/Alteration,2025-08-18 00:00:00,Residential,Alteration and improvements,85000,0,0,,"6107 7TH AVENUE N, REGINA, SK S4T6X2",Address,Normanview West,PEBERDY CONSTRUCTION,Contractor,"110-Single House, single detached home, bungalow, linked home (linked at the foundation), single family dwelling"
PRRN202502190,Renovation/Alteration,2025-08-18 00:00:00,Commercial,Alteration and improvements,101000,0,1,,"4841 HARBOUR LANDING DRIVE, REGINA, SK S4W0B7",Address,Harbour Landing,HARVARD DIVERSIFIED ENTERPRISES INC.,Property Owner,"512-Retail complex; plaza, mall, shopping centre, store/office building"
PRRN202502270,Renovation/Alteration,2025-08-18 00:00:00,Residential,Alteration and improvements,3000,0,0,,"266 N HODGINS CRESCENT, REGINA, SK S4X2T3",Address,Normanview W. Addn.,AL SCHICK CONSTRUCTION LTD.,Contractor,"110-Single House, single detached home, bungalow, linked home (linked at the foundation), single family dwelling"
PRRN202502282,Renovation/Alteration,2025-08-18 00:00:00,Residential,Alteration and improvements,800,0,0,,"2340 TORONTO STREET, REGINA, SK S4P1N6",Address,Old 33,102132958 SASKATCHEWAN LTD.,Property Owner,"110-Single House, single detached home, bungalow, linked home (linked at the foundation), single family dwelling"
PRRN202502289,Renovation/Alteration,2025-08-18 00:00:00,Residential,Alteration and improvements,1500,0,0,,"66 HATTON CRESCENT, REGINA, SK S4N5K6",Address,Glencairn Village,REDACTED,Property Owner,"110-Single House, single detached home, bungalow, linked home (linked at the foundation), single family dwelling"
PRRN202502316,Renovation/Alteration,2025-08-18 00:00:00,Residential,Alteration and improvements,1500,0,0,,"2943 E MORE CRESCENT, REGINA, SK S4V0T6",Address,Wood Meadows,REDACTED,Property Owner,"110-Single House, single detached home, bungalow, linked home (linked at the foundation), single family dwelling"
PRSS202502138,Secondary Suite,2025-08-18 00:00:00,Residential,Addition to existing building commercial & residential,45000,1,0,,"3244 FAVEL DRIVE, REGINA, SK S4V4B3",Address,The Towns,REDACTED,Property Owner,"110-Single House, single detached home, bungalow, linked home (linked at the foundation), single family dwelling"
PRSS202502195,Secondary Suite,2025-08-18 00:00:00,Residential,Alteration and improvements,45000,1,0,,"3300 CROSBIE CRESCENT, REGINA, SK S4V3S4",Address,The Towns,GREEN STONE RENOVATIONS LTD,Contractor,"110-Single House, single detached home, bungalow, linked home (linked at the foundation), single family dwelling"
PRTN202501673,Tent / Temporary Structure,2025-08-18 00:00:00,Commercial,Other,5000,0,0,,"3435 HILL AVENUE, REGINA, SK S4S0X1",Address,Lakeview Centre,NORTHSTAR INNOVATIVE DEVELOPMENTS INC.,Property Owner,Not Applicable
PRAD202501589,Addition,2025-08-19 00:00:00,Institutional,Addition to existing building commercial & residential,1100000,0,1,,"280 SANGSTER BOULEVARD, REGINA, SK S4R7H5",Address,Argyle Park,BOARD OF EDUCATION OF THE REGINA ROMAN CATHOLIC SEPARATE SCHOOL DIVISION NO. 81 OF SASKATC,Property Owner,"620-Elementary school, kindergarten"
PRGA202502346,Garage/Carport,2025-08-19 00:00:00,Residential,Garage/Carport/Accessory Structure,20000,0,0,,"2255 PASQUA STREET, REGINA, SK S4T4M5",Address,Old 33,REDACTED,Property Owner,"110-Single House, single detached home, bungalow, linked home (linked at the foundation), single family dwelling"
PRGA202502357,Garage/Carport,2025-08-19 00:00:00,Residential,Garage/Carport/Accessory Structure,17500,0,0,,"4740 E BUCKINGHAM DRIVE, REGINA, SK S4V3X8",Address,The Towns,REDACTED,Property Owner,"110-Single House, single detached home, bungalow, linked home (linked at the foundation), single family dwelling"
PRMH202502392,Plumbing,2025-08-19 00:00:00,Residential,Mechanical,1500,0,0,,"1310 RUPERT STREET, REGINA, SK S4N1V7",Address,Rothwell Place,PROFESSIONAL PLUMBING AND HEATING,Contractor,"210-Semi-Detached or Double House, single attached home"
PRRN202502036,Renovation/Alteration,2025-08-19 00:00:00,Residential,Alteration and improvements,40000,0,0,,"24 FOX GLOVE CRESCENT, REGINA, SK S4S4K7",Address,Whitmore Park,REDACTED,Property Owner,"110-Single House, single detached home, bungalow, linked home (linked at the foundation), single family dwelling"
PRRN202502298,Renovation/Alteration,2025-08-19 00:00:00,Residential,Alteration and improvements,50000,0,0,,"2720 ANGUS BOULEVARD, REGINA, SK S4T2A7",Address,Riverside,REDACTED,Property Owner,"110-Single House, single detached home, bungalow, linked home (linked at the foundation), single family dwelling"
PRSF202502248,Single/Semi-Detached Dwelling 1-2 units,2025-08-19 00:00:00,Residential,New construction,400000,1,2,,"8649 WHEAT CRESCENT, REGINA, SK S4Y0H3",Address,Westerra,COLBY KIRKPATRICK - PACESETTER HOMES,Contractor,"110-Single House, single detached home, bungalow, linked home (linked at the foundation), single family dwelling"
PRSS202501881,Secondary Suite,2025-08-19 00:00:00,Residential,Alteration and improvements,35000,1,0,,"4360 DELHAYE WAY, REGINA, SK S4W0P6",Address,Harbour Landing,REDACTED,Property Owner,"110-Single House, single detached home, bungalow, linked home (linked at the foundation), single family dwelling"
PRSS202501956,Secondary Suite,2025-08-19 00:00:00,Residential,Addition to existing building commercial & residential,65000,1,0,,"5516 E NICHOLSON AVENUE, REGINA, SK S4V4B4",Address,The Towns,GREEN STONE RENOVATIONS LTD,Contractor,"110-Single House, single detached home, bungalow, linked home (linked at the foundation), single family dwelling"
PRSS202502063,Secondary Suite,2025-08-19 00:00:00,Residential,Addition to existing building commercial & residential,45000,1,0,,"3340 CROSBIE CRESCENT, REGINA, SK S4V3S4",Address,The Towns,GREEN STONE RENOVATIONS LTD,Contractor,"110-Single House, single detached home, bungalow, linked home (linked at the foundation), single family dwelling"
PRSS202502071,Secondary Suite,2025-08-19 00:00:00,Residential,Alteration and improvements,43500,1,0,,"3352 FAVEL DRIVE, REGINA, SK S4V4A9",Address,The Towns,MR. SINGH PAINTING & RESTORATION LTD.,Contractor,"110-Single House, single detached home, bungalow, linked home (linked at the foundation), single family dwelling"
PRTN202502211,Tent / Temporary Structure,2025-08-19 00:00:00,Commercial,Other,3000,0,0,,"2770 E VICTORIA AVENUE, REGINA, SK S4N6M5",Address,Mayfair,VICTORIA ACRES DEVELOPMENT CORPORATION,Property Owner,Not Applicable
PRAH202502290,Alternative Family Care Home,2025-08-20 00:00:00,Residential,Alteration and improvements,5000,0,0,,"180 ST JOHN STREET, REGINA, SK S4R1P6",Address,North Annex,GABRIEL HOUSING CORPORATION,Property Owner,"210-Semi-Detached or Double House, single attached home"
PRAH202502310,Alternative Family Care Home,2025-08-20 00:00:00,Residential,Alteration and improvements,5000,0,0,,"180 ST JOHN STREET, REGINA, SK S4R1P6",Address,North Annex,GABRIEL HOUSING CORPORATION,Property Owner,"110-Single House, single detached home, bungalow, linked home (linked at the foundation), single family dwelling"
PRBS202502334,Basement Development,2025-08-20 00:00:00,Residential,Alteration and improvements,65000,0,0,,"3233 GREEN WATER DRIVE, REGINA, SK S4V3R6",Address,The Towns,REDACTED,Property Owner,"110-Single House, single detached home, bungalow, linked home (linked at the foundation), single family dwelling"
PRBY202501882,Backyard/Laneway Suite,2025-08-20 00:00:00,Residential,New construction,150000,1,2,,"7904 LENTIL AVENUE, REGINA, SK S4Y0E9",Address,Westerra,FIRST CALL CONSTRUCTION,Contractor,"330-Row House, garden home, town house, carriage home, quadrex"
PRDE202502253,Demolition,2025-08-20 00:00:00,Commercial,Demolition,90000,0,0,,"3885 SHERWOOD DRIVE, REGINA, SK S4R4A8",Address,Premier Place,101154559 SASKATCHEWAN LTD.,Property Owner,"512-Retail complex; plaza, mall, shopping centre, store/office building"
PRDE202502364,Demolition,2025-08-20 00:00:00,Residential,Demolition,4000,0,0,,"854 ROBINSON STREET, REGINA, SK S4T2M3",Address,Washington Park,ADAIR'S DEMOLITION LTD.,Contractor,"110-Single House, single detached home, bungalow, linked home (linked at the foundation), single family dwelling"
PRFR202502359,Foundation Repair,2025-08-20 00:00:00,Residential,Alteration and improvements,24000,0,0,,"8 HALLERAN PLACE, REGINA, SK S4R3Z9",Address,Coronation Park N.,GCA CONSTRUCTION,Contractor,"110-Single House, single detached home, bungalow, linked home (linked at the foundation), single family dwelling"
PRFR202502360,Foundation Repair,2025-08-20 00:00:00,Residential,Alteration and improvements,6000,0,0,,"3105 AVONHURST DRIVE, REGINA, SK S4R3J6",Address,Regent Park,GCA CONSTRUCTION,Contractor,"110-Single House, single detached home, bungalow, linked home (linked at the foundation), single family dwelling"
PRFR202502369,Foundation Repair,2025-08-20 00:00:00,Residential,Alteration and improvements,44000,0,0,,"3202 WESTMINSTER ROAD, REGINA, SK S4V0S2",Address,University Park East,REDACTED,Property Owner,"110-Single House, single detached home, bungalow, linked home (linked at the foundation), single family dwelling"
PRFR202502371,Foundation Repair,2025-08-20 00:00:00,Residential,Alteration and improvements,4000,0,0,,"3622 WETMORE CRESCENT, REGINA, SK S4V2B3",Address,Varsity Park,REGINA HOUSE LEVELING - TRAVIS ZERIE,Contractor,"110-Single House, single detached home, bungalow, linked home (linked at the foundation), single family dwelling"
PRGA202501374,Garage/Carport,2025-08-20 00:00:00,Residential,Garage/Carport/Accessory Structure,25000,0,0,,"5133 E BUCKINGHAM DRIVE, REGINA, SK S4V3S3",Address,The Towns,ULTIMA HOMES CORP.,Contractor,"210-Semi-Detached or Double House, single attached home"
PRGA202501375,Garage/Carport,2025-08-20 00:00:00,Residential,Garage/Carport/Accessory Structure,25000,0,0,,"5129 E BUCKINGHAM DRIVE, REGINA, SK S4V3S3",Address,The Towns,ULTIMA HOMES,Contractor,"110-Single House, single detached home, bungalow, linked home (linked at the foundation), single family dwelling"
PRGA202502368,Garage/Carport,2025-08-20 00:00:00,Residential,Garage/Carport/Accessory Structure,30000,0,0,,"4425 JAMES HILL ROAD, REGINA, SK S4W0K5",Address,Harbour Landing,REDACTED,Property Owner,"210-Semi-Detached or Double House, single attached home"
PRRN202501909,Renovation/Alteration,2025-08-20 00:00:00,Residential,Alteration and improvements,20000,0,0,,"114 WILKINSON CRESCENT, REGINA, SK S4S6N2",Address,Lewvan Park,REDACTED,Property Owner,"110-Single House, single detached home, bungalow, linked home (linked at the foundation), single family dwelling"
PRSF202501373,Single/Semi-Detached Dwelling 1-2 units,2025-08-20 00:00:00,Residential,New construction,350000,2,2,,"5133 E BUCKINGHAM DRIVE, REGINA, SK S4V3S3",Address,The Towns,ULTIMA HOMES,Contractor,"110-Single House, single detached home, bungalow, linked home (linked at the foundation), single family dwelling"
PRSF202501376,Single/Semi-Detached Dwelling 1-2 units,2025-08-20 00:00:00,Residential,New construction,350000,2,2,,"5129 E BUCKINGHAM DRIVE, REGINA, SK S4V3S3",Address,The Towns,ULTIMA HOMES,Contractor,"110-Single House, single detached home, bungalow, linked home (linked at the foundation), single family dwelling"
PRTN202502059,Tent / Temporary Structure,2025-08-20 00:00:00,Commercial,Other,2400,0,0,,3600 WASCANA PARKWAY,Address,Wascana Park,THE PROVINCIAL CAPITAL COMMISSION,Property Owner,Not Applicable
PRBS202502394,Basement Development,2025-08-21 00:00:00,Residential,Alteration and improvements,10000,0,0,,"142 CHURCH DRIVE, REGINA, SK S4X1P8",Address,Sherwood Estates,REDACTED,Property Owner,"110-Single House, single detached home, bungalow, linked home (linked at the foundation), single family dwelling"
PRGA202501703,Garage/Carport,2025-08-21 00:00:00,Residential,Garage/Carport/Accessory Structure,23000,0,0,,"2100 EDGAR STREET, REGINA, SK S4N3K7",Address,Broders Annex,REDACTED,Property Owner,"110-Single House, single detached home, bungalow, linked home (linked at the foundation), single family dwelling"
PRGA202501897,Garage/Carport,2025-08-21 00:00:00,Residential,Garage/Carport/Accessory Structure,10000,0,0,,"3130 GARNET STREET, REGINA, SK S4S1X5",Address,Lakeview,REDACTED,Property Owner,"110-Single House, single detached home, bungalow, linked home (linked at the foundation), single family dwelling"
PRGA202502303,Garage/Carport,2025-08-21 00:00:00,Residential,Garage/Carport/Accessory Structure,10000,0,0,,"7239 BOWMAN AVENUE, REGINA, SK S4T6K9",Address,Dieppe Place,REDACTED,Property Owner,"110-Single House, single detached home, bungalow, linked home (linked at the foundation), single family dwelling"
PRGA202502326,Garage/Carport,2025-08-21 00:00:00,Residential,Garage/Carport/Accessory Structure,12000,0,0,,"1773 RED SPRING STREET, REGINA, SK S4Y0G4",Address,Westerra,PACESETTER NEW HOMES LTD.,Contractor,"330-Row House, garden home, town house, carriage home, quadrex"
PRMH202502414,Plumbing,2025-08-21 00:00:00,Commercial,Mechanical,12200,0,0,,"746 STANLEY DETHRIDGE BAY, REGINA, SK S4N6H9",Address,Industrial Ross,"ALL-RITE MECHANICAL LTD. | WRIGHT CONSTRUCTION WESTERN INC.,",Contractor,"460-Storage building; warehouse (for storage purposes only), industrial mall, grain elevator, locker rental, silo, quonset, refrigerated storage terminal"
PRMU202501286,Multi-Unit Dwelling 3+ Units,2025-08-21 00:00:00,Residential,New construction,998300,4,2,,"38 LAMONT CRESCENT, REGINA, SK S4S4A4",Address,Hillsdale,COLLABORATIVE CONSTRUCTION,Contractor,335-Row House - Condominium
PRPO202502134,Pool,2025-08-21 00:00:00,Residential,Swimming pool,90000,0,0,,"4310 GUSWAY STREET, REGINA, SK S4X0C9",Address,Lakeridge,BACKYARD ESCAPES,Contractor,"110-Single House, single detached home, bungalow, linked home (linked at the foundation), single family dwelling"
PRRN202500497,Renovation/Alteration,2025-08-21 00:00:00,Commercial,Alteration and improvements,989000,0,2,,"1621 ALBERT STREET, REGINA, SK S4P2S5",Address,Old 33,PCL CONSTRUCTION MANAGEMENT INC.,Contractor,"520-Office building; consultant’s office, doctor’s office, insurance company, bank, taxi stand, office/cafeteria, office/smoke shop"
PRRN202502081,Renovation/Alteration,2025-08-21 00:00:00,Commercial,Alteration and improvements,19000,0,1,,"2965 GORDON ROAD, REGINA, SK S4S6H7",Address,Albert Park,SBLP SOUTHLAND MALL INC.,Property Owner,"540-Restaurant, bar, tavern, night club, diner, donut shop"
PRRN202502287,Renovation/Alteration,2025-08-21 00:00:00,Residential,Alteration and improvements,25000,0,0,,"145 N ST JOHN STREET, REGINA, SK S4R2V8",Address,North Annex,REDACTED,Property Owner,"210-Semi-Detached or Double House, single attached home"
PRSF202501802,Single/Semi-Detached Dwelling 1-2 units,2025-08-21 00:00:00,Residential,New construction,450000,2,2,,"4521 E GREEN BROOKS WAY, REGINA, SK S4V3K5",Address,The Greens on Gardiner,MINIRA PROPERTIES LTD.,Property Owner,"210-Semi-Detached or Double House, single attached home"
PRSF202502021,Single/Semi-Detached Dwelling 1-2 units,2025-08-21 00:00:00,Residential,New construction,664200,1,2,,"3248 FAVEL DRIVE, REGINA, SK S4V4B3",Address,The Towns,DREAM TOWNS LANDS SOUTH (GP) INC.,Property Owner,"110-Single House, single detached home, bungalow, linked home (linked at the foundation), single family dwelling"
PRSF202502149,Single/Semi-Detached Dwelling 1-2 units,2025-08-21 00:00:00,Residential,New construction,639026.42,1,1,,"234 HANLEY CRESCENT, REGINA, SK S4R5B1",Address,Normanview,THE GENUINE BUILDER & CO.,Contractor,"110-Single House, single detached home, bungalow, linked home (linked at the foundation), single family dwelling"
PRSS202502327,Secondary Suite,2025-08-21 00:00:00,Residential,Addition to existing building commercial & residential,45000,1,0,,"2968 WELBY WAY, REGINA, SK S4V4A2",Address,The Towns,REDACTED,Property Owner,"210-Semi-Detached or Double House, single attached home"
PRSS202502344,Secondary Suite,2025-08-21 00:00:00,Residential,Alteration and improvements,40000,1,0,,"4612 FERNDALE CRESCENT, REGINA, SK S4V4A1",Address,The Towns,FIRST CALL CONSTRUCTION,Contractor,"210-Semi-Detached or Double House, single attached home"
PRTN202501989,Tent / Temporary Structure,2025-08-21 00:00:00,Commercial,Other,1000,0,0,,"1700 ELPHINSTONE STREET, REGINA, SK S4P2Z6",Address,Old 33,CITY OF REGINA,Property Owner,Not Applicable
PRFR202502385,Foundation Repair,2025-08-22 00:00:00,Residential,Alteration and improvements,27800,0,0,,"863 N WOROBETZ CRESCENT, REGINA, SK S4X2C4",Address,Sherwood Estates,SLABMASTER LTD,Contractor,"110-Single House, single detached home, bungalow, linked home (linked at the foundation), single family dwelling"
PRGA202502073,Garage/Carport,2025-08-22 00:00:00,Residential,Garage/Carport/Accessory Structure,15000,0,0,,"64 MALONE CRESCENT, REGINA, SK S4S5R2",Address,Whitmore Park,T-REX RENOS LTD.,Property Owner,"110-Single House, single detached home, bungalow, linked home (linked at the foundation), single family dwelling"
PRRN202500348,Renovation/Alteration,2025-08-22 00:00:00,Commercial,Alteration and improvements,45000,0,2,,"1700 ELPHINSTONE STREET, Unit:G, REGINA, SK S4P2Z6",Address,Cpr Annex,REGINA EXHIBITION ASSOCIATION LTD.,Property Owner,"512-Retail complex; plaza, mall, shopping centre, store/office building"
PRRN202500907,Renovation/Alteration,2025-08-22 00:00:00,Commercial,Alteration and improvements,850000,,,,"350 N MCCARTHY BOULEVARD, REGINA, SK S4R7M2",Address,Normanview West,HARVARD DIVERSIFIED ENTERPRISES INC.,Property Owner,"550-Theatre and performing art center; movie theatre, concert hall, opera house, cultural center"
PRSF202502065,Single/Semi-Detached Dwelling 1-2 units,2025-08-22 00:00:00,Residential,New construction,850000,1,2,,"3268 CROSBIE CRESCENT, REGINA, SK S4V3S4",Address,The Towns,D ACE CUSTOM PROJECTS LTD.,Property Owner,"110-Single House, single detached home, bungalow, linked home (linked at the foundation), single family dwelling"
PRSS202501162,Secondary Suite,2025-08-22 00:00:00,Residential,Alteration and improvements,50000,1,0,,"5126 CANUCK CRESCENT, REGINA, SK S4W0H1",Address,Harbour Landing,REDACTED,Property Owner,"110-Single House, single detached home, bungalow, linked home (linked at the foundation), single family dwelling"
PRSS202502192,Secondary Suite,2025-08-22 00:00:00,Residential,Addition to existing building commercial & residential,45000,1,0,,"5621 GILBERT CRESCENT, REGINA, SK S4W0J4",Address,Harbour Landing,PREMIERE HOME IMPROVEMENTS,Contractor,"110-Single House, single detached home, bungalow, linked home (linked at the foundation), single family dwelling"
PRSS202502296,Secondary Suite,2025-08-22 00:00:00,Residential,Addition to existing building commercial & residential,40000,1,0,,"3233 GREEN TURTLE ROAD, REGINA, SK S4V4B4",Address,The Towns,REDACTED,Property Owner,"110-Single House, single detached home, bungalow, linked home (linked at the foundation), single family dwelling"
PRSS202502336,Secondary Suite,2025-08-22 00:00:00,Residential,Alteration and improvements,40000,1,0,,"3356 FAVEL DRIVE, REGINA, SK S4V4A9",Address,The Towns,REDACTED,Property Owner,"210-Semi-Detached or Double House, single attached home"
PRDE202502389,Demolition,2025-08-25 00:00:00,Residential,Demolition,0,0,0,,"2649 PASQUA STREET, REGINA, SK S4S0M4",Address,River Heights,REDACTED,Property Owner,"110-Single House, single detached home, bungalow, linked home (linked at the foundation), single family dwelling"
PRFR202502398,Foundation Repair,2025-08-25 00:00:00,Residential,Alteration and improvements,14000,0,0,,"2243 MAHONY CRESCENT, REGINA, SK S4V1B3",Address,Gardiner Park,REGINA HOUSE LEVELING - TRAVIS ZERIE,Contractor,"110-Single House, single detached home, bungalow, linked home (linked at the foundation), single family dwelling"
PRFR202502406,Foundation Repair,2025-08-25 00:00:00,Residential,Alteration and improvements,10000,0,0,,"1060 WALLACE STREET, REGINA, SK S4N3Y8",Address,Eastern Annex,JS GROUP OF COMPANIES,Contractor,"110-Single House, single detached home, bungalow, linked home (linked at the foundation), single family dwelling"
PRGA202501984,Garage/Carport,2025-08-25 00:00:00,Residential,Garage/Carport/Accessory Structure,12500,0,0,,"2325 ATHOL STREET, REGINA, SK S4T3G4",Address,Old 33,REDACTED,Property Owner,"110-Single House, single detached home, bungalow, linked home (linked at the foundation), single family dwelling"
PRGA202502367,Garage/Carport,2025-08-25 00:00:00,Residential,Garage/Carport/Accessory Structure,30000,0,0,,"4421 JAMES HILL ROAD, REGINA, SK S4W0K5",Address,Harbour Landing,REDACTED,Property Owner,"210-Semi-Detached or Double House, single attached home"
PRRN202502365,Renovation/Alteration,2025-08-25 00:00:00,Residential,Alteration and improvements,1200,0,0,,"15 DUTTON CRESCENT, REGINA, SK S4N4E4",Address,Glencairn,LRT RENOVATION,Contractor,"110-Single House, single detached home, bungalow, linked home (linked at the foundation), single family dwelling"
PRSS202502053,Secondary Suite,2025-08-25 00:00:00,Residential,Addition to existing building commercial & residential,70000,1,0,,"3131 GREEN BROOK ROAD, REGINA, SK S4V3R8",Address,The Towns,HIMALAYAN DEVELOPMENTS CORP,Contractor,"110-Single House, single detached home, bungalow, linked home (linked at the foundation), single family dwelling"
PRSS202502244,Secondary Suite,2025-08-25 00:00:00,Residential,Alteration and improvements,56000,1,0,,"4538 ALBULET DRIVE, REGINA, SK S4W0L5",Address,Harbour Landing,REDACTED,Property Owner,"110-Single House, single detached home, bungalow, linked home (linked at the foundation), single family dwelling"
PRDE202501990,Demolition,2025-08-26 00:00:00,Residential,Demolition,0,0,0,1,"716 CAMERON STREET, REGINA, SK S4T2S1",Address,Washington Park,REDACTED,Property Owner,"110-Single House, single detached home, bungalow, linked home (linked at the foundation), single family dwelling"
PRDK202501907,Deck/Sunroom,2025-08-26 00:00:00,Residential,Alteration and improvements,25000,0,0,,"4441 SAGE DRIVE, REGINA, SK S4V3L3",Address,The Creeks,REDACTED,Property Owner,"110-Single House, single detached home, bungalow, linked home (linked at the foundation), single family dwelling"
PRDK202502188,Deck/Sunroom,2025-08-26 00:00:00,Residential,Alteration and improvements,78000,0,0,,"2007 E STYLES CRESCENT, REGINA, SK S4V0P8",Address,Gardiner Park,PATRICK OTTE & ASSOCIATE,Contractor,"110-Single House, single detached home, bungalow, linked home (linked at the foundation), single family dwelling"
PRFR202502254,Foundation Repair,2025-08-26 00:00:00,Residential,Alteration and improvements,18000,0,0,,"3303 DEWDNEY AVENUE, REGINA, SK S4T0Y9",Address,Old 33,COLOSSAL FOUNDATION REPAIR INC,Contractor,"110-Single House, single detached home, bungalow, linked home (linked at the foundation), single family dwelling"
PRFR202502404,Foundation Repair,2025-08-26 00:00:00,Residential,Alteration and improvements,7500,0,0,,"1459 QUEEN STREET, REGINA, SK S4T4B9",Address,Old 33,YBR CONSULTING LTD.,Property Owner,"110-Single House, single detached home, bungalow, linked home (linked at the foundation), single family dwelling"
PRGA202502421,Garage/Carport,2025-08-26 00:00:00,Residential,Garage/Carport/Accessory Structure,25000,0,0,,"116 BELL STREET, REGINA, SK S4S4B9",Address,Hillsdale,REILLYS RENOVATIONS,Contractor,"110-Single House, single detached home, bungalow, linked home (linked at the foundation), single family dwelling"
PRGA202502422,Garage/Carport,2025-08-26 00:00:00,Residential,Garage/Carport/Accessory Structure,12000,0,0,,"4707 SHERWOOD DRIVE, REGINA, SK S4R4B7",Address,Regent Park,REILLYS RENOVATIONS,Contractor,"110-Single House, single detached home, bungalow, linked home (linked at the foundation), single family dwelling"
PRMH202502479,Plumbing,2025-08-26 00:00:00,Residential,Mechanical,10000,0,0,,"2136 YORK STREET, REGINA, SK S4T4R8",Address,Cpr Annex,STF CONSTRUCTION - STEPHEN LUCYK,Contractor,"110-Single House, single detached home, bungalow, linked home (linked at the foundation), single family dwelling"
PRPO202502473,Pool,2025-08-26 00:00:00,Residential,Swimming pool,7500,0,0,,"714 SWEENEY STREET, REGINA, SK S4T6H6",Address,Mount Royal,REDACTED,Property Owner,"110-Single House, single detached home, bungalow, linked home (linked at the foundation), single family dwelling"
PRSF202501874,Single/Semi-Detached Dwelling 1-2 units,2025-08-26 00:00:00,Residential,New construction,485300,1,2,,3155 BOWEN STREET,Address,The Towns,DREAM TOWNS LANDS SOUTH (GP) INC.,Property Owner,"110-Single House, single detached home, bungalow, linked home (linked at the foundation), single family dwelling"
PRSF202502227,Single/Semi-Detached Dwelling 1-2 units,2025-08-26 00:00:00,Residential,New construction,250000,2,2,,"4039 WATERER STREET, REGINA, SK S4W0N2",Address,Harbour Landing,CRAWFORD HOMES (EBUILD),Contractor,"110-Single House, single detached home, bungalow, linked home (linked at the foundation), single family dwelling"
PRSF202502308,Single/Semi-Detached Dwelling 1-2 units,2025-08-26 00:00:00,Residential,New construction,400000,1,2,,3146 BOWEN STREET,Address,The Towns,PACESETTER NEW HOMES LTD.,Contractor,"110-Single House, single detached home, bungalow, linked home (linked at the foundation), single family dwelling"
PRSF202502345,Single/Semi-Detached Dwelling 1-2 units,2025-08-26 00:00:00,Residential,New construction,800000,2,2,,"2949 NARCISSE DRIVE, REGINA, SK S4X0M6 | 2953 NARCISSE DRIVE, REGINA, SK S4X0M6",Address,Hawkstone,VARSITY HOMES LTD.,Property Owner,"210-Semi-Detached or Double House, single attached home"
PRSF202502377,Single/Semi-Detached Dwelling 1-2 units,2025-08-26 00:00:00,Residential,New construction,173800,1,2,,3088 DUMONT WAY,Address,The Towns,CITY OF REGINA,Property Owner,"110-Single House, single detached home, bungalow, linked home (linked at the foundation), single family dwelling"
PRSF202502384,Single/Semi-Detached Dwelling 1-2 units,2025-08-26 00:00:00,Residential,New construction,300000,2,2,,3124 GREEN TURTLE ROAD,Address,The Towns,PACESETTER NEW HOMES LTD.,Contractor,"110-Single House, single detached home, bungalow, linked home (linked at the foundation), single family dwelling"
PRSS202502373,Secondary Suite,2025-08-26 00:00:00,Residential,Alteration and improvements,60000,1,0,,"2996 GEORGE STREET, REGINA, SK S4V3W1",Address,The Towns,REDACTED,Property Owner,"330-Row House, garden home, town house, carriage home, quadrex"
PRTN202502185,Tent / Temporary Structure,2025-08-26 00:00:00,Commercial,Other,2500,0,0,,"2425 7TH AVENUE N, REGINA, SK S4R0K4",Address,Cityview,THE BRICK GP LTD,Property Owner,Not Applicable
PRDK202502281,Deck/Sunroom,2025-08-27 00:00:00,Residential,Addition,10000,0,0,,"5709 MCKINLEY AVENUE, REGINA, SK S4T7L3",Address,Rosemont North,REDACTED,Property Owner,"110-Single House, single detached home, bungalow, linked home (linked at the foundation), single family dwelling"
PRGA202502325,Garage/Carport,2025-08-27 00:00:00,Residential,Garage/Carport/Accessory Structure,10000,0,0,,"2815 19TH AVENUE, REGINA, SK S4T1X4",Address,Riverside,REDACTED,Property Owner,"110-Single House, single detached home, bungalow, linked home (linked at the foundation), single family dwelling"
PRMU202502209,Multi-Unit Dwelling 3+ Units,2025-08-27 00:00:00,Residential,New construction,660000,3,1,,3601 GREEN MARSH CRESCENT,Address,The Greens on Gardiner,NORTH RIDGE DEVELOPMENT CORPORATION,Contractor,"330-Row House, garden home, town house, carriage home, quadrex"
PRRN202502380,Renovation/Alteration,2025-08-27 00:00:00,Commercial,Other,150000,0,1,,4600 GORDON ROAD,Address,Harbour Landing,HARVARD DIVERSIFIED ENTERPRISES INC.,Property Owner,"512-Retail complex; plaza, mall, shopping centre, store/office building"
PRSF202501999,Single/Semi-Detached Dwelling 1-2 units,2025-08-27 00:00:00,Residential,New construction,250000,1,2,,"4008 DELHAYE WAY, REGINA, SK S4W0N3",Address,Harbour Landing,CRAWFORD HOMES (EBUILD),Contractor,"110-Single House, single detached home, bungalow, linked home (linked at the foundation), single family dwelling"
PRSF202502125,Single/Semi-Detached Dwelling 1-2 units,2025-08-27 00:00:00,Residential,New construction,440000,2,1,,3601 GREEN MARSH CRESCENT,Address,The Greens on Gardiner,NORTH RIDGE DEVELOPMENT CORPORATION,Contractor,215-Semi-Detached or Double House - Condominium
PRSF202502207,Single/Semi-Detached Dwelling 1-2 units,2025-08-27 00:00:00,Residential,New construction,440000,2,1,,3601 GREEN MARSH CRESCENT,Address,The Greens on Gardiner,NORTH RIDGE DEVELOPMENT CORPORATION,Contractor,335-Row House - Condominium
PRBS202502450,Basement Development,2025-08-28 00:00:00,Residential,Alteration and improvements,20000,0,0,,"5105 JIM CAIRNS BOULEVARD, REGINA, SK S4W0G1",Address,Harbour Landing,REDACTED,Property Owner,"330-Row House, garden home, town house, carriage home, quadrex"
PRDE202501176,Demolition,2025-08-28 00:00:00,Residential,Demolition,7500,0,0,1,"1400 E 12TH AVENUE, Unit:9 ROW E, REGINA, SK S4N0M6",Address,Glencairn,S & T PROPERTY MAINTENANCE - SEAN THOMSON,Contractor,130-Mobile Home
PRDE202502352,Demolition,2025-08-28 00:00:00,Residential,Demolition,56650,0,0,1,"3118 GREEN BANK ROAD, REGINA, SK S4V3P8",Address,The Towns,ADAIR'S DEMOLITION LTD.,Contractor,"110-Single House, single detached home, bungalow, linked home (linked at the foundation), single family dwelling"
PRDE202502370,Demolition,2025-08-28 00:00:00,Residential,Demolition,6000,0,0,,"1068 RAE STREET, REGINA, SK S4T2B6",Address,Old 33,REDACTED,Property Owner,"110-Single House, single detached home, bungalow, linked home (linked at the foundation), single family dwelling"
PRDK202502297,Deck/Sunroom,2025-08-28 00:00:00,Residential,Alteration and improvements,5000,0,0,,"242 ANGUS STREET, REGINA, SK S4R3K4",Address,Coronation Park,REDACTED,Property Owner,"110-Single House, single detached home, bungalow, linked home (linked at the foundation), single family dwelling"
PRFR202502425,Foundation Repair,2025-08-28 00:00:00,Residential,Alteration and improvements,5500,0,0,,"1325 ARTHUR STREET, REGINA, SK S4T4V9",Address,Belvedere,JS GROUP OF COMPANIES,Contractor,"110-Single House, single detached home, bungalow, linked home (linked at the foundation), single family dwelling"
PRFR202502426,Foundation Repair,2025-08-28 00:00:00,Residential,Alteration and improvements,7000,0,0,,"1823 FLEET STREET, REGINA, SK S4N6B6",Address,Glencairn Village,COLOSSAL CONSTRUCTION,Contractor,"110-Single House, single detached home, bungalow, linked home (linked at the foundation), single family dwelling"
PRRN202502361,Renovation/Alteration,2025-08-28 00:00:00,Residential,Alteration and improvements,5000,0,0,,"4750 SKINNER CRESCENT, REGINA, SK S4W0A3",Address,Harbour Landing,REDACTED,Property Owner,"110-Single House, single detached home, bungalow, linked home (linked at the foundation), single family dwelling"
PRSF202502354,Single/Semi-Detached Dwelling 1-2 units,2025-08-28 00:00:00,Residential,New construction,250000,1,2,,"1308 N KINGBIRD ROAD, REGINA, SK S4X0N6",Address,Kensington Greens,CRAWFORD HOMES (1991) LTD.,Property Owner,"110-Single House, single detached home, bungalow, linked home (linked at the foundation), single family dwelling"
PRBS202502435,Basement Development,2025-08-29 00:00:00,Residential,Alteration and improvements,35000,0,0,,"3360 GRANT ROAD, REGINA, SK S4S5H5",Address,Whitmore Park,REDACTED,Property Owner,"110-Single House, single detached home, bungalow, linked home (linked at the foundation), single family dwelling"
PRDE202502031,Demolition,2025-08-29 00:00:00,Residential,Demolition,60000,0,0,,"3426 PORTNALL AVENUE, REGINA, SK S4S1A8",Address,Lakeview Centre,REDACTED,Property Owner,"110-Single House, single detached home, bungalow, linked home (linked at the foundation), single family dwelling"
PRFR202502484,Foundation Repair,2025-08-29 00:00:00,Residential,Alteration and improvements,11000,0,0,,"20 CHAMP CRESCENT, REGINA, SK S4R5B6",Address,Normanview,REGINA HOUSING LEVELING,Contractor,"110-Single House, single detached home, bungalow, linked home (linked at the foundation), single family dwelling"
PRFR202502492,Foundation Repair,2025-08-29 00:00:00,Residential,Alteration and improvements,17000,0,0,,"31 MELVILLE AVENUE, REGINA, SK S4T7H5",Address,Normanview West,REGINA HOUSING LEVELING,Contractor,"110-Single House, single detached home, bungalow, linked home (linked at the foundation), single family dwelling"
PRFR202502499,Foundation Repair,2025-08-29 00:00:00,Residential,Alteration and improvements,14000,0,0,,"1723 ARTHUR STREET, REGINA, SK S4T4W4",Address,Cpr Annex,REGINA HOUSING LEVELING,Contractor,"110-Single House, single detached home, bungalow, linked home (linked at the foundation), single family dwelling"
PRFR202502501,Foundation Repair,2025-08-29 00:00:00,Residential,Alteration and improvements,8000,0,0,,"2915 VICTORIA AVENUE, REGINA, SK S4T1K8",Address,Old 33,REDACTED,Property Owner,"110-Single House, single detached home, bungalow, linked home (linked at the foundation), single family dwelling"
PRGA202502388,Garage/Carport,2025-08-29 00:00:00,Residential,Garage/Carport/Accessory Structure,41000,0,0,,"1525 LACON STREET, REGINA, SK S4N1Z3",Address,Glen Elm Park,REDACTED,Property Owner,"110-Single House, single detached home, bungalow, linked home (linked at the foundation), single family dwelling"
PRGA202502399,Garage/Carport,2025-08-29 00:00:00,Residential,Garage/Carport/Accessory Structure,25000,0,0,,"2327 GARNET STREET, REGINA, SK S4T3A3",Address,Old 33,REDACTED,Property Owner,"110-Single House, single detached home, bungalow, linked home (linked at the foundation), single family dwelling"
PRSS202502343,Secondary Suite,2025-08-29 00:00:00,Residential,Alteration and improvements,40000,1,0,,"5504 E NICHOLSON AVENUE, REGINA, SK S4V4B4",Address,The Towns,FIRST CALL CONSTRUCTION,Contractor,"110-Single House, single detached home, bungalow, linked home (linked at the foundation), single family dwelling"
PRDE202501540,Demolition,2025-08-30 00:00:00,Commercial,Demolition,29385,0,0,,"1614 14TH AVENUE, REGINA, SK S4P0W8",Address,Old 33,102201951 SASKATCHEWAN CORP.,Property Owner,"512-Retail complex; plaza, mall, shopping centre, store/office building"
PRDK202502304,Deck/Sunroom,2025-09-01 00:00:00,Residential,Alteration and improvements,6262.41,0,0,,"4600 FERNDALE CRESCENT, REGINA, SK S4V4A1",Address,The Towns,REDACTED,Property Owner,"330-Row House, garden home, town house, carriage home, quadrex"
PRBS202502189,Basement Development,2025-09-02 00:00:00,Residential,Alteration and improvements,62575,0,0,,"5138 ANTHONY WAY, REGINA, SK S4X0H2",Address,Lakeridge Addition,SPLITTING TIMBER CUSTOM CARPENTRY - JUSTIN BUNKO,Contractor,"110-Single House, single detached home, bungalow, linked home (linked at the foundation), single family dwelling"
PRBS202502288,Basement Development,2025-09-02 00:00:00,Residential,Alteration and improvements,25000,0,0,,"9458 WASCANA MEWS, REGINA, SK S4V2V5",Address,Wascana View,REDACTED,Property Owner,"110-Single House, single detached home, bungalow, linked home (linked at the foundation), single family dwelling"
PRDE202500976,Demolition,2025-09-02 00:00:00,Residential,Demolition,25000,0,0,1,"2208 PRINCESS STREET, REGINA, SK S4T3Z8",Address,Old 33,KRATZ HOMES LTD.,Contractor,"110-Single House, single detached home, bungalow, linked home (linked at the foundation), single family dwelling"
PRDK202502155,Deck/Sunroom,2025-09-02 00:00:00,Residential,Alteration and improvements,12760,0,0,,"418 N BEKE BAY, REGINA, SK S4Y1E6",Address,Westhill Park,HOPE CONSTRUCTION LTD.,Contractor,"110-Single House, single detached home, bungalow, linked home (linked at the foundation), single family dwelling"
PRFR202502358,Foundation Repair,2025-09-02 00:00:00,Residential,Alteration and improvements,37300,0,0,,"1263 JAMES CRESCENT, REGINA, SK S4N6A4",Address,Glencairn Village,AAA SOLID FOUNDATION,Contractor,"110-Single House, single detached home, bungalow, linked home (linked at the foundation), single family dwelling"
PRFR202502439,Foundation Repair,2025-09-02 00:00:00,Residential,Alteration and improvements,10000,0,0,,"63 SELKIRK CRESCENT, REGINA, SK S4S6J3",Address,Albert Park,REDACTED,Property Owner,"110-Single House, single detached home, bungalow, linked home (linked at the foundation), single family dwelling"
PRGA202502495,Garage/Carport,2025-09-02 00:00:00,Residential,Garage/Carport/Accessory Structure,25000,0,0,,"257 ANGUS CRESCENT, REGINA, SK S4T6N3",Address,Crescents,FOXTAIL CONSTRUCTION,Contractor,"110-Single House, single detached home, bungalow, linked home (linked at the foundation), single family dwelling"
PRRN202502177,Renovation/Alteration,2025-09-02 00:00:00,Residential,Alteration and improvements,80650,0,0,,"121 COMPTON ROAD, REGINA, SK S4S2Y4",Address,Albert Park,APEC RESTORATION,Contractor,"110-Single House, single detached home, bungalow, linked home (linked at the foundation), single family dwelling"
PRRN202502180,Renovation/Alteration,2025-09-02 00:00:00,Institutional,Alteration and improvements,215000,0,0,,"3769 WASCANA PARKWAY, REGINA, SK S4S0A2",Address,Wascana Park,THE UNIVERSITY OF REGINA,Property Owner,626-University
PRRN202502271,Renovation/Alteration,2025-09-02 00:00:00,Commercial,Alteration and improvements,1048000,0,16,,"2002 VICTORIA AVENUE, REGINA, SK S4P0R7",Address,Old 33,WESTRIDGE CONSTRUCTION LTD  - AARON OBST,Contractor,"520-Office building; consultant’s office, doctor’s office, insurance company, bank, taxi stand, office/cafeteria, office/smoke shop"
PRRN202502330,Renovation/Alteration,2025-09-02 00:00:00,Commercial,Alteration and improvements,1500,0,0,,"545 BROAD STREET, REGINA, SK S4R1X5",Address,North Annex,STEPPING STONES CHILD CARE CO-OPERATIVE,Property Owner,"650-Day care, nursing home, rest home, home for the blind, charitable home, detoxification center"
PRSF202502217,Single/Semi-Detached Dwelling 1-2 units,2025-09-02 00:00:00,Residential,New construction,351500,1,2,,"8657 WHEAT CRESCENT, REGINA, SK S4Y0H3",Address,Westerra,REGINA DRAFTING,Contractor,"110-Single House, single detached home, bungalow, linked home (linked at the foundation), single family dwelling"
PRSF202502218,Single/Semi-Detached Dwelling 1-2 units,2025-09-02 00:00:00,Residential,New construction,288600,1,2,,"8661 WHEAT CRESCENT, REGINA, SK S4Y0H3",Address,Westerra,EHRENBURG HOMES LTD.,Contractor,"110-Single House, single detached home, bungalow, linked home (linked at the foundation), single family dwelling"
PRSF202502219,Single/Semi-Detached Dwelling 1-2 units,2025-09-02 00:00:00,Residential,New construction,262700,1,2,,"8665 WHEAT CRESCENT, REGINA, SK S4Y0H3",Address,Westerra,REGINA DRAFTING,Contractor,"110-Single House, single detached home, bungalow, linked home (linked at the foundation), single family dwelling"
PRSF202502383,Single/Semi-Detached Dwelling 1-2 units,2025-09-02 00:00:00,Residential,New construction,621400,1,2,,3180 FAVEL DRIVE,Address,The Towns,HOMES BY DREAM,Contractor,"110-Single House, single detached home, bungalow, linked home (linked at the foundation), single family dwelling"
PRSF202502416,Single/Semi-Detached Dwelling 1-2 units,2025-09-02 00:00:00,Residential,New construction,250000,1,2,,"3020 KAUFMAN WAY, REGINA, SK S4V3Z5",Address,The Towns,CRAWFORD HOMES (1991) LTD.,Contractor,"110-Single House, single detached home, bungalow, linked home (linked at the foundation), single family dwelling"
PRSF202502436,Single/Semi-Detached Dwelling 1-2 units,2025-09-02 00:00:00,Residential,New construction,300000,1,2,,3120 GREEN TURTLE ROAD,Address,The Towns,PACESETTER HOMES REGINA,Contractor,"110-Single House, single detached home, bungalow, linked home (linked at the foundation), single family dwelling"
PRSS202502193,Secondary Suite,2025-09-02 00:00:00,Residential,Alteration and improvements,45000,1,0,,"4037 DELHAYE WAY, REGINA, SK S4W0N3",Address,Harbour Landing,REDACTED,Property Owner,"110-Single House, single detached home, bungalow, linked home (linked at the foundation), single family dwelling"
PRAD202502419,Addition,2025-09-03 00:00:00,Residential,Addition to existing building commercial & residential,90000,0,0,,"719 N KELSEY STREET, REGINA, SK S4X1X7",Address,Sherwood Estates,REDACTED,Property Owner,"110-Single House, single detached home, bungalow, linked home (linked at the foundation), single family dwelling"
PRDE202502471,Demolition,2025-09-03 00:00:00,Residential,Demolition,4000,0,0,,"2633 WALLACE STREET, REGINA, SK S4N4B7",Address,Assiniboia  Place,REDACTED,Property Owner,"110-Single House, single detached home, bungalow, linked home (linked at the foundation), single family dwelling"
PRDE202502480,Demolition,2025-09-03 00:00:00,Residential,Demolition,20000,0,0,,"54 WOODWARD AVENUE, REGINA, SK S4R3H1",Address,Coronation Park N.,REDACTED,Property Owner,"110-Single House, single detached home, bungalow, linked home (linked at the foundation), single family dwelling"
PRDE202502496,Demolition,2025-09-03 00:00:00,Residential,Demolition,0,0,0,1,"269 OTTAWA STREET, REGINA, SK S4R1N4",Address,North Annex,REDACTED,Property Owner,"110-Single House, single detached home, bungalow, linked home (linked at the foundation), single family dwelling"
PRDE202502513,Demolition,2025-09-03 00:00:00,Residential,Demolition,24000,0,0,1,"1908 HALIFAX STREET, REGINA, SK S4P1T5",Address,Old 33,DAVIES EXCAVATING LTD,Contractor,"110-Single House, single detached home, bungalow, linked home (linked at the foundation), single family dwelling"
PRDK202500947,Deck/Sunroom,2025-09-03 00:00:00,Residential,Alteration and improvements,4000,0,0,,"2471 MCARA STREET, REGINA, SK S4N2W6",Address,Assiniboia  Place,NORD WEST STUCCO LTD.,Contractor,"110-Single House, single detached home, bungalow, linked home (linked at the foundation), single family dwelling"
PRDK202502374,Deck/Sunroom,2025-09-03 00:00:00,Residential,Alteration and improvements,8000,0,0,,"3131 GREEN BROOK ROAD, REGINA, SK S4V3R8",Address,The Towns,HIMALAYAN DEVELOPMENTS CORP,Contractor,"110-Single House, single detached home, bungalow, linked home (linked at the foundation), single family dwelling"
PRDK202502517,Deck/Sunroom,2025-09-03 00:00:00,Residential,Alteration and improvements,2500,0,0,,"1317 JUBILEE AVENUE, REGINA, SK S4S3S8",Address,Hillsdale,REDACTED,Property Owner,"110-Single House, single detached home, bungalow, linked home (linked at the foundation), single family dwelling"
PRFR202502322,Foundation Repair,2025-09-03 00:00:00,Residential,Alteration and improvements,50000,0,0,,"55 STICE CRESCENT, REGINA, SK S4N4P9",Address,Glencairn Village,RSR CONSTRUCTION - TERRY PAUN,Contractor,"110-Single House, single detached home, bungalow, linked home (linked at the foundation), single family dwelling"
PRFR202502387,Foundation Repair,2025-09-03 00:00:00,Residential,Alteration and improvements,25000,0,0,,"26 BOOKHALTER CRESCENT, REGINA, SK S4R6J4",Address,Argyle Park,REDACTED,Property Owner,"110-Single House, single detached home, bungalow, linked home (linked at the foundation), single family dwelling"
PRFR202502455,Foundation Repair,2025-09-03 00:00:00,Residential,Alteration and improvements,40000,0,0,,"20 DUNNING CRESCENT, REGINA, SK S4S3W1",Address,Hillsdale,GCA CONSTRUCTION,Contractor,"110-Single House, single detached home, bungalow, linked home (linked at the foundation), single family dwelling"
PRGA202502034,Garage/Carport,2025-09-03 00:00:00,Residential,Garage/Carport/Accessory Structure,60000,0,0,,"3426 PORTNALL AVENUE, REGINA, SK S4S1A8",Address,Lakeview Centre,REDACTED,Property Owner,"110-Single House, single detached home, bungalow, linked home (linked at the foundation), single family dwelling"
PRGA202502493,Garage/Carport,2025-09-03 00:00:00,Residential,Garage/Carport/Accessory Structure,20000,0,0,,"2633 WALLACE STREET, REGINA, SK S4N4B7",Address,Assiniboia  Place,REDACTED,Property Owner,"110-Single House, single detached home, bungalow, linked home (linked at the foundation), single family dwelling"
PRPO202502489,Pool,2025-09-03 00:00:00,Residential,Swimming pool,1000,0,0,,"208 CATHERWOOD CRESCENT, REGINA, SK S4R7K5",Address,Uplands,REDACTED,Property Owner,"110-Single House, single detached home, bungalow, linked home (linked at the foundation), single family dwelling"
PRRN202501594,Renovation/Alteration,2025-09-03 00:00:00,Residential,Alteration and improvements,60000,0,0,,"259 MCKEE CRESCENT, REGINA, SK S4S5S6",Address,Whitmore Park,REDACTED,Property Owner,"110-Single House, single detached home, bungalow, linked home (linked at the foundation), single family dwelling"
PRRN202502116,Renovation/Alteration,2025-09-03 00:00:00,Commercial,Alteration and improvements,160000,0,0,,"1801 HAMILTON STREET, REGINA, SK S4P4B4",Address,Old 33,PCL - TEGAN GEISSLER,Contractor,"520-Office building; consultant’s office, doctor’s office, insurance company, bank, taxi stand, office/cafeteria, office/smoke shop"
PRAD202500990,Addition,2025-09-04 00:00:00,Residential,Addition to existing building commercial & residential,10000,0,0,,"34 SIHVON BAY, REGINA, SK S4R7T3",Address,Walsh Acres,REDACTED,Property Owner,"110-Single House, single detached home, bungalow, linked home (linked at the foundation), single family dwelling"
PRBS202502547,Basement Development,2025-09-04 00:00:00,Residential,Alteration and improvements,15000,0,0,,"1403 RUPERT STREET, REGINA, SK S4N1V9",Address,Rothwell Place,GRID ROAD RENOVATIONS - PATRICK,Contractor,"110-Single House, single detached home, bungalow, linked home (linked at the foundation), single family dwelling"
PRDE202502534,Demolition,2025-09-04 00:00:00,Residential,Demolition,15000,0,0,1,"2700 LACON STREET, REGINA, SK S4N2A7",Address,Dominion Heights,REDACTED,Property Owner,"110-Single House, single detached home, bungalow, linked home (linked at the foundation), single family dwelling"
PRDK202502415,Deck/Sunroom,2025-09-04 00:00:00,Residential,Alteration and improvements,19978.51,0,0,,"1310 WASCANA HIGHLANDS, REGINA, SK S4V2J8",Address,Wascana View,SUPREME CONSULTING,Contractor,"110-Single House, single detached home, bungalow, linked home (linked at the foundation), single family dwelling"
PRDK202502481,Deck/Sunroom,2025-09-04 00:00:00,Residential,Alteration and improvements,15000,0,0,,"6969 MAPLE BROOK CRESCENT, REGINA, SK S4X4J4",Address,Maple Ridge,PATREN CONSTRUCTION INC.,Contractor,"110-Single House, single detached home, bungalow, linked home (linked at the foundation), single family dwelling"
PRFR202502539,Foundation Repair,2025-09-04 00:00:00,Residential,Alteration and improvements,4700,0,0,,"5 HAULTAIN CRESCENT, REGINA, SK S4S4B4",Address,Hillsdale,AAA SOLID FOUNDATION,Contractor,"110-Single House, single detached home, bungalow, linked home (linked at the foundation), single family dwelling"
PRFR202502541,Foundation Repair,2025-09-04 00:00:00,Residential,Alteration and improvements,15600,0,0,,"870 N SEYMOUR CRESCENT, REGINA, SK S4X2G4",Address,Mccarthy Park,AAA SOLID FOUNDATION,Contractor,"110-Single House, single detached home, bungalow, linked home (linked at the foundation), single family dwelling"
PRFR202502542,Foundation Repair,2025-09-04 00:00:00,Residential,Alteration and improvements,32000,0,0,,"1603 REGENT STREET, REGINA, SK S4N1S2",Address,Glen Elm Park,AAA SOLID FOUNDATION,Contractor,"110-Single House, single detached home, bungalow, linked home (linked at the foundation), single family dwelling"
PRFR202502554,Foundation Repair,2025-09-04 00:00:00,Residential,Alteration and improvements,4675,0,0,,"750 N BARD CRESCENT, REGINA, SK S4X2K5",Address,Mccarthy Park,AAA SOLID FOUNDATION,Contractor,"110-Single House, single detached home, bungalow, linked home (linked at the foundation), single family dwelling"
PRGA202502300,Garage/Carport,2025-09-04 00:00:00,Residential,Garage/Carport/Accessory Structure,42000,0,0,,"603 E BROADWAY AVENUE, REGINA, SK S4N1A2",Address,Assiniboia East,IMPACT HOME RENOVATIONS,Contractor,"110-Single House, single detached home, bungalow, linked home (linked at the foundation), single family dwelling"
PRSG202502441,Sign,2025-09-04 00:00:00,Commercial,Other,0,0,0,,"3841 E EASTGATE DRIVE, REGINA, SK S4Z1A5",Address,Eastgate,DIMENSION 3 HOSPITALITY CORPORATION,Property Owner,"530-Hotel, hotel/motel, motor hotel"
PRSS202502301,Secondary Suite,2025-09-04 00:00:00,Residential,Addition to existing building commercial & residential,65000,1,0,,"3265 GREEN TURTLE ROAD, REGINA, SK S4V4A9",Address,The Towns,AMBER CONSTRUCTION LTD.,Contractor,"110-Single House, single detached home, bungalow, linked home (linked at the foundation), single family dwelling"
PRSS202502454,Secondary Suite,2025-09-04 00:00:00,Residential,Addition to existing building commercial & residential,82500,1,0,,"5116 AVIATOR CRESCENT, REGINA, SK S4W0G6",Address,Harbour Landing,AKBAR CONSTRUCTION - AZAD ALI,Contractor,"110-Single House, single detached home, bungalow, linked home (linked at the foundation), single family dwelling"
PRTN202502503,Tent / Temporary Structure,2025-09-04 00:00:00,Institutional,Other,6880,0,0,,3901 PRINCESS DRIVE,Address,River Heights,SIKH SOCIETY REGINA INC.,Property Owner,Not Applicable
PRTN202502515,Tent / Temporary Structure,2025-09-04 00:00:00,Commercial,New,100,0,0,,"230 E 4TH AVENUE, REGINA, SK S4N4Z6",Address,Industrial Ross,SHAVER`S SASH & DOOR LTD.,Property Owner,Not Applicable
PRAD202502140,Addition,2025-09-05 00:00:00,Institutional,Addition to existing building commercial & residential,500000,0,1,,"2343 EDGAR STREET, REGINA, SK S4N3L2",Address,Broders Annex,BOARD OF EDUCATION OF THE REGINA ROMAN CATHOLIC SEPARATE SCHOOL DIVISION NO. 81 OF SASKATC,Property Owner,"620-Elementary school, kindergarten"
PRDE202502032,Demolition,2025-09-05 00:00:00,Residential,Demolition,31074.45,0,0,1,"873 RAE STREET, REGINA, SK S4T2B3",Address,Washington Park,FIRST CHOICE EXCAVATION & DEMOLITION,Contractor,"110-Single House, single detached home, bungalow, linked home (linked at the foundation), single family dwelling"
PRDE202502150,Demolition,2025-09-05 00:00:00,Residential,Demolition,5411.25,0,0,,"1004 ATHOL STREET, REGINA, SK S4T3B9",Address,Old 33,FIRST CHOICE EXCAVATION & DEMOLITION,Contractor,"110-Single House, single detached home, bungalow, linked home (linked at the foundation), single family dwelling"
PRDE202502151,Demolition,2025-09-05 00:00:00,Residential,Demolition,5411.25,0,0,,"1527 MCTAVISH STREET, REGINA, SK S4T3W5",Address,Old 33,REDACTED,Property Owner,"110-Single House, single detached home, bungalow, linked home (linked at the foundation), single family dwelling"
PRDE202502356,Demolition,2025-09-05 00:00:00,Residential,Demolition,6500,0,0,,"1425 RETALLACK STREET, REGINA, SK S4T2J3",Address,Old 33,FIRST CHOICE EXCAVATION & DEMOLITION,Contractor,"110-Single House, single detached home, bungalow, linked home (linked at the foundation), single family dwelling"
PRDK202502470,Deck/Sunroom,2025-09-05 00:00:00,Residential,Alteration and improvements,6000,0,0,,"2149 LINDSAY STREET, REGINA, SK S4N3C1",Address,Broders Annex,REDACTED,Property Owner,"110-Single House, single detached home, bungalow, linked home (linked at the foundation), single family dwelling"
PRDK202502510,Deck/Sunroom,2025-09-05 00:00:00,Residential,Alteration and improvements,13000,0,0,,"4050 E CRANBERRY PLACE, REGINA, SK S4V3V4",Address,The Creeks,REDACTED,Property Owner,"110-Single House, single detached home, bungalow, linked home (linked at the foundation), single family dwelling"
PRFR202502379,Foundation Repair,2025-09-05 00:00:00,Residential,Alteration and improvements,5580,0,0,,"730 N DOLAN STREET, REGINA, SK S4X1Z6",Address,Sherwood Estates,AAA SOLID FOUNDATION,Contractor,"110-Single House, single detached home, bungalow, linked home (linked at the foundation), single family dwelling"
PRFR202502478,Foundation Repair,2025-09-05 00:00:00,Residential,Alteration and improvements,5000,0,0,,"351 N SCARTH STREET, REGINA, SK S4R2Z8",Address,Cityview,REDACTED,Property Owner,"110-Single House, single detached home, bungalow, linked home (linked at the foundation), single family dwelling"
PRFR202502555,Foundation Repair,2025-09-05 00:00:00,Residential,Alteration and improvements,25135,0,0,,"7 OSBORNE CRESCENT, REGINA, SK S4R5J2",Address,Normanview,AAA SOLID FOUNDATION,Contractor,"110-Single House, single detached home, bungalow, linked home (linked at the foundation), single family dwelling"
PRFR202502559,Foundation Repair,2025-09-05 00:00:00,Residential,Alteration and improvements,16500,0,0,,"115 CONNAUGHT CRESCENT, REGINA, SK S4T6M8",Address,Crescents,AAA SOLID FOUNDATION,Contractor,"110-Single House, single detached home, bungalow, linked home (linked at the foundation), single family dwelling"
PRFR202502562,Foundation Repair,2025-09-05 00:00:00,Residential,Alteration and improvements,99000,0,0,,"114 PLAINSVIEW DRIVE, REGINA, SK S4S6K4",Address,Albert Park,JS GROUP OF COMPANIES,Contractor,"110-Single House, single detached home, bungalow, linked home (linked at the foundation), single family dwelling"
PRFR202502563,Foundation Repair,2025-09-05 00:00:00,Residential,Alteration and improvements,11000,0,0,,"3224 ATHOL STREET, REGINA, SK S4S1Y9",Address,Lakeview,AAA SOLID FOUNDATION,Contractor,"110-Single House, single detached home, bungalow, linked home (linked at the foundation), single family dwelling"
PRFR202502564,Foundation Repair,2025-09-05 00:00:00,Residential,Alteration and improvements,19650,0,0,,"215 MCKEE CRESCENT, REGINA, SK S4S5S4",Address,Whitmore Park,AAA SOLID FOUNDATION,Contractor,"110-Single House, single detached home, bungalow, linked home (linked at the foundation), single family dwelling"
PRFR202502565,Foundation Repair,2025-09-05 00:00:00,Residential,Alteration and improvements,9105,0,0,,"62 COLONY PLACE, REGINA, SK S4S2N7",Address,Albert Park,AAA SOLID FOUNDATION,Contractor,"110-Single House, single detached home, bungalow, linked home (linked at the foundation), single family dwelling"
PRFR202502574,Foundation Repair,2025-09-05 00:00:00,Residential,Alteration and improvements,55000,0,0,,"18 LOCHHEAD BAY, REGINA, SK S4X1P5",Address,Sherwood Estates,JS GROUP OF COMPANIES,Contractor,"110-Single House, single detached home, bungalow, linked home (linked at the foundation), single family dwelling"
PRFR202502575,Foundation Repair,2025-09-05 00:00:00,Residential,Alteration and improvements,15000,0,0,,"2318 TORONTO STREET, REGINA, SK S4P1N6",Address,Old 33,FAIL SAFE HOUSE LIFTING INC,Contractor,"110-Single House, single detached home, bungalow, linked home (linked at the foundation), single family dwelling"
PRFR202502578,Foundation Repair,2025-09-05 00:00:00,Residential,Alteration and improvements,12000,0,0,,"7 BOUCHER CRESCENT, REGINA, SK S4R7E2",Address,Argyle Park,REGINA HOUSING LEVELING,Contractor,"110-Single House, single detached home, bungalow, linked home (linked at the foundation), single family dwelling"
PRFR202502595,Foundation Repair,2025-09-05 00:00:00,Residential,Alteration and improvements,1980,0,0,,"235 MCKEE CRESCENT, REGINA, SK S4S5S6",Address,Whitmore Park,AAA SOLID FOUNDATION,Contractor,"110-Single House, single detached home, bungalow, linked home (linked at the foundation), single family dwelling"
PRGA202502445,Garage/Carport,2025-09-05 00:00:00,Residential,Garage/Carport/Accessory Structure,15000,0,0,,"3145 RAE STREET, REGINA, SK S4S1R9",Address,Lakeview,REDACTED,Property Owner,"110-Single House, single detached home, bungalow, linked home (linked at the foundation), single family dwelling"
PRMU202501285,Multi-Unit Dwelling 3+ Units,2025-09-05 00:00:00,Commercial,New construction,1550000,8,3,,2322 ST JOHN STREET,Address,Old 33,LEDCOR CONSTRUCTION - MARK BEHRNS,Contractor,335-Row House - Condominium
PRRN202502321,Renovation/Alteration,2025-09-05 00:00:00,Commercial,Alteration and improvements,100000,0,1,,"1322 LORNE STREET, REGINA, SK S4R2K1",Address,Old 33,EXTOL DEVELOPMENTS - DEVON SCHOLLAR,Contractor,"520-Office building; consultant’s office, doctor’s office, insurance company, bank, taxi stand, office/cafeteria, office/smoke shop"
PRSF202502311,Single/Semi-Detached Dwelling 1-2 units,2025-09-05 00:00:00,Residential,New construction,750000,2,2,,"8600 WHEAT CRESCENT, REGINA, SK S4Y0H3",Address,Westerra,PACESETTER NEW HOMES LTD.,Contractor,"210-Semi-Detached or Double House, single attached home"
PRSF202502430,Single/Semi-Detached Dwelling 1-2 units,2025-09-05 00:00:00,Residential,New,750000,1,2,,"4032 E IRIS PLACE, REGINA, SK S4V3V4",Address,The Creeks,REDACTED,Property Owner,"110-Single House, single detached home, bungalow, linked home (linked at the foundation), single family dwelling"
PRSF202502460,Single/Semi-Detached Dwelling 1-2 units,2025-09-05 00:00:00,Residential,New construction,300000,1,2,,3119 BOWEN STREET,Address,The Towns,PACESETTER NEW HOMES LTD.,Contractor,"110-Single House, single detached home, bungalow, linked home (linked at the foundation), single family dwelling"
PRSS202502262,Secondary Suite,2025-09-05 00:00:00,Residential,Addition to existing building commercial & residential,45000,1,0,,"5601 TUTOR WAY, REGINA, SK S4W0N5",Address,Harbour Landing,REDACTED,Property Owner,"210-Semi-Detached or Double House, single attached home"
PRSS202502475,Secondary Suite,2025-09-05 00:00:00,Residential,Addition to existing building commercial & residential,60000,1,0,,"3742 GREEN MOSS LANE, REGINA, SK S4V1P7",Address,The Greens on Gardiner,ARMADA HOMES,Contractor,"110-Single House, single detached home, bungalow, linked home (linked at the foundation), single family dwelling"
PRDK202501706,Deck/Sunroom,2025-09-06 00:00:00,Residential,Addition to existing building commercial & residential,4900,0,0,,"4644 FERNDALE CRESCENT, REGINA, SK S4V4A1",Address,The Towns,PIVOT CONSTRUCTION,Contractor,"110-Single House, single detached home, bungalow, linked home (linked at the foundation), single family dwelling"
PRAD202502242,Addition,2025-09-08 00:00:00,Residential,Addition to existing building commercial & residential,100000,0,0,,"2349 LINDSAY STREET, REGINA, SK S4N3C5",Address,Broders Annex,REDACTED,Property Owner,"110-Single House, single detached home, bungalow, linked home (linked at the foundation), single family dwelling"
PRBS202502583,Basement Development,2025-09-08 00:00:00,Residential,Alteration and improvements,30000,0,0,,"338 BROADWAY AVENUE, REGINA, SK S4N1B5",Address,Assiniboia  Place,COLLABORATIVE CONSTRUCTION INC. (EBUILD),Contractor,"110-Single House, single detached home, bungalow, linked home (linked at the foundation), single family dwelling"
PRDE202502079,Demolition,2025-09-08 00:00:00,Residential,Demolition,15000,0,0,1,"2667 MCDONALD STREET, REGINA, SK S4N2Z7",Address,Assiniboia  Place,PASQUA HOME RENTALS LTD.,Property Owner,"110-Single House, single detached home, bungalow, linked home (linked at the foundation), single family dwelling"
PRGA202502522,Garage/Carport,2025-09-08 00:00:00,Residential,Garage/Carport/Accessory Structure,45000,0,0,,"5500 E NICHOLSON AVENUE, REGINA, SK S4V4B4",Address,The Towns,FIRST CALL CONSTRUCTION,Contractor,"110-Single House, single detached home, bungalow, linked home (linked at the foundation), single family dwelling"
PRGA202502523,Garage/Carport,2025-09-08 00:00:00,Residential,Garage/Carport/Accessory Structure,45000,0,0,,"2904 GEORGE STREET, REGINA, SK S4V3W1",Address,The Towns,FIRST CALL CONSTRUCTION,Contractor,"330-Row House, garden home, town house, carriage home, quadrex"
PRGA202502549,Garage/Carport,2025-09-08 00:00:00,Residential,Garage/Carport/Accessory Structure,25000,0,0,,"10 NORWOOD CRESCENT, REGINA, SK S4R0A1",Address,Uplands,REILLYS RENOVATIONS,Contractor,"110-Single House, single detached home, bungalow, linked home (linked at the foundation), single family dwelling"
PRRN202403029,Renovation/Alteration,2025-09-08 00:00:00,Commercial,Alteration and improvements,700000,0,14,,"2476 VICTORIA AVENUE, REGINA, SK S4N6M5",Address,Old 33,CITY OF REGINA,Property Owner,"520-Office building; consultant’s office, doctor’s office, insurance company, bank, taxi stand, office/cafeteria, office/smoke shop"
PRRN202502544,Renovation/Alteration,2025-09-08 00:00:00,Commercial,Mechanical,30000,0,1,,"775 BROAD STREET, REGINA, SK S4R8G3",Address,Industrial Park,630020 SASKATCHEWAN LTD.,Property Owner,"570-Motor vehicle show room (new and used); car dealership, used car, motorcycle and tractor sale"
PRSF202502386,Single/Semi-Detached Dwelling 1-2 units,2025-09-08 00:00:00,Residential,New construction,250000,1,2,,"4043 WATERER STREET, REGINA, SK S4W0N2",Address,Harbour Landing,CRAWFORD HOMES (EBUILD),Contractor,"110-Single House, single detached home, bungalow, linked home (linked at the foundation), single family dwelling"
PRSG202502375,Sign,2025-09-08 00:00:00,Commercial,New,0,0,1,,"4601 GORDON ROAD, REGINA, SK S4S6G6",Address,Lewvan Park,HARVARD DIVERSIFIED ENTERPRISES INC.,Property Owner,"520-Office building; consultant’s office, doctor’s office, insurance company, bank, taxi stand, office/cafeteria, office/smoke shop"
PRSS202502363,Secondary Suite,2025-09-08 00:00:00,Residential,Alteration and improvements,50000,1,0,,"8689 WHEAT CRESCENT, REGINA, SK S4Y0H4",Address,Westerra,REDACTED,Property Owner,"110-Single House, single detached home, bungalow, linked home (linked at the foundation), single family dwelling"
PRSS202502457,Secondary Suite,2025-09-08 00:00:00,Residential,Addition to existing building commercial & residential,45000,1,0,,"5160 E BUCKINGHAM DRIVE, REGINA, SK S4V3W2",Address,The Towns,HAUP CONSTRUCTIONS INC,Contractor,"210-Semi-Detached or Double House, single attached home"
PRBS202502605,Basement Development,2025-09-09 00:00:00,Residential,Alteration and improvements,3000,0,0,,"1823 FLEET STREET, REGINA, SK S4N6B6",Address,Glencairn Village,102011611 SASKATCHEWAN LTD.,Property Owner,"110-Single House, single detached home, bungalow, linked home (linked at the foundation), single family dwelling"
PRDE202502591,Demolition,2025-09-09 00:00:00,Residential,Demolition,37000,0,0,1,"964 ATHOL STREET, REGINA, SK S4T3B7",Address,Washington Park,ADAIR'S DEMOLITION LTD.,Contractor,"110-Single House, single detached home, bungalow, linked home (linked at the foundation), single family dwelling"
PRDK202502123,Deck/Sunroom,2025-09-09 00:00:00,Residential,Addition,1665,0,0,,"8806 WHEAT CRESCENT, REGINA, SK S4Y0H5",Address,Westerra,REDACTED,Property Owner,"110-Single House, single detached home, bungalow, linked home (linked at the foundation), single family dwelling"
PRFR202500300,Foundation Repair,2025-09-09 00:00:00,Commercial,Alteration and improvements,21225,0,0,,"1834 SCARTH STREET, REGINA, SK S4P2G3",Address,Old 33,101247726 SASKATCHEWAN LTD.,Property Owner,"540-Restaurant, bar, tavern, night club, diner, donut shop"
PRFR202502599,Foundation Repair,2025-09-09 00:00:00,Residential,Alteration and improvements,48000,0,0,,"80 KNOWLES CRESCENT, REGINA, SK S4S4P1",Address,Hillsdale,REGINA HOUSE LEVELING - TRAVIS ZERIE,Contractor,"110-Single House, single detached home, bungalow, linked home (linked at the foundation), single family dwelling"
PRFR202502612,Foundation Repair,2025-09-09 00:00:00,Residential,,2400,0,0,,"2821 FLEURY STREET, REGINA, SK S4N2M6",Address,Assiniboia East,REGINA HOUSE LEVELING - TRAVIS ZERIE,Contractor,"110-Single House, single detached home, bungalow, linked home (linked at the foundation), single family dwelling"
PRGA202502494,Garage/Carport,2025-09-09 00:00:00,Residential,Garage/Carport/Accessory Structure,15000,0,0,,"3137 RAE STREET, REGINA, SK S4S1R9",Address,Lakeview,REDACTED,Property Owner,"110-Single House, single detached home, bungalow, linked home (linked at the foundation), single family dwelling"
PRMU202500392,Multi-Unit Dwelling 3+ Units,2025-09-09 00:00:00,Residential,New construction,745000,4,2,,"6302 DEWALT AVENUE, REGINA, SK S4X0J2",Address,Skyview,102130052 SASKATCHEWAN LTD.,Property Owner,335-Row House - Condominium
PRMU202500393,Multi-Unit Dwelling 3+ Units,2025-09-09 00:00:00,Residential,New construction,1490000,8,3,,"6302 DEWALT AVENUE, REGINA, SK S4X0J2",Address,Skyview,102130052 SASKATCHEWAN LTD.,Property Owner,335-Row House - Condominium
PRMU202502221,Multi-Unit Dwelling 3+ Units,2025-09-09 00:00:00,Residential,New construction,1490000,8,2,,"6302 DEWALT AVENUE, REGINA, SK S4X0J2",Address,Skyview,SEYMOUR PACIFIC DEVELOPMENTS LTD.,Contractor,"330-Row House, garden home, town house, carriage home, quadrex"
PRRN202501998,Renovation/Alteration,2025-09-09 00:00:00,Commercial,Alteration and improvements,185000,0,1,,"3750 CHUKA BOULEVARD, REGINA, SK S4V4C2",Address,The Greens on Gardiner,102049625 SASKATCHEWAN LTD.,Property Owner,"540-Restaurant, bar, tavern, night club, diner, donut shop"
PRRN202502039,Renovation/Alteration,2025-09-09 00:00:00,Commercial,Conversion from single to multiple dwelling,75000,0,0,,"2103 11TH AVENUE, REGINA, SK S4P3Z8",Address,Old 33,15877873 CANADA INC. | HDL INVESTMENTS INC.,Property Owner,"520-Office building; consultant’s office, doctor’s office, insurance company, bank, taxi stand, office/cafeteria, office/smoke shop"
PRRN202502055,Renovation/Alteration,2025-09-09 00:00:00,Commercial,Alteration and improvements,1750000,0,2,,"440 HOFFER DRIVE, REGINA, SK S4N7A1",Address,UNDEVELOP,VETSCAPE HOLDINGS INC.,Property Owner,"642-Clinic, health unit; out-patient clinic, first aid station"
PRRN202502438,Renovation/Alteration,2025-09-09 00:00:00,Residential,Alteration and improvements,6000,0,0,,"1035 N KENDERDINE DRIVE, REGINA, SK S4X4H7",Address,Rochdale Park,DAVINCI CODE CONSTRUCTION REGINA,Contractor,"110-Single House, single detached home, bungalow, linked home (linked at the foundation), single family dwelling"
PRRN202502477,Renovation/Alteration,2025-09-09 00:00:00,Commercial,Alteration and improvements,65000,0,2,,"1621 11TH AVENUE, REGINA, SK S4P0H5",Address,Old 33,DRAKENSBERG INVESTMENTS INC.,Property Owner,"512-Retail complex; plaza, mall, shopping centre, store/office building"
PRRN202502529,Renovation/Alteration,2025-09-09 00:00:00,Residential,Alteration and improvements,9000,0,0,,"2614 E DORSEY PLACE, REGINA, SK S4V2B8",Address,Varsity Park,REDACTED,Property Owner,"110-Single House, single detached home, bungalow, linked home (linked at the foundation), single family dwelling"
PRSF202502110,Single/Semi-Detached Dwelling 1-2 units,2025-09-09 00:00:00,Residential,New construction,700000,1,2,,"5202 E GREEN CRESCENT, REGINA, SK S4V3S9",Address,The Greens on Gardiner,101301324 SASKATCHEWAN LTD.,Property Owner,"110-Single House, single detached home, bungalow, linked home (linked at the foundation), single family dwelling"
PRSF202502229,Single/Semi-Detached Dwelling 1-2 units,2025-09-09 00:00:00,Residential,New construction,250000,1,2,,"3012 KAUFMAN WAY, REGINA, SK S4V3Z5",Address,The Towns,CRAWFORD HOMES (EBUILD),Contractor,"110-Single House, single detached home, bungalow, linked home (linked at the foundation), single family dwelling"
PRSF202502464,Single/Semi-Detached Dwelling 1-2 units,2025-09-09 00:00:00,Residential,New construction,300000,1,2,,3115 BOWEN STREET,Address,The Towns,PACESETTER NEW HOMES LTD.,Contractor,"110-Single House, single detached home, bungalow, linked home (linked at the foundation), single family dwelling"
PRSS202502382,Secondary Suite,2025-09-09 00:00:00,Residential,Addition to existing building commercial & residential,65000,1,0,,"6037 EAGLES COVE, REGINA, SK S4X0H5",Address,Skyview,REDACTED,Property Owner,"110-Single House, single detached home, bungalow, linked home (linked at the foundation), single family dwelling"
PRSS202502401,Secondary Suite,2025-09-09 00:00:00,Residential,Alteration and improvements,50000,1,0,,"3245 GREEN TURTLE ROAD, REGINA, SK S4V4B1",Address,The Towns,AFE VENTURES,Contractor,"110-Single House, single detached home, bungalow, linked home (linked at the foundation), single family dwelling"
PRBS202502598,Basement Development,2025-09-10 00:00:00,Residential,Alteration and improvements,30000,0,0,,"7904 LENTIL AVENUE, REGINA, SK S4Y0E9",Address,Westerra,FIRST CALL CONSTRUCTION,Contractor,"330-Row House, garden home, town house, carriage home, quadrex"
PRDK202502600,Deck/Sunroom,2025-09-10 00:00:00,Residential,Alteration and improvements,5000,0,0,,"441 LEOPOLD CRESCENT, REGINA, SK S4T6N8",Address,Crescents,REDACTED,Property Owner,"110-Single House, single detached home, bungalow, linked home (linked at the foundation), single family dwelling"
PRFR202502566,Foundation Repair,2025-09-10 00:00:00,Commercial,Alteration and improvements,8700,0,2,,"2175 SMITH STREET, REGINA, SK S4P2P3",Address,Old 33,HKR COLLECTIONS FINE ART LIMITED,Property Owner,"540-Restaurant, bar, tavern, night club, diner, donut shop"
PRFR202502601,Foundation Repair,2025-09-10 00:00:00,Residential,Alteration and improvements,1850,0,0,,"1260 BRODER STREET, REGINA, SK S4N3R2",Address,Eastern Annex,AAA SOLID FOUNDATION,Contractor,"110-Single House, single detached home, bungalow, linked home (linked at the foundation), single family dwelling"
PRFR202502602,Foundation Repair,2025-09-10 00:00:00,Residential,Alteration and improvements,1855,0,0,,"23 CARMICHAEL ROAD, REGINA, SK S4R0C6",Address,Uplands,AAA SOLID FOUNDATION,Contractor,"110-Single House, single detached home, bungalow, linked home (linked at the foundation), single family dwelling"
PRMH202502633,Plumbing,2025-09-10 00:00:00,Residential,Alteration and improvements,2500,0,0,,"2646 E HOWELL DRIVE, REGINA, SK S4N6K5",Address,Glencairn Village,REDACTED,Property Owner,"110-Single House, single detached home, bungalow, linked home (linked at the foundation), single family dwelling"
PRRN202501715,Renovation/Alteration,2025-09-10 00:00:00,Commercial,Alteration and improvements,250000,0,1,,"1450 HAMILTON STREET, REGINA, SK S4R8R3",Address,Old 33,R & Z HOLDINGS LTD.,Property Owner,"510-Retail and wholesale outlets; retail outlet, department store, photographic studio, rental service, beauty salon, hairdressing salon, lumber yard, dry cleaner, laundromat"
PRRN202502313,Renovation/Alteration,2025-09-10 00:00:00,Commercial,Alteration and improvements,100000,0,1,,"1629 PARK STREET, REGINA, SK S4N5A2",Address,Glen Elm Park,NIESNER PROPERTIES INC.,Property Owner,"540-Restaurant, bar, tavern, night club, diner, donut shop"
PRRN202502431,Renovation/Alteration,2025-09-10 00:00:00,Commercial,Alteration and improvements,6000,0,1,,"1711 E DEWDNEY AVENUE, REGINA, SK S4N4N6",Address,Glencairn,REGINA INVESTMENTS HOLDINGS,Contractor,"540-Restaurant, bar, tavern, night club, diner, donut shop"
PRSG202502524,Sign,2025-09-10 00:00:00,Commercial,New,0,0,1,,"1955 PRINCE OF WALES DRIVE, REGINA, SK S4Z1A5",Address,Eastgate,MCDONALD`S RESTAURANTS OF CANADA LIMITED/LES RESTAURANTS MCDONALD DU CANADA LIMITEE,Property Owner,Not Applicable
PRSS202502332,Secondary Suite,2025-09-10 00:00:00,Residential,Addition to existing building commercial & residential,45500,1,0,,"2952 WELBY WAY, REGINA, SK S4V4A2",Address,The Towns,REDACTED,Property Owner,"210-Semi-Detached or Double House, single attached home"
PRSS202502451,Secondary Suite,2025-09-10 00:00:00,Residential,Addition to existing building commercial & residential,35000,1,0,,"2973 GREEN STONE ROAD, REGINA, SK S4V3Z7",Address,The Towns,REDACTED,Property Owner,"330-Row House, garden home, town house, carriage home, quadrex"
PRAD202501333,Addition,2025-09-11 00:00:00,Institutional,Foundation (new),20000,0,0,,"150 BROTHERTON AVENUE, REGINA, SK S4N0J7",Address,Glencairn,BOARD OF EDUCATION OF THE REGINA ROMAN CATHOLIC SEPARATE SCHOOL DIVISION NO. 81 OF SASKATC,Property Owner,"620-Elementary school, kindergarten"
PRDE202502035,Demolition,2025-09-11 00:00:00,Residential,Demolition,20622.65,0,0,1,"1411 CAMERON STREET, REGINA, SK S4T2T5",Address,Old 33,101150089 SASKATCHEWAN LTD.,Property Owner,"110-Single House, single detached home, bungalow, linked home (linked at the foundation), single family dwelling"
PRGA202502424,Garage/Carport,2025-09-11 00:00:00,Residential,Garage/Carport/Accessory Structure,55000,0,0,,"3300 ALBERT STREET, REGINA, SK S4S3P1",Address,Lakeview,ARCADIA CONSTRUCTION - KAMARAN PROBE,Contractor,"110-Single House, single detached home, bungalow, linked home (linked at the foundation), single family dwelling"
PRGA202502581,Garage/Carport,2025-09-11 00:00:00,Residential,Garage/Carport/Accessory Structure,35000,0,0,,"3910 GREEN DIAMOND ROAD, REGINA, SK S4V3T3",Address,The Greens on Gardiner,FIRST CALL CONSTRUCTION,Contractor,"330-Row House, garden home, town house, carriage home, quadrex"
PRMH202502639,Plumbing,2025-09-11 00:00:00,Residential,Mechanical,12000,0,0,,"3325 RAE STREET, REGINA, SK S4S1S5",Address,Lakeview,REDACTED,Property Owner,"110-Single House, single detached home, bungalow, linked home (linked at the foundation), single family dwelling"
PRRN202502642,Renovation/Alteration,2025-09-11 00:00:00,Commercial,Alteration and improvements,70000,0,0,,"2128 DEWDNEY AVENUE, Unit:102, REGINA, SK S4R1H2",Address,Old 33,REDACTED,Property Owner,335-Row House - Condominium
PRSF202502340,Single/Semi-Detached Dwelling 1-2 units,2025-09-11 00:00:00,Residential,New construction,451400,1,2,,"5412 E NICHOLSON AVENUE, REGINA, SK S4V4B4",Address,The Towns,DREAM TOWNS LANDS SOUTH (GP) INC.,Contractor,"110-Single House, single detached home, bungalow, linked home (linked at the foundation), single family dwelling"
PRAD202501588,Addition,2025-09-12 00:00:00,Institutional,Addition to existing building commercial & residential,500000,0,1,,"150 BROTHERTON AVENUE, REGINA, SK S4N0J7",Address,Glencairn,BOARD OF EDUCATION OF THE REGINA ROMAN CATHOLIC SEPARATE SCHOOL DIVISION NO. 81 OF SASKATC,Property Owner,"620-Elementary school, kindergarten"
PRAD202502243,Addition,2025-09-12 00:00:00,Residential,Addition to existing building commercial & residential,30000,0,0,,"160 CONNAUGHT CRESCENT, REGINA, SK S4T6M9",Address,Crescents,CREEK CONSTRUCTION,Contractor,"110-Single House, single detached home, bungalow, linked home (linked at the foundation), single family dwelling"
PRDK202502198,Deck/Sunroom,2025-09-12 00:00:00,Residential,Alteration and improvements,10000,0,0,,"3448 GREEN TURTLE ROAD, REGINA, SK S4V3N7",Address,The Greens on Gardiner,THE ULTIMATE DECK SHOP INC.,Contractor,"330-Row House, garden home, town house, carriage home, quadrex"
PRDK202502239,Deck/Sunroom,2025-09-12 00:00:00,Residential,Alteration and improvements,8000,0,0,,"5233 MITCHINSON WAY, REGINA, SK S4W0G8",Address,Harbour Landing,FOUR SEASONS CONSTRUCTION AND RENOVATIONS INC.,Contractor,"110-Single House, single detached home, bungalow, linked home (linked at the foundation), single family dwelling"
PRFR202502609,Foundation Repair,2025-09-12 00:00:00,Residential,Alteration and improvements,78000,0,0,,"31 SELKIRK CRESCENT, REGINA, SK S4S6J3",Address,Albert Park,REDACTED,Property Owner,"110-Single House, single detached home, bungalow, linked home (linked at the foundation), single family dwelling"
PRRN202502272,Renovation/Alteration,2025-09-12 00:00:00,Commercial,Alteration and improvements,454466,0,2,,"2102 11TH AVENUE, REGINA, SK S4P0J5",Address,Old 33,CORNWALL CENTRE INC.,Property Owner,"512-Retail complex; plaza, mall, shopping centre, store/office building"
PRRN202502393,Renovation/Alteration,2025-09-12 00:00:00,Commercial,Alteration and improvements,10000,0,2,,"56 NOLLET AVENUE, Unit:A, REGINA, SK S4T7P9",Address,Normanview West,FIVE STAR HANDYMAN - STEPHEN DENZIN,Contractor,315-Apartment - Condominium
PRRN202502420,Renovation/Alteration,2025-09-12 00:00:00,Commercial,Alteration and improvements,8000,0,1,,"1711 E DEWDNEY AVENUE, REGINA, SK S4N4N6",Address,Glencairn,KOUROS HOLDINGS LTD.,Property Owner,"512-Retail complex; plaza, mall, shopping centre, store/office building"
PRRN202502519,Renovation/Alteration,2025-09-12 00:00:00,Residential,Alteration and improvements,47148,0,0,,"167 HASTINGS CRESCENT, REGINA, SK S4T7N8",Address,Normanview West,RESTOREX DISASTER RESTORATION,Contractor,"110-Single House, single detached home, bungalow, linked home (linked at the foundation), single family dwelling"
PRSS202502206,Secondary Suite,2025-09-12 00:00:00,Residential,Addition to existing building commercial & residential,55000,1,0,,"5233 MITCHINSON WAY, REGINA, SK S4W0G8",Address,Harbour Landing,FOUR SEASONS CONSTRUCTION AND RENOVATIONS INC.,Contractor,"110-Single House, single detached home, bungalow, linked home (linked at the foundation), single family dwelling"
PRSS202502337,Secondary Suite,2025-09-12 00:00:00,Residential,Addition to existing building commercial & residential,55000,1,0,,"2960 WELBY WAY, REGINA, SK S4V4A2",Address,The Towns,REDACTED,Property Owner,"210-Semi-Detached or Double House, single attached home"
PRRN202502017,Renovation/Alteration,2025-09-14 00:00:00,Residential,Alteration and improvements,2000,0,0,,"46 GREENWOOD CRESCENT, REGINA, SK S4X1G2",Address,Normanview W. Addn.,REDACTED,Property Owner,"110-Single House, single detached home, bungalow, linked home (linked at the foundation), single family dwelling"
PRFR202502476,Foundation Repair,2025-09-15 00:00:00,Residential,Alteration and improvements,6000,0,0,,"3000 PARK STREET, REGINA, SK S4N2J1",Address,Douglas Place,REDACTED,Property Owner,"110-Single House, single detached home, bungalow, linked home (linked at the foundation), single family dwelling"
PRGA202502240,Garage/Carport,2025-09-15 00:00:00,Residential,Garage/Carport/Accessory Structure,20000,0,0,,"2344 MACKAY STREET, REGINA, SK S4N2T1",Address,Broders Annex,BOUSS CONSTRUCTION INC.,Contractor,"110-Single House, single detached home, bungalow, linked home (linked at the foundation), single family dwelling"
PRGA202502350,Garage/Carport,2025-09-15 00:00:00,Residential,Garage/Carport/Accessory Structure,20000,0,0,,"131 OTTAWA STREET, REGINA, SK S4R1N3",Address,North Annex,HRC CONSTRUCTION LTD. - CAL ROSE,Contractor,"110-Single House, single detached home, bungalow, linked home (linked at the foundation), single family dwelling"
PRNR202501457,New Commercial,2025-09-15 00:00:00,Commercial,Foundation (new),9400000,0,5,,4755 GRASSLAND STREET,Address,Wascana Park,GRAHAM CONSTRUCTION - DEAN HUGGINS | GRAHAM CONSTRUCTION - DREW NICHOLAS,Contractor,"650-Day care, nursing home, rest home, home for the blind, charitable home, detoxification center"
PRNR202502353,New Commercial,2025-09-15 00:00:00,Industrial,New construction,800000,0,1,,"119 9TH AVENUE N, REGINA, SK S4N7L5",Address,UNDEVELOP,ENBRIDGE PIPELINES INC. / PIPELINES ENBRIDGE INC.,Property Owner,"480-Utility building; hydro control building, oil refinery building, water"
PRRN202502603,Renovation/Alteration,2025-09-15 00:00:00,Residential,Alteration and improvements,7365.16,0,0,,"1737 UHRICH AVENUE, REGINA, SK S4S4R6",Address,Hillsdale,GARAGANA CARPENTRY,Contractor,"110-Single House, single detached home, bungalow, linked home (linked at the foundation), single family dwelling"
PRSF202502443,Single/Semi-Detached Dwelling 1-2 units,2025-09-15 00:00:00,Residential,New construction,400000,1,1,,"5601 PARLIAMENT AVENUE, Unit:24, REGINA, SK S4W0V4",Address,Harbour Landing,COLBY KIRKPATRICK - PACESETTER HOMES,Contractor,"110-Single House, single detached home, bungalow, linked home (linked at the foundation), single family dwelling"
PRSF202502456,Single/Semi-Detached Dwelling 1-2 units,2025-09-15 00:00:00,Residential,New construction,400000,1,1,,"5601 PARLIAMENT AVENUE, Unit:23, REGINA, SK S4W0V4",Address,Harbour Landing,PACESETTER NEW HOMES LTD.,Contractor,"110-Single House, single detached home, bungalow, linked home (linked at the foundation), single family dwelling"
PRSS202502512,Secondary Suite,2025-09-15 00:00:00,Residential,Other,40000,1,0,,"5140 E BUCKINGHAM DRIVE, REGINA, SK S4V3W2",Address,The Towns,FIRST CALL CONSTRUCTION,Contractor,"210-Semi-Detached or Double House, single attached home"
PRTN202502525,Tent / Temporary Structure,2025-09-15 00:00:00,Commercial,Other,1,0,0,,2190 VICTORIA AVENUE,Address,Old 33,CITY OF REGINA,Property Owner,Not Applicable
PRDE202502033,Demolition,2025-09-16 00:00:00,Residential,Demolition,34802.5,0,0,1,"1920 MONTREAL STREET, REGINA, SK S4P1L3",Address,Old 33,FIRST CHOICE EXCAVATION & DEMOLITION,Contractor,"110-Single House, single detached home, bungalow, linked home (linked at the foundation), single family dwelling"
PRDK202502644,Deck/Sunroom,2025-09-16 00:00:00,Residential,Alteration and improvements,20708.46,0,0,,"1326 WASCANA HIGHLANDS, REGINA, SK S4V2J8",Address,Wascana View,THE ULTIMATE DECK SHOP,Contractor,"110-Single House, single detached home, bungalow, linked home (linked at the foundation), single family dwelling"
PRDK202502665,Deck/Sunroom,2025-09-16 00:00:00,Residential,Alteration and improvements,7600,0,0,,"3257 GREEN TURTLE ROAD, REGINA, SK S4V4B1",Address,The Towns,PIVOT CONSTRUCTION,Contractor,"110-Single House, single detached home, bungalow, linked home (linked at the foundation), single family dwelling"
PRFR202502520,Foundation Repair,2025-09-16 00:00:00,Residential,Alteration and improvements,2400,0,0,,"2820 FLEURY STREET, REGINA, SK S4N2M4",Address,Assiniboia East,REGINA HOUSE LEVELING - TRAVIS ZERIE,Contractor,"110-Single House, single detached home, bungalow, linked home (linked at the foundation), single family dwelling"
PRFR202502630,Foundation Repair,2025-09-16 00:00:00,Residential,Alteration and improvements,5000,0,0,,"6315 MAIER BAY, REGINA, SK S4X2R4",Address,Mccarthy Park,REDACTED,Property Owner,"110-Single House, single detached home, bungalow, linked home (linked at the foundation), single family dwelling"
PRFR202502689,Foundation Repair,2025-09-16 00:00:00,Residential,Alteration and improvements,9000,0,0,,"424 E MULLIN AVENUE, REGINA, SK S4N1C7",Address,Assiniboia East,JS GROUP OF COMPANIES,Contractor,"110-Single House, single detached home, bungalow, linked home (linked at the foundation), single family dwelling"
PRFR202502693,Foundation Repair,2025-09-16 00:00:00,Residential,Alteration and improvements,2000,0,0,,"119 MACKENZIE WAY, REGINA, SK S4N5M9",Address,Glencairn Village,REGINA HOUSE LEVELING - TRAVIS ZERIE,Contractor,"330-Row House, garden home, town house, carriage home, quadrex"
PRFR202502695,Foundation Repair,2025-09-16 00:00:00,Residential,Alteration and improvements,100000,0,0,,"1937 E DUNNISON CRESCENT, REGINA, SK S4V0N8",Address,Gardiner Park,RAMJACK SASKATCHEWAN,Contractor,"110-Single House, single detached home, bungalow, linked home (linked at the foundation), single family dwelling"
PRGA202502103,Garage/Carport,2025-09-16 00:00:00,Residential,Garage/Carport/Accessory Structure,8725.58,0,0,,"5644 MCKENNA ROAD, REGINA, SK S4W0N7",Address,Harbour Landing,REDACTED,Property Owner,"110-Single House, single detached home, bungalow, linked home (linked at the foundation), single family dwelling"
PRGA202502351,Garage/Carport,2025-09-16 00:00:00,Residential,Garage/Carport/Accessory Structure,17500,0,0,,"4438 JAMES HILL ROAD, REGINA, SK S4W0M5",Address,Harbour Landing,REDACTED,Property Owner,"210-Semi-Detached or Double House, single attached home"
PRGA202502594,Garage/Carport,2025-09-16 00:00:00,Residential,Garage/Carport/Accessory Structure,15000,0,0,,"5661 CEDERHOLM AVENUE, REGINA, SK S4W0M9",Address,Harbour Landing,REDACTED,Property Owner,"330-Row House, garden home, town house, carriage home, quadrex"
PRGA202502621,Garage/Carport,2025-09-16 00:00:00,Residential,Garage/Carport/Accessory Structure,17500,0,0,,"3328 FAVEL DRIVE, REGINA, SK S4V4A9",Address,The Towns,REDACTED,Property Owner,"110-Single House, single detached home, bungalow, linked home (linked at the foundation), single family dwelling"
PRMU202502213,Multi-Unit Dwelling 3+ Units,2025-09-16 00:00:00,Residential,New construction,1490000,8,2,,"6302 DEWALT AVENUE, REGINA, SK S4X0J2",Address,Skyview,SEYMOUR PACIFIC DEVELOPMENTS LTD.,Contractor,"330-Row House, garden home, town house, carriage home, quadrex"
PRRN202502550,Renovation/Alteration,2025-09-16 00:00:00,Residential,Alteration and improvements,50000,0,0,,"49 LANGLEY STREET, REGINA, SK S4S3V5",Address,Hillsdale,HRC CONSTRUCTION LTD. - CAL ROSE,Contractor,"110-Single House, single detached home, bungalow, linked home (linked at the foundation), single family dwelling"
PRRN202502597,Renovation/Alteration,2025-09-16 00:00:00,Residential,Alteration and improvements,4100,0,0,,"31 LAIRD CRESCENT, REGINA, SK S4R4N7",Address,Regent Park,TRIPLE R CONCRETE CUTTING,Contractor,"110-Single House, single detached home, bungalow, linked home (linked at the foundation), single family dwelling"
PRSF202502638,Single/Semi-Detached Dwelling 1-2 units,2025-09-16 00:00:00,Residential,New construction,400000,1,2,,3129 GREEN TURTLE ROAD,Address,The Towns,PACESETTER NEW HOMES LTD.,Contractor,"110-Single House, single detached home, bungalow, linked home (linked at the foundation), single family dwelling"
PRTN202502636,Tent / Temporary Structure,2025-09-16 00:00:00,Commercial,Other,1,0,0,,3025 MCDONALD STREET,Address,Douglas Place,CITY OF REGINA,Property Owner,Not Applicable
PRBS202502618,Basement Development,2025-09-17 00:00:00,Residential,Alteration and improvements,8500,0,0,,"11 DENNY CRESCENT, REGINA, SK S4N5J8",Address,Glencairn Village,REDACTED,Property Owner,"110-Single House, single detached home, bungalow, linked home (linked at the foundation), single family dwelling"
PRBS202502622,Basement Development,2025-09-17 00:00:00,Residential,Alteration and improvements,50000,0,0,,"4817 E GREEN VIEW CRESCENT, REGINA, SK S4V3L2",Address,The Greens on Gardiner,REDACTED,Property Owner,"110-Single House, single detached home, bungalow, linked home (linked at the foundation), single family dwelling"
PRBS202502691,Basement Development,2025-09-17 00:00:00,Residential,Alteration and improvements,90000,0,0,,"315 E 20TH AVENUE, REGINA, SK S4N1J8",Address,Douglas Place,REDACTED,Property Owner,"330-Row House, garden home, town house, carriage home, quadrex"
PRDK202501804,Deck/Sunroom,2025-09-17 00:00:00,Residential,Alteration and improvements,4500,0,0,,"4404 DELHAYE WAY, REGINA, SK S4W0P5",Address,Harbour Landing,REDACTED,Property Owner,"110-Single House, single detached home, bungalow, linked home (linked at the foundation), single family dwelling"
PRFR202502654,Foundation Repair,2025-09-17 00:00:00,Residential,Alteration and improvements,4000,0,0,,"3043 HARDING STREET, REGINA, SK S4V1H7",Address,Gardiner Heights,GCA CONSTRUCTION,Contractor,"110-Single House, single detached home, bungalow, linked home (linked at the foundation), single family dwelling"
PRFR202502678,Foundation Repair,2025-09-17 00:00:00,Residential,Alteration and improvements,10000,0,0,,"517 E 20TH AVENUE, REGINA, SK S4N1J8",Address,Douglas Place,GCA CONSTRUCTION,Contractor,"110-Single House, single detached home, bungalow, linked home (linked at the foundation), single family dwelling"
PRFR202502679,Foundation Repair,2025-09-17 00:00:00,Residential,Alteration and improvements,57000,0,0,,"150 MICHENER DRIVE, REGINA, SK S4V0G8",Address,University Park,REDACTED,Property Owner,"110-Single House, single detached home, bungalow, linked home (linked at the foundation), single family dwelling"
PRFR202502686,Foundation Repair,2025-09-17 00:00:00,Residential,Alteration and improvements,3040,0,0,,"2151 MONTAGUE STREET, REGINA, SK S4T3K2",Address,Old 33,AAA SOLID FOUNDATION,Contractor,"110-Single House, single detached home, bungalow, linked home (linked at the foundation), single family dwelling"
PRFR202502724,Foundation Repair,2025-09-17 00:00:00,Residential,Alteration and improvements,4900,0,0,,"1415 BROWN STREET, REGINA, SK S4N5C9",Address,Glencairn Village,JS GROUP OF COMPANIES,Contractor,"110-Single House, single detached home, bungalow, linked home (linked at the foundation), single family dwelling"
PRGA202502037,Garage/Carport,2025-09-17 00:00:00,Residential,Garage/Carport/Accessory Structure,23000,0,0,,"3131 GREEN BROOK ROAD, REGINA, SK S4V3R8",Address,The Towns,HIMALAYAN DEVELOPMENTS CORP,Contractor,"110-Single House, single detached home, bungalow, linked home (linked at the foundation), single family dwelling"
PRGA202502453,Garage/Carport,2025-09-17 00:00:00,Residential,Other,24735,0,0,,"5137 E SIMARD AVENUE, REGINA, SK S4V3W4",Address,The Towns,REDACTED,Property Owner,"110-Single House, single detached home, bungalow, linked home (linked at the foundation), single family dwelling"
PRMU202502210,Multi-Unit Dwelling 3+ Units,2025-09-17 00:00:00,Residential,New construction,1490000,8,2,,"6302 DEWALT AVENUE, REGINA, SK S4X0J2",Address,Skyview,102130052 SASKATCHEWAN LTD.,Property Owner,"330-Row House, garden home, town house, carriage home, quadrex"
PRMU202502214,Multi-Unit Dwelling 3+ Units,2025-09-17 00:00:00,Residential,New construction,1490000,8,3,,"6302 DEWALT AVENUE, REGINA, SK S4X0J2",Address,Skyview,102130052 SASKATCHEWAN LTD.,Property Owner,"310-Apartment, apartment building, duplex, triplex, quadruple"
PRRN202502623,Renovation/Alteration,2025-09-17 00:00:00,Commercial,Alteration and improvements,250000,0,1,,"3939 ROCHDALE BOULEVARD, REGINA, SK S4X4P7",Address,Hawkstone,CALLOWAY REIT (REGINA N) INC.,Property Owner,"510-Retail and wholesale outlets; retail outlet, department store, photographic studio, rental service, beauty salon, hairdressing salon, lumber yard, dry cleaner, laundromat"
PRRN202502652,Renovation/Alteration,2025-09-17 00:00:00,Residential,Alteration and improvements,200000,0,0,,"2501 PASQUA STREET, REGINA, SK S4S0M3",Address,River Heights,CREEK CONSTRUCTION,Contractor,"110-Single House, single detached home, bungalow, linked home (linked at the foundation), single family dwelling"
PRDE202501966,Demolition,2025-09-18 00:00:00,Residential,Demolition,12000,0,0,4,"1216 ABERDEEN STREET, REGINA, SK S4N2J4",Address,Rosemont South,ARTEMIS HOMES TEAM,Contractor,"310-Apartment, apartment building, duplex, triplex, quadruple"
PRFR202502557,Foundation Repair,2025-09-18 00:00:00,Residential,Alteration and improvements,23000,0,0,,"1251 ELLIOTT STREET, REGINA, SK S4N3G2",Address,Eastern Annex,REGINA HOUSING LEVELING,Contractor,"110-Single House, single detached home, bungalow, linked home (linked at the foundation), single family dwelling"
PRFR202502729,Foundation Repair,2025-09-18 00:00:00,Residential,Alteration and improvements,12000,0,0,,"262 FORSYTH CRESCENT, REGINA, SK S4R5L5",Address,Normanview,JS GROUP OF COMPANIES,Contractor,"110-Single House, single detached home, bungalow, linked home (linked at the foundation), single family dwelling"
PRGA202501305,Garage/Carport,2025-09-18 00:00:00,Residential,Garage/Carport/Accessory Structure,30000,0,0,,"704 SHANNON ROAD, REGINA, SK S4S5J9",Address,Whitmore Park,REDACTED,Property Owner,"110-Single House, single detached home, bungalow, linked home (linked at the foundation), single family dwelling"
PRGA202502412,Garage/Carport,2025-09-18 00:00:00,Residential,Garage/Carport/Accessory Structure,45000,0,0,,"139 DEERGROVE CRESCENT, REGINA, SK S4S5M2",Address,Whitmore Park,THE GENUINE BUILDER & CO.,Contractor,"110-Single House, single detached home, bungalow, linked home (linked at the foundation), single family dwelling"
PRGA202502657,Garage/Carport,2025-09-18 00:00:00,Residential,Garage/Carport/Accessory Structure,35000,0,0,,"3930 GREEN DIAMOND ROAD, REGINA, SK S4V3T3",Address,The Greens on Gardiner,REDACTED,Property Owner,335-Row House - Condominium
PRNR202502673,New Commercial,2025-09-18 00:00:00,Institutional,New construction,12500000,0,3,,4550 CAMPBELL STREET,Address,UNDEVELOP,CITY OF REGINA,Property Owner,"620-Elementary school, kindergarten"
PRRN202502156,Renovation/Alteration,2025-09-18 00:00:00,Institutional,Alteration,8000,0,1,,"2828 E DEWDNEY AVENUE, REGINA, SK S4N5G8",Address,Glencairn Village,BOARD OF EDUCATION OF THE REGINA SCHOOL DIVISION NO. 4 OF SASKATCHEWAN,Property Owner,"620-Elementary school, kindergarten"
PRSF202502593,Single/Semi-Detached Dwelling 1-2 units,2025-09-18 00:00:00,Residential,New construction,400000,1,2,,3121 GREEN TURTLE ROAD,Address,The Towns,PACESETTER NEW HOMES LTD.,Contractor,"110-Single House, single detached home, bungalow, linked home (linked at the foundation), single family dwelling"
PRSS202502066,Secondary Suite,2025-09-18 00:00:00,Residential,Addition to existing building commercial & residential,35000,1,0,,"3318 GREEN STONE ROAD, REGINA, SK S4V3K3",Address,The Greens on Gardiner,REDACTED,Property Owner,"110-Single House, single detached home, bungalow, linked home (linked at the foundation), single family dwelling"
PRSS202502446,Secondary Suite,2025-09-18 00:00:00,Residential,Addition to existing building commercial & residential,70000,1,0,,"5237 CAMPLING AVENUE, REGINA, SK S4W0L6",Address,Harbour Landing,REDACTED,Property Owner,"110-Single House, single detached home, bungalow, linked home (linked at the foundation), single family dwelling"
PRDE202502504,Demolition,2025-09-19 00:00:00,Residential,Demolition,2000,0,0,,"3146 RAE STREET, REGINA, SK S4S1S1",Address,Lakeview,DUTCH KING CONSTRUCTION,Contractor,"110-Single House, single detached home, bungalow, linked home (linked at the foundation), single family dwelling"
PRDK202502246,Deck/Sunroom,2025-09-19 00:00:00,Residential,Alteration and improvements,10000,0,0,,"1122 QUEEN STREET, REGINA, SK S4T4B2",Address,Old 33,REDACTED,Property Owner,"110-Single House, single detached home, bungalow, linked home (linked at the foundation), single family dwelling"
PRGA202501650,Garage/Carport,2025-09-19 00:00:00,Residential,Garage/Carport/Accessory Structure,31000,0,0,,"2359 CAMERON STREET, REGINA, SK S4T2W2",Address,Old 33,NU-FAB BUILDING PRODUCTS - SCOTT BRADSHAW,Contractor,"110-Single House, single detached home, bungalow, linked home (linked at the foundation), single family dwelling"
PRNR202502461,New Commercial,2025-09-19 00:00:00,Commercial,Foundation (new),120000,0,1,,"302 ALBERT STREET, REGINA, SK S4R3C1",Address,Coronation Park,102037163 SASKATCHEWAN LTD.,Property Owner,"512-Retail complex; plaza, mall, shopping centre, store/office building"
PRRN202500779,Renovation/Alteration,2025-09-19 00:00:00,Institutional,Alteration and improvements,100000,0,0,,"1440 14TH AVENUE, REGINA, SK S4P0W5",Address,Old 33,REGINA QU`APPELLE REGIONAL HEALTH REGION,Property Owner,"520-Office building; consultant’s office, doctor’s office, insurance company, bank, taxi stand, office/cafeteria, office/smoke shop"
PRRN202501276,Renovation/Alteration,2025-09-19 00:00:00,Residential,Alteration and improvements,12000,0,0,,"7300 7TH AVENUE, REGINA, SK S4T0T1",Address,Dieppe Place,REDACTED,Property Owner,"110-Single House, single detached home, bungalow, linked home (linked at the foundation), single family dwelling"
PRRN202502488,Renovation/Alteration,2025-09-19 00:00:00,Residential,Alteration and improvements,2200,0,0,,"3131 ANGUS STREET, REGINA, SK S4S1P5",Address,Lakeview,REDACTED,Property Owner,"110-Single House, single detached home, bungalow, linked home (linked at the foundation), single family dwelling"
PRRN202502687,Renovation/Alteration,2025-09-19 00:00:00,Residential,Alteration and improvements,1500,0,0,,"6007 SHERWOOD DRIVE, REGINA, SK S4T6X5",Address,Normanview West,OLASZ DEVELOPMENTS INC.,Property Owner,"110-Single House, single detached home, bungalow, linked home (linked at the foundation), single family dwelling"
PRSS202502624,Secondary Suite,2025-09-19 00:00:00,Residential,Addition to existing building commercial & residential,58000,1,0,,"3127 GREEN BROOK ROAD, REGINA, SK S4V3R8",Address,The Towns,AMBER CONSTRUCTION LTD.,Contractor,"110-Single House, single detached home, bungalow, linked home (linked at the foundation), single family dwelling"
PRSF202502608,Single/Semi-Detached Dwelling 1-2 units,2025-09-20 00:00:00,Residential,New construction,300000,2,2,,"4706 E GREEN VIEW CRESCENT, REGINA, SK S4V3L2",Address,The Greens on Gardiner,102213044 SASKATCHEWAN LTD.,Contractor,"110-Single House, single detached home, bungalow, linked home (linked at the foundation), single family dwelling"
PRBS202502449,Basement Development,2025-09-22 00:00:00,Residential,Alteration and improvements,45000,0,0,,"3348 E WOODHAMS DRIVE, REGINA, SK S4V2R1",Address,Woodland Grove,REVOLUTION VENTURES INC.,Contractor,"330-Row House, garden home, town house, carriage home, quadrex"
PRDE202502329,Demolition,2025-09-22 00:00:00,Residential,Demolition,7500,0,0,1,"1400 E 12TH AVENUE, Unit:43 ROW B, REGINA, SK S4N0M6",Address,Glencairn,REDACTED,Property Owner,130-Mobile Home
PRDE202502770,Demolition,2025-09-22 00:00:00,Residential,Demolition,1500,0,0,,"2340 GARNET STREET, REGINA, SK S4T3A2",Address,Old 33,REILLYS RENOVATIONS,Contractor,"110-Single House, single detached home, bungalow, linked home (linked at the foundation), single family dwelling"
PRDK202502452,Deck/Sunroom,2025-09-22 00:00:00,Residential,Alteration and improvements,50000,0,0,,"8123 KESTRAL DRIVE, REGINA, SK S4Y1G7",Address,UNDEVELOP,CHRISTIANSEN'S CUSTOM HOMES & CONSTRUCTION - CHAD CHRISTIANSEN,Contractor,"110-Single House, single detached home, bungalow, linked home (linked at the foundation), single family dwelling"
PRDK202502640,Deck/Sunroom,2025-09-22 00:00:00,Residential,Addition,10000,0,0,,"2960 WELBY WAY, REGINA, SK S4V4A2",Address,The Towns,REDACTED,Property Owner,"210-Semi-Detached or Double House, single attached home"
PRDK202502713,Deck/Sunroom,2025-09-22 00:00:00,Residential,Alteration and improvements,4000,0,0,,"3114 MAZURAK CRESCENT, REGINA, SK S4X0N2",Address,Hawkstone,REDACTED,Property Owner,"210-Semi-Detached or Double House, single attached home"
PRFR202502347,Foundation Repair,2025-09-22 00:00:00,Residential,Alteration and improvements,10021.8,0,0,,"21 MARTIN STREET, REGINA, SK S4S3W2",Address,Hillsdale,REDACTED,Property Owner,"110-Single House, single detached home, bungalow, linked home (linked at the foundation), single family dwelling"
PRFR202502378,Foundation Repair,2025-09-22 00:00:00,Residential,Alteration and improvements,50000,0,0,,"139 SUNSET DRIVE, REGINA, SK S4S2S1",Address,Albert Park,RSR CONSTRUCTION - TERRY PAUN,Contractor,"110-Single House, single detached home, bungalow, linked home (linked at the foundation), single family dwelling"
PRFR202502391,Foundation Repair,2025-09-22 00:00:00,Residential,Alteration,12000,0,0,,"3718 25TH AVENUE, REGINA, SK S4S1L9",Address,Lakeview South,AKTA FOUNDATION REPAIR,Contractor,"110-Single House, single detached home, bungalow, linked home (linked at the foundation), single family dwelling"
PRFR202502619,Foundation Repair,2025-09-22 00:00:00,Residential,Alteration and improvements,60000,0,0,,"117 TREMAINE AVENUE, REGINA, SK S4R6N7",Address,Walsh Acres,RSR CONSTRUCTION - TERRY PAUN,Contractor,"110-Single House, single detached home, bungalow, linked home (linked at the foundation), single family dwelling"
PRFR202502716,Foundation Repair,2025-09-22 00:00:00,Residential,Alteration and improvements,35000,0,0,,"1444 SHANNON ROAD, REGINA, SK S4S5L5",Address,Whitmore Park,GCA CONSTRUCTION,Contractor,"110-Single House, single detached home, bungalow, linked home (linked at the foundation), single family dwelling"
PRFR202502747,Foundation Repair,2025-09-22 00:00:00,Residential,Alteration and improvements,9000,0,0,,"7331 WHELAN DRIVE, REGINA, SK S4X3W8",Address,Rochdale Park,RSR CONSTRUCTION  - TERRY PAUN,Contractor,"110-Single House, single detached home, bungalow, linked home (linked at the foundation), single family dwelling"
PRFR202502766,Foundation Repair,2025-09-22 00:00:00,Residential,Alteration and improvements,20000,0,0,,"1627 CAPITOL ROAD, REGINA, SK S4S4X9",Address,Whitmore Park,REDACTED,Property Owner,"110-Single House, single detached home, bungalow, linked home (linked at the foundation), single family dwelling"
PRFR202502778,Foundation Repair,2025-09-22 00:00:00,Residential,Alteration and improvements,3600,0,0,,"3418 25TH AVENUE, REGINA, SK S4S1L8",Address,Lakeview South,JS GROUP OF COMPANIES,Contractor,"110-Single House, single detached home, bungalow, linked home (linked at the foundation), single family dwelling"
PRGA202502366,Garage/Carport,2025-09-22 00:00:00,Residential,Garage/Carport/Accessory Structure,100000,0,0,,"2708 ELPHINSTONE STREET, REGINA, SK S4S0J8",Address,River Heights,REDACTED,Property Owner,"110-Single House, single detached home, bungalow, linked home (linked at the foundation), single family dwelling"
PRMU202502163,Multi-Unit Dwelling 3+ Units,2025-09-22 00:00:00,Residential,New construction,1490000,8,3,,"6302 DEWALT AVENUE, REGINA, SK S4X0J2",Address,Skyview,SEYMOUR PACIFIC DEVELOPMENTS LTD.,Contractor,"330-Row House, garden home, town house, carriage home, quadrex"
PRMU202502165,Multi-Unit Dwelling 3+ Units,2025-09-22 00:00:00,Residential,New construction,1490000,8,3,,"6302 DEWALT AVENUE, REGINA, SK S4X0J2",Address,Skyview,SEYMOUR PACIFIC DEVELOPMENTS LTD.,Contractor,335-Row House - Condominium
PRRN202502526,Renovation/Alteration,2025-09-22 00:00:00,Residential,Alteration,25000,0,0,,"2924 MCCALLUM AVENUE, REGINA, SK S4S0R2",Address,Lakeview,QUANTUM RENOVATIONS - JERRY RICCI,Contractor,"110-Single House, single detached home, bungalow, linked home (linked at the foundation), single family dwelling"
PRSF202502220,Single/Semi-Detached Dwelling 1-2 units,2025-09-22 00:00:00,Residential,New construction,288600,1,2,,"8669 WHEAT CRESCENT, REGINA, SK S4Y0H4",Address,Westerra,REGINA DRAFTING,Contractor,"110-Single House, single detached home, bungalow, linked home (linked at the foundation), single family dwelling"
PRSF202502226,Single/Semi-Detached Dwelling 1-2 units,2025-09-22 00:00:00,Residential,New construction,311170,1,2,,"8673 WHEAT CRESCENT, REGINA, SK S4Y0H4",Address,Westerra,REGINA DRAFTING,Contractor,"110-Single House, single detached home, bungalow, linked home (linked at the foundation), single family dwelling"
PRSF202502381,Single/Semi-Detached Dwelling 1-2 units,2025-09-22 00:00:00,Residential,New construction,411700,1,2,,3153 FAVEL DRIVE,Address,The Towns,DREAM TOWNS LANDS SOUTH (GP) INC.,Contractor,"110-Single House, single detached home, bungalow, linked home (linked at the foundation), single family dwelling"
PRSG202502588,Sign,2025-09-22 00:00:00,Commercial,New,0,0,0,,4600 GORDON ROAD,Address,Harbour Landing,HARVARD DIVERSIFIED ENTERPRISES INC.,Property Owner,"540-Restaurant, bar, tavern, night club, diner, donut shop"
PRDE202502700,Demolition,2025-09-23 00:00:00,Residential,Demolition,9000,0,0,1,"777 ROBINSON STREET, REGINA, SK S4T2M2",Address,Washington Park,DAVIES EXCAVATING LTD.,Contractor,"110-Single House, single detached home, bungalow, linked home (linked at the foundation), single family dwelling"
PRDE202502714,Demolition,2025-09-23 00:00:00,Residential,Demolition,20000,0,0,,"43 LAIRD CRESCENT, REGINA, SK S4R4N7",Address,Regent Park,ARMADA HOMES,Contractor,"110-Single House, single detached home, bungalow, linked home (linked at the foundation), single family dwelling"
PRDK202502730,Deck/Sunroom,2025-09-23 00:00:00,Residential,Alteration and improvements,11743.8,0,0,,"38 STICE CRESCENT, REGINA, SK S4N4P8",Address,Glencairn Village,DK PRIME CONSTRUCTION - KYLE@DKPRIME.CA,Contractor,"110-Single House, single detached home, bungalow, linked home (linked at the foundation), single family dwelling"
PRFR202502579,Foundation Repair,2025-09-23 00:00:00,Residential,Alteration and improvements,40000,0,0,,"110 MICHENER DRIVE, REGINA, SK S4V0G8",Address,University Park,COLOSSAL CONSTRUCTION INC. - DARCY ROGALSKI,Contractor,"110-Single House, single detached home, bungalow, linked home (linked at the foundation), single family dwelling"
PRFR202502738,Foundation Repair,2025-09-23 00:00:00,Residential,Alteration and improvements,16000,0,0,,"1610 GARNET STREET, REGINA, SK S4T2Y9",Address,Old 33,COLOSSAL FOUNDATION REPAIR INC,Contractor,"110-Single House, single detached home, bungalow, linked home (linked at the foundation), single family dwelling"
PRFR202502740,Foundation Repair,2025-09-23 00:00:00,Residential,Alteration and improvements,5500,0,0,,"171 PAYNTER CRESCENT, REGINA, SK S4X2A9",Address,Normanview W. Addn.,AAA SOLID FOUNDATION,Contractor,"110-Single House, single detached home, bungalow, linked home (linked at the foundation), single family dwelling"
PRFR202502742,Foundation Repair,2025-09-23 00:00:00,Residential,Alteration and improvements,1950,0,0,,"166 MAGEE CRESCENT, REGINA, SK S4R6K7",Address,Argyle Park,AAA SOLID FOUNDATION,Contractor,"110-Single House, single detached home, bungalow, linked home (linked at the foundation), single family dwelling"
PRFR202502763,Foundation Repair,2025-09-23 00:00:00,Residential,Alteration and improvements,6000,0,0,,"115 VERNON CRESCENT, REGINA, SK S4R7S8",Address,Argyle Park,REDACTED,Property Owner,"110-Single House, single detached home, bungalow, linked home (linked at the foundation), single family dwelling"
PRFR202502780,Foundation Repair,2025-09-23 00:00:00,Residential,Alteration and improvements,200000,0,0,,"69 CALDER CRESCENT, REGINA, SK S4S4A5",Address,Hillsdale,REDACTED,Property Owner,"110-Single House, single detached home, bungalow, linked home (linked at the foundation), single family dwelling"
PRFR202502792,Foundation Repair,2025-09-23 00:00:00,Residential,Alteration and improvements,3300,0,0,,"18 CATHERWOOD CRESCENT, REGINA, SK S4R7A7",Address,Uplands,AAA SOLID FOUNDATION,Contractor,"110-Single House, single detached home, bungalow, linked home (linked at the foundation), single family dwelling"
PRGA202502703,Garage/Carport,2025-09-23 00:00:00,Residential,Garage/Carport/Accessory Structure,10000,0,0,,"1113 ELLIOTT STREET, REGINA, SK S4N3E9",Address,Eastern Annex,REDACTED,Property Owner,"110-Single House, single detached home, bungalow, linked home (linked at the foundation), single family dwelling"
PRMU202500318,Multi-Unit Dwelling 3+ Units,2025-09-23 00:00:00,Residential,New construction,1000000,6,2,,"5510 E PRIMROSE GREEN DRIVE, REGINA, SK S4V3S8 | 5514 E PRIMROSE GREEN DRIVE, REGINA, SK S4V3S8 | 5518 E PRIMROSE GREEN DRIVE, REGINA, SK S4V3S8 | 5522 E PRIMROSE GREEN DRIVE, REGINA, SK S4V3S8 | 5526 E PRIMROSE GREEN DRIVE, REGINA, SK S4V3S8 | 5530 E PRIMROSE GREEN DRIVE, REGINA, SK S4V3S8",Address,The Towns,PACESETTER NEW HOMES LTD.,Property Owner,"330-Row House, garden home, town house, carriage home, quadrex"
PRMU202502167,Multi-Unit Dwelling 3+ Units,2025-09-23 00:00:00,Residential,New construction,1490000,8,3,,"6302 DEWALT AVENUE, REGINA, SK S4X0J2",Address,Skyview,102130052 SASKATCHEWAN LTD.,Property Owner,"330-Row House, garden home, town house, carriage home, quadrex"
PRMU202502223,Multi-Unit Dwelling 3+ Units,2025-09-23 00:00:00,Residential,New construction,1490000,8,2,,"6302 DEWALT AVENUE, REGINA, SK S4X0J2",Address,Skyview,SEYMOUR PACIFIC DEVELOPMENTS LTD.,Contractor,"330-Row House, garden home, town house, carriage home, quadrex"
PRMU202502224,Multi-Unit Dwelling 3+ Units,2025-09-23 00:00:00,Residential,New construction,1490000,8,2,,"6302 DEWALT AVENUE, REGINA, SK S4X0J2",Address,Skyview,SEYMOUR PACIFIC DEVELOPMENTS LTD.,Contractor,"330-Row House, garden home, town house, carriage home, quadrex"
PRRN202502472,Renovation/Alteration,2025-09-23 00:00:00,Commercial,Alteration and improvements,50000,0,2,,"2900 13TH AVENUE, REGINA, SK S4T1N7",Address,Old 33,CITY OF REGINA,Property Owner,"560-Indoor recreational building; sports complex, tennis court and squash, community center, arena, curling club, swimming pool"
PRRN202502551,Renovation/Alteration,2025-09-23 00:00:00,Commercial,Alteration and improvements,60000,0,1,,1101 E ASSINIBOINE AVENUE,Address,Richmond Place,CITY OF REGINA,Property Owner,"590-Special building use; funeral director, crematorium, mausoleum"
PRRN202502675,Renovation/Alteration,2025-09-23 00:00:00,Commercial,Alteration and improvements,50000,0,1,,"3698 E VICTORIA AVENUE, REGINA, SK S4Z1A5",Address,Eastgate,3A HOLDINGS LTD.,Property Owner,"540-Restaurant, bar, tavern, night club, diner, donut shop"
PRSF202502637,Single/Semi-Detached Dwelling 1-2 units,2025-09-23 00:00:00,Residential,New construction,400000,1,2,,3125 GREEN TURTLE ROAD,Address,The Towns,COLBY KIRKPATRICK - PACESETTER HOMES,Contractor,"110-Single House, single detached home, bungalow, linked home (linked at the foundation), single family dwelling"
PRSF202502661,Single/Semi-Detached Dwelling 1-2 units,2025-09-23 00:00:00,Residential,New construction,300000,1,1,,"5601 PARLIAMENT AVENUE, Unit:26, REGINA, SK S4W0V4",Address,Harbour Landing,COLBY KIRKPATRICK - PACESETTER HOMES,Contractor,"110-Single House, single detached home, bungalow, linked home (linked at the foundation), single family dwelling"
PRSS202502696,Secondary Suite,2025-09-23 00:00:00,Residential,Addition to existing building commercial & residential,50000,1,0,,"2957 BELLEGARDE CRESCENT, REGINA, SK S4V3W4",Address,The Towns,LUCKY LINKS BUILDING SERVICES LTD. - LUCKY ALUGE,Contractor,"110-Single House, single detached home, bungalow, linked home (linked at the foundation), single family dwelling"
PRDE202502531,Demolition,2025-09-24 00:00:00,Residential,Demolition,20000,0,0,1,"2072 ELLIOTT STREET, REGINA, SK S4N3G9",Address,Broders Annex,FIRST CHOICE EXCAVATION & DEMOLITION,Contractor,"110-Single House, single detached home, bungalow, linked home (linked at the foundation), single family dwelling"
PRFR202502692,Foundation Repair,2025-09-24 00:00:00,Residential,Alteration and improvements,7000,0,0,,"2237 EDWARD STREET, REGINA, SK S4T4N6",Address,Cpr Annex,REDACTED,Property Owner,"110-Single House, single detached home, bungalow, linked home (linked at the foundation), single family dwelling"
PRFR202502694,Foundation Repair,2025-09-24 00:00:00,Residential,Alteration and improvements,6000,0,0,,"15 DEERGROVE CRESCENT, REGINA, SK S4S5L8",Address,Whitmore Park,REGINA HOUSE LEVELING - TRAVIS ZERIE,Contractor,"110-Single House, single detached home, bungalow, linked home (linked at the foundation), single family dwelling"
PRFR202502793,Foundation Repair,2025-09-24 00:00:00,Residential,Alteration and improvements,8000,0,0,,"2435 ELLIOTT STREET, REGINA, SK S4N3H4",Address,Assiniboia Place,REGINA HOUSE LEVELING - TRAVIS ZERIE,Contractor,"110-Single House, single detached home, bungalow, linked home (linked at the foundation), single family dwelling"
PRGA202502656,Garage/Carport,2025-09-24 00:00:00,Residential,Garage/Carport/Accessory Structure,25000,0,0,,"3926 GREEN DIAMOND ROAD, REGINA, SK S4V3T3",Address,The Greens on Gardiner,REDACTED,Property Owner,"330-Row House, garden home, town house, carriage home, quadrex"
PRGA202502720,Garage/Carport,2025-09-24 00:00:00,Residential,Garage/Carport/Accessory Structure,20000,0,0,,"1660 COWAN CRESCENT, REGINA, SK S4S4C3",Address,Hillsdale,REDACTED,Property Owner,"110-Single House, single detached home, bungalow, linked home (linked at the foundation), single family dwelling"
PRRN202502216,Renovation/Alteration,2025-09-24 00:00:00,Residential,Other,358025,0,0,,"3802 E NOTTINGHAM CRESCENT, REGINA, SK S4V2Z9",Address,Windsor Park,FIRST ON SITE,Contractor,"110-Single House, single detached home, bungalow, linked home (linked at the foundation), single family dwelling"
PRRN202502432,Renovation/Alteration,2025-09-24 00:00:00,Commercial,Alteration and improvements,130000,0,1,,"3939 ROCHDALE BOULEVARD, REGINA, SK S4X4P7",Address,Hawkstone,CALLOWAY REIT (REGINA N) INC.,Property Owner,"512-Retail complex; plaza, mall, shopping centre, store/office building"
PRRN202502462,Renovation/Alteration,2025-09-24 00:00:00,Residential,Alteration and improvements,10000,0,0,,"303 WILLISTON DRIVE, REGINA, SK S4X2C5",Address,Normanview W. Addn.,JS GROUP OF COMPANIES,Contractor,"110-Single House, single detached home, bungalow, linked home (linked at the foundation), single family dwelling"
PRRN202502635,Renovation/Alteration,2025-09-24 00:00:00,Residential,Alteration and improvements,15000,0,0,,"4769 PADWICK AVENUE, REGINA, SK S4W0C4",Address,Harbour Landing,REDACTED,Property Owner,"110-Single House, single detached home, bungalow, linked home (linked at the foundation), single family dwelling"
PRRN202502646,Renovation/Alteration,2025-09-24 00:00:00,Residential,Alteration and improvements,2000,0,0,,"3873 GOLDFINCH WAY, REGINA, SK S4V1S3",Address,The Creeks,REDACTED,Property Owner,"110-Single House, single detached home, bungalow, linked home (linked at the foundation), single family dwelling"
PRSF202502589,Single/Semi-Detached Dwelling 1-2 units,2025-09-24 00:00:00,Residential,New construction,416700,1,2,,3185 FAVEL DRIVE,Address,The Towns,HOMES BY DREAM,Contractor,"110-Single House, single detached home, bungalow, linked home (linked at the foundation), single family dwelling"
PRSF202502667,Single/Semi-Detached Dwelling 1-2 units,2025-09-24 00:00:00,Residential,New construction,671100,1,2,,"3240 FAVEL DRIVE, REGINA, SK S4V4B3",Address,The Towns,DREAM TOWNS LANDS SOUTH (GP) INC.,Contractor,"110-Single House, single detached home, bungalow, linked home (linked at the foundation), single family dwelling"
PRSS202502403,Secondary Suite,2025-09-24 00:00:00,Residential,Addition to existing building commercial & residential,40000,1,0,,"130 LAUBACH CRESCENT, REGINA, SK S4S6M3",Address,Lewvan Park,PLETCO HOME RENOVATIONS - KEVIN PLETTENBERG,Contractor,"110-Single House, single detached home, bungalow, linked home (linked at the foundation), single family dwelling"
PRSS202502653,Secondary Suite,2025-09-24 00:00:00,Residential,Addition to existing building commercial & residential,42000,1,0,,"3225 GREEN TURTLE ROAD, REGINA, SK S4V4B4",Address,The Towns,LUCKY LINKS BUILDING SERVICES LTD. - LUCKY ALUGE,Contractor,"110-Single House, single detached home, bungalow, linked home (linked at the foundation), single family dwelling"
PRBS202502806,Basement Development,2025-09-25 00:00:00,Residential,Alteration and improvements,44000,0,0,,3601 GREEN MARSH CRESCENT,Address,The Greens on Gardiner,NORTH RIDGE DEVELOPMENT CORPORATION,Contractor,335-Row House - Condominium
PRDK202502465,Deck/Sunroom,2025-09-25 00:00:00,Residential,Alteration and improvements,8000,0,0,,"4314 E KINLOCH BAY, REGINA, SK S4V3R7",Address,The Towns,CRAWFORD HOMES (EBUILD),Contractor,"110-Single House, single detached home, bungalow, linked home (linked at the foundation), single family dwelling"
PRDK202502641,Deck/Sunroom,2025-09-25 00:00:00,Residential,Alteration and improvements,10000,0,0,,"2956 WELBY WAY, REGINA, SK S4V4A2",Address,The Towns,REDACTED,Property Owner,"110-Single House, single detached home, bungalow, linked home (linked at the foundation), single family dwelling"
PRGA202502127,Garage/Carport,2025-09-25 00:00:00,Residential,Garage/Carport/Accessory Structure,80000,0,0,,"3325 RAE STREET, REGINA, SK S4S1S5",Address,Lakeview,REDACTED,Property Owner,"110-Single House, single detached home, bungalow, linked home (linked at the foundation), single family dwelling"
PRGA202502437,Garage/Carport,2025-09-25 00:00:00,Residential,Garage/Carport/Accessory Structure,25000,0,0,,"1272 ELLIOTT STREET, REGINA, SK S4N3G1",Address,Eastern Annex,REDACTED,Property Owner,"110-Single House, single detached home, bungalow, linked home (linked at the foundation), single family dwelling"
PRGA202502647,Garage/Carport,2025-09-25 00:00:00,Residential,Garage/Carport/Accessory Structure,16000,0,0,,"3003 QUINN DRIVE, REGINA, SK S4P2W3",Address,Wascana Addition,REDACTED,Property Owner,"110-Single House, single detached home, bungalow, linked home (linked at the foundation), single family dwelling"
PRGA202502719,Garage/Carport,2025-09-25 00:00:00,Residential,Garage/Carport/Accessory Structure,35000,0,0,,"1102 N MCEACHERN DRIVE, REGINA, SK S4X0M7",Address,Hawkstone,REDACTED,Property Owner,"110-Single House, single detached home, bungalow, linked home (linked at the foundation), single family dwelling"
PRMU202502225,Multi-Unit Dwelling 3+ Units,2025-09-25 00:00:00,Residential,New construction,1490000,8,2,,"6302 DEWALT AVENUE, REGINA, SK S4X0J2",Address,Skyview,SEYMOUR PACIFIC DEVELOPMENTS LTD.,Contractor,"330-Row House, garden home, town house, carriage home, quadrex"
PRRN202502664,Renovation/Alteration,2025-09-25 00:00:00,Residential,Alteration and improvements,300000,0,0,,"6861 MAPLE VISTA DRIVE, REGINA, SK S4X0J7",Address,Maple Ridge,REDACTED,Property Owner,"110-Single House, single detached home, bungalow, linked home (linked at the foundation), single family dwelling"
PRRN202502794,Renovation/Alteration,2025-09-25 00:00:00,Residential,Alteration and improvements,6000,0,0,,"3105 PARK STREET, REGINA, SK S4N2J3",Address,Douglas Place,CHIPPERS CONTRACTING,Contractor,"110-Single House, single detached home, bungalow, linked home (linked at the foundation), single family dwelling"
PRSS202502338,Secondary Suite,2025-09-25 00:00:00,Residential,Alteration and improvements,55000,1,0,,"2956 WELBY WAY, REGINA, SK S4V4A2",Address,The Towns,REDACTED,Property Owner,"210-Semi-Detached or Double House, single attached home"
PRSS202502467,Secondary Suite,2025-09-25 00:00:00,Residential,Alteration and improvements,45000,1,0,,"5119 E KAUFMAN AVENUE, REGINA, SK S4V3W3",Address,The Towns,REDACTED,Property Owner,"110-Single House, single detached home, bungalow, linked home (linked at the foundation), single family dwelling"
PRAD202502274,Addition,2025-09-26 00:00:00,Institutional,Addition to existing building commercial & residential,525000,0,2,,"5757 ROCHDALE BOULEVARD, REGINA, SK S4X3P5",Address,Garden Ridge,THE BOARD OF EDUCATION OF THE REGINA ROMAN CATHOLIC SEPARATE SCHOOL DIVISION NO. 81,Property Owner,"622-Secondary school, high school, junior high school"
PRDK202502772,Deck/Sunroom,2025-09-26 00:00:00,Residential,Alteration and improvements,7500,0,0,,"8754 WHEAT CRESCENT, REGINA, SK S4Y0H6",Address,Westerra,LUCKY LINKS BUILDING SERVICES LTD. - LUCKY ALUGE,Contractor,"110-Single House, single detached home, bungalow, linked home (linked at the foundation), single family dwelling"
PRDK202502789,Deck/Sunroom,2025-09-26 00:00:00,Residential,Alteration and improvements,2000,0,0,,"8762 WHEAT CRESCENT, REGINA, SK S4Y0H5",Address,Westerra,REDACTED,Property Owner,"110-Single House, single detached home, bungalow, linked home (linked at the foundation), single family dwelling"
PRFR202502649,Foundation Repair,2025-09-26 00:00:00,Residential,Alteration and improvements,35000,0,0,,"1015 GRAHAM ROAD, REGINA, SK S4N5Z5",Address,Glencairn Village,REDACTED,Property Owner,"110-Single House, single detached home, bungalow, linked home (linked at the foundation), single family dwelling"
PRFR202502739,Foundation Repair,2025-09-26 00:00:00,Residential,Alteration and improvements,11050,0,0,,"216 ST JOHN STREET, REGINA, SK S4R1P9",Address,North Annex,AAA SOLID FOUNDATION,Contractor,"110-Single House, single detached home, bungalow, linked home (linked at the foundation), single family dwelling"
PRMU202501233,Multi-Unit Dwelling 3+ Units,2025-09-26 00:00:00,Commercial,Superstructure or part of new building,6000000,24,3,,4594 HARBOUR LANDING DRIVE,Address,Harbour Landing,HARBOUR POINTE DEVELOPMENT CORP.,Property Owner,315-Apartment - Condominium
PRRN202502469,Renovation/Alteration,2025-09-26 00:00:00,Residential,Alteration and improvements,80000,0,0,,"2915 VICTORIA AVENUE, REGINA, SK S4T1K8",Address,Old 33,REDACTED,Property Owner,"110-Single House, single detached home, bungalow, linked home (linked at the foundation), single family dwelling"
PRRN202502537,Renovation/Alteration,2025-09-26 00:00:00,Residential,Alteration and improvements,12500,0,0,,"2223 ARGYLE STREET, REGINA, SK S4T3T2",Address,Old 33,REDACTED,Property Owner,"110-Single House, single detached home, bungalow, linked home (linked at the foundation), single family dwelling"
PRRN202502552,Renovation/Alteration,2025-09-26 00:00:00,Commercial,Alteration and improvements,87000,0,0,,"2440 BROAD STREET, REGINA, SK S4P3Z4",Address,Wascana Parkway,CROWN IN RIGHT OF SASKATCHEWAN,Property Owner,"520-Office building; consultant’s office, doctor’s office, insurance company, bank, taxi stand, office/cafeteria, office/smoke shop"
PRRN202502610,Renovation/Alteration,2025-09-26 00:00:00,Commercial,Alteration and improvements,65930,0,3,,"2022 CORNWALL STREET, REGINA, SK S4P2K5",Address,Old 33,101135307 SASKATCHEWAN LTD.,Property Owner,"520-Office building; consultant’s office, doctor’s office, insurance company, bank, taxi stand, office/cafeteria, office/smoke shop"
PRRN202502643,Renovation/Alteration,2025-09-26 00:00:00,Commercial,Alteration and improvements,25000,0,1,,"2223 E VICTORIA AVENUE, REGINA, SK S4N6E4",Address,Glen Elm Park,LDS CONTRACTING LTD,Contractor,"512-Retail complex; plaza, mall, shopping centre, store/office building"
PRRN202502648,Renovation/Alteration,2025-09-26 00:00:00,Residential,Alteration and improvements,4000,0,0,,"2720 ANGUS BOULEVARD, REGINA, SK S4T2A7",Address,Riverside,REDACTED,Property Owner,"110-Single House, single detached home, bungalow, linked home (linked at the foundation), single family dwelling"
PRRN202502736,Renovation/Alteration,2025-09-26 00:00:00,Residential,Alteration and improvements,50000,0,0,,"3210 MARGARET ROAD, REGINA, SK S4V1G6",Address,University Park East,TECHNIQUE CONSTRUCTION INC. - KEVIN WASSILL,Contractor,"110-Single House, single detached home, bungalow, linked home (linked at the foundation), single family dwelling"
PRSF202502685,Single/Semi-Detached Dwelling 1-2 units,2025-09-26 00:00:00,Residential,New construction,416300,1,2,,"3252 FAVEL DRIVE, REGINA, SK S4V4B3",Address,The Towns,HOMES BY DREAM,Contractor,"110-Single House, single detached home, bungalow, linked home (linked at the foundation), single family dwelling"
PRSF202502707,Single/Semi-Detached Dwelling 1-2 units,2025-09-26 00:00:00,Residential,New construction,594000,1,2,,"1610 N MAPLE GARDEN ROAD, REGINA, SK S4X0P2",Address,Maple Ridge,GILROY HOMES INC.,Contractor,"110-Single House, single detached home, bungalow, linked home (linked at the foundation), single family dwelling"
PRDE202502775,Demolition,2025-09-29 00:00:00,Residential,Demolition,30000,0,0,1,"1136 CAMERON STREET, REGINA, SK S4T2S8",Address,Old 33,DAVIES EXCAVATING LTD,Contractor,"110-Single House, single detached home, bungalow, linked home (linked at the foundation), single family dwelling"
PRDK202502718,Deck/Sunroom,2025-09-29 00:00:00,Residential,Alteration and improvements,500,0,0,,"2344 MACKAY STREET, REGINA, SK S4N2T1",Address,Broders Annex,REDACTED,Property Owner,"110-Single House, single detached home, bungalow, linked home (linked at the foundation), single family dwelling"
PRFR202502758,Foundation Repair,2025-09-29 00:00:00,Residential,Alteration and improvements,8000,0,0,,"90 KOWALCHUK CRESCENT, REGINA, SK S4R6W8",Address,Uplands,REGINA HOUSE LEVELING - TRAVIS ZERIE,Contractor,"110-Single House, single detached home, bungalow, linked home (linked at the foundation), single family dwelling"
PRFR202502818,Foundation Repair,2025-09-29 00:00:00,Residential,Alteration and improvements,65000,0,0,,"56 GREENFIELD DRIVE, REGINA, SK S4S2T5",Address,Albert Park,RAMJACK SASKATCHEWAN,Contractor,"110-Single House, single detached home, bungalow, linked home (linked at the foundation), single family dwelling"
PRFR202502835,Foundation Repair,2025-09-29 00:00:00,Residential,Alteration and improvements,8000,0,0,,"2241 LINDSAY STREET, REGINA, SK S4N3C2",Address,Broders Annex,REGINA HOUSE LEVELING - TRAVIS ZERIE,Contractor,"110-Single House, single detached home, bungalow, linked home (linked at the foundation), single family dwelling"
PRGA202502019,Garage/Carport,2025-09-29 00:00:00,Residential,Garage/Carport/Accessory Structure,20000,0,0,,"4566 JAMES HILL ROAD, REGINA, SK S4W0K8",Address,Harbour Landing,REDACTED,Property Owner,"110-Single House, single detached home, bungalow, linked home (linked at the foundation), single family dwelling"
PRGA202502725,Garage/Carport,2025-09-29 00:00:00,Residential,Garage/Carport/Accessory Structure,15000,0,0,,"54 WOODWARD AVENUE, REGINA, SK S4R3H1",Address,Coronation Park N.,REDACTED,Property Owner,"110-Single House, single detached home, bungalow, linked home (linked at the foundation), single family dwelling"
PRGA202502801,Garage/Carport,2025-09-29 00:00:00,Residential,Garage/Carport/Accessory Structure,40000,0,0,,"178 READ AVENUE, REGINA, SK S4T6P9",Address,Mount Royal,REDACTED,Property Owner,"110-Single House, single detached home, bungalow, linked home (linked at the foundation), single family dwelling"
PRMH202502842,Plumbing,2025-09-29 00:00:00,Institutional,Mechanical,25000,0,0,,"3005 SASKATCHEWAN DRIVE, REGINA, SK S4T1H5",Address,Old 33,REDACTED,Property Owner,"660-Religious building; church, cathedral, temple, citadel, synagogue"
PRSF202502660,Single/Semi-Detached Dwelling 1-2 units,2025-09-29 00:00:00,Residential,New construction,300000,1,1,,"5601 PARLIAMENT AVENUE, Unit:25, REGINA, SK S4W0V4",Address,Harbour Landing,PACESETTER NEW HOMES LTD.,Contractor,"110-Single House, single detached home, bungalow, linked home (linked at the foundation), single family dwelling"
PRSF202502764,Single/Semi-Detached Dwelling 1-2 units,2025-09-29 00:00:00,Residential,New construction,400000,1,2,,3132 FAVEL DRIVE,Address,The Towns,PACESETTER NEW HOMES LTD.,Contractor,"110-Single House, single detached home, bungalow, linked home (linked at the foundation), single family dwelling"
PRSS202502651,Secondary Suite,2025-09-29 00:00:00,Residential,Alteration and improvements,65000,1,0,,"4744 E BUCKINGHAM DRIVE, REGINA, SK S4V3X8",Address,The Towns,REDACTED,Property Owner,"110-Single House, single detached home, bungalow, linked home (linked at the foundation), single family dwelling"
PRSS202502785,Secondary Suite,2025-09-29 00:00:00,Residential,Alteration and improvements,40000,1,1,,"5124 E BUCKINGHAM DRIVE, REGINA, SK S4V3W2",Address,The Towns,FIRST CALL CONSTRUCTION INC.,Contractor,"210-Semi-Detached or Double House, single attached home"
PRRN202502580,Renovation/Alteration,2025-09-30 00:00:00,Commercial,Alteration and improvements,160000,0,14,,"1801 HAMILTON STREET, REGINA, SK S4P4B4",Address,Old 33,TYMARK CONSTRUCTION - TYLER KORCHINSKI,Contractor,"520-Office building; consultant’s office, doctor’s office, insurance company, bank, taxi stand, office/cafeteria, office/smoke shop"
PRRN202502774,Renovation/Alteration,2025-09-30 00:00:00,Residential,Alteration and improvements,150000,0,0,,"1246 WESSEX PLACE, REGINA, SK S4N7S2",Address,Rothwell Place,GREEN LADDER BUILDING CORP.,Contractor,335-Row House - Condominium
PRBS202502866,Basement Development,2025-10-01 00:00:00,Residential,Alteration and improvements,16000,0,0,,"2912 GEORGE STREET, REGINA, SK S4V3W1",Address,The Towns,REDACTED,Property Owner,"330-Row House, garden home, town house, carriage home, quadrex"
PRFR202502839,Foundation Repair,2025-10-01 00:00:00,Residential,Alteration and improvements,7000,0,0,,"130 RINK AVENUE, REGINA, SK S4R5W1",Address,Walsh Acres,COLOSSAL FOUNDATION REPAIR INC,Contractor,"110-Single House, single detached home, bungalow, linked home (linked at the foundation), single family dwelling"
PRFR202502840,Foundation Repair,2025-10-01 00:00:00,Residential,Alteration and improvements,10800,0,0,,"2156 PRINCESS STREET, REGINA, SK S4T3Z6",Address,Old 33,AAA SOLID FOUNDATION,Contractor,"110-Single House, single detached home, bungalow, linked home (linked at the foundation), single family dwelling"
PRNR202502577,New Commercial,2025-10-01 00:00:00,Commercial,New construction,800000,0,1,,"302 ALBERT STREET, REGINA, SK S4R3C1",Address,Coronation Park,102037163 SASKATCHEWAN LTD.,Property Owner,"512-Retail complex; plaza, mall, shopping centre, store/office building"
PRRN202502143,Renovation/Alteration,2025-10-01 00:00:00,Institutional,Alteration and improvements,250000,0,0,,"3105 HILLSDALE STREET, REGINA, SK S4S7K8",Address,Hillsdale,REDACTED,Property Owner,315-Apartment - Condominium
PRRN202502615,Renovation/Alteration,2025-10-01 00:00:00,Commercial,Alteration and improvements,14000,0,1,,3751 CHUKA BOULEVARD,Address,The Greens on Gardiner,ACRE 21 DEVELOPMENT CORP.,Property Owner,"510-Retail and wholesale outlets; retail outlet, department store, photographic studio, rental service, beauty salon, hairdressing salon, lumber yard, dry cleaner, laundromat"
PRRN202502721,Renovation/Alteration,2025-10-01 00:00:00,Residential,Alteration and improvements,2000,0,0,,"145 ORCHARD CRESCENT, REGINA, SK S4S5B7",Address,Whitmore Park,CHIPPERS CONTRACTING,Contractor,"110-Single House, single detached home, bungalow, linked home (linked at the foundation), single family dwelling"
PRRN202502796,Renovation/Alteration,2025-10-01 00:00:00,Residential,Alteration and improvements,5000,0,0,,"3003 QUINN DRIVE, REGINA, SK S4P2W3",Address,Wascana Addition,REDACTED,Property Owner,"110-Single House, single detached home, bungalow, linked home (linked at the foundation), single family dwelling"
PRAH202502765,Alternative Family Care Home,2025-10-02 00:00:00,Residential,Not Applicable,3000,0,0,,"1823 FLEET STREET, REGINA, SK S4N6B6",Address,Glencairn Village,102011611 SASKATCHEWAN LTD.,Property Owner,"110-Single House, single detached home, bungalow, linked home (linked at the foundation), single family dwelling"
PRBS202500950,Basement Development,2025-10-02 00:00:00,Residential,Alteration and improvements,9000,0,0,,"1000 COLLEGE AVENUE, REGINA, SK S4P1A6",Address,Old 33,REDACTED,Property Owner,"110-Single House, single detached home, bungalow, linked home (linked at the foundation), single family dwelling"
PRBS202502810,Basement Development,2025-10-02 00:00:00,Residential,Alteration and improvements,24000,0,0,,"3456 GREEN TURTLE ROAD, REGINA, SK S4V3N7",Address,The Greens on Gardiner,REDACTED,Property Owner,"330-Row House, garden home, town house, carriage home, quadrex"
PRFR202502816,Foundation Repair,2025-10-02 00:00:00,Residential,Alteration and improvements,55000,0,0,,"34 NEWLANDS STREET, REGINA, SK S4S4S4",Address,Hillsdale,GCA CONSTRUCTION,Contractor,"110-Single House, single detached home, bungalow, linked home (linked at the foundation), single family dwelling"
PRFR202502851,Foundation Repair,2025-10-02 00:00:00,Residential,Alteration and improvements,12400,0,0,,"15 STERN BAY, REGINA, SK S4R7T7",Address,Argyle Park,AAA SOLID FOUNDATION,Contractor,"110-Single House, single detached home, bungalow, linked home (linked at the foundation), single family dwelling"
PRGA202502814,Garage/Carport,2025-10-02 00:00:00,Residential,Garage/Carport/Accessory Structure,20000,0,0,,"30 LAWSON STREET, REGINA, SK S4R3P7",Address,Coronation Park N.,REDACTED,Property Owner,"110-Single House, single detached home, bungalow, linked home (linked at the foundation), single family dwelling"
PRPO202502797,Pool,2025-10-02 00:00:00,Residential,Demolition,10000,0,0,,"20 LANCASTER PLACE, REGINA, SK S4S2Z4",Address,Albert Park,COLLABORATIVE CONSTRUCTION,Contractor,"110-Single House, single detached home, bungalow, linked home (linked at the foundation), single family dwelling"
PRBS202502459,Basement Development,2025-10-03 00:00:00,Residential,Alteration and improvements,15000,0,0,,"3298 CHUKA BOULEVARD, REGINA, SK S4V3S6",Address,The Towns,REDACTED,Property Owner,"330-Row House, garden home, town house, carriage home, quadrex"
PRBS202502859,Basement Development,2025-10-03 00:00:00,Residential,Alteration and improvements,20000,0,0,,"514 E MURRAY AVENUE, REGINA, SK S4N1K2",Address,Douglas Place,TRIPLE R CONCRETE CUTTING,Contractor,"110-Single House, single detached home, bungalow, linked home (linked at the foundation), single family dwelling"
PRDE202502458,Demolition,2025-10-03 00:00:00,Residential,Demolition,7500,0,0,1,"1400 E 12TH AVENUE, Unit:9 ROW C, REGINA, SK S4N0M6",Address,Glencairn,REDACTED,Property Owner,130-Mobile Home
PRDE202502514,Demolition,2025-10-03 00:00:00,Residential,Demolition,7500,0,0,1,"1400 E 12TH AVENUE, Unit:39 ROW D, REGINA, SK S4N0M6",Address,Glencairn,REDACTED,Property Owner,130-Mobile Home
PRDE202502655,Demolition,2025-10-03 00:00:00,Residential,Demolition,15000,0,0,1,"1400 E 12TH AVENUE, REGINA, SK S4N0M6",Address,Glencairn,S & T PROPERTY MAINTENANCE - SEAN THOMSON,Contractor,"110-Single House, single detached home, bungalow, linked home (linked at the foundation), single family dwelling"
PRDE202502776,Demolition,2025-10-03 00:00:00,Residential,Demolition,3500,0,0,,"575 MONTAGUE STREET, REGINA, SK S4R3W4",Address,Premier Place,DAVIES EXCAVATING LTD,Contractor,"110-Single House, single detached home, bungalow, linked home (linked at the foundation), single family dwelling"
PRDK202502795,Deck/Sunroom,2025-10-03 00:00:00,Residential,Alteration and improvements,7000,0,0,,"4865 FERNDALE CRESCENT, REGINA, SK S4V4A3",Address,The Towns,LUCKY LINKS BUILDING SERVICES LTD. - LUCKY ALUGE,Contractor,"110-Single House, single detached home, bungalow, linked home (linked at the foundation), single family dwelling"
PRGA202501887,Garage/Carport,2025-10-03 00:00:00,Residential,Garage/Carport/Accessory Structure,8936,0,0,,"3918 GREEN DIAMOND ROAD, REGINA, SK S4V3T3 | 3922 GREEN DIAMOND ROAD, REGINA, SK S4V3T3",Address,The Greens on Gardiner,REDACTED,Property Owner,335-Row House - Condominium
PRGA202502548,Garage/Carport,2025-10-03 00:00:00,Residential,Garage/Carport/Accessory Structure,60000,0,0,,"131 ASPEN PLACE, REGINA, SK S4X3B4",Address,Normanview W. Addn.,REDACTED,Property Owner,"110-Single House, single detached home, bungalow, linked home (linked at the foundation), single family dwelling"
PRMU202500229,Multi-Unit Dwelling 3+ Units,2025-10-03 00:00:00,Residential,New construction,750000,3,2,,"3082 GREEN BANK ROAD, REGINA, SK S4V3P8",Address,The Towns,WHITE BIRCH CONSTRUCTION LTD.,Contractor,"310-Apartment, apartment building, duplex, triplex, quadruple"
PRNR202502400,New Commercial,2025-10-03 00:00:00,Commercial,New construction,10876000,0,2,,3340 EAST BYPASS SERVICE ROAD,Address,Chuka Creek Business Park,NEXMIRA HOLDINGS LTD.,Property Owner,"560-Indoor recreational building; sports complex, tennis court and squash, community center, arena, curling club, swimming pool"
PRRN202502095,Renovation/Alteration,2025-10-03 00:00:00,Commercial,Alteration and improvements,2000000,0,1,,"190 N BROAD STREET, REGINA, SK S4R2X4",Address,Cityview,PROPERTY DEVELOPMENTS LTD.,Property Owner,"650-Day care, nursing home, rest home, home for the blind, charitable home, detoxification center"
PRRN202502812,Renovation/Alteration,2025-10-03 00:00:00,Residential,Alteration and improvements,55000,0,0,,"131 DALHOUSIE PLACE, REGINA, SK S4V0H2",Address,University Park,REDACTED,Property Owner,"110-Single House, single detached home, bungalow, linked home (linked at the foundation), single family dwelling"
PRSS202502407,Secondary Suite,2025-10-03 00:00:00,Residential,Alteration and improvements,40000,1,0,,"3649 GREEN BANK ROAD, REGINA, SK S4V1M2",Address,The Greens on Gardiner,FIRST CALL CONSTRUCTION INC.,Contractor,"110-Single House, single detached home, bungalow, linked home (linked at the foundation), single family dwelling"
PRSS202502511,Secondary Suite,2025-10-03 00:00:00,Residential,Alteration and improvements,30000,1,0,,"4032 WATERER STREET, REGINA, SK S4W0N3",Address,Harbour Landing,FIRST CALL CONSTRUCTION INC.,Contractor,"110-Single House, single detached home, bungalow, linked home (linked at the foundation), single family dwelling"
PRFR202502855,Foundation Repair,2025-10-05 00:00:00,Residential,Alteration and improvements,5000,0,0,,"35 LAIRD CRESCENT, REGINA, SK S4R4N7",Address,Regent Park,BOUSS CONSTRUCTION INC.,Property Owner,"110-Single House, single detached home, bungalow, linked home (linked at the foundation), single family dwelling"
PRFR202502890,Foundation Repair,2025-10-06 00:00:00,Residential,Alteration and improvements,7495,0,0,,"1126 MONTAGUE STREET, REGINA, SK S4T3H7",Address,Old 33,REDACTED,Property Owner,"110-Single House, single detached home, bungalow, linked home (linked at the foundation), single family dwelling"
PRGA202502518,Garage/Carport,2025-10-06 00:00:00,Residential,Garage/Carport/Accessory Structure,60000,0,0,,"2841 23RD AVENUE, REGINA, SK S4S1E7",Address,Lakeview Centre,REDACTED,Property Owner,"110-Single House, single detached home, bungalow, linked home (linked at the foundation), single family dwelling"
PRGA202502807,Garage/Carport,2025-10-06 00:00:00,Residential,Garage/Carport/Accessory Structure,25000,0,0,,"9 ELIZABETH CRESCENT, REGINA, SK S4T5W1",Address,Windsor Place,REILLYS RENOVATIONS,Contractor,"110-Single House, single detached home, bungalow, linked home (linked at the foundation), single family dwelling"
PRGA202502869,Garage/Carport,2025-10-06 00:00:00,Residential,Garage/Carport/Accessory Structure,21000,0,0,,"4760 E BUCKINGHAM DRIVE, REGINA, SK S4V3X8",Address,The Towns,REDACTED,Property Owner,"110-Single House, single detached home, bungalow, linked home (linked at the foundation), single family dwelling"
PRRN202502715,Renovation/Alteration,2025-10-06 00:00:00,Residential,Alteration and improvements,50000,0,0,,"2223 ARGYLE STREET, REGINA, SK S4T3T2",Address,Old 33,COLLABORATIVE CONSTRUCTION,Contractor,"110-Single House, single detached home, bungalow, linked home (linked at the foundation), single family dwelling"
PRRN202502748,Renovation/Alteration,2025-10-06 00:00:00,Commercial,Alteration and improvements,10000,0,3,,"4555 RAE STREET, REGINA, SK S4S3B2",Address,Albert Park,ELMCREST CONDOMINIUM CORPORATION,Property Owner,315-Apartment - Condominium
PRSF202502684,Single/Semi-Detached Dwelling 1-2 units,2025-10-06 00:00:00,Residential,New construction,300000,1,1,,"5601 PARLIAMENT AVENUE, Unit:27, REGINA, SK S4W0V4",Address,Harbour Landing,COLBY KIRKPATRICK - PACESETTER HOMES,Contractor,"110-Single House, single detached home, bungalow, linked home (linked at the foundation), single family dwelling"
PRSF202502784,Single/Semi-Detached Dwelling 1-2 units,2025-10-06 00:00:00,Residential,New construction,250000,1,2,,"2976 KAUFMAN WAY, REGINA, SK S4V3Z5",Address,The Towns,CRAWFORD HOMES (EBUILD),Contractor,"110-Single House, single detached home, bungalow, linked home (linked at the foundation), single family dwelling"
PRSS202502433,Secondary Suite,2025-10-06 00:00:00,Residential,Alteration and improvements,20000,1,0,,"10 KENNEDY CRESCENT, REGINA, SK S4R6G4",Address,Walsh Acres,REDACTED,Property Owner,"110-Single House, single detached home, bungalow, linked home (linked at the foundation), single family dwelling"
PRDK202502871,Deck/Sunroom,2025-10-07 00:00:00,Residential,Alteration and improvements,21687,0,0,,"6802 DALGLIESH DRIVE, REGINA, SK S4X2K7",Address,Sherwood Estates,HOPE CONSTRUCTION LTD.,Contractor,"110-Single House, single detached home, bungalow, linked home (linked at the foundation), single family dwelling"
PRFR202502803,Foundation Repair,2025-10-07 00:00:00,Residential,Alteration and improvements,18000,0,0,,"119 MIKKELSON DRIVE, REGINA, SK S4T7L4",Address,Mount Royal,REGINA HOUSE LEVELING - TRAVIS ZERIE,Contractor,"110-Single House, single detached home, bungalow, linked home (linked at the foundation), single family dwelling"
PRFR202502804,Foundation Repair,2025-10-07 00:00:00,Residential,Alteration and improvements,10000,0,0,,"265 HABKIRK DRIVE, REGINA, SK S4S5W1",Address,Albert Park,REGINA HOUSE LEVELING - TRAVIS ZERIE,Contractor,"110-Single House, single detached home, bungalow, linked home (linked at the foundation), single family dwelling"
PRFR202502838,Foundation Repair,2025-10-07 00:00:00,Residential,Alteration and improvements,5000,0,0,,"69 PATTERSON DRIVE, REGINA, SK S4S3X1",Address,Hillsdale,REGINA HOUSE LEVELING - TRAVIS ZERIE,Contractor,"110-Single House, single detached home, bungalow, linked home (linked at the foundation), single family dwelling"
PRFR202502900,Foundation Repair,2025-10-07 00:00:00,Residential,Alteration and improvements,40927.54,0,0,,"3124 VICTORIA AVENUE, REGINA, SK S4T1L2",Address,Old 33,KB BETTER CONSTRUCTION,Contractor,"110-Single House, single detached home, bungalow, linked home (linked at the foundation), single family dwelling"
PRFR202502906,Foundation Repair,2025-10-07 00:00:00,Residential,Alteration and improvements,1600,0,0,,"1051 N BROAD STREET, REGINA, SK S4R6V5",Address,Uplands,AAA SOLID FOUNDATION,Contractor,"110-Single House, single detached home, bungalow, linked home (linked at the foundation), single family dwelling"
PRFR202502915,Foundation Repair,2025-10-07 00:00:00,Residential,Alteration and improvements,25000,0,0,,"210 TRIFUNOV BAY, REGINA, SK S4R7H8",Address,Argyle Park,REDACTED,Property Owner,"110-Single House, single detached home, bungalow, linked home (linked at the foundation), single family dwelling"
PRGA202502521,Garage/Carport,2025-10-07 00:00:00,Residential,Garage/Carport/Accessory Structure,50000,0,0,,"616 E DOUGLAS PARK CRESCENT, REGINA, SK S4N2S2",Address,Douglas Place,REDACTED,Property Owner,"110-Single House, single detached home, bungalow, linked home (linked at the foundation), single family dwelling"
PRRN202502625,Renovation/Alteration,2025-10-07 00:00:00,Commercial,Alteration and improvements,100000,0,1,,"101 E VICTORIA AVENUE, REGINA, SK S4N0N3",Address,Broders Annex,CITYLIFE INVESTMENT CORP.,Property Owner,"512-Retail complex; plaza, mall, shopping centre, store/office building"
PRSF202502607,Single/Semi-Detached Dwelling 1-2 units,2025-10-07 00:00:00,Residential,New construction,250000,1,2,,"3016 KAUFMAN WAY, REGINA, SK S4V3Z5",Address,The Towns,CRAWFORD HOMES (1991) LTD.,Contractor,"110-Single House, single detached home, bungalow, linked home (linked at the foundation), single family dwelling"
PRSF202502708,Single/Semi-Detached Dwelling 1-2 units,2025-10-07 00:00:00,Residential,New construction,643400,1,2,,3172 FAVEL DRIVE,Address,The Towns,HOMES BY DREAM,Contractor,"110-Single House, single detached home, bungalow, linked home (linked at the foundation), single family dwelling"
PRSS202502791,Secondary Suite,2025-10-07 00:00:00,Residential,Alteration and improvements,40000,1,0,,"2901 GREEN STONE ROAD, REGINA, SK S4V3Z9",Address,The Towns,FIRST CALL CONSTRUCTION INC.,Contractor,"330-Row House, garden home, town house, carriage home, quadrex"
PRAD202502390,Addition,2025-10-08 00:00:00,Residential,Addition to existing building commercial & residential,180000,0,0,,"3146 RAE STREET, REGINA, SK S4S1S1",Address,Lakeview,VAN SHOW HOMES  INCORPORATED,Property Owner,"110-Single House, single detached home, bungalow, linked home (linked at the foundation), single family dwelling"
PRDE202502844,Demolition,2025-10-08 00:00:00,Residential,Demolition,0,0,0,,"2331 GARNET STREET, REGINA, SK S4T3A3",Address,Old 33,SPLITTING TIMBER CUSTOM CARPENTRY - JUSTIN BUNKO,Contractor,"110-Single House, single detached home, bungalow, linked home (linked at the foundation), single family dwelling"
PRDK202502811,Deck/Sunroom,2025-10-08 00:00:00,Residential,Alteration and improvements,6500,0,0,,"2900 WELBY WAY, REGINA, SK S4V4A4",Address,The Towns,LUCKY LINKS BUILDING SERVICES LTD. - LUCKY ALUGE,Contractor,"210-Semi-Detached or Double House, single attached home"
PRFR202502921,Foundation Repair,2025-10-08 00:00:00,Residential,Alteration and improvements,3000,0,0,,"371 SMITH STREET, REGINA, SK S4R2L1",Address,Highland Park,101289994 SASKATCHEWAN LTD.,Property Owner,"110-Single House, single detached home, bungalow, linked home (linked at the foundation), single family dwelling"
PRGA202502833,Garage/Carport,2025-10-08 00:00:00,Residential,Garage/Carport/Accessory Structure,20988,0,0,,"5225 CAMPLING AVENUE, REGINA, SK S4W0L6",Address,Harbour Landing,102208400 SASKATCHEWAN LTD,Contractor,"110-Single House, single detached home, bungalow, linked home (linked at the foundation), single family dwelling"
PRMH202502907,Plumbing,2025-10-08 00:00:00,Industrial,Mechanical,100000,0,0,,"225 E 6TH AVENUE, REGINA, SK S4N6A6",Address,Industrial Ross,CROWN SHRED & RECYCLING INC.,Property Owner,"460-Storage building; warehouse (for storage purposes only), industrial mall, grain elevator, locker rental, silo, quonset, refrigerated storage terminal"
PRRN202501678,Renovation/Alteration,2025-10-08 00:00:00,Residential,Alteration and improvements,3500,0,0,,"2256 WINNIPEG STREET, REGINA, SK S4P1H1",Address,Old 33,REDACTED,Property Owner,"110-Single House, single detached home, bungalow, linked home (linked at the foundation), single family dwelling"
PRRN202502856,Renovation/Alteration,2025-10-08 00:00:00,Residential,Alteration and improvements,1800,0,0,,"26 DUNSMORE DRIVE, REGINA, SK S4R7G2",Address,Walsh Acres,REDACTED,Property Owner,"110-Single House, single detached home, bungalow, linked home (linked at the foundation), single family dwelling"
PRSF202502587,Single/Semi-Detached Dwelling 1-2 units,2025-10-08 00:00:00,Residential,New construction,632400,1,2,,3156 FAVEL DRIVE,Address,The Towns,HOMES BY DREAM,Contractor,"110-Single House, single detached home, bungalow, linked home (linked at the foundation), single family dwelling"
PRSF202502749,Single/Semi-Detached Dwelling 1-2 units,2025-10-08 00:00:00,Residential,New construction,750000,2,1,,"5601 PARLIAMENT AVENUE, Unit:1, REGINA, SK S4W0V4 | 5601 PARLIAMENT AVENUE, Unit:2, REGINA, SK S4W0V4",Address,Harbour Landing,COLBY KIRKPATRICK - PACESETTER HOMES,Contractor,"210-Semi-Detached or Double House, single attached home"
PRSF202502761,Single/Semi-Detached Dwelling 1-2 units,2025-10-08 00:00:00,Residential,New construction,569800,1,2,,3148 FAVEL DRIVE,Address,The Towns,DREAM TOWNS LANDS SOUTH (GP) INC.,Contractor,"110-Single House, single detached home, bungalow, linked home (linked at the foundation), single family dwelling"
PRSF202502777,Single/Semi-Detached Dwelling 1-2 units,2025-10-08 00:00:00,Residential,New construction,300000,1,1,,"5601 PARLIAMENT AVENUE, Unit:4, REGINA, SK S4W0V4",Address,Harbour Landing,PACESETTER NEW HOMES LTD.,Contractor,"110-Single House, single detached home, bungalow, linked home (linked at the foundation), single family dwelling"
PRSS202502508,Secondary Suite,2025-10-08 00:00:00,Residential,Alteration and improvements,80000,1,0,,"8810 ARCHER LANE, REGINA, SK S4Y0C1",Address,Edgewater,CHANGING SPACES - DARRELL STASUIK,Contractor,"110-Single House, single detached home, bungalow, linked home (linked at the foundation), single family dwelling"
PRSS202502787,Secondary Suite,2025-10-08 00:00:00,Residential,Alteration and improvements,45000,1,0,,"4249 E GREEN OLIVE WAY, REGINA, SK S4V1P9",Address,The Greens on Gardiner,GREEN STONE RENOVATIONS LTD,Contractor,"110-Single House, single detached home, bungalow, linked home (linked at the foundation), single family dwelling"
PRBS202502882,Basement Development,2025-10-09 00:00:00,Residential,Alteration and improvements,99513,0,0,,"3224 ANGUS STREET, REGINA, SK S4S1P7",Address,Lakeview,CARAGANA CARPENTRY,Contractor,"110-Single House, single detached home, bungalow, linked home (linked at the foundation), single family dwelling"
PRDK202502878,Deck/Sunroom,2025-10-09 00:00:00,Residential,Alteration and improvements,4954,0,0,,"1107 GULL ROAD, REGINA, SK S4N7P2",Address,Parkridge,REDACTED,Property Owner,"110-Single House, single detached home, bungalow, linked home (linked at the foundation), single family dwelling"
PRFR202502924,Foundation Repair,2025-10-09 00:00:00,Residential,Alteration and improvements,100000,0,0,,"131 DALHOUSIE PLACE, REGINA, SK S4V0H2",Address,University Park,RAMJACK SASKATCHEWAN,Contractor,"110-Single House, single detached home, bungalow, linked home (linked at the foundation), single family dwelling"
PRGA202502918,Garage/Carport,2025-10-09 00:00:00,Residential,Garage/Carport/Accessory Structure,45000,0,0,,"3544 GREEN MOSS LANE, REGINA, SK S4V1L5",Address,The Greens on Gardiner,REDACTED,Property Owner,"110-Single House, single detached home, bungalow, linked home (linked at the foundation), single family dwelling"
PRMU202502543,Multi-Unit Dwelling 3+ Units,2025-10-09 00:00:00,Residential,New construction,3000000,18,3,,1501 WEST MARKET STREET,Address,Westerra,NEWROCK DEVELOPMENTS (SASK) INC.,Contractor,335-Row House - Condominium
PRRN202502082,Renovation/Alteration,2025-10-09 00:00:00,Residential,Alteration and improvements,299296,0,1,,"3315 L'ARCHE CRESCENT, REGINA, SK S4S1M9",Address,Lakeview South,REDACTED,Property Owner,"110-Single House, single detached home, bungalow, linked home (linked at the foundation), single family dwelling"
PRRN202502813,Renovation/Alteration,2025-10-09 00:00:00,Residential,Alteration and improvements,4000,0,0,,"730 N DOLAN STREET, REGINA, SK S4X1Z6",Address,Sherwood Estates,REDACTED,Property Owner,"110-Single House, single detached home, bungalow, linked home (linked at the foundation), single family dwelling"
PRSF202502613,Single/Semi-Detached Dwelling 1-2 units,2025-10-09 00:00:00,Residential,New construction,600000,1,2,,"3917 GREEN DIAMOND ROAD, REGINA, SK S4V3T1",Address,The Greens on Gardiner,ASPEN HOMES LTD.,Property Owner,"110-Single House, single detached home, bungalow, linked home (linked at the foundation), single family dwelling"
PRSF202502880,Single/Semi-Detached Dwelling 1-2 units,2025-10-09 00:00:00,Residential,New construction,300000,1,2,,3128 GREEN TURTLE ROAD,Address,The Towns,DREAM TOWNS LANDS SOUTH (GP) INC.,Property Owner,"110-Single House, single detached home, bungalow, linked home (linked at the foundation), single family dwelling"
PRSS202502677,Secondary Suite,2025-10-09 00:00:00,Residential,Alteration and improvements,45500,1,0,,"4524 E BUCKINGHAM DRIVE, REGINA, SK S4V3X6",Address,The Towns,LUCKY LINKS BUILDING SERVICES LTD. - LUCKY ALUGE,Contractor,"110-Single House, single detached home, bungalow, linked home (linked at the foundation), single family dwelling"
PRBY202501997,Backyard/Laneway Suite,2025-10-10 00:00:00,Residential,New construction,100000,1,2,,"2728 LAKEVIEW AVENUE, REGINA, SK S4S1G3",Address,Lakeview Place,REDACTED,Property Owner,"110-Single House, single detached home, bungalow, linked home (linked at the foundation), single family dwelling"
PRDE202502881,Demolition,2025-10-10 00:00:00,Residential,Demolition,50000,0,0,,"3927 17TH AVENUE, REGINA, SK S4S0B7",Address,River Heights,FIRST ONSITE PROPERTY RESTORATION,Contractor,"210-Semi-Detached or Double House, single attached home"
PRDK202502663,Deck/Sunroom,2025-10-10 00:00:00,Residential,Alteration and improvements,2500,0,0,,"3030 WHITMORE AVENUE, REGINA, SK S4S1B8",Address,Lakeview Centre,STAHELI CONSTRUCTION CO. LTD.,Property Owner,"110-Single House, single detached home, bungalow, linked home (linked at the foundation), single family dwelling"
PRDK202502870,Deck/Sunroom,2025-10-10 00:00:00,Residential,Alteration and improvements,25313,0,0,,"2227 E WINSLOW BAY, REGINA, SK S4V0T9",Address,Gardiner Park,HOPE CONSTRUCTION LTD.,Contractor,"110-Single House, single detached home, bungalow, linked home (linked at the foundation), single family dwelling"
PRGA202502798,Garage/Carport,2025-10-10 00:00:00,Residential,Garage/Carport/Accessory Structure,15000,0,0,,"2937 RIDGWAY AVENUE, REGINA, SK S4X0M9",Address,Hawkstone,REDACTED,Property Owner,"110-Single House, single detached home, bungalow, linked home (linked at the foundation), single family dwelling"
PRMU202502144,Multi-Unit Dwelling 3+ Units,2025-10-10 00:00:00,Residential,New construction,325000,3,2,,"458 OTTAWA STREET, REGINA, SK S4R1N9",Address,North Annex,ASTRUM SEVEN LIMITED,Property Owner,"310-Apartment, apartment building, duplex, triplex, quadruple"
PRMU202502145,Multi-Unit Dwelling 3+ Units,2025-10-10 00:00:00,Residential,New construction,325000,3,2,,"462 OTTAWA STREET, REGINA, SK S4R1N9",Address,North Annex,ASTRUM SEVEN LIMITED,Property Owner,"310-Apartment, apartment building, duplex, triplex, quadruple"
PRSS202502627,Secondary Suite,2025-10-10 00:00:00,Residential,Alteration and improvements,52000,1,0,,"4741 E MUTRIE CRESCENT, REGINA, SK S4V3X8",Address,The Towns,GREEN STONE RENOVATIONS LTD,Contractor,"210-Semi-Detached or Double House, single attached home"
PRSS202502836,Secondary Suite,2025-10-10 00:00:00,Residential,Alteration and improvements,60000,1,0,,"5321 E BUCKINGHAM DRIVE, REGINA, SK S4V4B6",Address,The Towns,GREEN STONE RENOVATIONS LTD,Contractor,"330-Row House, garden home, town house, carriage home, quadrex"
PRDE202502823,Demolition,2025-10-13 00:00:00,Residential,Demolition,5000,0,0,,"1104 COLLEGE AVENUE, REGINA, SK S4P1A8",Address,Old 33,FIRST CHOICE EXCAVATION & DEMOLITION,Contractor,"110-Single House, single detached home, bungalow, linked home (linked at the foundation), single family dwelling"
PRFR202502942,Foundation Repair,2025-10-13 00:00:00,Residential,Alteration and improvements,17350,0,0,,"2081 OTTAWA STREET, REGINA, SK S4P1P9",Address,Old 33,AAA SOLID FOUNDATION,Contractor,"110-Single House, single detached home, bungalow, linked home (linked at the foundation), single family dwelling"
PRAD202501584,Addition,2025-10-14 00:00:00,Institutional,Addition to existing building commercial & residential,500000,0,1,,"302 UPLAND DRIVE, REGINA, SK S4R5X3",Address,Uplands,BOARD OF EDUCATION OF THE REGINA ROMAN CATHOLIC SEPARATE SCHOOL DIVISION NO. 81 OF SASKATC,Property Owner,"620-Elementary school, kindergarten"
PRAD202502676,Addition,2025-10-14 00:00:00,Residential,Addition to existing building commercial & residential,230000,0,0,,"3233 COLLEGE AVENUE, REGINA, SK S4T1W1",Address,Riverside,ALAIR HOMES,Contractor,"110-Single House, single detached home, bungalow, linked home (linked at the foundation), single family dwelling"
PRDE202502535,Demolition,2025-10-14 00:00:00,Residential,Demolition,0,0,0,,"3801 NORMANDY AVENUE, REGINA, SK S4S0Y2",Address,Normandy Heights,HANDYMAN HALL MAINTENANCE & REPAIR,Contractor,"110-Single House, single detached home, bungalow, linked home (linked at the foundation), single family dwelling"
PRDE202502910,Demolition,2025-10-14 00:00:00,Residential,Demolition,25000,0,0,1,"915 RAE STREET, REGINA, SK S4T2B5",Address,Washington Park,DAVIES EXCAVATING LTD,Contractor,"110-Single House, single detached home, bungalow, linked home (linked at the foundation), single family dwelling"
PRDK202502448,Deck/Sunroom,2025-10-14 00:00:00,Residential,Alteration and improvements,8000,0,0,,"196 NAGEL CRESCENT, REGINA, SK S4N4N5",Address,Glencairn,FOUR SEASONS CONSTRUCTION AND RENOVATIONS INC.,Contractor,"110-Single House, single detached home, bungalow, linked home (linked at the foundation), single family dwelling"
PRFR202502711,Foundation Repair,2025-10-14 00:00:00,Residential,Alteration and improvements,10000,0,0,,"17 FALCON BAY, REGINA, SK S4S4L7",Address,Whitmore Park,REDACTED,Property Owner,"110-Single House, single detached home, bungalow, linked home (linked at the foundation), single family dwelling"
PRGA202501015,Garage/Carport,2025-10-14 00:00:00,Residential,Garage/Carport/Accessory Structure,25000,0,0,,"2475 MCARA STREET, REGINA, SK S4N2W6",Address,Assiniboia  Place,NORD WEST STUCCO LTD.,Contractor,"110-Single House, single detached home, bungalow, linked home (linked at the foundation), single family dwelling"
PRGA202502767,Garage/Carport,2025-10-14 00:00:00,Residential,Garage/Carport/Accessory Structure,15000,0,0,,"4300 2ND AVENUE N, REGINA, SK S4R0Y4",Address,Regent Park,REDACTED,Property Owner,"110-Single House, single detached home, bungalow, linked home (linked at the foundation), single family dwelling"
PRRN202502848,Renovation/Alteration,2025-10-14 00:00:00,Residential,Alteration and improvements,3400,0,0,,"4822 QUEEN STREET, REGINA, SK S4S6V8",Address,Albert Park,REDACTED,Property Owner,"110-Single House, single detached home, bungalow, linked home (linked at the foundation), single family dwelling"
PRRN202502854,Renovation/Alteration,2025-10-14 00:00:00,Residential,Alteration and improvements,40000,0,0,,"35 LAIRD CRESCENT, REGINA, SK S4R4N7",Address,Regent Park,BOUSS CONSTRUCTION INC.,Property Owner,"110-Single House, single detached home, bungalow, linked home (linked at the foundation), single family dwelling"
PRRN202502897,Renovation/Alteration,2025-10-14 00:00:00,Residential,Alteration and improvements,6000,0,0,,"2475 MCARA STREET, REGINA, SK S4N2W6",Address,Assiniboia  Place,NORD WEST STUCCO LTD.,Contractor,"110-Single House, single detached home, bungalow, linked home (linked at the foundation), single family dwelling"
PRSF202502683,Single/Semi-Detached Dwelling 1-2 units,2025-10-14 00:00:00,Residential,New construction,416300,1,2,,"3236 FAVEL DRIVE, REGINA, SK S4V4B3",Address,The Towns,DREAM TOWNS LANDS SOUTH (GP) INC.,Property Owner,"110-Single House, single detached home, bungalow, linked home (linked at the foundation), single family dwelling"
PRSS202502447,Secondary Suite,2025-10-14 00:00:00,Residential,Alteration and improvements,55000,1,0,,"196 NAGEL CRESCENT, REGINA, SK S4N4N5",Address,Glencairn,FOUR SEASONS CONSTRUCTION AND RENOVATIONS INC.,Contractor,"110-Single House, single detached home, bungalow, linked home (linked at the foundation), single family dwelling"
PRSS202502466,Secondary Suite,2025-10-14 00:00:00,Residential,Alteration and improvements,55000,1,0,,"8766 WHEAT CRESCENT, REGINA, SK S4Y0H5",Address,Westerra,FOUR SEASONS CONSTRUCTION AND RENOVATIONS INC.,Contractor,"110-Single House, single detached home, bungalow, linked home (linked at the foundation), single family dwelling"
PRSS202502755,Secondary Suite,2025-10-14 00:00:00,Residential,Alteration and improvements,40000,1,0,,"3850 GREEN DIAMOND ROAD, REGINA, SK S4V3T3",Address,The Greens on Gardiner,FIRST CALL CONSTRUCTION INC.,Contractor,"330-Row House, garden home, town house, carriage home, quadrex"
PRBY202502745,Backyard/Laneway Suite,2025-10-15 00:00:00,Residential,New construction,150000,1,0,,"5535 BEACON DRIVE, REGINA, SK S4W0J7",Address,Harbour Landing,FIRST CALL CONSTRUCTION INC.,Contractor,"330-Row House, garden home, town house, carriage home, quadrex"
PRDK202502596,Deck/Sunroom,2025-10-15 00:00:00,Residential,Alteration and improvements,2000,0,0,,"1004 ATHOL STREET, REGINA, SK S4T3B9",Address,Old 33,DK PRIME CONSTRUCTION,Contractor,"110-Single House, single detached home, bungalow, linked home (linked at the foundation), single family dwelling"
PRDK202502905,Deck/Sunroom,2025-10-15 00:00:00,Residential,Alteration and improvements,8000,0,0,,"5143 E KAUFMAN AVENUE, REGINA, SK S4V3W3",Address,The Towns,LUCKY LINKS BUILDING SERVICES LTD. - LUCKY ALUGE,Contractor,"110-Single House, single detached home, bungalow, linked home (linked at the foundation), single family dwelling"
PRDK202502923,Deck/Sunroom,2025-10-15 00:00:00,Residential,Alteration and improvements,2064,0,0,,"4348 DELHAYE WAY, REGINA, SK S4W0P6",Address,Harbour Landing,DECKED OUT CONTRACTING - MIKE SHAHEEN,Contractor,"110-Single House, single detached home, bungalow, linked home (linked at the foundation), single family dwelling"
PRFR202502894,Foundation Repair,2025-10-15 00:00:00,Residential,Alteration and improvements,20000,0,0,,"4 FORESTVIEW BAY, REGINA, SK S4R0A9",Address,Uplands,GCA CONSTRUCTION,Contractor,"110-Single House, single detached home, bungalow, linked home (linked at the foundation), single family dwelling"
PRFR202502956,Foundation Repair,2025-10-15 00:00:00,Residential,Alteration and improvements,62000,0,0,,"764 ROYAL STREET, REGINA, SK S4T4Z2",Address,Transcona,REDACTED,Property Owner,"110-Single House, single detached home, bungalow, linked home (linked at the foundation), single family dwelling"
PRMH202502967,Plumbing,2025-10-15 00:00:00,Residential,Mechanical,5561.1,0,0,,"23 PENSE BAY, REGINA, SK S4R8A5",Address,Walsh Acres,REGINA PLUMBING AND HEATING INC.,Contractor,"110-Single House, single detached home, bungalow, linked home (linked at the foundation), single family dwelling"
PRRN202502876,Renovation/Alteration,2025-10-15 00:00:00,Residential,Alteration and improvements,150000,0,0,,"880 MCNIVEN AVENUE, REGINA, SK S4S2V2",Address,Hillsdale,REDACTED,Property Owner,"110-Single House, single detached home, bungalow, linked home (linked at the foundation), single family dwelling"
PRSS202502697,Secondary Suite,2025-10-15 00:00:00,Residential,Alteration and improvements,58000,1,0,,"7632 WALSH AVENUE, REGINA, SK S4Y0H2",Address,Rosewood Park,LUCKY LINKS BUILDING SERVICES LTD. - LUCKY ALUGE,Contractor,"210-Semi-Detached or Double House, single attached home"
PRSS202502926,Secondary Suite,2025-10-15 00:00:00,Residential,Alteration and improvements,55000,1,0,,"3285 GREEN TURTLE ROAD, REGINA, SK S4V4A9",Address,The Towns,REDACTED,Property Owner,"110-Single House, single detached home, bungalow, linked home (linked at the foundation), single family dwelling"
PRDE202502913,Demolition,2025-10-16 00:00:00,Residential,Demolition,55200,0,0,1,"615 ATHOL STREET, REGINA, SK S4T3B2",Address,Washington Park,102149403 SASKATCHEWAN INC.,Property Owner,"110-Single House, single detached home, bungalow, linked home (linked at the foundation), single family dwelling"
PRDK202502962,Deck/Sunroom,2025-10-16 00:00:00,Residential,Alteration and improvements,27800,0,0,,"806 SCHWARZFELD PLACE, REGINA, SK S4N7G5",Address,Parkridge,REDACTED,Property Owner,"110-Single House, single detached home, bungalow, linked home (linked at the foundation), single family dwelling"
PRFR202502799,Foundation Repair,2025-10-16 00:00:00,Residential,Alteration and improvements,2000,0,0,,"1318 7TH AVENUE N, REGINA, SK S4R0H4",Address,Churchill Place,REDACTED,Property Owner,"110-Single House, single detached home, bungalow, linked home (linked at the foundation), single family dwelling"
PRFR202502953,Foundation Repair,2025-10-16 00:00:00,Residential,Alteration and improvements,20615,0,0,,"715 MCCARTHY BOULEVARD, REGINA, SK S4T6V8",Address,Mount Royal,AAA SOLID FOUNDATION,Contractor,"110-Single House, single detached home, bungalow, linked home (linked at the foundation), single family dwelling"
PRFR202502973,Foundation Repair,2025-10-16 00:00:00,Residential,Alteration and improvements,3800,0,0,,"127 MOLLARD CRESCENT, REGINA, SK S4T6J6",Address,Mount Royal,AAA SOLID FOUNDATION,Contractor,"110-Single House, single detached home, bungalow, linked home (linked at the foundation), single family dwelling"
PRGA202502911,Garage/Carport,2025-10-16 00:00:00,Residential,Garage/Carport/Accessory Structure,35000,0,0,,"3255 ATHOL STREET, REGINA, SK S4S1Z1",Address,Lakeview Centre,REDACTED,Property Owner,"110-Single House, single detached home, bungalow, linked home (linked at the foundation), single family dwelling"
PRGA202502919,Garage/Carport,2025-10-16 00:00:00,Residential,Garage/Carport/Accessory Structure,25000,0,0,,"2340 GARNET STREET, REGINA, SK S4T3A2",Address,Old 33,REILLYS RENOVATIONS,Contractor,"110-Single House, single detached home, bungalow, linked home (linked at the foundation), single family dwelling"
PRGA202502931,Garage/Carport,2025-10-16 00:00:00,Residential,Garage/Carport/Accessory Structure,23500,0,0,,"4521 E GREEN POPLAR LANE, REGINA, SK S4V3H5",Address,The Greens on Gardiner,REDACTED,Property Owner,"210-Semi-Detached or Double House, single attached home"
PRRN202502277,Renovation/Alteration,2025-10-16 00:00:00,Residential,Alteration and improvements,15000,0,0,,"4037 HILLSDALE STREET, REGINA, SK S4S3Y8",Address,Hillsdale,REDACTED,Property Owner,"110-Single House, single detached home, bungalow, linked home (linked at the foundation), single family dwelling"
PRRN202502933,Renovation/Alteration,2025-10-16 00:00:00,Residential,Alteration and improvements,6000,0,0,,"2520 MCDONALD STREET, REGINA, SK S4N2Z5",Address,Assiniboia  Place,GRASSHOPPER CONSTRUCTION  - JEFF HARTNELL,Contractor,"110-Single House, single detached home, bungalow, linked home (linked at the foundation), single family dwelling"
PRBS202502946,Basement Development,2025-10-17 00:00:00,Residential,Alteration and improvements,30000,0,0,,"4109 JAMES HILL ROAD, REGINA, SK S4W0H6",Address,Harbour Landing,ARKIGER CONTRACTING,Contractor,"110-Single House, single detached home, bungalow, linked home (linked at the foundation), single family dwelling"
PRFR202502658,Foundation Repair,2025-10-17 00:00:00,Residential,Alteration and improvements,4000,0,0,,"314 HANSEN DRIVE, REGINA, SK S4X3B8",Address,Normanview W. Addn.,REGINA HOUSE LEVELING - TRAVIS ZERIE,Contractor,"110-Single House, single detached home, bungalow, linked home (linked at the foundation), single family dwelling"
PRFR202502948,Foundation Repair,2025-10-17 00:00:00,Residential,Alteration and improvements,6000,0,0,,"1905 DUFFERIN ROAD, REGINA, SK S4S5A9",Address,Whitmore Park,REGINA HOUSE LEVELING - TRAVIS ZERIE,Contractor,"110-Single House, single detached home, bungalow, linked home (linked at the foundation), single family dwelling"
PRFR202502949,Foundation Repair,2025-10-17 00:00:00,Residential,Alteration and improvements,6000,0,0,,"2231 E HANOVER CRESCENT, REGINA, SK S4V0Z5",Address,University Park East,REGINA HOUSE LEVELING - TRAVIS ZERIE,Contractor,"110-Single House, single detached home, bungalow, linked home (linked at the foundation), single family dwelling"
PRFR202502950,Foundation Repair,2025-10-17 00:00:00,Residential,Alteration and improvements,9000,0,0,,"907 N DEVONSHIRE DRIVE, REGINA, SK S4X2W7",Address,Mccarthy Park,REGINA HOUSE LEVELING - TRAVIS ZERIE,Contractor,"110-Single House, single detached home, bungalow, linked home (linked at the foundation), single family dwelling"
PRFR202502965,Foundation Repair,2025-10-17 00:00:00,Residential,Alteration and improvements,10000,0,0,,"154 ELMVIEW ROAD, REGINA, SK S4R6W1",Address,Uplands,REGINA HOUSE LEVELING - TRAVIS ZERIE,Contractor,"110-Single House, single detached home, bungalow, linked home (linked at the foundation), single family dwelling"
PRFR202502974,Foundation Repair,2025-10-17 00:00:00,Residential,Alteration and improvements,5775,0,0,,"3519 GARNER AVENUE, REGINA, SK S4S1A3",Address,Lakeview Centre,AAA SOLID FOUNDATION,Contractor,"110-Single House, single detached home, bungalow, linked home (linked at the foundation), single family dwelling"
PRFR202502985,Foundation Repair,2025-10-17 00:00:00,Residential,Alteration and improvements,4900,0,0,,"3107 E 7TH AVENUE, REGINA, SK S4N5G1",Address,Glencairn Village,AAA SOLID FOUNDATION,Contractor,"110-Single House, single detached home, bungalow, linked home (linked at the foundation), single family dwelling"
PRGA202501910,Garage/Carport,2025-10-17 00:00:00,Residential,Garage/Carport/Accessory Structure,40000,0,0,,"179 N QUEBEC STREET, REGINA, SK S4R2S2",Address,North Annex,REDACTED,Property Owner,"110-Single House, single detached home, bungalow, linked home (linked at the foundation), single family dwelling"
PRGA202502733,Garage/Carport,2025-10-17 00:00:00,Residential,Garage/Carport/Accessory Structure,30000,0,0,,"19 SEMPLE BAY, REGINA, SK S4R7R3",Address,Argyle Park,AM21 CONSTRUCTION,Contractor,"110-Single House, single detached home, bungalow, linked home (linked at the foundation), single family dwelling"
PRMH202503003,Plumbing,2025-10-17 00:00:00,Residential,Mechanical,7500,0,0,,"2336 ATKINSON STREET, REGINA, SK S4N3X3",Address,Broders Annex,REDACTED,Property Owner,"110-Single House, single detached home, bungalow, linked home (linked at the foundation), single family dwelling"
PRRN202502490,Renovation/Alteration,2025-10-17 00:00:00,Commercial,Alteration and improvements,1200000,0,12,,"2103 11TH AVENUE, REGINA, SK S4P3Z8",Address,Old 33,15877873 CANADA INC. | HDL INVESTMENTS INC.,Property Owner,"520-Office building; consultant’s office, doctor’s office, insurance company, bank, taxi stand, office/cafeteria, office/smoke shop"
PRRN202502852,Renovation/Alteration,2025-10-17 00:00:00,Commercial,Alteration and improvements,50000,0,1,,4600 GORDON ROAD,Address,Harbour Landing,HARVARD DIVERSIFIED ENTERPRISES INC.,Property Owner,"512-Retail complex; plaza, mall, shopping centre, store/office building"
PRRN202502860,Renovation/Alteration,2025-10-17 00:00:00,Residential,Alteration and improvements,6000,0,0,,"1409 RAE STREET, REGINA, SK S4T2C6",Address,Old 33,REDACTED,Property Owner,"110-Single House, single detached home, bungalow, linked home (linked at the foundation), single family dwelling"
PRRN202502936,Renovation/Alteration,2025-10-17 00:00:00,Residential,Alteration and improvements,7900,0,0,,"51 HAYES CRESCENT, REGINA, SK S4X1B1",Address,Normanview W. Addn.,JS GROUP OF COMPANIES,Contractor,"110-Single House, single detached home, bungalow, linked home (linked at the foundation), single family dwelling"
PRSF202502863,Single/Semi-Detached Dwelling 1-2 units,2025-10-17 00:00:00,Residential,New Construction,657600,1,2,,"3260 FAVEL DRIVE, REGINA, SK S4V4B3",Address,The Towns,DREAM TOWNS LANDS SOUTH (GP) INC.,Contractor,"110-Single House, single detached home, bungalow, linked home (linked at the foundation), single family dwelling"
PRSS202502853,Secondary Suite,2025-10-17 00:00:00,Residential,Alteration and improvements,54000,1,0,,"5324 E GREEN ALDER WAY, REGINA, SK S4V3M7",Address,The Greens on Gardiner,REDACTED,Property Owner,"110-Single House, single detached home, bungalow, linked home (linked at the foundation), single family dwelling"
PRGA202502620,Garage/Carport,2025-10-18 00:00:00,Residential,Garage/Carport/Accessory Structure,35000,0,0,,"3636 MASON AVENUE, REGINA, SK S4S0Z6",Address,Lakeview A,S. MILLER CONSTRUCTION SHANE MILLER,Contractor,"110-Single House, single detached home, bungalow, linked home (linked at the foundation), single family dwelling"
PRBS202502874,Basement Development,2025-10-19 00:00:00,Residential,Alteration and improvements,5000,0,0,,"74 SCHNEIDER CRESCENT, REGINA, SK S4R7R5",Address,Argyle Park,REDACTED,Property Owner,"110-Single House, single detached home, bungalow, linked home (linked at the foundation), single family dwelling"
PRBS202502899,Basement Development,2025-10-19 00:00:00,Residential,Alteration and improvements,25000,0,0,,"29 DUNNING CRESCENT, REGINA, SK S4S3V9",Address,Hillsdale,TITAN MECHANICAL,Contractor,"110-Single House, single detached home, bungalow, linked home (linked at the foundation), single family dwelling"
PRDK202502888,Deck/Sunroom,2025-10-19 00:00:00,Residential,New Construction,6000,0,0,,"239 HASTINGS CRESCENT, REGINA, SK S4T7N8",Address,Normanview West,REDACTED,Property Owner,"110-Single House, single detached home, bungalow, linked home (linked at the foundation), single family dwelling"
PRFR202502957,Foundation Repair,2025-10-19 00:00:00,Residential,Alteration and improvements,21859,0,0,,"1600 COWAN CRESCENT, REGINA, SK S4S4C3",Address,Hillsdale,REGINA BASEMENT BRACING - COLE CROWLEY,Contractor,"110-Single House, single detached home, bungalow, linked home (linked at the foundation), single family dwelling"
PRAD202502516,Addition,2025-10-20 00:00:00,Residential,Addition to existing building commercial & residential,350000,0,0,,"20 LANCASTER PLACE, REGINA, SK S4S2Z4",Address,Albert Park,COLLABORATIVE CONSTRUCTION,Contractor,"110-Single House, single detached home, bungalow, linked home (linked at the foundation), single family dwelling"
PRAD202502783,Addition,2025-10-20 00:00:00,Residential,Addition to existing building commercial & residential,20000,0,0,,"33 PARKWOOD ROAD, REGINA, SK S4S2Z8",Address,Albert Park,INCEPTION CONTRACTING LTD.,Contractor,"110-Single House, single detached home, bungalow, linked home (linked at the foundation), single family dwelling"
PRAH202502885,Alternative Family Care Home,2025-10-20 00:00:00,Residential,Alteration and improvements,1500,0,0,,"4509 HAMES CRESCENT, REGINA, SK S4W0B6",Address,Harbour Landing,CREATIVE OPTIONS REGINA INC.,Property Owner,"110-Single House, single detached home, bungalow, linked home (linked at the foundation), single family dwelling"
PRBY202502768,Backyard/Laneway Suite,2025-10-20 00:00:00,Residential,New construction,90000,1,0,,"10 CAVENDISH STREET, REGINA, SK S4N1P2",Address,Glencairn,ARMADA HOMES,Contractor,"110-Single House, single detached home, bungalow, linked home (linked at the foundation), single family dwelling"
PRRN202502444,Renovation/Alteration,2025-10-20 00:00:00,Commercial,Alteration and improvements,150000,0,1,,"4602 ALBERT STREET, REGINA, SK S4S6B4",Address,Albert Park,573600 SASKATCHEWAN LTD.,Property Owner,"512-Retail complex; plaza, mall, shopping centre, store/office building"
PRRN202502533,Renovation/Alteration,2025-10-20 00:00:00,Residential,Alteration and improvements,2000,0,0,,"2606 23RD AVENUE, REGINA, SK S4S6L3",Address,Lakeview,REDACTED,Property Owner,"110-Single House, single detached home, bungalow, linked home (linked at the foundation), single family dwelling"
PRRN202502746,Renovation/Alteration,2025-10-20 00:00:00,Residential,Alteration and improvements,5000,0,0,,"115 KNOWLES CRESCENT, REGINA, SK S4S4P3",Address,Hillsdale,REDACTED,Property Owner,"110-Single House, single detached home, bungalow, linked home (linked at the foundation), single family dwelling"
PRRN202502782,Renovation/Alteration,2025-10-20 00:00:00,Institutional,Alteration and improvements,22000,0,2,,"1909 OTTAWA STREET, REGINA, SK S4P1P7",Address,Old 33,102081506 SASKATCHEWAN LIMITED,Property Owner,"660-Religious building; church, cathedral, temple, citadel, synagogue"
PRRN202502877,Renovation/Alteration,2025-10-20 00:00:00,Residential,Alteration and improvements,2200,0,0,,"43 AITKEN CRESCENT, REGINA, SK S4R5Z2",Address,Uplands,KALLIS KONSTRUCTION - JAMIE KALLIS,Contractor,"110-Single House, single detached home, bungalow, linked home (linked at the foundation), single family dwelling"
PRRN202502958,Renovation/Alteration,2025-10-20 00:00:00,Residential,Alteration and improvements,5800,0,0,,"2812 MCCALLUM AVENUE, REGINA, SK S4S0P9",Address,Lakeview,REDACTED,Property Owner,"110-Single House, single detached home, bungalow, linked home (linked at the foundation), single family dwelling"
PRAD202502428,Addition,2025-10-21 00:00:00,Commercial,Addition to existing building commercial & residential,11400000,0,2,,"1155 PARK STREET, REGINA, SK S4N4Y8",Address,Industrial Ross,PTI REAL ESTATE CORPORATION,Property Owner,"520-Office building; consultant’s office, doctor’s office, insurance company, bank, taxi stand, office/cafeteria, office/smoke shop"
PRBS202503009,Basement Development,2025-10-21 00:00:00,Residential,Alteration and improvements,10000,0,0,,"5201 E ARENS ROAD, Unit:30, REGINA, SK S4V4A8",Address,The Towns,REDACTED,Property Owner,335-Row House - Condominium
PRDK202502986,Deck/Sunroom,2025-10-21 00:00:00,Residential,Alteration and improvements,3000,0,0,,"3411 WASCANA STREET, REGINA, SK S4S2H2",Address,Lakeview South,REDACTED,Property Owner,"110-Single House, single detached home, bungalow, linked home (linked at the foundation), single family dwelling"
PRFR202502935,Foundation Repair,2025-10-21 00:00:00,Residential,Alteration and improvements,40000,0,0,,"2822 23RD AVENUE, REGINA, SK S4S1E6",Address,Lakeview Centre,GCA CONSTRUCTION,Contractor,"110-Single House, single detached home, bungalow, linked home (linked at the foundation), single family dwelling"
PRRN202500661,Renovation/Alteration,2025-10-21 00:00:00,Commercial,Alteration and improvements,400000,0,0,,"4211 ALBERT STREET, REGINA, SK S4S3R6",Address,Hillsdale,LEDCOR CONSTRUCTION LIMITED - MARK BEHRNS,Contractor,"522-Office complex; office/store, office/apartment"
PRRN202502908,Renovation/Alteration,2025-10-21 00:00:00,Commercial,Alteration and improvements,25000,0,1,,"1202 ST JOHN STREET, REGINA, SK S4R1R9",Address,Old 33,EXTOL DEVELOPMENTS - DEVON SCHOLLAR,Contractor,"460-Storage building; warehouse (for storage purposes only), industrial mall, grain elevator, locker rental, silo, quonset, refrigerated storage terminal"
PRSS202502825,Secondary Suite,2025-10-21 00:00:00,Residential,Alteration and improvements,50000,1,0,,"3099 TROMBLEY STREET, REGINA, SK S4V3V7",Address,The Towns,REDACTED,Property Owner,"330-Row House, garden home, town house, carriage home, quadrex"
PRAD202502617,Addition,2025-10-22 00:00:00,Residential,Garage/Carport/Accessory Structure,10000,0,0,,"39 MCNAUGHTON AVENUE, REGINA, SK S4R4L9",Address,Regent Park,REDACTED,Property Owner,"110-Single House, single detached home, bungalow, linked home (linked at the foundation), single family dwelling"
PRBS202503011,Basement Development,2025-10-22 00:00:00,Residential,Alteration and improvements,18430,0,0,,"90 GROOME AVENUE, REGINA, SK S4S6S4",Address,Albert Park,TOUCHSTONE BOBCATING LTD.  (ENZO),Contractor,"110-Single House, single detached home, bungalow, linked home (linked at the foundation), single family dwelling"
PRFR202503018,Foundation Repair,2025-10-22 00:00:00,Residential,Alteration and improvements,7675,0,0,,"2232 E 7TH AVENUE, REGINA, SK S4N4S9",Address,Glencairn,AAA SOLID FOUNDATION,Contractor,"110-Single House, single detached home, bungalow, linked home (linked at the foundation), single family dwelling"
PRFR202503028,Foundation Repair,2025-10-22 00:00:00,Residential,Alteration and improvements,11300,0,0,,"136 N TORONTO STREET, REGINA, SK S4R2T3",Address,North Annex,AAA SOLID FOUNDATION,Contractor,"110-Single House, single detached home, bungalow, linked home (linked at the foundation), single family dwelling"
PRGA202502927,Garage/Carport,2025-10-22 00:00:00,Residential,Garage/Carport/Accessory Structure,9000,0,0,,"2820 WASCANA STREET, REGINA, SK S4S2G8",Address,Normandy Heights,REDACTED,Property Owner,"110-Single House, single detached home, bungalow, linked home (linked at the foundation), single family dwelling"
PRRN202502048,Renovation/Alteration,2025-10-22 00:00:00,Commercial,Alteration and improvements,333000,0,3,,"2630 6TH AVENUE N, REGINA, SK S4R0P2",Address,Coronation Park N.,BOULEVARD REAL ESTATE EQUITIES LTD.,Property Owner,315-Apartment - Condominium
PRRN202502868,Renovation/Alteration,2025-10-22 00:00:00,Residential,Alteration and improvements,6000,0,0,,"2069 CAMERON STREET, REGINA, SK S4T2V4",Address,Old 33,REDACTED,Property Owner,"310-Apartment, apartment building, duplex, triplex, quadruple"
PRRN202502916,Renovation/Alteration,2025-10-22 00:00:00,Residential,Alteration and improvements,3000,0,0,,"1440 ROBINSON STREET, REGINA, SK S4T2N6",Address,Old 33,REDACTED,Property Owner,"110-Single House, single detached home, bungalow, linked home (linked at the foundation), single family dwelling"
PRSF202502228,Single/Semi-Detached Dwelling 1-2 units,2025-10-22 00:00:00,Residential,New construction,250000,1,2,,"4047 WATERER STREET, REGINA, SK S4W0N2",Address,Harbour Landing,CRAWFORD HOMES (EBUILD),Contractor,"110-Single House, single detached home, bungalow, linked home (linked at the foundation), single family dwelling"
PRSF202502307,Single/Semi-Detached Dwelling 1-2 units,2025-10-22 00:00:00,Residential,New construction,250000,1,2,,"2980 KAUFMAN WAY, REGINA, SK S4V3Z5",Address,The Towns,CRAWFORD HOMES (1991) LTD.,Contractor,"110-Single House, single detached home, bungalow, linked home (linked at the foundation), single family dwelling"
PRSS202502887,Secondary Suite,2025-10-22 00:00:00,Residential,Alteration and improvements,50000,1,0,,"3307 6TH AVENUE N, REGINA, SK S4R0P7",Address,Coronation Park N.,REDACTED,Property Owner,"110-Single House, single detached home, bungalow, linked home (linked at the foundation), single family dwelling"
PRBS202503033,Basement Development,2025-10-23 00:00:00,Residential,Alteration and improvements,54000,0,0,,"3601 GREEN MARSH CRESCENT, Unit:102, REGINA, SK S4V4C9",Address,The Greens on Gardiner,NORTH RIDGE DEVELOPMENT CORPORATION,Contractor,335-Row House - Condominium
PRFR202502966,Foundation Repair,2025-10-23 00:00:00,Residential,Alteration and improvements,15000,0,0,,"858 N WOROBETZ CRESCENT, REGINA, SK S4X2C3",Address,Sherwood Estates,REDACTED,Property Owner,"110-Single House, single detached home, bungalow, linked home (linked at the foundation), single family dwelling"
PRGA202502925,Garage/Carport,2025-10-23 00:00:00,Residential,Garage/Carport/Accessory Structure,20000,0,0,,"3087 TROMBLEY STREET, REGINA, SK S4V3V7 | 3091 TROMBLEY STREET, REGINA, SK S4V3V7",Address,The Towns,REDACTED,Property Owner,"330-Row House, garden home, town house, carriage home, quadrex"
PRMU202502208,Multi-Unit Dwelling 3+ Units,2025-10-23 00:00:00,Residential,New construction,1490000,8,3,,"6302 DEWALT AVENUE, REGINA, SK S4X0J2",Address,Skyview,SEYMOUR PACIFIC DEVELOPMENTS LTD.,Contractor,"310-Apartment, apartment building, duplex, triplex, quadruple"
PRRN202501789,Renovation/Alteration,2025-10-23 00:00:00,Institutional,Alteration and improvements,75000,0,0,,"1021 N MCCARTHY BOULEVARD, REGINA, SK S4X3P9",Address,Garden Ridge,ARCHIEPISCOPAL CORPORATION OF REGINA,Property Owner,"660-Religious building; church, cathedral, temple, citadel, synagogue"
PRRN202502491,Renovation/Alteration,2025-10-23 00:00:00,Industrial,Alteration and improvements,289386,0,1,,"225 E 6TH AVENUE, REGINA, SK S4N6A6",Address,Industrial Ross,CROWN SHRED & RECYCLING INC.,Property Owner,"460-Storage building; warehouse (for storage purposes only), industrial mall, grain elevator, locker rental, silo, quonset, refrigerated storage terminal"
PRRN202502717,Renovation/Alteration,2025-10-23 00:00:00,Commercial,Alteration and improvements,45587.8,0,3,,"75 MICHENER DRIVE, REGINA, SK S4V0L1",Address,University Park,KS SUNRISE VILLAGE HOLDINGS INC.,Property Owner,315-Apartment - Condominium
PRSF202502989,Single/Semi-Detached Dwelling 1-2 units,2025-10-23 00:00:00,Residential,New construction,400000,1,2,,"3232 FAVEL DRIVE, REGINA, SK S4V4B3",Address,The Towns,PACESETTER NEW HOMES LTD.,Contractor,"110-Single House, single detached home, bungalow, linked home (linked at the foundation), single family dwelling"
PRBS202502961,Basement Development,2025-10-24 00:00:00,Residential,Alteration and improvements,12000,0,0,,"4425 NICURITY DRIVE, Unit:15, REGINA, SK S4X0E6",Address,Lakeridge,REDACTED,Property Owner,335-Row House - Condominium
PRFR202503031,Foundation Repair,2025-10-24 00:00:00,Residential,Alteration and improvements,10000,0,0,,"3311 ROBINSON STREET, REGINA, SK S4S1V9",Address,Lakeview Centre,MASICK CONSTRUCTION,Contractor,"110-Single House, single detached home, bungalow, linked home (linked at the foundation), single family dwelling"
PRFR202503043,Foundation Repair,2025-10-24 00:00:00,Residential,Alteration and improvements,5650,0,0,,"2831 E MORE CRESCENT, REGINA, SK S4V0T4",Address,Wood Meadows,AAA SOLID FOUNDATION,Contractor,"110-Single House, single detached home, bungalow, linked home (linked at the foundation), single family dwelling"
PRGA202502889,Garage/Carport,2025-10-24 00:00:00,Residential,Garage/Carport/Accessory Structure,30000,0,0,,"1012 CAMPBELL STREET, REGINA, SK S4T5P4",Address,Mount Royal,PIE FOUNDATIONS - TRENT TOMYN,Contractor,"110-Single House, single detached home, bungalow, linked home (linked at the foundation), single family dwelling"
PRRN202502396,Renovation/Alteration,2025-10-24 00:00:00,Commercial,Alteration and improvements,364000,0,2,,3900 CASTLE ROAD,Address,Whitmore Park,S & T PROPERTY MAINTENANCE - SEAN THOMSON,Contractor,335-Row House - Condominium
PRRN202502959,Renovation/Alteration,2025-10-24 00:00:00,Residential,Alteration and improvements,7000,0,0,,"17 FALCON BAY, REGINA, SK S4S4L7",Address,Whitmore Park,REDACTED,Property Owner,"110-Single House, single detached home, bungalow, linked home (linked at the foundation), single family dwelling"
PRRN202502963,Renovation/Alteration,2025-10-24 00:00:00,Residential,Alteration and improvements,50000,0,0,,"51 KNIGHT CRESCENT, REGINA, SK S4T6A8",Address,Pasqua Place,REDACTED,Property Owner,"110-Single House, single detached home, bungalow, linked home (linked at the foundation), single family dwelling"
PRSF202502858,Single/Semi-Detached Dwelling 1-2 units,2025-10-24 00:00:00,Residential,New construction,250000,1,2,,"1400 N KINGBIRD ROAD, REGINA, SK S4X0N6",Address,Kensington Greens,CRAWFORD HOMES (1991) LTD.,Contractor,"110-Single House, single detached home, bungalow, linked home (linked at the foundation), single family dwelling"
PRSF202502994,Single/Semi-Detached Dwelling 1-2 units,2025-10-24 00:00:00,Residential,New construction,300000,1,2,,"3132 GREEN TURTLE ROAD, REGINA, SK S4V4C5",Address,The Towns,PACESETTER NEW HOMES LTD.,Contractor,"110-Single House, single detached home, bungalow, linked home (linked at the foundation), single family dwelling"
PRSS202502802,Secondary Suite,2025-10-24 00:00:00,Residential,Alteration and improvements,50000,1,0,,"4044 DELHAYE WAY, REGINA, SK S4W0N3",Address,Harbour Landing,REDACTED,Property Owner,"110-Single House, single detached home, bungalow, linked home (linked at the foundation), single family dwelling"
PRSS202502846,Secondary Suite,2025-10-24 00:00:00,Residential,Alteration and improvements,30000,1,0,,"2937 GREEN STONE ROAD, REGINA, SK S4V3Z9",Address,The Towns,FIRST CALL CONSTRUCTION INC.,Contractor,"330-Row House, garden home, town house, carriage home, quadrex"
PRSS202502971,Secondary Suite,2025-10-24 00:00:00,Residential,Alteration and improvements,60000,1,0,,"3099 DUMONT WAY, REGINA, SK S4V3Z3",Address,The Towns,REDACTED,Property Owner,"110-Single House, single detached home, bungalow, linked home (linked at the foundation), single family dwelling"
PRDK202502988,Deck/Sunroom,2025-10-27 00:00:00,Residential,Alteration and improvements,9657,0,0,,"3104 COPELAND ROAD, REGINA, SK S4V3R9",Address,The Towns,REDACTED,Property Owner,"110-Single House, single detached home, bungalow, linked home (linked at the foundation), single family dwelling"
PRRN202502875,Renovation/Alteration,2025-10-27 00:00:00,Residential,Alteration and improvements,115355.64,0,0,,"2499 CROSS PLACE, REGINA, SK S4S4C8",Address,Hillsdale,ECKEL EXTERIORS - DON ECKEL,Contractor,"110-Single House, single detached home, bungalow, linked home (linked at the foundation), single family dwelling"
PRRN202502917,Renovation/Alteration,2025-10-27 00:00:00,Commercial,Alteration and improvements,400000,0,7,,"2055 ALBERT STREET, REGINA, SK S4P3G8",Address,Old 33,CREDIT UNION CENTRAL OF SASKATCHEWAN,Property Owner,"520-Office building; consultant’s office, doctor’s office, insurance company, bank, taxi stand, office/cafeteria, office/smoke shop"
PRRN202502938,Renovation/Alteration,2025-10-27 00:00:00,Industrial,Alteration and improvements,58225,0,1,,"1000 FLEURY STREET, REGINA, SK S4N4W8",Address,Industrial Ross,2083876 ALBERTA LTD.,Property Owner,"460-Storage building; warehouse (for storage purposes only), industrial mall, grain elevator, locker rental, silo, quonset, refrigerated storage terminal"
PRRN202502975,Renovation/Alteration,2025-10-27 00:00:00,Residential,Alteration and improvements,6000,0,0,,"3411 WASCANA STREET, REGINA, SK S4S2H2",Address,Lakeview South,REDACTED,Property Owner,"110-Single House, single detached home, bungalow, linked home (linked at the foundation), single family dwelling"
PRRN202503004,Renovation/Alteration,2025-10-27 00:00:00,Residential,Alteration and improvements,14983.34,0,0,,"5521 3RD AVENUE, REGINA, SK S4T0G4",Address,Rosemont North,REDACTED,Property Owner,"110-Single House, single detached home, bungalow, linked home (linked at the foundation), single family dwelling"
PRRN202503005,Renovation/Alteration,2025-10-27 00:00:00,Residential,Alteration and improvements,14800.74,0,0,,"1535 9TH AVENUE N, REGINA, SK S4R0E7",Address,Churchill Place,REDACTED,Property Owner,"110-Single House, single detached home, bungalow, linked home (linked at the foundation), single family dwelling"
PRRN202503014,Renovation/Alteration,2025-10-27 00:00:00,Residential,Alteration and improvements,8500,0,0,,"12079 WASCANA HEIGHTS, REGINA, SK S4V3C2",Address,Wascana View,REDACTED,Property Owner,"110-Single House, single detached home, bungalow, linked home (linked at the foundation), single family dwelling"
PRSF202502681,Single/Semi-Detached Dwelling 1-2 units,2025-10-27 00:00:00,Residential,New construction,642000,2,2,,"2667 MCDONALD STREET, REGINA, SK S4N2Z7",Address,Assiniboia  Place,TRADEMARK HOMES INC.,Contractor,"110-Single House, single detached home, bungalow, linked home (linked at the foundation), single family dwelling"
PRSF202502824,Single/Semi-Detached Dwelling 1-2 units,2025-10-27 00:00:00,Residential,New construction,511860,1,2,,"3901 GREEN DIAMOND ROAD, REGINA, SK S4V3T1",Address,The Greens on Gardiner,101301324 SASKATCHEWAN LTD.,Contractor,"110-Single House, single detached home, bungalow, linked home (linked at the foundation), single family dwelling"
PRSF202503002,Single/Semi-Detached Dwelling 1-2 units,2025-10-27 00:00:00,Residential,New construction,250000,2,2,,"5513 WATERER ROAD, REGINA, SK S4W0N2",Address,Harbour Landing,CRAWFORD HOMES (1991) LTD.,Contractor,"110-Single House, single detached home, bungalow, linked home (linked at the foundation), single family dwelling"
PRSS202502727,Secondary Suite,2025-10-27 00:00:00,Residential,Alteration and improvements,70000,1,0,,"2801 ROCHDALE BOULEVARD, REGINA, SK S4X0N1",Address,Hawkstone,VARSITY HOMES LTD.,Property Owner,"210-Semi-Detached or Double House, single attached home"
PRSS202502728,Secondary Suite,2025-10-27 00:00:00,Residential,Alteration and improvements,70000,1,0,,"2809 ROCHDALE BOULEVARD, REGINA, SK S4X0N1",Address,Hawkstone,VARSITY HOMES LTD.,Property Owner,"210-Semi-Detached or Double House, single attached home"
PRAH202502482,Alternative Family Care Home,2025-10-28 00:00:00,Residential,New construction,1200000,1,1,,"121 ST JOHN STREET, REGINA, SK S4R1P7",Address,North Annex,SASKATCHEWAN HOUSING CORPORATION,Property Owner,"110-Single House, single detached home, bungalow, linked home (linked at the foundation), single family dwelling"
PRBS202503024,Basement Development,2025-10-28 00:00:00,Residential,Alteration and improvements,21000,0,0,,"1251 ELLIOTT STREET, REGINA, SK S4N3G2",Address,Eastern Annex,REDACTED,Property Owner,"110-Single House, single detached home, bungalow, linked home (linked at the foundation), single family dwelling"
PRBS202503079,Basement Development,2025-10-28 00:00:00,Residential,Alteration and improvements,15400,0,0,,"4384 DELHAYE WAY, REGINA, SK S4W0P6",Address,Harbour Landing,REDACTED,Property Owner,"110-Single House, single detached home, bungalow, linked home (linked at the foundation), single family dwelling"
PRFR202503092,Foundation Repair,2025-10-28 00:00:00,Residential,Alteration and improvements,9800,0,0,,"2059 WASCANA GREENS, REGINA, SK S4V2M3",Address,Wascana View,AAA SOLID FOUNDATION,Contractor,"110-Single House, single detached home, bungalow, linked home (linked at the foundation), single family dwelling"
PRGA202502964,Garage/Carport,2025-10-28 00:00:00,Residential,Garage/Carport/Accessory Structure,25000,0,0,,"259 N ROSE STREET, REGINA, SK S4R2Y3",Address,Cityview,REDACTED,Property Owner,"110-Single House, single detached home, bungalow, linked home (linked at the foundation), single family dwelling"
PRMU202502166,Multi-Unit Dwelling 3+ Units,2025-10-28 00:00:00,Residential,New construction,1490000,8,3,,"6302 DEWALT AVENUE, REGINA, SK S4X0J2",Address,Skyview,SEYMOUR PACIFIC DEVELOPMENTS LTD.,Contractor,"330-Row House, garden home, town house, carriage home, quadrex"
PRRN202502987,Renovation/Alteration,2025-10-28 00:00:00,Institutional,Alteration and improvements,100000,0,0,,"2405 LEGISLATIVE DRIVE, REGINA, SK S4S0B3",Address,Wascana Park,CROWN IN RIGHT OF SASKATCHEWAN,Property Owner,"610-Government legislative and administration building other than office building; city hall, court of justice, embassy, parliament and senate building"
PRRN202503041,Renovation/Alteration,2025-10-28 00:00:00,Residential,Alteration and improvements,5000,0,0,,"1352 N MAPLE LEAF CRESCENT, REGINA, SK S4X4J4",Address,Maple Ridge,VICTOR CONSTRUCTION,Contractor,"110-Single House, single detached home, bungalow, linked home (linked at the foundation), single family dwelling"
PRSF202502136,Single/Semi-Detached Dwelling 1-2 units,2025-10-28 00:00:00,Residential,New construction,550000,2,2,,"1324 EMPRESS STREET, REGINA, SK S4T5E5",Address,Belvedere,ALAIR HOMES - 102126083 SASK LTD.,Contractor,"110-Single House, single detached home, bungalow, linked home (linked at the foundation), single family dwelling"
PRSF202502752,Single/Semi-Detached Dwelling 1-2 units,2025-10-28 00:00:00,Residential,New construction,250000,1,1,,"3008 KAUFMAN WAY, REGINA, SK S4V3Z5",Address,The Towns,CRAWFORD HOMES (1991) LTD.,Contractor,"110-Single House, single detached home, bungalow, linked home (linked at the foundation), single family dwelling"
PRSF202502762,Single/Semi-Detached Dwelling 1-2 units,2025-10-28 00:00:00,Residential,New construction,250000,1,2,,"3024 KAUFMAN WAY, REGINA, SK S4V3Z5",Address,The Towns,CRAWFORD HOMES (EBUILD),Contractor,"110-Single House, single detached home, bungalow, linked home (linked at the foundation), single family dwelling"
PRSF202502786,Single/Semi-Detached Dwelling 1-2 units,2025-10-28 00:00:00,Residential,New construction,425000,1,2,,3036 FAVEL DRIVE,Address,,HOMES BY DREAM,Contractor,"110-Single House, single detached home, bungalow, linked home (linked at the foundation), single family dwelling"
PRSF202502976,Single/Semi-Detached Dwelling 1-2 units,2025-10-28 00:00:00,Residential,New construction,320100,2,2,,"1717 MUSTARD STREET, REGINA, SK S4Y0G1 | 1721 MUSTARD STREET, REGINA, SK S4Y0G1",Address,Westerra,WESTERRA DEVELOPMENT CORP.,Property Owner,"210-Semi-Detached or Double House, single attached home"
PRSS202502405,Secondary Suite,2025-10-28 00:00:00,Residential,Alteration and improvements,40000,1,0,,"4672 FERNDALE CRESCENT, REGINA, SK S4V4A4",Address,The Towns,FIRST CALL CONSTRUCTION INC.,Contractor,"210-Semi-Detached or Double House, single attached home"
PRSS202503037,Secondary Suite,2025-10-28 00:00:00,Residential,Alteration and improvements,70000,1,0,,"2813 ROCHDALE BOULEVARD, REGINA, SK S4X0N1",Address,Hawkstone,VARSITY HOMES LTD.,Property Owner,"210-Semi-Detached or Double House, single attached home"
PRDE202503010,Demolition,2025-10-29 00:00:00,Residential,Demolition,1200,0,0,,"2111 OSLER STREET, REGINA, SK S4P1W7",Address,Old 33,REDACTED,Property Owner,"110-Single House, single detached home, bungalow, linked home (linked at the foundation), single family dwelling"
PRFR202503066,Foundation Repair,2025-10-29 00:00:00,Residential,Alteration and improvements,40000,0,0,,"3039 WHITMORE AVENUE, REGINA, SK S4S1B7",Address,,RAMJACK SASKATCHEWAN,Contractor,"110-Single House, single detached home, bungalow, linked home (linked at the foundation), single family dwelling"
PRFR202503096,Foundation Repair,2025-10-29 00:00:00,Residential,Alteration and improvements,9500,0,0,,"1122 BAYDA CRESCENT, REGINA, SK S4N6Y6",Address,Parkridge,STEVE PERLINGER - JS GROUP OF COMPANIES LTD.,Contractor,"110-Single House, single detached home, bungalow, linked home (linked at the foundation), single family dwelling"
PRMH202503111,Plumbing,2025-10-29 00:00:00,Residential,Mechanical,2620,0,0,,"2533 CORONATION STREET, REGINA, SK S4S0L1",Address,River Heights,REDACTED,Property Owner,"110-Single House, single detached home, bungalow, linked home (linked at the foundation), single family dwelling"
PRNR202502723,New Commercial,2025-10-29 00:00:00,Commercial,Foundation (new),300000,0,2,,"710 HONEYMAN BAY, REGINA, SK S4N4N7",Address,Industrial Ross,WESTRIDGE DEVELOPMENTS LTD.,Property Owner,"460-Storage building; warehouse (for storage purposes only), industrial mall, grain elevator, locker rental, silo, quonset, refrigerated storage terminal"
PRSF202502862,Single/Semi-Detached Dwelling 1-2 units,2025-10-29 00:00:00,Residential,New construction,416300,1,2,,"3165 FAVEL DRIVE, REGINA, SK S4V4C7",Address,The Towns,HOMES BY DREAM,Contractor,"110-Single House, single detached home, bungalow, linked home (linked at the foundation), single family dwelling"
PRSS202502734,Secondary Suite,2025-10-29 00:00:00,Residential,Alteration and improvements,60000,1,0,,"134 MCCARTHY BOULEVARD, REGINA, SK S4R6A6",Address,Normanview West,REDACTED,Property Owner,"110-Single House, single detached home, bungalow, linked home (linked at the foundation), single family dwelling"
PRSS202502744,Secondary Suite,2025-10-29 00:00:00,Residential,Alteration and improvements,35000,1,0,,"4708 E BUCKINGHAM DRIVE, REGINA, SK S4V3X8",Address,The Towns,REDACTED,Property Owner,"110-Single House, single detached home, bungalow, linked home (linked at the foundation), single family dwelling"
PRSS202502759,Secondary Suite,2025-10-29 00:00:00,Residential,Alteration and improvements,48840,1,0,,"3104 COPELAND ROAD, REGINA, SK S4V3R9",Address,The Towns,REDACTED,Property Owner,"110-Single House, single detached home, bungalow, linked home (linked at the foundation), single family dwelling"
PRSS202502819,Secondary Suite,2025-10-29 00:00:00,Residential,Alteration and improvements,50000,1,0,,"2900 WELBY WAY, REGINA, SK S4V4A4",Address,The Towns,LUCKY LINKS BUILDING SERVICES LTD. - LUCKY ALUGE,Contractor,"210-Semi-Detached or Double House, single attached home"
PRSS202502993,Secondary Suite,2025-10-29 00:00:00,Residential,Alteration and improvements,65000,1,0,,"2934 ROCHDALE BOULEVARD, REGINA, SK S4X0M6",Address,Hawkstone,REDACTED,Property Owner,"210-Semi-Detached or Double House, single attached home"
PRSS202503021,Secondary Suite,2025-10-29 00:00:00,Residential,Alteration and improvements,45500,1,0,,"3173 FAVEL DRIVE, REGINA, SK S4V4C7",Address,The Towns,LUCKY LINKS BUILDING SERVICES LTD. - LUCKY ALUGE,Contractor,"110-Single House, single detached home, bungalow, linked home (linked at the foundation), single family dwelling"
PRAD202502896,Addition,2025-10-30 00:00:00,Residential,Addition to existing building commercial & residential,285000,0,0,,"10 LANGLEY STREET, REGINA, SK S4S3V6",Address,Hillsdale,TECHNIQUE CONSTRUCTION,Contractor,"110-Single House, single detached home, bungalow, linked home (linked at the foundation), single family dwelling"
PRFR202502991,Foundation Repair,2025-10-30 00:00:00,Residential,Alteration and improvements,80000,0,0,,"47 KRIVEL CRESCENT, REGINA, SK S4R5C6",Address,Normanview,REDACTED,Property Owner,"110-Single House, single detached home, bungalow, linked home (linked at the foundation), single family dwelling"
PRFR202503050,Foundation Repair,2025-10-30 00:00:00,Residential,Alteration and improvements,51000,0,0,,"18 PROCTER PLACE, REGINA, SK S4S4G1",Address,Hillsdale,GCA CONSTRUCTION,Contractor,"110-Single House, single detached home, bungalow, linked home (linked at the foundation), single family dwelling"
PRFR202503103,Foundation Repair,2025-10-30 00:00:00,Residential,Alteration and improvements,29850,0,0,,"2932 COLLEGE AVENUE, REGINA, SK S4T1V3",Address,Old 33,AAA SOLID FOUNDATION,Contractor,"110-Single House, single detached home, bungalow, linked home (linked at the foundation), single family dwelling"
PRGA202502937,Garage/Carport,2025-10-30 00:00:00,Residential,Garage/Carport/Accessory Structure,38000,0,0,,"2331 GARNET STREET, REGINA, SK S4T3A3",Address,Old 33,SPLITTING TIMBER CUSTOM CARPENTRY - JUSTIN BUNKO,Contractor,"110-Single House, single detached home, bungalow, linked home (linked at the foundation), single family dwelling"
PRGA202503022,Garage/Carport,2025-10-30 00:00:00,Residential,Garage/Carport/Accessory Structure,18500,0,0,,"4716 E BUCKINGHAM DRIVE, REGINA, SK S4V3X8",Address,The Towns,REDACTED,Property Owner,"110-Single House, single detached home, bungalow, linked home (linked at the foundation), single family dwelling"
PRRN202503016,Renovation/Alteration,2025-10-30 00:00:00,Residential,Alteration and improvements,10000,0,0,,"345 N MCCARTHY BOULEVARD, REGINA, SK S4R5R3",Address,Normanview,TLJ HOMES LTD.,Property Owner,"110-Single House, single detached home, bungalow, linked home (linked at the foundation), single family dwelling"
PRRN202503044,Renovation/Alteration,2025-10-30 00:00:00,Residential,Alteration and improvements,2500,0,0,,"2656 ROTHWELL STREET, REGINA, SK S4N2E1",Address,Dominion Heights,HYBRID RENOVATIONS - JASON DAUM,Contractor,"110-Single House, single detached home, bungalow, linked home (linked at the foundation), single family dwelling"
PRSS202502904,Secondary Suite,2025-10-30 00:00:00,Residential,Alteration and improvements,60000,1,0,,"2908 WELBY WAY, REGINA, SK S4V4A4",Address,The Towns,REDACTED,Property Owner,"210-Semi-Detached or Double House, single attached home"
PRSS202502972,Secondary Suite,2025-10-30 00:00:00,Residential,Alteration and improvements,65000,1,0,,"3013 BELLEGARDE CRESCENT, REGINA, SK S4V3W3",Address,The Towns,REDACTED,Property Owner,"110-Single House, single detached home, bungalow, linked home (linked at the foundation), single family dwelling"
PRBS202503120,Basement Development,2025-10-31 00:00:00,Residential,Alteration and improvements,25000,0,0,,"3516 E CANTERBURY PLACE, REGINA, SK S4V2T4",Address,Windsor Park,REDACTED,Property Owner,"110-Single House, single detached home, bungalow, linked home (linked at the foundation), single family dwelling"
PRFR202503069,Foundation Repair,2025-10-31 00:00:00,Residential,Alteration and improvements,10000,0,0,,"45 STEWART AVENUE, REGINA, SK S4R4M5",Address,Regent Park,PREMIER CONSTRUCTION,Contractor,"110-Single House, single detached home, bungalow, linked home (linked at the foundation), single family dwelling"
PRFR202503109,Foundation Repair,2025-10-31 00:00:00,Residential,Alteration and improvements,2725,0,0,,"53 SPRUCEVIEW ROAD, REGINA, SK S4R0E1",Address,Uplands,AAA SOLID FOUNDATION,Contractor,"110-Single House, single detached home, bungalow, linked home (linked at the foundation), single family dwelling"
PRFR202503118,Foundation Repair,2025-10-31 00:00:00,Residential,Alteration and improvements,5000,0,0,,"3431 E KEEHR PLACE, REGINA, SK S4N7A6",Address,Parkridge,REDACTED,Property Owner,"110-Single House, single detached home, bungalow, linked home (linked at the foundation), single family dwelling"
PRGA202502536,Garage/Carport,2025-10-31 00:00:00,Residential,Garage/Carport/Accessory Structure,27500,0,0,,"3801 NORMANDY AVENUE, REGINA, SK S4S0Y2",Address,Normandy Heights,HANDYMAN HALL MAINTENANCE & REPAIR,Contractor,"110-Single House, single detached home, bungalow, linked home (linked at the foundation), single family dwelling"
PRGA202502753,Garage/Carport,2025-10-31 00:00:00,Residential,Garage/Carport/Accessory Structure,12000,0,0,,"2716 24TH AVENUE, REGINA, SK S4S1J5",Address,Lakeview Place,REDACTED,Property Owner,"110-Single House, single detached home, bungalow, linked home (linked at the foundation), single family dwelling"
PRSF202503057,Single/Semi-Detached Dwelling 1-2 units,2025-10-31 00:00:00,Residential,New construction,182710,1,2,,"3028 DUMONT WAY, REGINA, SK S4V4E4",Address,The Towns,ROHIT COMMUNITIES,Contractor,"110-Single House, single detached home, bungalow, linked home (linked at the foundation), single family dwelling"
PRBS202502256,Basement Development,2025-11-03 00:00:00,Residential,Alteration and improvements,21000,0,0,,"2926 BELLEGARDE CRESCENT, REGINA, SK S4V3W5",Address,The Towns,REDACTED,Property Owner,"110-Single House, single detached home, bungalow, linked home (linked at the foundation), single family dwelling"
PRBS202502788,Basement Development,2025-11-03 00:00:00,Residential,Alteration and improvements,50000,0,0,,"2300 MCARA STREET, REGINA, SK S4N2W3",Address,Broders Annex,PLETCO HOME RENOVATIONS - KEVIN PLETTENBERG,Contractor,"110-Single House, single detached home, bungalow, linked home (linked at the foundation), single family dwelling"
PRDE202502131,Demolition,2025-11-03 00:00:00,Commercial,Demolition,100000,0,0,,"2526 11TH AVENUE, REGINA, SK S4P0K5",Address,Old 33,DOWNTOWN INVESTMENT  CORPORATION,Property Owner,"522-Office complex; office/store, office/apartment"
PRDK202502590,Deck/Sunroom,2025-11-03 00:00:00,Residential,Alteration and improvements,55000,0,0,,"6927 MAPLE BROOK CRESCENT, REGINA, SK S4X4J2",Address,Maple Ridge,TIMBERWORKS CONSTRUCTION/ GARRETT SELINGER,Contractor,"110-Single House, single detached home, bungalow, linked home (linked at the foundation), single family dwelling"
PRFR202503086,Foundation Repair,2025-11-03 00:00:00,Residential,Alteration and improvements,5500,0,0,,"843 N HAYWORTH CRESCENT, REGINA, SK S4X1X8",Address,Sherwood Estates,REDACTED,Property Owner,"110-Single House, single detached home, bungalow, linked home (linked at the foundation), single family dwelling"
PRMH202502497,Plumbing,2025-11-03 00:00:00,Residential,Mechanical,3540,0,0,,"2427 E GLAMIS PLACE, REGINA, SK S4V1A5",Address,University Park East,LOGIC RENOVATIONS & CONTRACTING,Contractor,"110-Single House, single detached home, bungalow, linked home (linked at the foundation), single family dwelling"
PRRN202502939,Renovation/Alteration,2025-11-03 00:00:00,Commercial,Alteration and improvements,102000,0,1,,"5050 4TH AVENUE, REGINA, SK S4T0J6",Address,Rosemont North,J.M. INVESTMENTS LTD.,Property Owner,"512-Retail complex; plaza, mall, shopping centre, store/office building"
PRRN202503070,Renovation/Alteration,2025-11-03 00:00:00,Residential,Alteration and improvements,50,0,0,,"17 CLELAND STREET, REGINA, SK S4R4G1",Address,Coronation Park N.,REDACTED,Property Owner,"110-Single House, single detached home, bungalow, linked home (linked at the foundation), single family dwelling"
PRRN202503082,Renovation/Alteration,2025-11-03 00:00:00,Residential,Alteration and improvements,10000,0,0,,"2261 KING STREET, REGINA, SK S4T4H2",Address,Old 33,REDACTED,Property Owner,"110-Single House, single detached home, bungalow, linked home (linked at the foundation), single family dwelling"
PRSF202502891,Single/Semi-Detached Dwelling 1-2 units,2025-11-03 00:00:00,Residential,New construction,320650,2,2,,"1749 MUSTARD STREET, REGINA, SK S4Y0G1 | 1753 MUSTARD STREET, REGINA, SK S4Y0G1",Address,Westerra,WESTERRA DEVELOPMENT CORP.,Property Owner,"210-Semi-Detached or Double House, single attached home"
PRSF202502980,Single/Semi-Detached Dwelling 1-2 units,2025-11-03 00:00:00,Residential,New construction,250000,1,2,,"2971 KAUFMAN WAY, REGINA, SK S4V3Z5",Address,The Towns,CRAWFORD HOMES (1991) LTD.,Contractor,"110-Single House, single detached home, bungalow, linked home (linked at the foundation), single family dwelling"
PRSS202503030,Secondary Suite,2025-11-03 00:00:00,Residential,Alteration and improvements,60000,1,0,,"2916 WELBY WAY, REGINA, SK S4V4A4",Address,The Towns,GREEN STONE RENOVATIONS LTD,Contractor,"210-Semi-Detached or Double House, single attached home"
PRAD202502826,Addition,2025-11-04 00:00:00,Residential,Addition to existing building commercial & residential,14000,0,0,,"1461 MINTO STREET, REGINA, SK S4T5J5",Address,Rosemont,REDACTED,Property Owner,"110-Single House, single detached home, bungalow, linked home (linked at the foundation), single family dwelling"
PRDE202501816,Demolition,2025-11-04 00:00:00,Residential,Demolition,0,0,0,,"1027 RAE STREET, REGINA, SK S4T2B7",Address,Old 33,REDACTED,Property Owner,"110-Single House, single detached home, bungalow, linked home (linked at the foundation), single family dwelling"
PRFR202503012,Foundation Repair,2025-11-04 00:00:00,Residential,Alteration and improvements,15000,0,0,,"79 SIBBALD CRESCENT, REGINA, SK S4T7L6",Address,Mount Royal,COLOSSAL CONSTRUCTION INC. - DARCY ROGALSKI,Contractor,"110-Single House, single detached home, bungalow, linked home (linked at the foundation), single family dwelling"
PRFR202503125,Foundation Repair,2025-11-04 00:00:00,Residential,Alteration and improvements,10000,0,0,,"3210 MARGARET ROAD, REGINA, SK S4V1G6",Address,University Park East,TECHNIQUE CONSTRUCTION INC. - KEVIN WASSILL,Contractor,"110-Single House, single detached home, bungalow, linked home (linked at the foundation), single family dwelling"
PRFR202503154,Foundation Repair,2025-11-04 00:00:00,Residential,Alteration and improvements,3770,0,0,,"7 MATHESON CRESCENT, REGINA, SK S4R5C3",Address,Normanview,AAA SOLID FOUNDATION,Contractor,"110-Single House, single detached home, bungalow, linked home (linked at the foundation), single family dwelling"
PRMH202503071,Plumbing,2025-11-04 00:00:00,Residential,Mechanical,25000,0,0,,"2865 MCDONALD STREET, REGINA, SK S4N3A1",Address,Assiniboia  Place,REDACTED,Property Owner,"110-Single House, single detached home, bungalow, linked home (linked at the foundation), single family dwelling"
PRRN202501282,Renovation/Alteration,2025-11-04 00:00:00,Residential,Alteration and improvements,2000,0,0,,"2809 MCDONALD STREET, REGINA, SK S4N3A1",Address,Assiniboia  Place,NORD WEST STUCCO LTD.,Property Owner,"110-Single House, single detached home, bungalow, linked home (linked at the foundation), single family dwelling"
PRRN202502857,Renovation/Alteration,2025-11-04 00:00:00,Commercial,Alteration and improvements,103608,0,0,,"1000 FLEURY STREET, REGINA, SK S4N4W8",Address,Industrial Ross,2083876 ALBERTA LTD.,Property Owner,"460-Storage building; warehouse (for storage purposes only), industrial mall, grain elevator, locker rental, silo, quonset, refrigerated storage terminal"
PRSF202503075,Single/Semi-Detached Dwelling 1-2 units,2025-11-04 00:00:00,Residential,New construction,173800,1,2,,"3024 DUMONT WAY, REGINA, SK S4V4E4",Address,The Towns,CITY OF REGINA,Property Owner,"110-Single House, single detached home, bungalow, linked home (linked at the foundation), single family dwelling"
PRSS202502841,Secondary Suite,2025-11-04 00:00:00,Residential,Alteration and improvements,50000,1,0,,"3902 GREEN DIAMOND ROAD, REGINA, SK S4V3T3",Address,The Greens on Gardiner,REDACTED,Property Owner,335-Row House - Condominium
PRBS202503145,Basement Development,2025-11-05 00:00:00,Residential,Alteration and improvements,30000,0,0,,"3618 MCCALLUM AVENUE, REGINA, SK S4S0S5",Address,Lakeview A,CREEK CONSTRUCTION,Contractor,"110-Single House, single detached home, bungalow, linked home (linked at the foundation), single family dwelling"
PRDE202503032,Demolition,2025-11-05 00:00:00,Residential,Demolition,27000,0,0,1,"1932 HALIFAX STREET, REGINA, SK S4P1T5",Address,Old 33,PROWESS CONSTRUCTION INC - ADRIAN MWELWA,Contractor,"110-Single House, single detached home, bungalow, linked home (linked at the foundation), single family dwelling"
PRFR202503153,Foundation Repair,2025-11-05 00:00:00,Residential,Alteration and improvements,6325,0,0,,"427 ROYAL STREET, REGINA, SK S4R4Y5",Address,Industrial Centre,AAA SOLID FOUNDATION,Contractor,"210-Semi-Detached or Double House, single attached home"
PRMH202503147,Plumbing,2025-11-05 00:00:00,Commercial,Mechanical,37945.2,0,0,,"2915 13TH AVENUE, REGINA, SK S4T1N8",Address,Old 33,CROMBIE FC PROPERTIES LIMITED,Property Owner,"510-Retail and wholesale outlets; retail outlet, department store, photographic studio, rental service, beauty salon, hairdressing salon, lumber yard, dry cleaner, laundromat"
PRRN202503026,Renovation/Alteration,2025-11-05 00:00:00,Residential,Alteration and improvements,10000,0,0,,"19 LINCOLN DRIVE, REGINA, SK S4S2V7",Address,Albert Park,REDACTED,Property Owner,"110-Single House, single detached home, bungalow, linked home (linked at the foundation), single family dwelling"
PRRN202503110,Renovation/Alteration,2025-11-05 00:00:00,Residential,Alteration and improvements,30000,0,0,,"186 N QUEBEC STREET, REGINA, SK S4R2S1",Address,North Annex,REDACTED,Property Owner,"110-Single House, single detached home, bungalow, linked home (linked at the foundation), single family dwelling"
PRSF202503078,Single/Semi-Detached Dwelling 1-2 units,2025-11-05 00:00:00,Residential,New construction,173800,1,2,,"3032 DUMONT WAY, REGINA, SK S4V4E4",Address,The Towns,ROHIT COMMUNITIES INC.,Contractor,"110-Single House, single detached home, bungalow, linked home (linked at the foundation), single family dwelling"
PRSF202503098,Single/Semi-Detached Dwelling 1-2 units,2025-11-05 00:00:00,Residential,New construction,650000,1,2,,"4106 FIELDSTONE WAY, REGINA, SK S4V3V3",Address,The Creeks,VARSITY HOMES LTD.,Property Owner,"110-Single House, single detached home, bungalow, linked home (linked at the foundation), single family dwelling"
PRSF202503101,Single/Semi-Detached Dwelling 1-2 units,2025-11-05 00:00:00,Residential,New construction,182710,1,2,,"3020 DUMONT WAY, REGINA, SK S4V4E4",Address,The Towns,ROHIT COMMUNITIES INC.,Contractor,"110-Single House, single detached home, bungalow, linked home (linked at the foundation), single family dwelling"
PRSS202502808,Secondary Suite,2025-11-05 00:00:00,Residential,Alteration and improvements,55000,1,0,,"5309 E NICHOLSON AVENUE, REGINA, SK S4V4B3",Address,The Towns,PROWESS CONSTRUCTION INC - ADRIAN MWELWA,Contractor,"110-Single House, single detached home, bungalow, linked home (linked at the foundation), single family dwelling"
PRNR202502545,New Commercial,2025-11-06 00:00:00,Commercial,New construction,3200000,0,1,,"4580 PARLIAMENT AVENUE, REGINA, SK S4W0T7",Address,Harbour Landing,CALIBER CONSTRUCTION GROUP INC. - CURTIS BUHAY,Contractor,"572-Service station, repair garage and specialty shop; gasoline station, service station/car wash, muffler shop, transmission shop, service station/garage"
PRNR202502546,New Commercial,2025-11-06 00:00:00,Commercial,New construction,2900000,0,1,,"4580 PARLIAMENT AVENUE, REGINA, SK S4W0T7",Address,Harbour Landing,SHERWOOD CO-OPERATIVE ASSOCIATION LIMITED,Property Owner,"572-Service station, repair garage and specialty shop; gasoline station, service station/car wash, muffler shop, transmission shop, service station/garage"
PRRN202502199,Renovation/Alteration,2025-11-06 00:00:00,Industrial,Alteration and improvements,120000,0,0,,"110 KRESS STREET, REGINA, SK S4N5Y3",Address,Industrial Ross,CUMMINS CANADA ULC,Property Owner,"460-Storage building; warehouse (for storage purposes only), industrial mall, grain elevator, locker rental, silo, quonset, refrigerated storage terminal"
PRSF202502680,Single/Semi-Detached Dwelling 1-2 units,2025-11-06 00:00:00,Residential,New construction,300000,1,1,,"1168 LINDSAY STREET, REGINA, SK S4N3B1",Address,Eastern Annex,REDACTED,Property Owner,"110-Single House, single detached home, bungalow, linked home (linked at the foundation), single family dwelling"
PRSF202503055,Single/Semi-Detached Dwelling 1-2 units,2025-11-06 00:00:00,Residential,New construction,163240,1,2,,"1749 WEST MARKET STREET, REGINA, SK S4Y0G2",Address,Westerra,ROHIT COMMUNITIES,Contractor,"110-Single House, single detached home, bungalow, linked home (linked at the foundation), single family dwelling"
PRSF202503056,Single/Semi-Detached Dwelling 1-2 units,2025-11-06 00:00:00,Residential,New construction,163240,1,2,,"1753 WEST MARKET STREET, REGINA, SK S4Y0G2",Address,Westerra,ROHIT COMMUNITIES,Contractor,"110-Single House, single detached home, bungalow, linked home (linked at the foundation), single family dwelling"
PRDE202503133,Demolition,2025-11-07 00:00:00,Residential,Demolition,0,0,0,1,"1138 ATKINSON STREET, REGINA, SK S4N3V4",Address,Eastern Annex,HIBBERT HOMES & RENOVATIONS INC.,Property Owner,"110-Single House, single detached home, bungalow, linked home (linked at the foundation), single family dwelling"
PRGA202502756,Garage/Carport,2025-11-07 00:00:00,Residential,Garage/Carport/Accessory Structure,15000,0,0,,"1785 WEST MARKET STREET, REGINA, SK S4Y0G2",Address,Westerra,REILLYS CONSTRUCTION LTD.,Contractor,"110-Single House, single detached home, bungalow, linked home (linked at the foundation), single family dwelling"
PRMU202501406,Multi-Unit Dwelling 3+ Units,2025-11-07 00:00:00,Commercial,Superstructure or part of new building,9802503.5,49,6,,"1222 15TH AVENUE, REGINA, SK S4P0Y7",Address,Old 33,102158460 SASKATCHEWAN LTD.,Property Owner,315-Apartment - Condominium
PRRN202502429,Renovation/Alteration,2025-11-07 00:00:00,Commercial,Alteration and improvements,200000,0,2,,"2810 DEWDNEY AVENUE, REGINA, SK S4T0X7",Address,Old 33,MOUNTAIN OF FIRE AND MIRACLES MINISTRIES REGINA INC.,Property Owner,"660-Religious building; church, cathedral, temple, citadel, synagogue"
PRSS202502930,Secondary Suite,2025-11-07 00:00:00,Residential,Alteration and improvements,100000,1,0,,"1450 ARTHUR STREET, REGINA, SK S4T4W1",Address,Belvedere,REDACTED,Property Owner,"110-Single House, single detached home, bungalow, linked home (linked at the foundation), single family dwelling"
PRSS202503029,Secondary Suite,2025-11-07 00:00:00,Residential,Alteration and improvements,58000,1,0,,"3116 GREEN TURTLE ROAD, REGINA, SK S4V4C5",Address,The Towns,AMBER CONSTRUCTION LTD.,Contractor,"110-Single House, single detached home, bungalow, linked home (linked at the foundation), single family dwelling"
PRSF202502941,Single/Semi-Detached Dwelling 1-2 units,2025-11-07 00:00:00,Residential,New construction,330000,2,2,,"1142 N POLEY STREET, REGINA, SK S4X0K2",Address,Hawkstone,UNITED HOLDING INC.,Property Owner,"110-Single House, single detached home, bungalow, linked home (linked at the foundation), single family dwelling"
PRSF202503052,Single/Semi-Detached Dwelling 1-2 units,2025-11-07 00:00:00,Residential,New construction,160380,1,2,,"1741 WEST MARKET STREET, REGINA, SK S4Y0G2",Address,Westerra,ROHIT COMMUNITIES,Contractor,"110-Single House, single detached home, bungalow, linked home (linked at the foundation), single family dwelling"
PRSF202503053,Single/Semi-Detached Dwelling 1-2 units,2025-11-07 00:00:00,Residential,New construction,160380,1,0,,"1745 WEST MARKET STREET, REGINA, SK S4Y0G2",Address,Westerra,ROHIT COMMUNITIES,Contractor,"110-Single House, single detached home, bungalow, linked home (linked at the foundation), single family dwelling"
PRDK202502815,Deck/Sunroom,2025-11-10 00:00:00,Residential,Alteration and improvements,5000,0,0,,"1367 RETALLACK STREET, REGINA, SK S4T2J1",Address,Old 33,REDACTED,Property Owner,"110-Single House, single detached home, bungalow, linked home (linked at the foundation), single family dwelling"
PRRN202503144,Renovation/Alteration,2025-11-10 00:00:00,Residential,Alteration and improvements,3600,0,0,,"3144 GREEN TURTLE ROAD, REGINA, SK S4V4C5",Address,The Towns,TECHNIQUE CONSTRUCTION INC. - KEVIN WASSILL,Contractor,"110-Single House, single detached home, bungalow, linked home (linked at the foundation), single family dwelling"
PRFR202502884,Foundation Repair,2025-11-11 00:00:00,Residential,Alteration and improvements,20000,0,0,,"2959 KUTARNA CRESCENT, REGINA, SK S4V0T2",Address,Wood Meadows,RSR CONSTRUCTION - TERRY PAUN,Contractor,"110-Single House, single detached home, bungalow, linked home (linked at the foundation), single family dwelling"
PRFR202502990,Foundation Repair,2025-11-11 00:00:00,Residential,Alteration and improvements,60000,0,0,,"103 SUNSET DRIVE, REGINA, SK S4S5V7",Address,Albert Park,RSR CONSTRUCTION - TERRY PAUN,Contractor,"110-Single House, single detached home, bungalow, linked home (linked at the foundation), single family dwelling"
PRBS202503200,Basement Development,2025-11-12 00:00:00,Residential,Alteration and improvements,46831,0,0,,"8725 HINCKS LANE, REGINA, SK S4Y0B9",Address,Edgewater,HOPE CONSTRUCTION LTD.,Contractor,"110-Single House, single detached home, bungalow, linked home (linked at the foundation), single family dwelling"
PRDE202502757,Demolition,2025-11-12 00:00:00,Commercial,Demolition,10000,0,0,,"5048 SHERWOOD DRIVE, REGINA, SK S4R4C2",Address,Normanview,ISLAMIC SOCIETY OF REGINA,Property Owner,"660-Religious building; church, cathedral, temple, citadel, synagogue"
PRFR202503149,Foundation Repair,2025-11-12 00:00:00,Residential,Alteration and improvements,2000,0,0,,"732 EMPRESS STREET, REGINA, SK S4T5C8",Address,Rosemont North,REDACTED,Property Owner,"110-Single House, single detached home, bungalow, linked home (linked at the foundation), single family dwelling"
PRFR202503195,Foundation Repair,2025-11-12 00:00:00,Residential,Alteration and improvements,40000,0,0,,"1731 E HUNTER PLACE, REGINA, SK S4V0P3",Address,Gardiner Park,GCA CONSTRUCTION,Contractor,"110-Single House, single detached home, bungalow, linked home (linked at the foundation), single family dwelling"
PRGA202502561,Garage/Carport,2025-11-12 00:00:00,Residential,Garage/Carport/Accessory Structure,127000,0,0,,"1410 KENT STREET, REGINA, SK S4T6P6",Address,Mount Royal,HOPE CONSTRUCTION LTD.,Contractor,"110-Single House, single detached home, bungalow, linked home (linked at the foundation), single family dwelling"
PRGA202503126,Garage/Carport,2025-11-12 00:00:00,Residential,Garage/Carport/Accessory Structure,30000,0,0,,"2805 ROCHDALE BOULEVARD, REGINA, SK S4X0N1",Address,Hawkstone,VARSITY HOMES LTD.,Contractor,"210-Semi-Detached or Double House, single attached home"
PRGA202503129,Garage/Carport,2025-11-12 00:00:00,Residential,Garage/Carport/Accessory Structure,30000,0,0,,"2809 ROCHDALE BOULEVARD, REGINA, SK S4X0N1",Address,Hawkstone,VARSITY HOMES LTD.,Property Owner,"210-Semi-Detached or Double House, single attached home"
PRGA202503189,Garage/Carport,2025-11-12 00:00:00,Residential,Garage/Carport/Accessory Structure,15000,0,0,,"5321 E BUCKINGHAM DRIVE, REGINA, SK S4V4B6",Address,The Towns,REDACTED,Property Owner,"330-Row House, garden home, town house, carriage home, quadrex"
PRRN202502983,Renovation/Alteration,2025-11-12 00:00:00,Commercial,Alteration and improvements,19000,0,0,,"1510 12TH AVENUE, REGINA, SK S4P0L5",Address,Old 33,CARMICHAEL OUTREACH INC.,Property Owner,"650-Day care, nursing home, rest home, home for the blind, charitable home, detoxification center"
PRSS202503067,Secondary Suite,2025-11-12 00:00:00,Residential,Alteration and improvements,65350,1,0,,"3209 VALLEY GREEN ROAD, REGINA, SK S4V3R2",Address,The Towns,DHAMI CONSTRUCTION INC.,Contractor,"110-Single House, single detached home, bungalow, linked home (linked at the foundation), single family dwelling"
PRSS202503095,Secondary Suite,2025-11-12 00:00:00,Residential,Alteration and improvements,80000,1,0,,"2805 ROCHDALE BOULEVARD, REGINA, SK S4X0N1",Address,Hawkstone,VARSITY HOMES LTD. - JESSE LUKOWICH,Contractor,"210-Semi-Detached or Double House, single attached home"
PRSF202502977,Single/Semi-Detached Dwelling 1-2 units,2025-11-12 00:00:00,Residential,New construction,320100,2,2,,"1725 MUSTARD STREET, REGINA, SK S4Y0G1 | 1729 MUSTARD STREET, REGINA, SK S4Y0G1",Address,Westerra,WESTERRA DEVELOPMENT CORP.,Contractor,"210-Semi-Detached or Double House, single attached home"
PRSF202503065,Single/Semi-Detached Dwelling 1-2 units,2025-11-12 00:00:00,Residential,New construction,250000,1,2,,"1424 N KINGBIRD ROAD, REGINA, SK S4X0N6",Address,Kensington Greens,CRAWFORD HOMES (EBUILD),Contractor,"110-Single House, single detached home, bungalow, linked home (linked at the foundation), single family dwelling"
PRAH202503083,Alternative Family Care Home,2025-11-13 00:00:00,Residential,Alteration and improvements,4000,0,0,,"979 LINDSAY STREET, REGINA, SK S4N3A7",Address,Eastview,SAYLAH SUITES PROPERTY MANAGEMENT LTD.,Property Owner,"210-Semi-Detached or Double House, single attached home"
PRAH202503084,Alternative Family Care Home,2025-11-13 00:00:00,Residential,Alteration and improvements,4000,0,0,,"979 LINDSAY STREET, REGINA, SK S4N3A7",Address,Eastview,SAYLAH SUITES PROPERTY MANAGEMENT LTD.,Property Owner,"210-Semi-Detached or Double House, single attached home"
PRBS202503046,Basement Development,2025-11-13 00:00:00,Residential,Alteration and improvements,90000,0,0,,"4204 E GREEN APPLE DRIVE, REGINA, SK S4V1M6",Address,The Greens on Gardiner,GRASSHOPPER CONSTRUCTION  - JEFF HARTNELL,Contractor,"110-Single House, single detached home, bungalow, linked home (linked at the foundation), single family dwelling"
PRDE202502849,Demolition,2025-11-13 00:00:00,Residential,Demolition,$                 -,0,0,1,"3219 L'ARCHE CRESCENT, REGINA, SK S4S1M9",Address,Lakeview South,AUTHENTIC DEVELOPMENTS - JASON PIESINGER,Contractor,"110-Single House, single detached home, bungalow, linked home (linked at the foundation), single family dwelling"
PRDK202502940,Deck/Sunroom,2025-11-13 00:00:00,Residential,New construction,20000,0,0,,"5907 MALLARD WAY, REGINA, SK S4T7X6",Address,Mount Royal,ULTIMATE DECK SHOP,Contractor,"110-Single House, single detached home, bungalow, linked home (linked at the foundation), single family dwelling"
PRDK202503197,Deck/Sunroom,2025-11-13 00:00:00,Residential,Alteration and improvements,3200,0,0,,"8802 WHEAT CRESCENT, REGINA, SK S4Y0H5",Address,Westerra,COLBY KIRKPATRICK - PACESETTER HOMES,Contractor,"110-Single House, single detached home, bungalow, linked home (linked at the foundation), single family dwelling"
PRFR202503218,Foundation Repair,2025-11-13 00:00:00,Residential,Alteration and improvements,4000,0,0,,"1555 RETALLACK STREET, REGINA, SK S4T2J5",Address,Old 33,REDACTED,Property Owner,"110-Single House, single detached home, bungalow, linked home (linked at the foundation), single family dwelling"
PRFR202503226,Foundation Repair,2025-11-13 00:00:00,Residential,Alteration and improvements,4000,0,0,,"198 HANLEY CRESCENT, REGINA, SK S4R5B1",Address,Normanview,REDACTED,Property Owner,"110-Single House, single detached home, bungalow, linked home (linked at the foundation), single family dwelling"
PRRN202502954,Renovation/Alteration,2025-11-13 00:00:00,Commercial,Alteration and improvements,850000,0,1,,"3698 E VICTORIA AVENUE, REGINA, SK S4Z1A5",Address,Eastgate,3A HOLDINGS LTD.,Property Owner,"540-Restaurant, bar, tavern, night club, diner, donut shop"
PRRN202503034,Renovation/Alteration,2025-11-13 00:00:00,Institutional,Alteration and improvements,140000,0,0,,"5 RESEARCH DRIVE, REGINA, SK S4S0A4",Address,Wascana Park,SASKATCHEWAN OPPORTUNITIES CORPORATION,Property Owner,"580-Laboratory and research center; medical research center, industrial laboratory, observatory"
PRSS202502236,Secondary Suite,2025-11-13 00:00:00,Residential,Alteration and improvements,80076,1,0,,"119 STAPLEFORD CRESCENT, REGINA, SK S4R4S8",Address,Regent Park,KB BETTER CONSTRUCTION,Contractor,"110-Single House, single detached home, bungalow, linked home (linked at the foundation), single family dwelling"
PRSS202503122,Secondary Suite,2025-11-13 00:00:00,Residential,Alteration and improvements,60000,1,0,,"3017 GREEN STONE ROAD, REGINA, SK S4V3Z2",Address,The Towns,REDACTED,Property Owner,"110-Single House, single detached home, bungalow, linked home (linked at the foundation), single family dwelling"
PRBS202503238,Basement Development,2025-11-14 00:00:00,Residential,Alteration and improvements,25000,0,0,,"4032 E IRIS PLACE, REGINA, SK S4V3V4",Address,The Creeks,REDACTED,Property Owner,"110-Single House, single detached home, bungalow, linked home (linked at the foundation), single family dwelling"
PRDK202503203,Deck/Sunroom,2025-11-14 00:00:00,Residential,Alteration and improvements,20000,0,0,,"3024 ST JAMES CRESCENT, REGINA, SK S4V2Z2",Address,Windsor Park,CREEK CONSTRUCTION,Contractor,"110-Single House, single detached home, bungalow, linked home (linked at the foundation), single family dwelling"
PRDK202503204,Deck/Sunroom,2025-11-14 00:00:00,Residential,Alteration and improvements,10000,0,0,,"106 CLERMONT CRESCENT, REGINA, SK S4N4T4",Address,Glencairn,CREEK CONSTRUCTION,Contractor,"110-Single House, single detached home, bungalow, linked home (linked at the foundation), single family dwelling"
PRMU202502670,Multi-Unit Dwelling 3+ Units,2025-11-14 00:00:00,Residential,New construction,763800,3,2,,4973 PADWICK ROAD | 4977 PADWICK ROAD | 4981 PADWICK ROAD,Address,Harbour Landing,NORTH RIDGE DEVELOPMENT CORPORATION,Contractor,"330-Row House, garden home, town house, carriage home, quadrex"
PRRN202502898,Renovation/Alteration,2025-11-14 00:00:00,Commercial,Alteration and improvements,10000,0,1,,"3970 ALBERT STREET, REGINA, SK S4S3R1",Address,Parliament Place,GENE`S LTD.,Property Owner,"512-Retail complex; plaza, mall, shopping centre, store/office building"
PRRN202503015,Renovation/Alteration,2025-11-14 00:00:00,Commercial,Alteration and improvements,3664148,0,3,,"1901 SCARTH STREET, REGINA, SK S4P4L4",Address,Old 33,PCL CONSTRUCTION - MICHELLE MCKENNA,Contractor,"520-Office building; consultant’s office, doctor’s office, insurance company, bank, taxi stand, office/cafeteria, office/smoke shop"
PRSS202503035,Secondary Suite,2025-11-14 00:00:00,Residential,Alteration and improvements,65000,1,0,,"5643 VEDETTE ROAD, REGINA, SK S4W0P8",Address,Harbour Landing,REDACTED,Property Owner,"110-Single House, single detached home, bungalow, linked home (linked at the foundation), single family dwelling"
PRBS202503140,Basement Development,2025-11-17 00:00:00,Residential,Alteration and improvements,20000,0,0,,"5242 AERODROME ROAD, Unit:61, REGINA, SK S4W0H7",Address,Harbour Landing,REDACTED,Property Owner,335-Row House - Condominium
PRFR202503219,Foundation Repair,2025-11-17 00:00:00,Residential,Alteration and improvements,2000,0,0,,"4004 REGINA AVENUE, REGINA, SK S4S0H9",Address,River Heights,HUSSAIN FOUNDATION REPAIR LIMITED,Contractor,"110-Single House, single detached home, bungalow, linked home (linked at the foundation), single family dwelling"
PRFR202503234,Foundation Repair,2025-11-17 00:00:00,Residential,Alteration and improvements,20000,0,0,,"2219 E DEWDNEY AVENUE, REGINA, SK S4N4C4",Address,Glencairn,RSR CONSTRUCTION LTD.,Contractor,"110-Single House, single detached home, bungalow, linked home (linked at the foundation), single family dwelling"
PRFR202503250,Foundation Repair,2025-11-17 00:00:00,Residential,Alteration and improvements,11420,0,0,,"950 LINDSAY STREET, REGINA, SK S4N3A6",Address,Eastview,REDACTED,Property Owner,"110-Single House, single detached home, bungalow, linked home (linked at the foundation), single family dwelling"
PRGA202503060,Garage/Carport,2025-11-17 00:00:00,Residential,Garage/Carport/Accessory Structure,10000,0,0,,"212 N LORNE STREET, REGINA, SK S4R3A9",Address,Cityview,REDACTED,Property Owner,"110-Single House, single detached home, bungalow, linked home (linked at the foundation), single family dwelling"
PRRN202503182,Renovation/Alteration,2025-11-17 00:00:00,Residential,Alteration and improvements,50000,0,0,,"4624 MCTAVISH STREET, REGINA, SK S4S3N2",Address,Albert Park,AAA SOLID FOUNDATION,Contractor,"110-Single House, single detached home, bungalow, linked home (linked at the foundation), single family dwelling"
PRSF202502978,Single/Semi-Detached Dwelling 1-2 units,2025-11-17 00:00:00,Residential,New construction,320100,2,2,,"1781 MUSTARD STREET, REGINA, SK S4Y0G1 | 1785 MUSTARD STREET, REGINA, SK S4Y0G1",Address,Westerra,WESTERRA DEVELOPMENT CORP.,Property Owner,"210-Semi-Detached or Double House, single attached home"
PRAH202502979,Alternative Family Care Home,2025-11-18 00:00:00,Commercial,Alteration and improvements,5000,0,1,,"2821 23RD AVENUE, REGINA, SK S4S1E7",Address,Lakeview Centre,REDACTED,Property Owner,"110-Single House, single detached home, bungalow, linked home (linked at the foundation), single family dwelling"
PRDK202502498,Deck/Sunroom,2025-11-18 00:00:00,Residential,Alteration and improvements,1000,0,0,,"3608 GREEN MOSS LANE, REGINA, SK S4V1M2",Address,The Greens on Gardiner,REDACTED,Property Owner,"110-Single House, single detached home, bungalow, linked home (linked at the foundation), single family dwelling"
PRFR202503275,Foundation Repair,2025-11-18 00:00:00,Residential,Alteration and improvements,8700,0,0,,"68 ATCHISON CRESCENT, REGINA, SK S4R5J9",Address,Normanview,TRIPLE R CONCRETE CUTTING,Contractor,"110-Single House, single detached home, bungalow, linked home (linked at the foundation), single family dwelling"
PRFR202503279,Foundation Repair,2025-11-18 00:00:00,Residential,Alteration and improvements,5000,0,0,,"5003 MCKINLEY AVENUE, REGINA, SK S4T7L2",Address,Rosemont North,COLOSSAL FOUNDATION REPAIR INC,Contractor,"110-Single House, single detached home, bungalow, linked home (linked at the foundation), single family dwelling"
PRGA202502943,Garage/Carport,2025-11-18 00:00:00,Residential,Garage/Carport/Accessory Structure,7800,0,0,,"451 YORK STREET, REGINA, SK S4R4W7",Address,Industrial Centre,REDACTED,Property Owner,"110-Single House, single detached home, bungalow, linked home (linked at the foundation), single family dwelling"
PRGA202503235,Garage/Carport,2025-11-18 00:00:00,Residential,Garage/Carport/Accessory Structure,30000,0,0,,"2813 ROCHDALE BOULEVARD, REGINA, SK S4X0N1",Address,Hawkstone,VARSITY HOMES LTD.,Contractor,"110-Single House, single detached home, bungalow, linked home (linked at the foundation), single family dwelling"
PRRN202503135,Renovation/Alteration,2025-11-18 00:00:00,Commercial,Alteration and improvements,150000,0,1,,"4440 ALBERT STREET, REGINA, SK S4S6B4",Address,Albert Park,AVISH CONSTRUCTION,Contractor,"540-Restaurant, bar, tavern, night club, diner, donut shop"
PRRN202503148,Renovation/Alteration,2025-11-18 00:00:00,Residential,Alteration and improvements,40000,0,0,,"732 EMPRESS STREET, REGINA, SK S4T5C8",Address,Rosemont North,REDACTED,Property Owner,"110-Single House, single detached home, bungalow, linked home (linked at the foundation), single family dwelling"
PRRN202503166,Renovation/Alteration,2025-11-18 00:00:00,Residential,Alteration and improvements,35100,0,0,,"2254 WASCANA GREENS, REGINA, SK S4V2M3",Address,Wascana View,AL SCHICK CONSTRUCTION LTD.,Contractor,"110-Single House, single detached home, bungalow, linked home (linked at the foundation), single family dwelling"
PRRN202503184,Renovation/Alteration,2025-11-18 00:00:00,Commercial,Mechanical,130000,0,0,,"1870 ALBERT STREET, REGINA, SK S4P4B7",Address,Old 33,VIPOND FIRE PROTECTION LIMITED,Contractor,"520-Office building; consultant’s office, doctor’s office, insurance company, bank, taxi stand, office/cafeteria, office/smoke shop"
PRSS202503164,Secondary Suite,2025-11-18 00:00:00,Residential,Alteration and improvements,55500,1,0,,"3161 GREEN TURTLE ROAD, REGINA, SK S4V4C5",Address,The Towns,LUCKY LINKS BUILDING SERVICES LTD. - LUCKY ALUGE,Contractor,"110-Single House, single detached home, bungalow, linked home (linked at the foundation), single family dwelling"
PRBS202503163,Basement Development,2025-11-19 00:00:00,Residential,Alteration and improvements,44000,0,0,,"3601 GREEN MARSH CRESCENT, REGINA, SK S4V4C9",Address,The Greens on Gardiner,NORTH RIDGE DEVELOPMENT CORPORATION,Contractor,335-Row House - Condominium
PRBS202503247,Basement Development,2025-11-19 00:00:00,Residential,Alteration and improvements,44000,0,0,,"3601 GREEN MARSH CRESCENT, REGINA, SK S4V4C9",Address,The Greens on Gardiner,MONTEREY DEVELOPMENTS LTD.,Property Owner,335-Row House - Condominium
PRBS202503271,Basement Development,2025-11-19 00:00:00,Residential,Alteration and improvements,80000,0,0,,"1454 N MAPLETREE BAY, REGINA, SK S4X4P8",Address,Maple Ridge,COLLABORATIVE CONSTRUCTION INC. (EBUILD),Contractor,"110-Single House, single detached home, bungalow, linked home (linked at the foundation), single family dwelling"
PRDK202503134,Deck/Sunroom,2025-11-19 00:00:00,Residential,Alteration and improvements,1800,0,0,,"12 ATCHISON CRESCENT, REGINA, SK S4R5J9",Address,Normanview,REDACTED,Property Owner,"110-Single House, single detached home, bungalow, linked home (linked at the foundation), single family dwelling"
PRGA202502817,Garage/Carport,2025-11-19 00:00:00,Residential,Garage/Carport/Accessory Structure,40000,0,0,,"4442 NICURITY DRIVE, REGINA, SK S4X0C3",Address,Lakeridge,PROSTRUCT DEVELOPMENTS INC,Contractor,"110-Single House, single detached home, bungalow, linked home (linked at the foundation), single family dwelling"
PRGA202503036,Garage/Carport,2025-11-19 00:00:00,Residential,Garage/Carport/Accessory Structure,20000,0,0,,"3241 CHUKA BOULEVARD, REGINA, SK S4V3S5",Address,The Towns,REDACTED,Property Owner,"210-Semi-Detached or Double House, single attached home"
PRMH202503320,Plumbing,2025-11-19 00:00:00,Residential,Alteration and improvements,4000,0,0,,"40 RICHARDSON CRESCENT, REGINA, SK S4S4J3",Address,Whitmore Park,102222219 SASKATCHEWAN LTD.,Property Owner,"110-Single House, single detached home, bungalow, linked home (linked at the foundation), single family dwelling"
PRNR202502175,New Commercial,2025-11-19 00:00:00,Commercial,Addition to existing building commercial & residential,1200000,0,1,,"450 N ALBERT STREET, REGINA, SK S4R3C1",Address,Coronation Park N.,NORAD ENTERPRISES LTD.,Property Owner,"512-Retail complex; plaza, mall, shopping centre, store/office building"
PRSF202503141,Single/Semi-Detached Dwelling 1-2 units,2025-11-19 00:00:00,Residential,New construction,400000,1,2,,"8617 WHEAT CRESCENT, REGINA, SK S4Y0H7",Address,Westerra,PACESETTER NEW HOMES LTD.,Contractor,"110-Single House, single detached home, bungalow, linked home (linked at the foundation), single family dwelling"
PRSF202503143,Single/Semi-Detached Dwelling 1-2 units,2025-11-19 00:00:00,Residential,New construction,400000,1,2,,"8629 WHEAT CRESCENT, REGINA, SK S4Y0H3",Address,Westerra,PACESETTER NEW HOMES LTD.,Contractor,"110-Single House, single detached home, bungalow, linked home (linked at the foundation), single family dwelling"
PRSS202503152,Secondary Suite,2025-11-19 00:00:00,Residential,Alteration and improvements,60000,1,0,,"5421 E NICHOLSON AVENUE, REGINA, SK S4V4B3",Address,The Towns,REDACTED,Property Owner,"110-Single House, single detached home, bungalow, linked home (linked at the foundation), single family dwelling"
PRSS202503241,Secondary Suite,2025-11-19 00:00:00,Residential,Alteration and improvements,19000,1,0,,"8610 WHEAT CRESCENT, REGINA, SK S4Y0H3",Address,Westerra,COLBY KIRKPATRICK - PACESETTER HOMES,Contractor,"210-Semi-Detached or Double House, single attached home"
PRBS202503054,Basement Development,2025-11-20 00:00:00,Residential,Alteration and improvements,6000,0,0,,"517 E 20TH AVENUE, REGINA, SK S4N1J8",Address,Douglas Place,GCA CONSTRUCTION,Contractor,"110-Single House, single detached home, bungalow, linked home (linked at the foundation), single family dwelling"
PRMH202503327,Plumbing,2025-11-20 00:00:00,Residential,Mechanical,1600,0,0,,"4847 TAYLOR CRESCENT, REGINA, SK S4X4T4",Address,Lakeridge,A-LINE MECHANICAL,Contractor,"110-Single House, single detached home, bungalow, linked home (linked at the foundation), single family dwelling"
PRRN202502666,Renovation/Alteration,2025-11-20 00:00:00,Institutional,Alteration and improvements,300000,0,4,,"1440 14TH AVENUE, REGINA, SK S4P0W5",Address,Old 33,CROWN IN RIGHT OF SASKATCHEWAN,Property Owner,"640-Hospital; general, military, specialized"
PRRN202503112,Renovation/Alteration,2025-11-20 00:00:00,Commercial,Alteration and improvements,40000,0,0,,"2101 SCARTH STREET, REGINA, SK S4P2H9",Address,Old 33,KINCAID INTERIORS LTD. - CURTIS KINCAID,Contractor,"520-Office building; consultant’s office, doctor’s office, insurance company, bank, taxi stand, office/cafeteria, office/smoke shop"
PRRN202503131,Renovation/Alteration,2025-11-20 00:00:00,Commercial,Alteration and improvements,20000,0,0,,"3850 GREEN FALLS DRIVE, REGINA, SK S4V3N5",Address,The Greens on Gardiner,2418991 ONTARIO LIMITED,Property Owner,"512-Retail complex; plaza, mall, shopping centre, store/office building"
PRRN202503193,Renovation/Alteration,2025-11-20 00:00:00,Residential,Alteration and improvements,12579.73,0,0,,"2202 ATHOL STREET, REGINA, SK S4T3E9",Address,Old 33,REDACTED,Property Owner,"110-Single House, single detached home, bungalow, linked home (linked at the foundation), single family dwelling"
PRRN202503244,Renovation/Alteration,2025-11-20 00:00:00,Commercial,Alteration and improvements,55000,0,0,,"2243 HAMILTON STREET, REGINA, SK S4P4B6",Address,Old 33,SASKATCHEWAN HOUSING CORPORATION,Property Owner,335-Row House - Condominium
PRSS202503210,Secondary Suite,2025-11-20 00:00:00,Residential,Alteration and improvements,60000,1,0,,"4665 E MUTRIE CRESCENT, REGINA, SK S4V3Y3",Address,The Towns,GREEN STONE RENOVATIONS LTD,Contractor,"210-Semi-Detached or Double House, single attached home"
PRBS202503314,Basement Development,2025-11-21 00:00:00,Residential,Alteration and improvements,85000,0,0,,"3307 GREEN SANDCHERRY STREET, REGINA, SK S4V3M2",Address,The Greens on Gardiner,REDACTED,Property Owner,"210-Semi-Detached or Double House, single attached home"
PRFR202503313,Foundation Repair,2025-11-21 00:00:00,Residential,Alteration and improvements,25621,0,0,,"3071 ATHOL STREET, REGINA, SK S4S1Y6",Address,Lakeview,REGINA BASEMENT BRACING - COLE CROWLEY,Contractor,"110-Single House, single detached home, bungalow, linked home (linked at the foundation), single family dwelling"
PRFR202503318,Foundation Repair,2025-11-21 00:00:00,Residential,Alteration and improvements,10925,0,0,,"95 KENNEDY CRESCENT, REGINA, SK S4R6G3",Address,Walsh Acres,REDACTED,Property Owner,"110-Single House, single detached home, bungalow, linked home (linked at the foundation), single family dwelling"
PRFR202503325,Foundation Repair,2025-11-21 00:00:00,Residential,Alteration and improvements,14000,0,0,,"1013 ELLIOTT STREET, REGINA, SK S4N3E7",Address,Eastview,JS GROUP OF COMPANIES,Contractor,"110-Single House, single detached home, bungalow, linked home (linked at the foundation), single family dwelling"
PRFR202503326,Foundation Repair,2025-11-21 00:00:00,Residential,Alteration and improvements,30000,0,0,,"710 FORGET STREET, REGINA, SK S4T4X2",Address,Transcona,JS GROUP OF COMPANIES,Contractor,"110-Single House, single detached home, bungalow, linked home (linked at the foundation), single family dwelling"
PRFR202503329,Foundation Repair,2025-11-21 00:00:00,Residential,Alteration and improvements,3120,0,0,,"19 HAMMOND ROAD, REGINA, SK S4R3C7",Address,Coronation Park N.,AAA SOLID FOUNDATION,Contractor,"110-Single House, single detached home, bungalow, linked home (linked at the foundation), single family dwelling"
PRGA202503128,Garage/Carport,2025-11-21 00:00:00,Residential,Garage/Carport/Accessory Structure,30000,0,0,,"2801 ROCHDALE BOULEVARD, REGINA, SK S4X0N1",Address,Hawkstone,VARSITY HOMES LTD.,Contractor,"210-Semi-Detached or Double House, single attached home"
PRSF202503173,Single/Semi-Detached Dwelling 1-2 units,2025-11-21 00:00:00,Residential,New construction,577200,4,2,,"8870 WHEAT CRESCENT, REGINA, SK S4Y0H4 | 8872 WHEAT CRESCENT, REGINA, SK S4Y0H4",Address,Westerra,EHRENBURG HOMES LTD.,Contractor,"210-Semi-Detached or Double House, single attached home"
PRDE202503123,Demolition,2025-11-23 00:00:00,Residential,Demolition,45000,0,0,1,"131 GREEN MEADOW ROAD, REGINA, SK S4V0A7",Address,University Park,FIRST CHOICE EXCAVATION & DEMOLITION,Contractor,"110-Single House, single detached home, bungalow, linked home (linked at the foundation), single family dwelling"
PRBS202503338,Basement Development,2025-11-24 00:00:00,Residential,Alteration and improvements,63000,0,0,,"3522 GREEN WATER DRIVE, REGINA, SK S4V1R4",Address,The Greens on Gardiner,REDACTED,Property Owner,"110-Single House, single detached home, bungalow, linked home (linked at the foundation), single family dwelling"
PRBS202503341,Basement Development,2025-11-24 00:00:00,Residential,Alteration and improvements,65000,0,0,,"120 OXBOW CRESCENT, REGINA, SK S4Y0A7",Address,Fairways West,REDACTED,Property Owner,"110-Single House, single detached home, bungalow, linked home (linked at the foundation), single family dwelling"
PRDE202502423,Demolition,2025-11-24 00:00:00,Residential,Demolition,5000,0,0,1,"633 ROYAL STREET, REGINA, SK S4T4Z3",Address,Transcona,OLSON BUILDERS LTD.,Property Owner,"110-Single House, single detached home, bungalow, linked home (linked at the foundation), single family dwelling"
PRFR202503249,Foundation Repair,2025-11-24 00:00:00,Residential,Alteration and improvements,10000,0,0,,"828 HORACE STREET, REGINA, SK S4T5K8",Address,Rosemont North,REGINA HOUSE LEVELING - TRAVIS ZERIE,Contractor,"110-Single House, single detached home, bungalow, linked home (linked at the foundation), single family dwelling"
PRFR202503284,Foundation Repair,2025-11-24 00:00:00,Residential,Alteration and improvements,6000,0,0,,"1211 RETALLACK STREET, REGINA, SK S4T2H8",Address,Old 33,REGINA HOUSE LEVELING - TRAVIS ZERIE,Contractor,"110-Single House, single detached home, bungalow, linked home (linked at the foundation), single family dwelling"
PRFR202503285,Foundation Repair,2025-11-24 00:00:00,Residential,Alteration and improvements,50000,0,0,,"731 N CALLANDER CRESCENT, REGINA, SK S4X2E7",Address,Mccarthy Park,REGINA HOUSE LEVELING - TRAVIS ZERIE,Contractor,"110-Single House, single detached home, bungalow, linked home (linked at the foundation), single family dwelling"
PRFR202503319,Foundation Repair,2025-11-24 00:00:00,Residential,Alteration and improvements,16340,0,0,,"2050 MCTAVISH STREET, REGINA, SK S4T3W7",Address,Old 33,AAA SOLID FOUNDATION,Contractor,"110-Single House, single detached home, bungalow, linked home (linked at the foundation), single family dwelling"
PRFR202503348,Foundation Repair,2025-11-24 00:00:00,Residential,Alteration and improvements,10800,0,0,,"72 ANGUS CRESCENT, REGINA, SK S4T6N2",Address,Crescents,AAA SOLID FOUNDATION,Contractor,"110-Single House, single detached home, bungalow, linked home (linked at the foundation), single family dwelling"
PRRN202503139,Renovation/Alteration,2025-11-24 00:00:00,Residential,Alteration and improvements,7200,0,0,,"7614 CENTURY DRIVE, REGINA, SK S4Y1E4",Address,Westhill Park,REDACTED,Property Owner,"110-Single House, single detached home, bungalow, linked home (linked at the foundation), single family dwelling"
PRRN202503199,Renovation/Alteration,2025-11-24 00:00:00,Residential,Alteration and improvements,114787.1,0,0,,"231 N RADISSON BAY, REGINA, SK S4Y1C7",Address,Westhill Park,REDACTED,Property Owner,"110-Single House, single detached home, bungalow, linked home (linked at the foundation), single family dwelling"
PRRN202503273,Renovation/Alteration,2025-11-24 00:00:00,Commercial,Alteration and improvements,45000,0,1,,"1419 SCARTH STREET, REGINA, SK S4R2G1",Address,Old 33,JOHN WILKIE - RAMJACK SASKATCHEWAN,Contractor,"520-Office building; consultant’s office, doctor’s office, insurance company, bank, taxi stand, office/cafeteria, office/smoke shop"
PRSF202503272,Single/Semi-Detached Dwelling 1-2 units,2025-11-24 00:00:00,Residential,New construction,400000,1,2,,"3168 FAVEL DRIVE, REGINA, SK S4V4C7",Address,The Towns,PACESETTER NEW HOMES LTD.,Contractor,"110-Single House, single detached home, bungalow, linked home (linked at the foundation), single family dwelling"
PRSS202503088,Secondary Suite,2025-11-24 00:00:00,Residential,Alteration and improvements,65500,1,0,,"3266 VALLEY GREEN WAY, REGINA, SK S4V3R1",Address,The Towns,DHAMI CONSTRUCTION INC.,Contractor,"110-Single House, single detached home, bungalow, linked home (linked at the foundation), single family dwelling"
PRSS202503108,Secondary Suite,2025-11-24 00:00:00,Residential,Alteration and improvements,35000,1,0,,"3360 GRANT ROAD, REGINA, SK S4S5H5",Address,Whitmore Park,REDACTED,Property Owner,"110-Single House, single detached home, bungalow, linked home (linked at the foundation), single family dwelling"
PRSS202503192,Secondary Suite,2025-11-24 00:00:00,Residential,Alteration and improvements,35000,1,0,,"1422 WASCANA HIGHLANDS, REGINA, SK S4V2J9",Address,Wascana View,REDACTED,Property Owner,"110-Single House, single detached home, bungalow, linked home (linked at the foundation), single family dwelling"
PRBS202503186,Basement Development,2025-11-25 00:00:00,Residential,Alteration and improvements,30000,0,0,,"5444 E NICHOLSON AVENUE, REGINA, SK S4V4B4",Address,The Towns,REDACTED,Property Owner,"110-Single House, single detached home, bungalow, linked home (linked at the foundation), single family dwelling"
PRBS202503296,Basement Development,2025-11-25 00:00:00,Residential,Alteration and improvements,65000,0,0,,"7900 BARLEY CRESCENT, REGINA, SK S4Y0E6",Address,Westerra,CREEK CONSTRUCTION,Contractor,"110-Single House, single detached home, bungalow, linked home (linked at the foundation), single family dwelling"
PRDE202502154,Demolition,2025-11-25 00:00:00,Residential,Demolition,30000,0,0,1,"3242 RAE STREET, REGINA, SK S4S1S2",Address,Lakeview,KLR ENTERPRISES LTD.,Property Owner,"110-Single House, single detached home, bungalow, linked home (linked at the foundation), single family dwelling"
PRDE202503019,Demolition,2025-11-25 00:00:00,Residential,Demolition,40000,0,0,1,"3025 CAMERON STREET, REGINA, SK S4S1W6",Address,Lakeview,RIPPLINGER HOMES LTD.,Contractor,"110-Single House, single detached home, bungalow, linked home (linked at the foundation), single family dwelling"
PRDK202503104,Deck/Sunroom,2025-11-25 00:00:00,Residential,Alteration and improvements,20651.33,0,0,,"2806 HELMSING STREET, REGINA, SK S4V0W8",Address,Wood Meadows,REDACTED,Property Owner,"110-Single House, single detached home, bungalow, linked home (linked at the foundation), single family dwelling"
PRDK202503214,Deck/Sunroom,2025-11-25 00:00:00,Residential,Alteration and improvements,6000,0,0,,"5234 SQUIRES ROAD, REGINA, SK S4W0G8",Address,Harbour Landing,REDACTED,Property Owner,"110-Single House, single detached home, bungalow, linked home (linked at the foundation), single family dwelling"
PRDK202503290,Deck/Sunroom,2025-11-25 00:00:00,Residential,Alteration and improvements,5000,0,0,,"3029 GREEN STONE ROAD, REGINA, SK S4V3Z2",Address,The Towns,REDACTED,Property Owner,"110-Single House, single detached home, bungalow, linked home (linked at the foundation), single family dwelling"
PRFR202503328,Foundation Repair,2025-11-25 00:00:00,Residential,Alteration and improvements,5775,0,0,,"55 LITZENBERGER CRESCENT, REGINA, SK S4R6G7",Address,Walsh Acres,AAA SOLID FOUNDATION,Contractor,"110-Single House, single detached home, bungalow, linked home (linked at the foundation), single family dwelling"
PRMH202503370,Plumbing,2025-11-25 00:00:00,Residential,Mechanical,4000,0,0,,"17 GARDINER AVENUE, REGINA, SK S4S4P5",Address,Hillsdale,REDACTED,Property Owner,"110-Single House, single detached home, bungalow, linked home (linked at the foundation), single family dwelling"
PRMU202503062,Multi-Unit Dwelling 3+ Units,2025-11-25 00:00:00,Commercial,New construction,350000,4,2,,"637 COLLEGE AVENUE, REGINA, SK S4N0X6",Address,Assiniboia  Place,NEW HORIZON GROUP OF COMPANIE,Contractor,"310-Apartment, apartment building, duplex, triplex, quadruple"
PRRN202503257,Renovation/Alteration,2025-11-25 00:00:00,Residential,Alteration and improvements,4000,0,0,,"3325 RAE STREET, REGINA, SK S4S1S5",Address,Lakeview,REDACTED,Property Owner,"110-Single House, single detached home, bungalow, linked home (linked at the foundation), single family dwelling"
PRRN202503294,Renovation/Alteration,2025-11-25 00:00:00,Residential,Alteration and improvements,45000,0,0,,"151 ROGERS ROAD, REGINA, SK S4S6T7",Address,Albert Park,REDACTED,Property Owner,"110-Single House, single detached home, bungalow, linked home (linked at the foundation), single family dwelling"
PRRN202503311,Renovation/Alteration,2025-11-25 00:00:00,Residential,Alteration and improvements,31000,0,0,,"8022 KNOX PLACE, REGINA, SK S4Y1G5",Address,Westhill Park,REDACTED,Property Owner,"110-Single House, single detached home, bungalow, linked home (linked at the foundation), single family dwelling"
PRSF202503177,Single/Semi-Detached Dwelling 1-2 units,2025-11-25 00:00:00,Residential,New construction,577200,4,2,,"8886 WHEAT CRESCENT, REGINA, SK S4Y0H3 | 8888 WHEAT CRESCENT, REGINA, SK S4Y0H3",Address,Westerra,EHRENBURG HOMES LTD.,Contractor,"210-Semi-Detached or Double House, single attached home"
PRSF202503194,Single/Semi-Detached Dwelling 1-2 units,2025-11-25 00:00:00,Residential,New construction,425000,1,2,,"3108 FAVEL DRIVE, REGINA, SK S4V4C8",Address,The Towns,HOMES BY DREAM,Contractor,"110-Single House, single detached home, bungalow, linked home (linked at the foundation), single family dwelling"
PRSF202503288,Single/Semi-Detached Dwelling 1-2 units,2025-11-25 00:00:00,Residential,New construction,400000,1,2,,"3144 FAVEL DRIVE, REGINA, SK S4V4C7",Address,The Towns,COLBY KIRKPATRICK - PACESETTER HOMES,Contractor,"110-Single House, single detached home, bungalow, linked home (linked at the foundation), single family dwelling"
PRSS202503068,Secondary Suite,2025-11-25 00:00:00,Residential,Alteration and improvements,62350,1,0,,"3304 FAVEL DRIVE, REGINA, SK S4V4B2",Address,The Towns,DHAMI CONSTRUCTION INC.,Contractor,"210-Semi-Detached or Double House, single attached home"
PRSS202503242,Secondary Suite,2025-11-25 00:00:00,Residential,Alteration and improvements,60000,1,0,,"3029 GREEN STONE ROAD, REGINA, SK S4V3Z2",Address,The Towns,REDACTED,Property Owner,"110-Single House, single detached home, bungalow, linked home (linked at the foundation), single family dwelling"
PRBS202503142,Basement Development,2025-11-26 00:00:00,Residential,Alteration and improvements,35000,0,0,,"4901 CHILD AVENUE, Unit:52, REGINA, SK S4X4T7",Address,Lakeridge,REDACTED,Property Owner,335-Row House - Condominium
PRBS202503360,Basement Development,2025-11-26 00:00:00,Residential,Alteration and improvements,20000,0,0,,"1807 E LAURIER CRESCENT, REGINA, SK S4V2R9",Address,Gardiner Park,REDACTED,Property Owner,"110-Single House, single detached home, bungalow, linked home (linked at the foundation), single family dwelling"
PRDE202503137,Demolition,2025-11-26 00:00:00,Commercial,Demolition,20000,0,0,,"1858 BROAD STREET, REGINA, SK S4P1X6",Address,Old 33,FIRST CHOICE EXCAVATION & DEMOLITION,Contractor,"522-Office complex; office/store, office/apartment"
PRDE202503138,Demolition,2025-11-26 00:00:00,Commercial,Demolition,20000,0,0,,"1840 BROAD STREET, REGINA, SK S4P1X6",Address,Old 33,FIRST CHOICE EXCAVATION & DEMOLITION,Contractor,"540-Restaurant, bar, tavern, night club, diner, donut shop"
PRFR202503362,Foundation Repair,2025-11-26 00:00:00,Residential,Alteration and improvements,20000,0,0,,"22 LAVAL DRIVE, REGINA, SK S4V0H1",Address,University Park,RAMJACK SASKATCHEWAN,Contractor,"110-Single House, single detached home, bungalow, linked home (linked at the foundation), single family dwelling"
PRFR202503377,Foundation Repair,2025-11-26 00:00:00,Residential,Alteration and improvements,5325,0,0,,"91 BOTHWELL CRESCENT, REGINA, SK S4R5Y7",Address,Uplands,AAA SOLID FOUNDATION,Contractor,"110-Single House, single detached home, bungalow, linked home (linked at the foundation), single family dwelling"
PRFR202503388,Foundation Repair,2025-11-26 00:00:00,Residential,Alteration and improvements,5350,0,0,,"2809 BORDEN STREET, REGINA, SK S4N2L4",Address,Assiniboia East,AAA SOLID FOUNDATION,Contractor,"110-Single House, single detached home, bungalow, linked home (linked at the foundation), single family dwelling"
PRSF202503310,Single/Semi-Detached Dwelling 1-2 units,2025-11-26 00:00:00,Residential,New construction,400000,1,2,,"8605 WHEAT CRESCENT, REGINA, SK S4Y0H7",Address,Westerra,PACESETTER NEW HOMES LTD.,Contractor,"110-Single House, single detached home, bungalow, linked home (linked at the foundation), single family dwelling"
PRSS202503202,Secondary Suite,2025-11-26 00:00:00,Residential,Alteration and improvements,35000,1,0,,"78 LANGLEY STREET, REGINA, SK S4S3V6",Address,Hillsdale,REDACTED,Property Owner,"110-Single House, single detached home, bungalow, linked home (linked at the foundation), single family dwelling"
PRSS202503205,Secondary Suite,2025-11-26 00:00:00,Residential,Alteration and improvements,55000,1,0,,"2938 ROCHDALE BOULEVARD, REGINA, SK S4X0M6",Address,Hawkstone,REDACTED,Property Owner,"210-Semi-Detached or Double House, single attached home"
PRBS202503367,Basement Development,2025-11-27 00:00:00,Residential,Alteration and improvements,25000,0,0,,"1328 GRYPHONS WALK, REGINA, SK S4S6X1",Address,Hillsdale,BLACK PEARL CONSTRUCTION - KYLE COLIBABA,Contractor,335-Row House - Condominium
PRBS202503399,Basement Development,2025-11-27 00:00:00,Residential,Alteration and improvements,15000,0,0,,"7201 MAPLE IVY DRIVE, REGINA, SK S4X0P1",Address,Maple Ridge,STHAMANN HOMES INC.,Contractor,"110-Single House, single detached home, bungalow, linked home (linked at the foundation), single family dwelling"
PRBY202503008,Backyard/Laneway Suite,2025-11-27 00:00:00,Residential,New construction,250000,1,0,,"43 LAIRD CRESCENT, REGINA, SK S4R4N7",Address,Regent Park,REDACTED,Property Owner,"110-Single House, single detached home, bungalow, linked home (linked at the foundation), single family dwelling"
PRDE202501619,Demolition,2025-11-27 00:00:00,Residential,Demolition,12500,0,0,1,"1745 YORK STREET, REGINA, SK S4T4R1",Address,Cpr Annex,ARTEMIS HOMES TEAM,Contractor,"110-Single House, single detached home, bungalow, linked home (linked at the foundation), single family dwelling"
PRDE202502704,Demolition,2025-11-27 00:00:00,Residential,Demolition,0,0,0,1,"1875 TORONTO STREET, REGINA, SK S4P1M7",Address,Old 33,CARA HOMES LTD.,Contractor,"110-Single House, single detached home, bungalow, linked home (linked at the foundation), single family dwelling"
PRFR202503262,Foundation Repair,2025-11-27 00:00:00,Residential,Alteration and improvements,19683,0,0,,"2538 WALLACE STREET, REGINA, SK S4N4B5",Address,Assiniboia  Place,REGINA BASEMENT BRACING - COLE CROWLEY,Contractor,"110-Single House, single detached home, bungalow, linked home (linked at the foundation), single family dwelling"
PRFR202503380,Foundation Repair,2025-11-27 00:00:00,Residential,Alteration and improvements,12000,0,0,,"3010 LACON STREET, REGINA, SK S4N2A8",Address,Douglas Place,GCA CONSTRUCTION,Contractor,"110-Single House, single detached home, bungalow, linked home (linked at the foundation), single family dwelling"
PRFR202503381,Foundation Repair,2025-11-27 00:00:00,Residential,Alteration and improvements,50000,0,0,,"3020 21ST AVENUE, REGINA, SK S4S0T4",Address,Lakeview,GCA CONSTRUCTION,Contractor,"110-Single House, single detached home, bungalow, linked home (linked at the foundation), single family dwelling"
PRGA202503286,Garage/Carport,2025-11-27 00:00:00,Residential,Garage/Carport/Accessory Structure,24800,0,0,,"5425 E BUCKINGHAM DRIVE, REGINA, SK S4V4B5",Address,The Towns,REDACTED,Property Owner,"330-Row House, garden home, town house, carriage home, quadrex"
PRMH202503401,Plumbing,2025-11-27 00:00:00,Residential,Alteration and improvements,20000,0,0,,"1314 MINTO STREET, REGINA, SK S4T5J2",Address,Rosemont,REDACTED,Property Owner,"110-Single House, single detached home, bungalow, linked home (linked at the foundation), single family dwelling"
PRRN202502982,Renovation/Alteration,2025-11-27 00:00:00,Commercial,Alteration and improvements,36000,0,1,,"1405 ALBERT STREET, REGINA, SK S4R2R8",Address,Old 33,BAITUL MUKARRAM ISLAMIC ASSOCIATION INC.,Property Owner,"660-Religious building; church, cathedral, temple, citadel, synagogue"
PRRN202503255,Renovation/Alteration,2025-11-27 00:00:00,Residential,Alteration and improvements,900,0,0,,"5601 PARLIAMENT AVENUE, Unit:28, REGINA, SK S4W0V4",Address,Harbour Landing,REDACTED,Property Owner,"110-Single House, single detached home, bungalow, linked home (linked at the foundation), single family dwelling"
PRSF202503267,Single/Semi-Detached Dwelling 1-2 units,2025-11-27 00:00:00,Residential,New construction,325000,1,1,,"1168 LINDSAY STREET, REGINA, SK S4N3B1",Address,Eastern Annex,REDACTED,Property Owner,"110-Single House, single detached home, bungalow, linked home (linked at the foundation), single family dwelling"
PRSS202503130,Secondary Suite,2025-11-27 00:00:00,Residential,Alteration and improvements,60000,1,0,,"4669 FERNDALE CRESCENT, REGINA, SK S4V4A1",Address,The Towns,REDACTED,Property Owner,"110-Single House, single detached home, bungalow, linked home (linked at the foundation), single family dwelling"
PRSS202503251,Secondary Suite,2025-11-27 00:00:00,Residential,Alteration and improvements,60000,1,0,,"4536 E BUCKINGHAM DRIVE, REGINA, SK S4V3X6",Address,The Towns,REDACTED,Property Owner,"110-Single House, single detached home, bungalow, linked home (linked at the foundation), single family dwelling"
PRSS202503276,Secondary Suite,2025-11-27 00:00:00,Residential,Alteration and improvements,45000,1,0,,"3341 FAVEL DRIVE, REGINA, SK S4V4B1",Address,The Towns,GREEN STONE RENOVATIONS LTD,Contractor,"110-Single House, single detached home, bungalow, linked home (linked at the foundation), single family dwelling"
PRSS202503292,Secondary Suite,2025-11-27 00:00:00,Residential,Alteration and improvements,65000,1,0,,"3225 COPELAND ROAD, REGINA, SK S4V3S7",Address,The Towns,GREEN STONE RENOVATIONS LTD,Contractor,"110-Single House, single detached home, bungalow, linked home (linked at the foundation), single family dwelling"
PRBS202503368,Basement Development,2025-11-28 00:00:00,Residential,Alteration and improvements,10000,0,0,,"725 MONTAGUE STREET, REGINA, SK S4T3H1",Address,Washington Park,REDACTED,Property Owner,"110-Single House, single detached home, bungalow, linked home (linked at the foundation), single family dwelling"
PRFR202503225,Foundation Repair,2025-11-28 00:00:00,Residential,Alteration and improvements,5000,0,0,,"7302 WHELAN DRIVE, REGINA, SK S4X3W7",Address,Maple Ridge,COLOSSAL CONSTRUCTION - DARCY ROGALSKI,Contractor,"110-Single House, single detached home, bungalow, linked home (linked at the foundation), single family dwelling"
PRMH202503406,Plumbing,2025-11-28 00:00:00,Residential,Mechanical,5500,0,0,,"22 STEWART AVENUE, REGINA, SK S4R4M4",Address,Regent Park,REDACTED,Property Owner,"110-Single House, single detached home, bungalow, linked home (linked at the foundation), single family dwelling"
PRMH202503414,Plumbing,2025-11-28 00:00:00,Residential,Mechanical,3500,0,0,,"971 DOROTHY STREET, REGINA, SK S4X1E3",Address,Normanview W. Addn.,MR ROOTER PLUMBING - ANDREW JACKSON,Contractor,"110-Single House, single detached home, bungalow, linked home (linked at the foundation), single family dwelling"
PRRN202501982,Renovation/Alteration,2025-11-28 00:00:00,Residential,Alteration and improvements,12000,0,0,,"1226 ANGUS STREET, REGINA, SK S4T1Y7",Address,Old 33,REDACTED,Property Owner,"110-Single House, single detached home, bungalow, linked home (linked at the foundation), single family dwelling"
PRRN202503105,Renovation/Alteration,2025-11-28 00:00:00,Residential,Alteration and improvements,20000,0,0,,"3239 E THAMES CRESCENT, REGINA, SK S4V2Y1",Address,Windsor Park,TSI CONSTRUCTION,Contractor,"110-Single House, single detached home, bungalow, linked home (linked at the foundation), single family dwelling"
PRBS202503403,Basement Development,2025-11-29 00:00:00,Residential,Alteration and improvements,20000,0,0,,"34 KENSINGTON CRESCENT, REGINA, SK S4S7G5",Address,Parliament Place,REDACTED,Property Owner,"330-Row House, garden home, town house, carriage home, quadrex"
PRFR202503402,Foundation Repair,2025-11-29 00:00:00,Residential,Alteration and improvements,9000,0,0,,"2832 GRANT ROAD, REGINA, SK S4S5G2",Address,Whitmore Park,COLOSSAL FOUNDATION REPAIR INC,Contractor,"110-Single House, single detached home, bungalow, linked home (linked at the foundation), single family dwelling"
PRAD202501582,Addition,2025-12-01 00:00:00,Institutional,Addition to existing building commercial & residential,1500000,0,1,,"2910 E SHOOTER DRIVE, REGINA, SK S4V0Y7",Address,Wood Meadows,BOARD OF EDUCATION OF THE REGINA ROMAN CATHOLIC SEPARATE SCHOOL DIVISION NO. 81 OF SASKATC,Property Owner,"620-Elementary school, kindergarten"
PRDE202503358,Demolition,2025-12-01 00:00:00,Residential,Demolition,0,0,0,,"2733 ATKINSON STREET, REGINA, SK S4N3Y2",Address,Assiniboia  Place,RAPID LAWN LANDSCAPE SOLUTIONS LTD.,Contractor,"110-Single House, single detached home, bungalow, linked home (linked at the foundation), single family dwelling"
PRFR202503435,Foundation Repair,2025-12-01 00:00:00,Residential,Alteration and improvements,40000,0,0,,"3300 COLLEGE AVENUE, REGINA, SK S4T1W2",Address,Old 33,COLOSSAL FOUNDATION REPAIR INC,Contractor,"110-Single House, single detached home, bungalow, linked home (linked at the foundation), single family dwelling"
PRRN202502879,Renovation/Alteration,2025-12-01 00:00:00,Residential,Alteration and improvements,40000,0,0,,"603 E INVER CRESCENT, REGINA, SK S4N2K7",Address,Douglas Place,REDACTED,Property Owner,"110-Single House, single detached home, bungalow, linked home (linked at the foundation), single family dwelling"
PRRN202503298,Renovation/Alteration,2025-12-01 00:00:00,Institutional,Alteration and improvements,218600,0,5,,"3769 WASCANA PARKWAY, REGINA, SK S4S0A2",Address,Wascana Park,THE UNIVERSITY OF REGINA,Property Owner,626-University
PRSF202503261,Single/Semi-Detached Dwelling 1-2 units,2025-12-01 00:00:00,Residential,New construction,400000,1,2,,"3152 FAVEL DRIVE, REGINA, SK S4V4C7",Address,The Towns,PACESETTER HOMES REGINA,Contractor,"110-Single House, single detached home, bungalow, linked home (linked at the foundation), single family dwelling"
PRSS202503100,Secondary Suite,2025-12-01 00:00:00,Residential,Alteration and improvements,35000,1,0,,"4680 FERNDALE CRESCENT, REGINA, SK S4V4A4",Address,The Towns,DHAMI CONSTRUCTION INC.,Contractor,"210-Semi-Detached or Double House, single attached home"
PRSS202503208,Secondary Suite,2025-12-01 00:00:00,Residential,Alteration and improvements,60000,1,0,,"4793 FERNDALE CRESCENT, REGINA, SK S4V4A5",Address,The Towns,GREEN STONE RENOVATIONS LTD,Contractor,"110-Single House, single detached home, bungalow, linked home (linked at the foundation), single family dwelling"
PRSS202503229,Secondary Suite,2025-12-01 00:00:00,Residential,Alteration and improvements,72000,1,0,,"3140 FAVEL DRIVE, REGINA, SK S4V4C8",Address,The Towns,REDACTED,Property Owner,"110-Single House, single detached home, bungalow, linked home (linked at the foundation), single family dwelling"
PRDE202503392,Demolition,2025-12-02 00:00:00,Residential,Demolition,18000,0,0,1,"430 ROBINSON STREET, REGINA, SK S4R3R4",Address,Coronation Park,AM & SONS CONSTRUCTION LTD.,Property Owner,"110-Single House, single detached home, bungalow, linked home (linked at the foundation), single family dwelling"
PRDK202503404,Deck/Sunroom,2025-12-02 00:00:00,Residential,Alteration and improvements,4000,0,0,,"4013 WATERER STREET, REGINA, SK S4W0N2",Address,Harbour Landing,CRAWFORD HOMES (1991) LTD.,Contractor,"110-Single House, single detached home, bungalow, linked home (linked at the foundation), single family dwelling"
PRFR202503420,Foundation Repair,2025-12-02 00:00:00,Residential,Alteration and improvements,6000,0,0,,"1375 N LAKEWOOD CRESCENT, REGINA, SK S4X3J3",Address,Lakewood,JS GROUP OF COMPANIES,Contractor,"110-Single House, single detached home, bungalow, linked home (linked at the foundation), single family dwelling"
PRFR202503438,Foundation Repair,2025-12-02 00:00:00,Residential,Alteration and improvements,7815,0,0,,"819 SHANNON ROAD, REGINA, SK S4S5K1",Address,Whitmore Park,REGINA BASEMENT BRACING - COLE CROWLEY,Contractor,"110-Single House, single detached home, bungalow, linked home (linked at the foundation), single family dwelling"
PRRN202503215,Renovation/Alteration,2025-12-02 00:00:00,Residential,Alteration and improvements,150000,0,0,,"186 ANGUS CRESCENT, REGINA, SK S4T6N4",Address,Crescents,REDACTED,Property Owner,"110-Single House, single detached home, bungalow, linked home (linked at the foundation), single family dwelling"
PRRN202503323,Renovation/Alteration,2025-12-02 00:00:00,Residential,Alteration and improvements,125000,0,0,,"80 GREENSBORO DRIVE, REGINA, SK S4S7G1",Address,Albert Park,REDACTED,Property Owner,"110-Single House, single detached home, bungalow, linked home (linked at the foundation), single family dwelling"
PRRN202503336,Renovation/Alteration,2025-12-02 00:00:00,Residential,Alteration and improvements,7000,0,0,,"1460 MINTO STREET, REGINA, SK S4T5J4",Address,Rosemont,HOPE CONSTRUCTION LTD.,Contractor,"110-Single House, single detached home, bungalow, linked home (linked at the foundation), single family dwelling"
PRSF202502527,Single/Semi-Detached Dwelling 1-2 units,2025-12-02 00:00:00,Residential,New construction,250000,1,2,,"1744 WEST MARKET STREET, REGINA, SK S4Y0G3",Address,Westerra,WILSON AND CO DEVELOPMENTS,Contractor,"110-Single House, single detached home, bungalow, linked home (linked at the foundation), single family dwelling"
PRSF202503160,Single/Semi-Detached Dwelling 1-2 units,2025-12-02 00:00:00,Residential,New construction,357720,2,2,,"3004 DUMONT WAY, REGINA, SK S4V4E4 | 3008 DUMONT WAY, REGINA, SK S4V4E4",Address,The Towns,ROHIT COMMUNITIES INC.,Contractor,"210-Semi-Detached or Double House, single attached home"
PRSF202503169,Single/Semi-Detached Dwelling 1-2 units,2025-12-02 00:00:00,Residential,New construction,402375,1,2,,3044 FAVEL DRIVE,Address,The Towns,EHRENBURG HOMES LTD.,Contractor,"110-Single House, single detached home, bungalow, linked home (linked at the foundation), single family dwelling"
PRSF202503171,Single/Semi-Detached Dwelling 1-2 units,2025-12-02 00:00:00,Residential,New construction,569985,4,2,,"8858 WHEAT CRESCENT, REGINA, SK S4Y0H4 | 8862 WHEAT CRESCENT, REGINA, SK S4Y0H4",Address,Westerra,EHRENBURG HOMES LTD.,Contractor,"210-Semi-Detached or Double House, single attached home"
PRSF202503172,Single/Semi-Detached Dwelling 1-2 units,2025-12-02 00:00:00,Residential,New construction,569985,4,2,,"8866 WHEAT CRESCENT, REGINA, SK S4Y0H4 | 8868 WHEAT CRESCENT, REGINA, SK S4Y0H4",Address,Westerra,REGINA DRAFTING,Contractor,"210-Semi-Detached or Double House, single attached home"
PRSF202503174,Single/Semi-Detached Dwelling 1-2 units,2025-12-02 00:00:00,Residential,New construction,577200,4,2,,"8874 WHEAT CRESCENT, REGINA, SK S4Y0H4 | 8876 WHEAT CRESCENT, REGINA, SK S4Y0H4",Address,Westerra,EHRENBURG HOMES LTD. - CONRAD EHR,Contractor,"210-Semi-Detached or Double House, single attached home"
PRSF202503175,Single/Semi-Detached Dwelling 1-2 units,2025-12-02 00:00:00,Residential,New construction,569985,4,2,,"8878 WHEAT CRESCENT, REGINA, SK S4Y0H4 | 8880 WHEAT CRESCENT, REGINA, SK S4Y0H3",Address,Westerra,EHRENBURG HOMES LTD.,Contractor,"210-Semi-Detached or Double House, single attached home"
PRSS202503282,Secondary Suite,2025-12-02 00:00:00,Residential,Alteration and improvements,70000,1,0,,"7704 WALSH AVENUE, REGINA, SK S4Y0H2",Address,Rosewood Park,REDACTED,Property Owner,"210-Semi-Detached or Double House, single attached home"
PRSS202503295,Secondary Suite,2025-12-02 00:00:00,Residential,Alteration and improvements,45000,1,0,,"5666 MCCAUGHEY STREET, REGINA, SK S4W0P5",Address,Harbour Landing,GREEN STONE RENOVATIONS LTD,Contractor,"110-Single House, single detached home, bungalow, linked home (linked at the foundation), single family dwelling"
PRMH202503454,Plumbing,2025-12-03 00:00:00,Residential,Mechanical,12500,0,0,,"259 MCKEE CRESCENT, REGINA, SK S4S5S6",Address,Whitmore Park,REDACTED,Property Owner,"110-Single House, single detached home, bungalow, linked home (linked at the foundation), single family dwelling"
PRRN202503073,Renovation/Alteration,2025-12-03 00:00:00,Commercial,Alteration and improvements,180000,0,1,,"489 N ALBERT STREET, REGINA, SK S4R3C3",Address,Cityview,WESTDALE CONSTRUCTION CO. LIMITED,Property Owner,"540-Restaurant, bar, tavern, night club, diner, donut shop"
PRRN202503337,Renovation/Alteration,2025-12-03 00:00:00,Commercial,Alteration and improvements,220000,0,4,,"4830 GORDON ROAD, Unit:A, REGINA, SK S4W0B7",Address,Harbour Landing,NSR CONSTRUCTION - NASSR GOMAA,Contractor,"642-Clinic, health unit; out-patient clinic, first aid station"
PRRN202503378,Renovation/Alteration,2025-12-03 00:00:00,Residential,Alteration and improvements,5000,0,0,,"5930 STEELE CRESCENT, REGINA, SK S4X4A9",Address,Lakewood,CREEK CONSTRUCTION,Contractor,"110-Single House, single detached home, bungalow, linked home (linked at the foundation), single family dwelling"
PRRN202503433,Renovation/Alteration,2025-12-03 00:00:00,Residential,Alteration and improvements,5000,0,0,,"4037 HILLSDALE STREET, REGINA, SK S4S3Y8",Address,Hillsdale,REDACTED,Property Owner,"110-Single House, single detached home, bungalow, linked home (linked at the foundation), single family dwelling"
PRSF202503386,Single/Semi-Detached Dwelling 1-2 units,2025-12-03 00:00:00,Residential,New construction,400000,1,2,,"8601 WHEAT CRESCENT, REGINA, SK S4Y0H7",Address,Westerra,COLBY KIRKPATRICK - PACESETTER HOMES,Contractor,"110-Single House, single detached home, bungalow, linked home (linked at the foundation), single family dwelling"
PRSS202503317,Secondary Suite,2025-12-03 00:00:00,Residential,Alteration and improvements,58000,1,0,,"4709 E MUTRIE CRESCENT, REGINA, SK S4V3X8",Address,The Towns,REDACTED,Property Owner,"330-Row House, garden home, town house, carriage home, quadrex"
PRAD202503293,Addition,2025-12-04 00:00:00,Residential,Addition to existing building commercial & residential,150000,0,0,,"194 GREEN MEADOW ROAD, REGINA, SK S4V0A9",Address,University Park,REDACTED,Property Owner,"110-Single House, single detached home, bungalow, linked home (linked at the foundation), single family dwelling"
PRBS202503352,Basement Development,2025-12-04 00:00:00,Residential,Alteration and improvements,18500,0,0,,"1737 MUSTARD STREET, REGINA, SK S4Y0G1",Address,Westerra,DHAMI CONSTRUCTION INC.,Contractor,"210-Semi-Detached or Double House, single attached home"
PRBS202503457,Basement Development,2025-12-04 00:00:00,Residential,Alteration and improvements,70018,0,0,,"5601 PARLIAMENT AVENUE, Unit:32, REGINA, SK S4W0V4",Address,Harbour Landing,BASE TO SPACE CONSTRUCTION LTD.,Contractor,"210-Semi-Detached or Double House, single attached home"
PRBY202503165,Backyard/Laneway Suite,2025-12-04 00:00:00,Residential,New construction,75000,1,0,,"68 CHARLES CRESCENT, REGINA, SK S4T5X4",Address,Coventry Place,OLSON BUILDERS LTD. - ADRIAN OLSON,Contractor,"110-Single House, single detached home, bungalow, linked home (linked at the foundation), single family dwelling"
PRFR202503455,Foundation Repair,2025-12-04 00:00:00,Residential,Alteration and improvements,3000,0,0,,"728 HORACE STREET, REGINA, SK S4T5K6",Address,Rosemont North,BOUSS CONSTRUCTION,Contractor,"110-Single House, single detached home, bungalow, linked home (linked at the foundation), single family dwelling"
PRGA202503074,Garage/Carport,2025-12-04 00:00:00,Residential,Garage/Carport/Accessory Structure,10000,0,0,,"10 MARSH CRESCENT, REGINA, SK S4S5R4",Address,Whitmore Park,SUPREME GROUP OF COMPANIES,Contractor,"110-Single House, single detached home, bungalow, linked home (linked at the foundation), single family dwelling"
PRRN202503230,Renovation/Alteration,2025-12-04 00:00:00,Residential,Alteration and improvements,4000,0,0,,"3510 GREEN CREEK ROAD, REGINA, SK S4V3H2",Address,The Greens on Gardiner,REDACTED,Property Owner,"110-Single House, single detached home, bungalow, linked home (linked at the foundation), single family dwelling"
PRSF202503157,Single/Semi-Detached Dwelling 1-2 units,2025-12-04 00:00:00,Residential,New construction,689200,1,2,,2952 FAVEL DRIVE,Address,The Towns,HOMES BY DREAM,Contractor,"110-Single House, single detached home, bungalow, linked home (linked at the foundation), single family dwelling"
PRSS202503302,Secondary Suite,2025-12-04 00:00:00,Residential,Alteration and improvements,65000,1,0,,"3105 GREEN TURTLE ROAD, REGINA, SK S4V4C5",Address,The Towns,REDACTED,Property Owner,"110-Single House, single detached home, bungalow, linked home (linked at the foundation), single family dwelling"
PRSS202503334,Secondary Suite,2025-12-04 00:00:00,Residential,Alteration and improvements,65000,1,0,,"4762 SKINNER CRESCENT, REGINA, SK S4W0A4",Address,Harbour Landing,REDACTED,Property Owner,"110-Single House, single detached home, bungalow, linked home (linked at the foundation), single family dwelling"
PRSS202503371,Secondary Suite,2025-12-04 00:00:00,Residential,Alteration and improvements,40000,1,0,,"3032 KAUFMAN WAY, REGINA, SK S4V3Z5",Address,The Towns,CRAWFORD HOMES (EBUILD),Contractor,"110-Single House, single detached home, bungalow, linked home (linked at the foundation), single family dwelling"
PRBS202503183,Basement Development,2025-12-05 00:00:00,Residential,Alteration and improvements,25440,0,0,,"3294 CHUKA BOULEVARD, REGINA, SK S4V3S6",Address,The Towns,VICTOR CONSTRUCTION,Contractor,"330-Row House, garden home, town house, carriage home, quadrex"
PRRN202502485,Renovation/Alteration,2025-12-05 00:00:00,Commercial,Alteration and improvements,72000,0,1,,"1500 DEWDNEY AVENUE, REGINA, SK S4R1G6",Address,Old 33,"BIG HORN RANCH, LAND, CATTLE & FOOD INC.",Property Owner,"510-Retail and wholesale outlets; retail outlet, department store, photographic studio, rental service, beauty salon, hairdressing salon, lumber yard, dry cleaner, laundromat"
PRRN202503427,Renovation/Alteration,2025-12-05 00:00:00,Residential,Alteration and improvements,3900,0,0,,"5520 KARTUSCH PLACE, REGINA, SK S4X4K1",Address,Lakeridge,JS GROUP OF COMPANIES,Contractor,"110-Single House, single detached home, bungalow, linked home (linked at the foundation), single family dwelling"
PRSF202503136,Single/Semi-Detached Dwelling 1-2 units,2025-12-05 00:00:00,Residential,New construction,800000,1,1,,"3219 L'ARCHE CRESCENT, REGINA, SK S4S1M9",Address,Lakeview South,AUTHENTIC DEVELOPMENTS - JASON PIESINGER,Contractor,"110-Single House, single detached home, bungalow, linked home (linked at the foundation), single family dwelling"
PRSS202503179,Secondary Suite,2025-12-05 00:00:00,Residential,Alteration and improvements,74000,1,0,,"8 DOERR PLACE, REGINA, SK S4S5K6",Address,Whitmore Park,REDACTED,Property Owner,"110-Single House, single detached home, bungalow, linked home (linked at the foundation), single family dwelling"
PRSS202503340,Secondary Suite,2025-12-05 00:00:00,Residential,Alteration and improvements,65000,1,0,,"5505 CAMPLING AVENUE, REGINA, SK S4W0P7",Address,Harbour Landing,REDACTED,Property Owner,"110-Single House, single detached home, bungalow, linked home (linked at the foundation), single family dwelling"
PRRN202503441,Renovation/Alteration,2025-12-07 00:00:00,Residential,Alteration and improvements,15000,0,0,,"40 RICHARDSON CRESCENT, REGINA, SK S4S4J3",Address,Whitmore Park,102222219 SASKATCHEWAN LTD.,Property Owner,"110-Single House, single detached home, bungalow, linked home (linked at the foundation), single family dwelling"
PRAH202503400,Alternative Family Care Home,2025-12-08 00:00:00,Residential,Alteration and improvements,1500,0,0,,"3152 WIMBLEDON BAY, REGINA, SK S4V2Y6",Address,Windsor Park,VOLTZ ELECTRIC LTD,Contractor,"110-Single House, single detached home, bungalow, linked home (linked at the foundation), single family dwelling"
PRFR202503451,Foundation Repair,2025-12-08 00:00:00,Residential,Alteration and improvements,5432,0,0,,"2822 E MORE CRESCENT, REGINA, SK S4V0T5",Address,Wood Meadows,REGINA BASEMENT BRACING - COLE CROWLEY,Contractor,"110-Single House, single detached home, bungalow, linked home (linked at the foundation), single family dwelling"
PRFR202503452,Foundation Repair,2025-12-08 00:00:00,Residential,Alteration and improvements,4882,0,0,,"823 N BATTEL STREET, REGINA, SK S4X1Y3",Address,Sherwood Estates,REGINA BASEMENT BRACING - COLE CROWLEY,Contractor,"110-Single House, single detached home, bungalow, linked home (linked at the foundation), single family dwelling"
PRFR202503476,Foundation Repair,2025-12-08 00:00:00,Residential,Alteration and improvements,4000,0,0,,"1114 BRETT BAY, REGINA, SK S4N6N7",Address,Parkridge,JS GROUP OF COMPANIES,Contractor,"110-Single House, single detached home, bungalow, linked home (linked at the foundation), single family dwelling"
PRNR202501283,New Commercial,2025-12-08 00:00:00,Commercial,New construction,2400000,0,2,,901 DEWDNEY AVENUE,Address,Dewdney Place,102182741 SASKATCHEWAN LTD.,Property Owner,"460-Storage building; warehouse (for storage purposes only), industrial mall, grain elevator, locker rental, silo, quonset, refrigerated storage terminal"
PRRN202503107,Renovation/Alteration,2025-12-08 00:00:00,Commercial,Alteration and improvements,8000,0,4,,"1967 12TH AVENUE, REGINA, SK S4P0M1",Address,Old 33,HARVARD DIVERSIFIED ENTERPRISES INC.,Property Owner,"520-Office building; consultant’s office, doctor’s office, insurance company, bank, taxi stand, office/cafeteria, office/smoke shop"
PRRN202503375,Renovation/Alteration,2025-12-08 00:00:00,Commercial,Alteration and improvements,93822.75,0,2,,"1700 ELPHINSTONE STREET, REGINA, SK S4P2Z6",Address,Old 33,CITY OF REGINA,Property Owner,"560-Indoor recreational building; sports complex, tennis court and squash, community center, arena, curling club, swimming pool"
PRSF202503121,Single/Semi-Detached Dwelling 1-2 units,2025-12-08 00:00:00,Residential,New construction,250000,1,1,,"8765 WHEAT CRESCENT, REGINA, SK S4Y0H5",Address,Westerra,CRAWFORD HOMES (EBUILD),Contractor,"110-Single House, single detached home, bungalow, linked home (linked at the foundation), single family dwelling"
PRSF202503335,Single/Semi-Detached Dwelling 1-2 units,2025-12-08 00:00:00,Residential,New construction,580000,1,2,,"3025 BELLEGARDE CRESCENT, REGINA, SK S4V3W3",Address,The Towns,GILROY HOMES INC.,Property Owner,"110-Single House, single detached home, bungalow, linked home (linked at the foundation), single family dwelling"
PRSF202503345,Single/Semi-Detached Dwelling 1-2 units,2025-12-08 00:00:00,Residential,New construction,250000,2,2,,"5046 CESSNA WAY, REGINA, SK S4W0J1",Address,Harbour Landing,CRAWFORD HOMES (EBUILD),Contractor,"110-Single House, single detached home, bungalow, linked home (linked at the foundation), single family dwelling"
PRSS202503412,Secondary Suite,2025-12-08 00:00:00,Residential,Alteration and improvements,46500,1,0,,"3801 GEE CRESCENT, REGINA, SK S4V3P1",Address,The Greens on Gardiner,LUCKY LINKS BUILDING SERVICES LTD. - LUCKY ALUGE,Contractor,"110-Single House, single detached home, bungalow, linked home (linked at the foundation), single family dwelling"
PRBS202503490,Basement Development,2025-12-09 00:00:00,Residential,Alteration and improvements,40000,0,0,,"3831 NORMANDY AVENUE, REGINA, SK S4S0Y2",Address,Normandy Heights,REDACTED,Property Owner,"110-Single House, single detached home, bungalow, linked home (linked at the foundation), single family dwelling"
PRMU202501931,Multi-Unit Dwelling 3+ Units,2025-12-09 00:00:00,Commercial,Superstructure or part of new building,2848000,12,2,,"1866 TORONTO STREET, REGINA, SK S4P1M6 | 1872 TORONTO STREET, REGINA, SK S4P1M6",Address,Old 33,102202791 SASKATCHEWAN LTD.,Property Owner,"310-Apartment, apartment building, duplex, triplex, quadruple"
PRNR202503042,New Commercial,2025-12-09 00:00:00,Institutional,Foundation (new),2116311,0,0,,5051 E PRIMROSE GREEN DRIVE,Address,The Greens on Gardiner,CITY OF REGINA,Property Owner,"612-Other government building; police station, prison, fire station, military building"
PRRN202503027,Renovation/Alteration,2025-12-09 00:00:00,Institutional,Alteration and improvements,900000,0,1,,"1601 COWAN CRESCENT, REGINA, SK S4S4C4",Address,Hillsdale,REDACTED,Property Owner,"620-Elementary school, kindergarten"
PRRN202503436,Renovation/Alteration,2025-12-09 00:00:00,Residential,Alteration and improvements,30000,0,0,,"6 COLONY PLACE, REGINA, SK S4S3L4",Address,Albert Park,ARMADA HOMES,Contractor,"110-Single House, single detached home, bungalow, linked home (linked at the foundation), single family dwelling"
PRSF202503176,Single/Semi-Detached Dwelling 1-2 units,2025-12-09 00:00:00,Residential,New construction,569985,4,2,,"8882 WHEAT CRESCENT, REGINA, SK S4Y0H3 | 8884 WHEAT CRESCENT, REGINA, SK S4Y0H3",Address,Westerra,REGINA DRAFTING,Contractor,"210-Semi-Detached or Double House, single attached home"
PRSF202503178,Single/Semi-Detached Dwelling 1-2 units,2025-12-09 00:00:00,Residential,New construction,577200,4,2,,"8890 WHEAT CRESCENT, REGINA, SK S4Y0H3 | 8892 WHEAT CRESCENT, REGINA, SK S4Y0H3",Address,Westerra,EHRENBURG HOMES LTD.,Contractor,"210-Semi-Detached or Double House, single attached home"
PRSF202503259,Single/Semi-Detached Dwelling 1-2 units,2025-12-09 00:00:00,Residential,New construction,400000,1,2,,"8774 WHEAT CRESCENT, REGINA, SK S4Y0H5",Address,Westerra,PACESETTER HOMES REGINA,Contractor,"110-Single House, single detached home, bungalow, linked home (linked at the foundation), single family dwelling"
PRSF202503287,Single/Semi-Detached Dwelling 1-2 units,2025-12-09 00:00:00,Residential,New construction,400000,1,2,,3004 FAVEL DRIVE,Address,The Towns,COLBY KIRKPATRICK - PACESETTER HOMES,Contractor,"110-Single House, single detached home, bungalow, linked home (linked at the foundation), single family dwelling"
PRSF202503346,Single/Semi-Detached Dwelling 1-2 units,2025-12-09 00:00:00,Residential,New construction,250000,1,2,,"5282 E GREEN CRESCENT, REGINA, SK S4V3S9",Address,The Greens on Gardiner,CRAWFORD HOMES (1991) LTD.,Property Owner,"110-Single House, single detached home, bungalow, linked home (linked at the foundation), single family dwelling"
PRSF202503353,Single/Semi-Detached Dwelling 1-2 units,2025-12-09 00:00:00,Residential,New construction,400000,2,2,,"3120 FAVEL DRIVE, REGINA, SK S4V4C8",Address,The Towns,COLBY KIRKPATRICK - PACESETTER HOMES,Contractor,"110-Single House, single detached home, bungalow, linked home (linked at the foundation), single family dwelling"
PRSF202503385,Single/Semi-Detached Dwelling 1-2 units,2025-12-09 00:00:00,Residential,New construction,400000,1,2,,"8613 WHEAT CRESCENT, REGINA, SK S4Y0H7",Address,Westerra,PACESETTER NEW HOMES LTD.,Contractor,"110-Single House, single detached home, bungalow, linked home (linked at the foundation), single family dwelling"
PRSF202503409,Single/Semi-Detached Dwelling 1-2 units,2025-12-09 00:00:00,Residential,New construction,300000,1,2,,"3123 BOWEN STREET, REGINA, SK S4V4C6",Address,The Towns,COLBY KIRKPATRICK - PACESETTER HOMES,Contractor,"110-Single House, single detached home, bungalow, linked home (linked at the foundation), single family dwelling"
PRSF202503410,Single/Semi-Detached Dwelling 1-2 units,2025-12-09 00:00:00,Residential,New construction,300000,1,2,,"3127 BOWEN STREET, REGINA, SK S4V4C6",Address,The Towns,PACESETTER HOMES REGINA,Contractor,"110-Single House, single detached home, bungalow, linked home (linked at the foundation), single family dwelling"
PRSS202503185,Secondary Suite,2025-12-09 00:00:00,Residential,Alteration and improvements,85000,1,0,,"5028 AERIAL CRESCENT, REGINA, SK S4W0C8",Address,Harbour Landing,REDACTED,Property Owner,"110-Single House, single detached home, bungalow, linked home (linked at the foundation), single family dwelling"
PRSS202503303,Secondary Suite,2025-12-09 00:00:00,Residential,Alteration and improvements,65000,1,0,,"8709 HINCKS LANE, REGINA, SK S4Y0B9",Address,Edgewater,REDACTED,Property Owner,"110-Single House, single detached home, bungalow, linked home (linked at the foundation), single family dwelling"
PRSS202503443,Secondary Suite,2025-12-09 00:00:00,Residential,Alteration and improvements,40000,1,0,,"2344 MACKAY STREET, REGINA, SK S4N2T1",Address,Broders Annex,REDACTED,Property Owner,"110-Single House, single detached home, bungalow, linked home (linked at the foundation), single family dwelling"
PRMH202503497,Plumbing,2025-12-10 00:00:00,Residential,Mechanical,4000,0,0,,"10 DUNNING CRESCENT, REGINA, SK S4S3W1",Address,Hillsdale,CONNECT PLUMBING HEATING AND COOLING LTD,Contractor,"110-Single House, single detached home, bungalow, linked home (linked at the foundation), single family dwelling"
PRRN202503233,Renovation/Alteration,2025-12-10 00:00:00,Residential,Alteration and improvements,1200,0,0,,"6221 LITTLE PINE LOOP, REGINA, SK S4X0J2",Address,Skyview,REDACTED,Property Owner,"110-Single House, single detached home, bungalow, linked home (linked at the foundation), single family dwelling"
PRRN202503445,Renovation/Alteration,2025-12-10 00:00:00,Residential,Alteration and improvements,2000,0,0,,"96 BOBOLINK BAY, REGINA, SK S4S4K1",Address,Whitmore Park,102132958 SASKATCHEWAN LTD.,Property Owner,"110-Single House, single detached home, bungalow, linked home (linked at the foundation), single family dwelling"
PRSS202503365,Secondary Suite,2025-12-10 00:00:00,Residential,Alteration and improvements,65000,1,0,,"5020 CRANE CRESCENT, REGINA, SK S4W0J1",Address,Harbour Landing,REDACTED,Property Owner,"110-Single House, single detached home, bungalow, linked home (linked at the foundation), single family dwelling"
PRFR202503499,Foundation Repair,2025-12-11 00:00:00,Residential,Alteration and improvements,6940,0,0,,"2621 EDWARD STREET, REGINA, SK S4S0N2",Address,River Heights,AAA SOLID FOUNDATION,Contractor,"110-Single House, single detached home, bungalow, linked home (linked at the foundation), single family dwelling"
PRRN202503383,Renovation/Alteration,2025-12-11 00:00:00,Residential,Alteration and improvements,10000,0,0,,"19 LAWSON STREET, REGINA, SK S4R3P6",Address,Coronation Park N.,REDACTED,Property Owner,"110-Single House, single detached home, bungalow, linked home (linked at the foundation), single family dwelling"
PRSF202503161,Single/Semi-Detached Dwelling 1-2 units,2025-12-11 00:00:00,Residential,New construction,357720,2,2,,"3012 DUMONT WAY, REGINA, SK S4V4E4 | 3016 DUMONT WAY, REGINA, SK S4V4E4",Address,The Towns,CITY OF REGINA,Property Owner,"210-Semi-Detached or Double House, single attached home"
PRSF202503212,Single/Semi-Detached Dwelling 1-2 units,2025-12-11 00:00:00,Residential,New construction,300000,1,2,,"5145 E BUCKINGHAM DRIVE, REGINA, SK S4V3S3",Address,The Towns,REDACTED,Property Owner,"110-Single House, single detached home, bungalow, linked home (linked at the foundation), single family dwelling"
PRSF202503213,Single/Semi-Detached Dwelling 1-2 units,2025-12-11 00:00:00,Residential,New construction,300000,1,2,,"5149 E BUCKINGHAM DRIVE, REGINA, SK S4V3S3",Address,The Towns,REDACTED,Property Owner,"110-Single House, single detached home, bungalow, linked home (linked at the foundation), single family dwelling"
PRSF202503394,Single/Semi-Detached Dwelling 1-2 units,2025-12-11 00:00:00,Residential,New construction,600200,1,2,,"3160 FAVEL DRIVE, REGINA, SK S4V4C7",Address,The Towns,DREAM TOWNS LANDS SOUTH (GP) INC.,Contractor,"110-Single House, single detached home, bungalow, linked home (linked at the foundation), single family dwelling"
PRSS202503198,Secondary Suite,2025-12-11 00:00:00,Residential,Alteration and improvements,70000,1,0,,"732 GREY STREET, REGINA, SK S4T5G5",Address,Rosemont North,REDACTED,Historic Owner,"110-Single House, single detached home, bungalow, linked home (linked at the foundation), single family dwelling"
PRSS202503252,Secondary Suite,2025-12-11 00:00:00,Residential,Alteration and improvements,55000,1,0,,"5234 SQUIRES ROAD, REGINA, SK S4W0G8",Address,Harbour Landing,REDACTED,Property Owner,"110-Single House, single detached home, bungalow, linked home (linked at the foundation), single family dwelling"
PRBS202503489,Basement Development,2025-12-12 00:00:00,Residential,Alteration and improvements,35000,0,0,,"5117 SNOWBIRDS CRESCENT, REGINA, SK S4W0H4",Address,Harbour Landing,ARKIGER CONTRACTING,Contractor,"110-Single House, single detached home, bungalow, linked home (linked at the foundation), single family dwelling"
PRBS202503515,Basement Development,2025-12-12 00:00:00,Residential,Alteration and improvements,35000,0,0,,"2 BOND CRESCENT, REGINA, SK S4N1Y7",Address,Dominion Heights,REDACTED,Property Owner,"110-Single House, single detached home, bungalow, linked home (linked at the foundation), single family dwelling"
PRDK202503049,Deck/Sunroom,2025-12-12 00:00:00,Residential,Alteration and improvements,8000,0,0,,"6215 HIRD CRESCENT, REGINA, SK S4X4G1",Address,Lakewood,THE ULTIMATE DECK SHOP,Contractor,"110-Single House, single detached home, bungalow, linked home (linked at the foundation), single family dwelling"
PRFR202503510,Foundation Repair,2025-12-12 00:00:00,Residential,Alteration and improvements,7750,0,0,,"1743 CONNAUGHT STREET, REGINA, SK S4T4T3",Address,Cpr Annex,AAA SOLID FOUNDATION,Contractor,"110-Single House, single detached home, bungalow, linked home (linked at the foundation), single family dwelling"
PRMH202503520,Plumbing,2025-12-12 00:00:00,Residential,Mechanical,1700,0,0,,"3052 ANGUS STREET, REGINA, SK S4S1P3",Address,Lakeview,REDACTED,Property Owner,"110-Single House, single detached home, bungalow, linked home (linked at the foundation), single family dwelling"
PRRN202503417,Renovation/Alteration,2025-12-12 00:00:00,Residential,Alteration and improvements,15000,0,0,,"23 ROBERTS PLACE, REGINA, SK S4T6K4",Address,Mount Royal,REDACTED,Property Owner,"110-Single House, single detached home, bungalow, linked home (linked at the foundation), single family dwelling"
PRSS202502864,Secondary Suite,2025-12-12 00:00:00,Residential,Alteration and improvements,40000,1,0,,"3100 FAVEL DRIVE, REGINA, SK S4V4C8",Address,The Towns,REDACTED,Property Owner,"110-Single House, single detached home, bungalow, linked home (linked at the foundation), single family dwelling"
PRFR202503355,Foundation Repair,2025-12-13 00:00:00,Residential,Alteration and improvements,5000,0,0,,"35 BERENSON AVENUE, REGINA, SK S4T6X4",Address,Normanview West,REGINA HOUSE LEVELING - TRAVIS ZERIE,Contractor,"110-Single House, single detached home, bungalow, linked home (linked at the foundation), single family dwelling"
PRFR202503356,Foundation Repair,2025-12-13 00:00:00,Residential,Alteration and improvements,5000,0,0,,"6214 1ST AVENUE N, REGINA, SK S4T6Z9",Address,Normanview West,REGINA HOUSING LEVELING,Contractor,"110-Single House, single detached home, bungalow, linked home (linked at the foundation), single family dwelling"
PRDK202503227,Deck/Sunroom,2025-12-14 00:00:00,Residential,Alteration and improvements,3500,0,0,,"2719 ROBINSON STREET, REGINA, SK S4T2R7",Address,Riverside,REDACTED,Property Owner,"110-Single House, single detached home, bungalow, linked home (linked at the foundation), single family dwelling"
PRBS202503514,Basement Development,2025-12-15 00:00:00,Residential,Alteration and improvements,40000,0,0,,"5230 ANTHONY WAY, REGINA, SK S4X0G7",Address,Lakeridge Addition,EXCELLENCE STONE LANDSCAPING & CONTRACTING SERVICES,Contractor,"110-Single House, single detached home, bungalow, linked home (linked at the foundation), single family dwelling"
PRDE202503007,Demolition,2025-12-15 00:00:00,Residential,Demolition,20000,0,0,1,"1501 JUBILEE AVENUE, REGINA, SK S4S3T2",Address,Hillsdale,TITAN EQUITIES INC.,Property Owner,"110-Single House, single detached home, bungalow, linked home (linked at the foundation), single family dwelling"
PRFR202503013,Foundation Repair,2025-12-15 00:00:00,Residential,Alteration and improvements,11000,0,0,,"1429 LACON STREET, REGINA, SK S4N1Z2",Address,Rothwell Place,CANADA MORTGAGE AND HOUSING CORPORATION,Property Owner,"110-Single House, single detached home, bungalow, linked home (linked at the foundation), single family dwelling"
PRFR202503379,Foundation Repair,2025-12-15 00:00:00,Residential,Alteration and improvements,46000,0,0,,"5839 EHRLE CRESCENT, REGINA, SK S4X4B6",Address,Lakewood,RSR CONSTRUCTION - TERRY PAUN,Contractor,"110-Single House, single detached home, bungalow, linked home (linked at the foundation), single family dwelling"
PRFR202503483,Foundation Repair,2025-12-15 00:00:00,Residential,Alteration and improvements,4300,0,0,,"50 MERLIN CRESCENT, REGINA, SK S4R3E2",Address,Coronation Park N.,AAA SOLID FOUNDATION,Contractor,"110-Single House, single detached home, bungalow, linked home (linked at the foundation), single family dwelling"
PRFR202503530,Foundation Repair,2025-12-15 00:00:00,Residential,Alteration and improvements,5000,0,0,,"2802 MCTAVISH STREET, REGINA, SK S4S2C4",Address,Normandy Heights,TRIPLE R CONCRETE CUTTING,Contractor,"110-Single House, single detached home, bungalow, linked home (linked at the foundation), single family dwelling"
PRMH202503509,Plumbing,2025-12-15 00:00:00,Commercial,Mechanical,5140,0,0,,"2425 13TH AVENUE, REGINA, SK S4P0W1",Address,Old 33,PRAIRIE UNITED HOLDINGS INC.,Property Owner,"520-Office building; consultant’s office, doctor’s office, insurance company, bank, taxi stand, office/cafeteria, office/smoke shop"
PRRN202503405,Renovation/Alteration,2025-12-15 00:00:00,Residential,Alteration and improvements,4895,0,0,,"3071 ATHOL STREET, REGINA, SK S4S1Y6",Address,Lakeview,REDACTED,Property Owner,"110-Single House, single detached home, bungalow, linked home (linked at the foundation), single family dwelling"
PRRN202503442,Renovation/Alteration,2025-12-15 00:00:00,Residential,Alteration and improvements,7500,0,0,,"139 DEERGROVE CRESCENT, REGINA, SK S4S5M2",Address,Whitmore Park,THE GENUINE BUILDER & CO.,Contractor,"110-Single House, single detached home, bungalow, linked home (linked at the foundation), single family dwelling"
PRRN202503470,Renovation/Alteration,2025-12-15 00:00:00,Residential,Alteration and improvements,40000,0,0,,"1307 FLEET STREET, REGINA, SK S4N5R4",Address,Glencairn Village,REDACTED,Property Owner,"110-Single House, single detached home, bungalow, linked home (linked at the foundation), single family dwelling"
PRDE202503477,Demolition,2025-12-16 00:00:00,Commercial,Demolition,125000,0,0,15,"1138 WASCANA STREET, REGINA, SK S4T7V9",Address,Old 33,PRAIRIE DEMOLITION & RECYCLING LTD.,Contractor,"330-Row House, garden home, town house, carriage home, quadrex"
PRDK202502558,Deck/Sunroom,2025-12-16 00:00:00,Residential,New construction,3500,0,0,,"679 FORGET STREET, REGINA, SK S4T4X3",Address,Transcona,REDACTED,Property Owner,"110-Single House, single detached home, bungalow, linked home (linked at the foundation), single family dwelling"
PRGA202502530,Garage/Carport,2025-12-16 00:00:00,Residential,Garage/Carport/Accessory Structure,60000,0,0,,"3914 GREEN DIAMOND ROAD, REGINA, SK S4V3T3",Address,The Greens on Gardiner,FIRST CALL CONSTRUCTION INC.,Contractor,"330-Row House, garden home, town house, carriage home, quadrex"
PRRN202503222,Renovation/Alteration,2025-12-16 00:00:00,Residential,Alteration and improvements,60000,0,0,,"3243 EDINBURGH DRIVE, REGINA, SK S4V0R6",Address,University Park East,WILLOAK HOMES,Contractor,"110-Single House, single detached home, bungalow, linked home (linked at the foundation), single family dwelling"
PRSF202503040,Single/Semi-Detached Dwelling 1-2 units,2025-12-16 00:00:00,Commercial,New construction,500000,4,2,,"2842 LACON STREET, REGINA, SK S4N2A8",Address,Dominion Heights,WAVE RIDGE DEVELOPMENTS INC.,Contractor,335-Row House - Condominium
PRSF202503321,Single/Semi-Detached Dwelling 1-2 units,2025-12-16 00:00:00,Residential,New construction,250000,1,2,,"5226 E GREEN CRESCENT, REGINA, SK S4V3S9",Address,The Greens on Gardiner,CRAWFORD HOMES (EBUILD),Contractor,"110-Single House, single detached home, bungalow, linked home (linked at the foundation), single family dwelling"
PRSF202503475,Single/Semi-Detached Dwelling 1-2 units,2025-12-16 00:00:00,Residential,New construction,313170,2,2,,"1709 MUSTARD STREET, REGINA, SK S4Y0G1 | 1713 MUSTARD STREET, REGINA, SK S4Y0G1",Address,Westerra,WESTERRA DEVELOPMENT CORP.,Property Owner,"210-Semi-Detached or Double House, single attached home"
PRDE202503372,Demolition,2025-12-17 00:00:00,Residential,Demolition,3500,0,0,,"1355 PRINCESS STREET, REGINA, SK S4T3Y9",Address,Old 33,REDACTED,Property Owner,"110-Single House, single detached home, bungalow, linked home (linked at the foundation), single family dwelling"
PRRN202503359,Renovation/Alteration,2025-12-17 00:00:00,Commercial,Alteration and improvements,150000,0,0,,"1945 HAMILTON STREET, REGINA, SK S4P2C7",Address,Old 33,PCL CONSTRUCTION MANAGEMENT - COLIN HAUS,Contractor,"520-Office building; consultant’s office, doctor’s office, insurance company, bank, taxi stand, office/cafeteria, office/smoke shop"
PRRN202503434,Renovation/Alteration,2025-12-17 00:00:00,Commercial,Alteration and improvements,45000,0,1,,"3615 PASQUA STREET, REGINA, SK S4S6W8",Address,Lakeview South,SUPREME GROUP OF COMPANIES,Contractor,"540-Restaurant, bar, tavern, night club, diner, donut shop"
PRRN202503471,Renovation/Alteration,2025-12-17 00:00:00,Commercial,Alteration and improvements,15000,0,1,,"2837 SASKATCHEWAN DRIVE, REGINA, SK S4T1H3",Address,Old 33,102184734 SASKATCHEWAN LTD.,Property Owner,"520-Office building; consultant’s office, doctor’s office, insurance company, bank, taxi stand, office/cafeteria, office/smoke shop"
PRRN202503480,Renovation/Alteration,2025-12-17 00:00:00,Residential,Alteration and improvements,25000,0,0,,"96 KNOWLES CRESCENT, REGINA, SK S4S4P1",Address,Hillsdale,REDACTED,Property Owner,"110-Single House, single detached home, bungalow, linked home (linked at the foundation), single family dwelling"
PRRN202503503,Renovation/Alteration,2025-12-17 00:00:00,Residential,Alteration and improvements,2300,0,0,,"217 E 20TH AVENUE, REGINA, SK S4N1J5",Address,Douglas Place,REDACTED,Property Owner,"110-Single House, single detached home, bungalow, linked home (linked at the foundation), single family dwelling"
PRSS202503482,Secondary Suite,2025-12-17 00:00:00,Residential,Alteration and improvements,65000,1,0,,"2977 WELBY WAY, REGINA, SK S4V4A2",Address,The Towns,REDACTED,Property Owner,"210-Semi-Detached or Double House, single attached home"
PRBS202503541,Basement Development,2025-12-18 00:00:00,Residential,Alteration and improvements,25000,0,0,,"1230 DOVER AVENUE, REGINA, SK S4R0L4",Address,Churchill Place,REDACTED,Property Owner,"110-Single House, single detached home, bungalow, linked home (linked at the foundation), single family dwelling"
PRGA202503246,Garage/Carport,2025-12-18 00:00:00,Residential,Garage/Carport/Accessory Structure,30000,0,0,,"4644 JAMES HILL ROAD, REGINA, SK S4W0C7",Address,Harbour Landing,REDACTED,Property Owner,"110-Single House, single detached home, bungalow, linked home (linked at the foundation), single family dwelling"
PRMU202502671,Multi-Unit Dwelling 3+ Units,2025-12-18 00:00:00,Residential,New construction,1447000,6,2,,4949 PADWICK ROAD | 4953 PADWICK ROAD | 4957 PADWICK ROAD | 4961 PADWICK ROAD | 4965 PADWICK ROAD | 4969 PADWICK ROAD,Address,South Harbour Landing,NORTH RIDGE DEVELOPMENT CORPORATION,Contractor,"330-Row House, garden home, town house, carriage home, quadrex"
PRRN202503207,Renovation/Alteration,2025-12-18 00:00:00,Commercial,Alteration and improvements,29335,0,1,,"2965 GORDON ROAD, REGINA, SK S4S6H7",Address,Albert Park,SBLP SOUTHLAND MALL INC.,Property Owner,"510-Retail and wholesale outlets; retail outlet, department store, photographic studio, rental service, beauty salon, hairdressing salon, lumber yard, dry cleaner, laundromat"
PRRN202503306,Renovation/Alteration,2025-12-18 00:00:00,Residential,Alteration and improvements,5000,0,0,,"2945 NARCISSE DRIVE, REGINA, SK S4X0M6",Address,Hawkstone,REDACTED,Property Owner,"210-Semi-Detached or Double House, single attached home"
PRRN202503393,Renovation/Alteration,2025-12-18 00:00:00,Residential,Alteration and improvements,11788.2,0,0,,"2865 MCDONALD STREET, REGINA, SK S4N3A1",Address,Assiniboia  Place,REDACTED,Property Owner,"110-Single House, single detached home, bungalow, linked home (linked at the foundation), single family dwelling"
PRRN202503421,Renovation/Alteration,2025-12-18 00:00:00,Commercial,Alteration and improvements,4132409,0,0,,"1901 SCARTH STREET, REGINA, SK S4P4L4",Address,Old 33,PCL CONSTRUCTION - MICHELLE MCKENNA,Contractor,"520-Office building; consultant’s office, doctor’s office, insurance company, bank, taxi stand, office/cafeteria, office/smoke shop"
PRRN202503508,Renovation/Alteration,2025-12-18 00:00:00,Residential,Alteration and improvements,7200,0,0,,"3431 APPLE GROVE, REGINA, SK S4V2R4",Address,Woodland Grove,REDACTED,Property Owner,"110-Single House, single detached home, bungalow, linked home (linked at the foundation), single family dwelling"
PRSF202501967,Single/Semi-Detached Dwelling 1-2 units,2025-12-18 00:00:00,Commercial,New construction,500000,4,2,,"2844 LACON STREET, REGINA, SK S4N2A8",Address,Dominion Heights,WAVE RIDGE DEVELOPMENTS INC.,Property Owner,335-Row House - Condominium
PRAD202503269,Addition,2025-12-19 00:00:00,Institutional,Addition to existing building commercial & residential,406000,0,2,,"5757 ROCHDALE BOULEVARD, REGINA, SK S4X3P5",Address,Garden Ridge,THE BOARD OF EDUCATION OF THE REGINA ROMAN CATHOLIC SEPARATE SCHOOL DIVISION NO. 81,Property Owner,"622-Secondary school, high school, junior high school"
PRAH202503496,Alternative Family Care Home,2025-12-19 00:00:00,Residential,Alteration and improvements,4000,0,0,,"1434 LACON STREET, REGINA, SK S4N1Z1",Address,Rothwell Place,SAYLAH SUITES PROPERTY MANAGEMENT LTD.,Property Owner,"110-Single House, single detached home, bungalow, linked home (linked at the foundation), single family dwelling"
PRFR202503283,Foundation Repair,2025-12-19 00:00:00,Residential,Alteration and improvements,2000,0,0,,"5886 MCKINLEY AVENUE, REGINA, SK S4T6P3",Address,Mount Royal,REGINA HOUSE LEVELING - TRAVIS ZERIE,Contractor,"110-Single House, single detached home, bungalow, linked home (linked at the foundation), single family dwelling"
PRFR202503566,Foundation Repair,2025-12-19 00:00:00,Residential,Alteration and improvements,14725,0,0,,"7 FORSYTH CRESCENT, REGINA, SK S4R5L8",Address,Normanview,AAA SOLID FOUNDATION,Contractor,"110-Single House, single detached home, bungalow, linked home (linked at the foundation), single family dwelling"
PRSF202503398,Single/Semi-Detached Dwelling 1-2 units,2025-12-19 00:00:00,Residential,New construction,520000,2,2,,"3013 DUMONT WAY, REGINA, SK S4V4E4",Address,The Towns,101301324 SASKATCHEWAN LTD.,Property Owner,"110-Single House, single detached home, bungalow, linked home (linked at the foundation), single family dwelling"
PRSS202503253,Secondary Suite,2025-12-19 00:00:00,Residential,Alteration and improvements,40000,1,0,,"5551 BEACON DRIVE, REGINA, SK S4W0J7",Address,Harbour Landing,FIRST CALL CONSTRUCTION INC.,Contractor,"330-Row House, garden home, town house, carriage home, quadrex"
PRSS202503289,Secondary Suite,2025-12-19 00:00:00,Residential,Alteration and improvements,65000,1,0,,"107 DEERGROVE CRESCENT, REGINA, SK S4S5M2",Address,Whitmore Park,REDACTED,Property Owner,"110-Single House, single detached home, bungalow, linked home (linked at the foundation), single family dwelling"
PRSS202503460,Secondary Suite,2025-12-19 00:00:00,Residential,Alteration and improvements,40000,1,0,,"8706 WHEAT CRESCENT, REGINA, SK S4Y0H8",Address,Westerra,FIRST CALL CONSTRUCTION INC.,Contractor,"110-Single House, single detached home, bungalow, linked home (linked at the foundation), single family dwelling"
PRSS202503484,Secondary Suite,2025-12-19 00:00:00,Residential,Alteration and improvements,65000,1,0,,"3013 GREEN STONE ROAD, REGINA, SK S4V3Z2",Address,The Towns,REDACTED,Property Owner,"110-Single House, single detached home, bungalow, linked home (linked at the foundation), single family dwelling"
PRBS202503568,Basement Development,2025-12-22 00:00:00,Residential,Alteration and improvements,126394,0,0,,"10 MCNIVEN PLACE, REGINA, SK S4S3X2",Address,Hillsdale,REDACTED,Property Owner,"110-Single House, single detached home, bungalow, linked home (linked at the foundation), single family dwelling"
PRBS202503569,Basement Development,2025-12-22 00:00:00,Residential,Alteration and improvements,55056,0,0,,"3601 GREEN MARSH CRESCENT, Unit:108, REGINA, SK S4V4C9",Address,The Greens on Gardiner,SANDSTRA CONSTRUCTION,Contractor,"330-Row House, garden home, town house, carriage home, quadrex"
PRDK202501736,Deck/Sunroom,2025-12-22 00:00:00,Residential,Alteration and improvements,26500,0,0,,"3317 VALLEY GREEN WAY, REGINA, SK S4V1L4",Address,The Greens on Gardiner,REDACTED,Property Owner,"110-Single House, single detached home, bungalow, linked home (linked at the foundation), single family dwelling"
PRFR202503578,Foundation Repair,2025-12-22 00:00:00,Residential,Alteration and improvements,4450,0,0,,"3050 ZARAN CRESCENT, REGINA, SK S4V1Y4",Address,Gardiner Heights,AAA SOLID FOUNDATION,Contractor,"110-Single House, single detached home, bungalow, linked home (linked at the foundation), single family dwelling"
PRFR202503580,Foundation Repair,2025-12-22 00:00:00,Residential,Alteration and improvements,9000,0,0,,"1452 SHANNON ROAD, REGINA, SK S4S5L5",Address,Whitmore Park,JS GROUP OF COMPANIES,Contractor,"110-Single House, single detached home, bungalow, linked home (linked at the foundation), single family dwelling"
PRGA202502505,Garage/Carport,2025-12-22 00:00:00,Residential,Garage/Carport/Accessory Structure,15000,0,0,,"3146 RAE STREET, REGINA, SK S4S1S1",Address,Lakeview,VAN SHOW HOMES  INCORPORATED,Property Owner,"110-Single House, single detached home, bungalow, linked home (linked at the foundation), single family dwelling"
PRRN202502843,Renovation/Alteration,2025-12-22 00:00:00,Commercial,Alteration and improvements,699270,0,0,,"2208 SCARTH STREET, REGINA, SK S4P2J6",Address,Old 33,BRIDON PROJECT MANAGEMENT,Contractor,"520-Office building; consultant’s office, doctor’s office, insurance company, bank, taxi stand, office/cafeteria, office/smoke shop"
PRRN202503232,Renovation/Alteration,2025-12-22 00:00:00,Commercial,Alteration and improvements,350000,0,1,,"302 ALBERT STREET, REGINA, SK S4R3C1",Address,Coronation Park,102037163 SASKATCHEWAN LTD.,Property Owner,"512-Retail complex; plaza, mall, shopping centre, store/office building"
PRSF202503349,Single/Semi-Detached Dwelling 1-2 units,2025-12-22 00:00:00,Residential,New construction,250000,2,2,,"5237 E GREEN CRESCENT, REGINA, SK S4V3T1",Address,The Greens on Gardiner,CRAWFORD HOMES (1991) LTD.,Property Owner,"110-Single House, single detached home, bungalow, linked home (linked at the foundation), single family dwelling"
PRSS202503254,Secondary Suite,2025-12-22 00:00:00,Residential,Alteration and improvements,23000,1,0,,"4032 WATERER STREET, REGINA, SK S4W0N3",Address,Harbour Landing,HAUP CONSTRUCTIONS INC,Contractor,"110-Single House, single detached home, bungalow, linked home (linked at the foundation), single family dwelling"
PRBS202503573,Basement Development,2025-12-23 00:00:00,Residential,Alteration and improvements,25000,0,0,,"2715 NARCISSE DRIVE, Unit:213, REGINA, SK S4X0P8",Address,Hawkstone,REDACTED,Property Owner,335-Row House - Condominium
PRMH202503583,Plumbing,2025-12-23 00:00:00,Residential,Mechanical,3000,0,0,,"5117 SNOWBIRDS CRESCENT, REGINA, SK S4W0H4",Address,Harbour Landing,REDACTED,Property Owner,"110-Single House, single detached home, bungalow, linked home (linked at the foundation), single family dwelling"
PRNR202502731,New Commercial,2025-12-23 00:00:00,Institutional,Foundation (new),2761500,0,3,,"2735 5TH AVENUE, REGINA, SK S4T0L2",Address,Old 33,BRIDON PROJECT MANAGEMENT,Contractor,"650-Day care, nursing home, rest home, home for the blind, charitable home, detoxification center"
PRRN202503116,Renovation/Alteration,2025-12-23 00:00:00,Residential,Alteration and improvements,2000,0,0,,"2261 KING STREET, REGINA, SK S4T4H2",Address,Old 33,REDACTED,Property Owner,"110-Single House, single detached home, bungalow, linked home (linked at the foundation), single family dwelling"
PRRN202503357,Renovation/Alteration,2025-12-23 00:00:00,Commercial,Alteration and improvements,800000,0,1,,"4400 4TH AVENUE, REGINA, SK S4T0H8",Address,Transcona,PINNACLE DEVELOPMENTS INC.,Property Owner,"520-Office building; consultant’s office, doctor’s office, insurance company, bank, taxi stand, office/cafeteria, office/smoke shop"
PRSS202503444,Secondary Suite,2025-12-23 00:00:00,Residential,Alteration and improvements,67000,1,0,,"4704 FERNDALE CRESCENT, REGINA, SK S4V4A4",Address,The Towns,SHALIMAR CONSTRUCTION LTD.,Contractor,"110-Single House, single detached home, bungalow, linked home (linked at the foundation), single family dwelling"
PRSS202503522,Secondary Suite,2025-12-23 00:00:00,Residential,Alteration and improvements,50000,1,0,,"3167 BOWEN STREET, REGINA, SK S4V4C6",Address,The Towns,LUCKY LINKS BUILDING SERVICES LTD. - LUCKY ALUGE,Contractor,"110-Single House, single detached home, bungalow, linked home (linked at the foundation), single family dwelling"
PRDE202503549,Demolition,2025-12-24 00:00:00,Residential,Demolition,7500,0,0,,"62 CAMBRIDGE AVENUE, REGINA, SK S4N0K9",Address,Glencairn,LYDALE CONSTRUCTION - MIKE,Contractor,"110-Single House, single detached home, bungalow, linked home (linked at the foundation), single family dwelling"
PRSS202503540,Secondary Suite,2025-12-24 00:00:00,Residential,Alteration and improvements,46500,1,0,,"3177 FAVEL DRIVE, REGINA, SK S4V4C7",Address,The Towns,LUCKY LINKS BUILDING SERVICES LTD. - LUCKY ALUGE,Contractor,"110-Single House, single detached home, bungalow, linked home (linked at the foundation), single family dwelling"
PRSF202503076,Single/Semi-Detached Dwelling 1-2 units,2025-12-26 00:00:00,Residential,New construction,250000,1,2,,"8722 WHEAT CRESCENT, REGINA, SK S4Y0H8",Address,Westerra,CRAWFORD HOMES (EBUILD),Contractor,"110-Single House, single detached home, bungalow, linked home (linked at the foundation), single family dwelling"
PRSS202502335,Secondary Suite,2025-12-27 00:00:00,Residential,Alteration and improvements,30000,1,0,,"3510 GREEN CREEK ROAD, REGINA, SK S4V3H2",Address,The Greens on Gardiner,REDACTED,Property Owner,"110-Single House, single detached home, bungalow, linked home (linked at the foundation), single family dwelling"
PRSS202503223,Secondary Suite,2025-12-28 00:00:00,Residential,Alteration and improvements,47000,1,0,,"3120 COPELAND ROAD, REGINA, SK S4V3R9",Address,The Towns,REDACTED,Property Owner,"110-Single House, single detached home, bungalow, linked home (linked at the foundation), single family dwelling"
PRRN202503486,Renovation/Alteration,2025-12-29 00:00:00,Residential,Alteration and improvements,3900,0,0,,"2467 LINDSAY STREET, REGINA, SK S4N3C7",Address,Assiniboia  Place,ARKADIA INVESTMENTS INC.,Contractor,"110-Single House, single detached home, bungalow, linked home (linked at the foundation), single family dwelling"
PRRN202503498,Renovation/Alteration,2025-12-29 00:00:00,Residential,Alteration and improvements,55000,0,0,,"68 ATCHISON CRESCENT, REGINA, SK S4R5J9",Address,Normanview,REVIVE INTERIORS - SPIRIDON LY BESHA,Contractor,"110-Single House, single detached home, bungalow, linked home (linked at the foundation), single family dwelling"
PRRN202503532,Renovation/Alteration,2025-12-29 00:00:00,Residential,Alteration and improvements,30000,0,0,,"31 NEWSTEAD AVENUE, REGINA, SK S4X1H1",Address,Normanview W. Addn.,REDACTED,Property Owner,"110-Single House, single detached home, bungalow, linked home (linked at the foundation), single family dwelling"
PRSS202503461,Secondary Suite,2025-12-29 00:00:00,Residential,Alteration and improvements,40000,1,0,,"3235 GREEN BROOK ROAD, REGINA, SK S4V3R3",Address,The Towns,FIRST CALL CONSTRUCTION INC.,Contractor,"210-Semi-Detached or Double House, single attached home"
PRSS202503462,Secondary Suite,2025-12-29 00:00:00,Residential,Alteration and improvements,40000,1,0,,"4729 E KELLER AVENUE, REGINA, SK S4V3R6",Address,The Towns,FIRST CALL CONSTRUCTION INC.,Contractor,"330-Row House, garden home, town house, carriage home, quadrex"
PRSS202503463,Secondary Suite,2025-12-29 00:00:00,Residential,Alteration and improvements,40000,1,0,,"4613 FERNDALE CRESCENT, REGINA, SK S4V4A1",Address,The Towns,FIRST CALL CONSTRUCTION INC.,Contractor,"110-Single House, single detached home, bungalow, linked home (linked at the foundation), single family dwelling"
PRRN202503556,Renovation/Alteration,2025-12-30 00:00:00,Residential,Alteration and improvements,4000,0,0,,"3823 BOW BAY, REGINA, SK S4S7E1",Address,Albert Park,REDACTED,Property Owner,"110-Single House, single detached home, bungalow, linked home (linked at the foundation), single family dwelling"
PRSS202503437,Secondary Suite,2025-12-30 00:00:00,Residential,Alteration and improvements,65000,1,0,,"2691 MAKOWSKY CRESCENT, REGINA, SK S4X0M5",Address,Hawkstone,REDACTED,Property Owner,"110-Single House, single detached home, bungalow, linked home (linked at the foundation), single family dwelling"
PRBS202503595,Basement Development,2025-12-31 00:00:00,Residential,Alteration and improvements,3500,0,0,,"25 CAMERON CRESCENT, REGINA, SK S4S2X1",Address,Parliament Place,REDACTED,Property Owner,"110-Single House, single detached home, bungalow, linked home (linked at the foundation), single family dwelling"
PRDK202503151,Deck/Sunroom,2025-12-31 00:00:00,Residential,Alteration and improvements,5000,0,0,,"3100 4TH AVENUE N, REGINA, SK S4R0V5",Address,Coronation Park,REDACTED,Property Owner,"110-Single House, single detached home, bungalow, linked home (linked at the foundation), single family dwelling"
PRDK202503488,Deck/Sunroom,2025-12-31 00:00:00,Residential,Alteration and improvements,3000,0,0,,"1940 YORK STREET, REGINA, SK S4T4R4",Address,Cpr Annex,REDACTED,Property Owner,"110-Single House, single detached home, bungalow, linked home (linked at the foundation), single family dwelling"
PRRN202503456,Renovation/Alteration,2025-12-31 00:00:00,Residential,Alteration and improvements,30000,0,0,,"728 HORACE STREET, REGINA, SK S4T5K6",Address,Rosemont North,BOUSS CONSTRUCTION INC.,Contractor,"110-Single House, single detached home, bungalow, linked home (linked at the foundation), single family dwelling"
PRSS202503574,Secondary Suite,2025-12-31 00:00:00,Residential,Alteration and improvements,60000,1,0,,"4620 E BUCKINGHAM DRIVE, REGINA, SK S4V3X8",Address,The Towns,REDACTED,Property Owner,"110-Single House, single detached home, bungalow, linked home (linked at the foundation), single family dwelling"
